# Converted from the user-supplied Blockbench/Sketchfab GLB
mtllib large_coke_oven.mtl
o node_5_mesh_0_0
usemtl material_0
v 0.942478 0.15625 0.95939
v 0.488041 0.15625 -0.137717
v 0.942478 0.095 0.95939
v 0.488041 0.095 -0.137717
v 0.057522 0.15625 0.04061
v 0.511959 0.15625 1.137717
v 0.057522 0.095 0.04061
v 0.511959 0.095 1.137717
v 0.057522 0.15625 0.04061
v 0.488041 0.15625 -0.137717
v 0.511959 0.15625 1.137717
v 0.942478 0.15625 0.95939
v 0.511959 0.095 1.137717
v 0.942478 0.095 0.95939
v 0.057522 0.095 0.04061
v 0.488041 0.095 -0.137717
v 0.511959 0.15625 1.137717
v 0.942478 0.15625 0.95939
v 0.511959 0.095 1.137717
v 0.942478 0.095 0.95939
v 0.488041 0.15625 -0.137717
v 0.057522 0.15625 0.04061
v 0.488041 0.095 -0.137717
v 0.057522 0.095 0.04061
vt 0.561523 0.71582
vt 0.698242 0.71582
vt 0.561523 0.644531
vt 0.698242 0.644531
vt 0.750977 0.644531
vt 0.84082 0.644531
vt 0.750977 0.5625
vt 0.84082 0.5625
vt 0.828125 0.628906
vt 0.964844 0.628906
vt 0.828125 0.546875
vt 0.964844 0.546875
vt 0.832031 0.761719
vt 0.96875 0.761719
vt 0.832031 0.632813
vt 0.96875 0.632813
vt 0.8125 0.65625
vt 0.949219 0.65625
vt 0.8125 0.589844
vt 0.949219 0.589844
vt 0.703125 0.633789
vt 0.839844 0.633789
vt 0.703125 0.535156
vt 0.839844 0.535156
vn 0.92388 0 -0.382683
vn 0.92388 0 -0.382683
vn 0.92388 0 -0.382683
vn 0.92388 0 -0.382683
vn -0.92388 0 0.382683
vn -0.92388 0 0.382683
vn -0.92388 0 0.382683
vn -0.92388 0 0.382683
vn 0 1 0
vn 0 1 0
vn 0 1 0
vn 0 1 0
vn 0 -1 0
vn 0 -1 0
vn 0 -1 0
vn 0 -1 0
vn 0.382683 0 0.92388
vn 0.382683 0 0.92388
vn 0.382683 0 0.92388
vn 0.382683 0 0.92388
vn -0.382683 0 -0.92388
vn -0.382683 0 -0.92388
vn -0.382683 0 -0.92388
vn -0.382683 0 -0.92388
f 1/1/1 3/3/3 2/2/2
f 3/3/3 4/4/4 2/2/2
f 5/5/5 7/7/7 6/6/6
f 7/7/7 8/8/8 6/6/6
f 9/9/9 11/11/11 10/10/10
f 11/11/11 12/12/12 10/10/10
f 13/13/13 15/15/15 14/14/14
f 15/15/15 16/16/16 14/14/14
f 17/17/17 19/19/19 18/18/18
f 19/19/19 20/20/20 18/18/18
f 21/21/21 23/23/23 22/22/22
f 23/23/23 24/24/24 22/22/22
o node_7_mesh_1_0
usemtl material_0
v 0.488041 0.15625 1.137717
v 0.942478 0.15625 0.04061
v 0.488041 0.09375 1.137717
v 0.942478 0.09375 0.04061
v 0.511959 0.15625 -0.137717
v 0.057522 0.15625 0.95939
v 0.511959 0.09375 -0.137717
v 0.057522 0.09375 0.95939
v 0.511959 0.15625 -0.137717
v 0.942478 0.15625 0.04061
v 0.057522 0.15625 0.95939
v 0.488041 0.15625 1.137717
v 0.057522 0.09375 0.95939
v 0.488041 0.09375 1.137717
v 0.511959 0.09375 -0.137717
v 0.942478 0.09375 0.04061
v 0.057522 0.15625 0.95939
v 0.488041 0.15625 1.137717
v 0.057522 0.09375 0.95939
v 0.488041 0.09375 1.137717
v 0.942478 0.15625 0.04061
v 0.511959 0.15625 -0.137717
v 0.942478 0.09375 0.04061
v 0.511959 0.09375 -0.137717
vt 0.561523 0.797852
vt 0.698242 0.797852
vt 0.561523 0.722656
vt 0.698242 0.722656
vt 0.750977 0.726563
vt 0.84082 0.726563
vt 0.750977 0.644531
vt 0.84082 0.644531
vt 0.828125 0.710938
vt 0.964844 0.710938
vt 0.828125 0.628906
vt 0.964844 0.628906
vt 0.832031 0.84375
vt 0.96875 0.84375
vt 0.832031 0.714844
vt 0.96875 0.714844
vt 0.8125 0.738281
vt 0.949219 0.738281
vt 0.8125 0.667969
vt 0.949219 0.667969
vt 0.703125 0.71582
vt 0.839844 0.71582
vt 0.703125 0.613281
vt 0.839844 0.613281
vn 0.92388 0 0.382683
vn 0.92388 0 0.382683
vn 0.92388 0 0.382683
vn 0.92388 0 0.382683
vn -0.92388 0 -0.382683
vn -0.92388 0 -0.382683
vn -0.92388 0 -0.382683
vn -0.92388 0 -0.382683
vn 0 1 0
vn 0 1 0
vn 0 1 0
vn 0 1 0
vn 0 -1 0
vn 0 -1 0
vn 0 -1 0
vn 0 -1 0
vn -0.382683 0 0.92388
vn -0.382683 0 0.92388
vn -0.382683 0 0.92388
vn -0.382683 0 0.92388
vn 0.382683 0 -0.92388
vn 0.382683 0 -0.92388
vn 0.382683 0 -0.92388
vn 0.382683 0 -0.92388
f 25/25/25 27/27/27 26/26/26
f 27/27/27 28/28/28 26/26/26
f 29/29/29 31/31/31 30/30/30
f 31/31/31 32/32/32 30/30/30
f 33/33/33 35/35/35 34/34/34
f 35/35/35 36/36/36 34/34/34
f 37/37/37 39/39/39 38/38/38
f 39/39/39 40/40/40 38/38/38
f 41/41/41 43/43/43 42/42/42
f 43/43/43 44/44/44 42/42/42
f 45/45/45 47/47/47 46/46/46
f 47/47/47 48/48/48 46/46/46
o node_9_mesh_2_0
usemtl material_0
v 1.137717 0.154687 0.488041
v 0.95939 0.154687 0.057522
v 1.137717 0.092188 0.488041
v 0.95939 0.092188 0.057522
v -0.137717 0.154687 0.511959
v 0.04061 0.154687 0.942478
v -0.137717 0.092188 0.511959
v 0.04061 0.092188 0.942478
v -0.137717 0.154687 0.511959
v 0.95939 0.154687 0.057522
v 0.04061 0.154687 0.942478
v 1.137717 0.154687 0.488041
v 0.04061 0.092188 0.942478
v 1.137717 0.092188 0.488041
v -0.137717 0.092188 0.511959
v 0.95939 0.092188 0.057522
v 0.04061 0.154687 0.942478
v 1.137717 0.154687 0.488041
v 0.04061 0.092188 0.942478
v 1.137717 0.092188 0.488041
v 0.95939 0.154687 0.057522
v -0.137717 0.154687 0.511959
v 0.95939 0.092188 0.057522
v -0.137717 0.092188 0.511959
vt 0.385742 0.696289
vt 0.522461 0.696289
vt 0.385742 0.621094
vt 0.522461 0.621094
vt 0.665039 0.625
vt 0.52832 0.625
vt 0.665039 0.542969
vt 0.52832 0.542969
vt 0.652344 0.609375
vt 0.789063 0.609375
vt 0.652344 0.527344
vt 0.789063 0.527344
vt 0.703125 0.695313
vt 0.839844 0.695313
vt 0.703125 0.613281
vt 0.839844 0.613281
vt 0.589844 0.636719
vt 0.726563 0.636719
vt 0.589844 0.566406
vt 0.726563 0.566406
vt 0.480469 0.614258
vt 0.617188 0.614258
vt 0.480469 0.511719
vt 0.617188 0.511719
vn 0.92388 0 -0.382683
vn 0.92388 0 -0.382683
vn 0.92388 0 -0.382683
vn 0.92388 0 -0.382683
vn -0.92388 0 0.382683
vn -0.92388 0 0.382683
vn -0.92388 0 0.382683
vn -0.92388 0 0.382683
vn 0 1 0
vn 0 1 0
vn 0 1 0
vn 0 1 0
vn 0 -1 0
vn 0 -1 0
vn 0 -1 0
vn 0 -1 0
vn 0.382683 0 0.92388
vn 0.382683 0 0.92388
vn 0.382683 0 0.92388
vn 0.382683 0 0.92388
vn -0.382683 0 -0.92388
vn -0.382683 0 -0.92388
vn -0.382683 0 -0.92388
vn -0.382683 0 -0.92388
f 49/49/49 51/51/51 50/50/50
f 51/51/51 52/52/52 50/50/50
f 53/53/53 55/55/55 54/54/54
f 55/55/55 56/56/56 54/54/54
f 57/57/57 59/59/59 58/58/58
f 59/59/59 60/60/60 58/58/58
f 61/61/61 63/63/63 62/62/62
f 63/63/63 64/64/64 62/62/62
f 65/65/65 67/67/67 66/66/66
f 67/67/67 68/68/68 66/66/66
f 69/69/69 71/71/71 70/70/70
f 71/71/71 72/72/72 70/70/70
o node_11_mesh_3_0
usemtl material_0
v 0.95939 0.15625 0.942478
v 1.137717 0.15625 0.511959
v 0.95939 0.09625 0.942478
v 1.137717 0.09625 0.511959
v 0.04061 0.15625 0.057522
v -0.137717 0.15625 0.488041
v 0.04061 0.09625 0.057522
v -0.137717 0.09625 0.488041
v 0.04061 0.15625 0.057522
v 1.137717 0.15625 0.511959
v -0.137717 0.15625 0.488041
v 0.95939 0.15625 0.942478
v -0.137717 0.09625 0.488041
v 0.95939 0.09625 0.942478
v 0.04061 0.09625 0.057522
v 1.137717 0.09625 0.511959
v -0.137717 0.15625 0.488041
v 0.95939 0.15625 0.942478
v -0.137717 0.09625 0.488041
v 0.95939 0.09625 0.942478
v 1.137717 0.15625 0.511959
v 0.04061 0.15625 0.057522
v 1.137717 0.09625 0.511959
v 0.04061 0.09625 0.057522
vt 0.50293 0.633789
vt 0.639648 0.633789
vt 0.50293 0.5625
vt 0.639648 0.5625
vt 0.782227 0.5625
vt 0.645508 0.5625
vt 0.782227 0.480469
vt 0.645508 0.480469
vt 0.769531 0.546875
vt 0.90625 0.546875
vt 0.769531 0.464844
vt 0.90625 0.464844
vt 0.820313 0.632813
vt 0.957031 0.632813
vt 0.820313 0.550781
vt 0.957031 0.550781
vt 0.707031 0.574219
vt 0.84375 0.574219
vt 0.707031 0.507813
vt 0.84375 0.507813
vt 0.597656 0.551758
vt 0.734375 0.551758
vt 0.597656 0.453125
vt 0.734375 0.453125
vn 0.92388 0 0.382683
vn 0.92388 0 0.382683
vn 0.92388 0 0.382683
vn 0.92388 0 0.382683
vn -0.92388 0 -0.382683
vn -0.92388 0 -0.382683
vn -0.92388 0 -0.382683
vn -0.92388 0 -0.382683
vn 0 1 0
vn 0 1 0
vn 0 1 0
vn 0 1 0
vn 0 -1 0
vn 0 -1 0
vn 0 -1 0
vn 0 -1 0
vn -0.382683 0 0.92388
vn -0.382683 0 0.92388
vn -0.382683 0 0.92388
vn -0.382683 0 0.92388
vn 0.382683 0 -0.92388
vn 0.382683 0 -0.92388
vn 0.382683 0 -0.92388
vn 0.382683 0 -0.92388
f 73/73/73 75/75/75 74/74/74
f 75/75/75 76/76/76 74/74/74
f 77/77/77 79/79/79 78/78/78
f 79/79/79 80/80/80 78/78/78
f 81/81/81 83/83/83 82/82/82
f 83/83/83 84/84/84 82/82/82
f 85/85/85 87/87/87 86/86/86
f 87/87/87 88/88/88 86/86/86
f 89/89/89 91/91/91 90/90/90
f 91/91/91 92/92/92 90/90/90
f 93/93/93 95/95/95 94/94/94
f 95/95/95 96/96/96 94/94/94
o node_13_mesh_4_0
usemtl material_0
v 0.930519 1.46875 0.930519
v 1.108846 1.46875 0.5
v 0.930519 0.15875 0.930519
v 1.108846 0.15875 0.5
v 1.051103 1.46875 0.476082
v 0.872776 1.46875 0.906601
v 1.051103 0.15875 0.476082
v 0.872776 0.15875 0.906601
v 1.051103 1.46875 0.476082
v 1.108846 1.46875 0.5
v 0.872776 1.46875 0.906601
v 0.930519 1.46875 0.930519
v 0.872776 0.15875 0.906601
v 0.930519 0.15875 0.930519
v 1.051103 0.15875 0.476082
v 1.108846 0.15875 0.5
v 0.872776 1.46875 0.906601
v 0.930519 1.46875 0.930519
v 0.872776 0.15875 0.906601
v 0.930519 0.15875 0.930519
v 1.108846 1.46875 0.5
v 1.051103 1.46875 0.476082
v 1.108846 0.15875 0.5
v 1.051103 0.15875 0.476082
vt 0.022461 0.844727
vt 0.15918 0.844727
vt 0.022461 0.695313
vt 0.15918 0.695313
vt 0.231445 0.75
vt 0.094727 0.75
vt 0.231445 0.667969
vt 0.094727 0.667969
vt 0.21875 0.757813
vt 0.355469 0.757813
vt 0.21875 0.675781
vt 0.355469 0.675781
vt 0.199219 0.84375
vt 0.335938 0.84375
vt 0.199219 0.761719
vt 0.335938 0.761719
vt 0.15625 0.785156
vt 0.292969 0.785156
vt 0.15625 0.640625
vt 0.292969 0.640625
vt 0.117188 0.762695
vt 0.253906 0.762695
vt 0.117188 0.585938
vt 0.253906 0.585938
vn 0.92388 0 0.382683
vn 0.92388 0 0.382683
vn 0.92388 0 0.382683
vn 0.92388 0 0.382683
vn -0.92388 0 -0.382683
vn -0.92388 0 -0.382683
vn -0.92388 0 -0.382683
vn -0.92388 0 -0.382683
vn 0 1 0
vn 0 1 0
vn 0 1 0
vn 0 1 0
vn 0 -1 0
vn 0 -1 0
vn 0 -1 0
vn 0 -1 0
vn -0.382683 0 0.92388
vn -0.382683 0 0.92388
vn -0.382683 0 0.92388
vn -0.382683 0 0.92388
vn 0.382683 0 -0.92388
vn 0.382683 0 -0.92388
vn 0.382683 0 -0.92388
vn 0.382683 0 -0.92388
f 97/97/97 99/99/99 98/98/98
f 99/99/99 100/100/100 98/98/98
f 101/101/101 103/103/103 102/102/102
f 103/103/103 104/104/104 102/102/102
f 105/105/105 107/107/107 106/106/106
f 107/107/107 108/108/108 106/106/106
f 109/109/109 111/111/111 110/110/110
f 111/111/111 112/112/112 110/110/110
f 113/113/113 115/115/115 114/114/114
f 115/115/115 116/116/116 114/114/114
f 117/117/117 119/119/119 118/118/118
f 119/119/119 120/120/120 118/118/118
o node_15_mesh_5_0
usemtl material_0
v 1.108846 1.46875 0.5
v 0.930519 1.46875 0.069481
v 1.108846 0.15625 0.5
v 0.930519 0.15625 0.069481
v 0.872776 1.46875 0.093399
v 1.051103 1.46875 0.523918
v 0.872776 0.15625 0.093399
v 1.051103 0.15625 0.523918
v 0.872776 1.46875 0.093399
v 0.930519 1.46875 0.069481
v 1.051103 1.46875 0.523918
v 1.108846 1.46875 0.5
v 1.051103 0.15625 0.523918
v 1.108846 0.15625 0.5
v 0.872776 0.15625 0.093399
v 0.930519 0.15625 0.069481
v 1.051103 1.46875 0.523918
v 1.108846 1.46875 0.5
v 1.051103 0.15625 0.523918
v 1.108846 0.15625 0.5
v 0.930519 1.46875 0.069481
v 0.872776 1.46875 0.093399
v 0.930519 0.15625 0.069481
v 0.872776 0.15625 0.093399
vt 0.084961 0.844727
vt 0.22168 0.844727
vt 0.084961 0.691406
vt 0.22168 0.691406
vt 0.293945 0.75
vt 0.157227 0.75
vt 0.293945 0.667969
vt 0.157227 0.667969
vt 0.28125 0.757813
vt 0.417969 0.757813
vt 0.28125 0.675781
vt 0.417969 0.675781
vt 0.261719 0.84375
vt 0.398438 0.84375
vt 0.261719 0.761719
vt 0.398438 0.761719
vt 0.21875 0.785156
vt 0.355469 0.785156
vt 0.21875 0.636719
vt 0.355469 0.636719
vt 0.179688 0.762695
vt 0.316406 0.762695
vt 0.179688 0.582031
vt 0.316406 0.582031
vn 0.92388 0 -0.382683
vn 0.92388 0 -0.382683
vn 0.92388 0 -0.382683
vn 0.92388 0 -0.382683
vn -0.92388 0 0.382683
vn -0.92388 0 0.382683
vn -0.92388 0 0.382683
vn -0.92388 0 0.382683
vn 0 1 0
vn 0 1 0
vn 0 1 0
vn 0 1 0
vn 0 -1 0
vn 0 -1 0
vn 0 -1 0
vn 0 -1 0
vn 0.382683 0 0.92388
vn 0.382683 0 0.92388
vn 0.382683 0 0.92388
vn 0.382683 0 0.92388
vn -0.382683 0 -0.92388
vn -0.382683 0 -0.92388
vn -0.382683 0 -0.92388
vn -0.382683 0 -0.92388
f 121/121/121 123/123/123 122/122/122
f 123/123/123 124/124/124 122/122/122
f 125/125/125 127/127/127 126/126/126
f 127/127/127 128/128/128 126/126/126
f 129/129/129 131/131/131 130/130/130
f 131/131/131 132/132/132 130/130/130
f 133/133/133 135/135/135 134/134/134
f 135/135/135 136/136/136 134/134/134
f 137/137/137 139/139/139 138/138/138
f 139/139/139 140/140/140 138/138/138
f 141/141/141 143/143/143 142/142/142
f 143/143/143 144/144/144 142/142/142
o node_17_mesh_6_0
usemtl material_0
v 0.906601 1.46875 0.127224
v 0.930519 1.46875 0.069481
v 0.906601 0.15625 0.127224
v 0.930519 0.15625 0.069481
v 0.5 1.46875 -0.108846
v 0.476082 1.46875 -0.051103
v 0.5 0.15625 -0.108846
v 0.476082 0.15625 -0.051103
v 0.5 1.46875 -0.108846
v 0.930519 1.46875 0.069481
v 0.476082 1.46875 -0.051103
v 0.906601 1.46875 0.127224
v 0.476082 0.15625 -0.051103
v 0.906601 0.15625 0.127224
v 0.5 0.15625 -0.108846
v 0.930519 0.15625 0.069481
v 0.476082 1.46875 -0.051103
v 0.906601 1.46875 0.127224
v 0.476082 0.15625 -0.051103
v 0.906601 0.15625 0.127224
v 0.930519 1.46875 0.069481
v 0.5 1.46875 -0.108846
v 0.930519 0.15625 0.069481
v 0.5 0.15625 -0.108846
vt 0.15918 0.786133
vt 0.295898 0.786133
vt 0.15918 0.632813
vt 0.295898 0.632813
vt 0.368164 0.691406
vt 0.208008 0.691406
vt 0.368164 0.609375
vt 0.208008 0.609375
vt 0.355469 0.699219
vt 0.492188 0.699219
vt 0.355469 0.617188
vt 0.492188 0.617188
vt 0.359375 0.761719
vt 0.496094 0.761719
vt 0.359375 0.703125
vt 0.496094 0.703125
vt 0.269531 0.726563
vt 0.40625 0.726563
vt 0.269531 0.578125
vt 0.40625 0.578125
vt 0.230469 0.704102
vt 0.367188 0.704102
vt 0.230469 0.523438
vt 0.367188 0.523438
vn 0.92388 0 0.382683
vn 0.92388 0 0.382683
vn 0.92388 0 0.382683
vn 0.92388 0 0.382683
vn -0.92388 0 -0.382683
vn -0.92388 0 -0.382683
vn -0.92388 0 -0.382683
vn -0.92388 0 -0.382683
vn 0 1 0
vn 0 1 0
vn 0 1 0
vn 0 1 0
vn 0 -1 0
vn 0 -1 0
vn 0 -1 0
vn 0 -1 0
vn -0.382683 0 0.92388
vn -0.382683 0 0.92388
vn -0.382683 0 0.92388
vn -0.382683 0 0.92388
vn 0.382683 0 -0.92388
vn 0.382683 0 -0.92388
vn 0.382683 0 -0.92388
vn 0.382683 0 -0.92388
f 145/145/145 147/147/147 146/146/146
f 147/147/147 148/148/148 146/146/146
f 149/149/149 151/151/151 150/150/150
f 151/151/151 152/152/152 150/150/150
f 153/153/153 155/155/155 154/154/154
f 155/155/155 156/156/156 154/154/154
f 157/157/157 159/159/159 158/158/158
f 159/159/159 160/160/160 158/158/158
f 161/161/161 163/163/163 162/162/162
f 163/163/163 164/164/164 162/162/162
f 165/165/165 167/167/167 166/166/166
f 167/167/167 168/168/168 166/166/166
o node_19_mesh_7_0
usemtl material_0
v 0.930519 1.46875 0.930519
v 0.906601 1.46875 0.872776
v 0.930519 0.1575 0.930519
v 0.906601 0.1575 0.872776
v 0.476082 1.46875 1.051103
v 0.5 1.46875 1.108846
v 0.476082 0.1575 1.051103
v 0.5 0.1575 1.108846
v 0.476082 1.46875 1.051103
v 0.906601 1.46875 0.872776
v 0.5 1.46875 1.108846
v 0.930519 1.46875 0.930519
v 0.5 0.1575 1.108846
v 0.930519 0.1575 0.930519
v 0.476082 0.1575 1.051103
v 0.906601 0.1575 0.872776
v 0.5 1.46875 1.108846
v 0.930519 1.46875 0.930519
v 0.5 0.1575 1.108846
v 0.930519 0.1575 0.930519
v 0.906601 1.46875 0.872776
v 0.476082 1.46875 1.051103
v 0.906601 0.1575 0.872776
v 0.476082 0.1575 1.051103
vt 0.166992 0.477539
vt 0.303711 0.477539
vt 0.166992 0.328125
vt 0.303711 0.328125
vt 0.375977 0.382813
vt 0.21582 0.382813
vt 0.375977 0.300781
vt 0.21582 0.300781
vt 0.363281 0.390625
vt 0.5 0.390625
vt 0.363281 0.308594
vt 0.5 0.308594
vt 0.367188 0.453125
vt 0.503906 0.453125
vt 0.367188 0.394531
vt 0.503906 0.394531
vt 0.277344 0.417969
vt 0.414063 0.417969
vt 0.277344 0.273438
vt 0.414063 0.273438
vt 0.238281 0.395508
vt 0.375 0.395508
vt 0.238281 0.21875
vt 0.375 0.21875
vn 0.92388 0 -0.382683
vn 0.92388 0 -0.382683
vn 0.92388 0 -0.382683
vn 0.92388 0 -0.382683
vn -0.92388 0 0.382683
vn -0.92388 0 0.382683
vn -0.92388 0 0.382683
vn -0.92388 0 0.382683
vn 0 1 0
vn 0 1 0
vn 0 1 0
vn 0 1 0
vn 0 -1 0
vn 0 -1 0
vn 0 -1 0
vn 0 -1 0
vn 0.382683 0 0.92388
vn 0.382683 0 0.92388
vn 0.382683 0 0.92388
vn 0.382683 0 0.92388
vn -0.382683 0 -0.92388
vn -0.382683 0 -0.92388
vn -0.382683 0 -0.92388
vn -0.382683 0 -0.92388
f 169/169/169 171/171/171 170/170/170
f 171/171/171 172/172/172 170/170/170
f 173/173/173 175/175/175 174/174/174
f 175/175/175 176/176/176 174/174/174
f 177/177/177 179/179/179 178/178/178
f 179/179/179 180/180/180 178/178/178
f 181/181/181 183/183/183 182/182/182
f 183/183/183 184/184/184 182/182/182
f 185/185/185 187/187/187 186/186/186
f 187/187/187 188/188/188 186/186/186
f 189/189/189 191/191/191 190/190/190
f 191/191/191 192/192/192 190/190/190
o node_21_mesh_8_0
usemtl material_0
v 0.523918 1.46875 -0.051103
v 0.5 1.46875 -0.108846
v 0.523918 0.1575 -0.051103
v 0.5 0.1575 -0.108846
v 0.069481 1.46875 0.069481
v 0.093399 1.46875 0.127224
v 0.069481 0.1575 0.069481
v 0.093399 0.1575 0.127224
v 0.069481 1.46875 0.069481
v 0.5 1.46875 -0.108846
v 0.093399 1.46875 0.127224
v 0.523918 1.46875 -0.051103
v 0.093399 0.1575 0.127224
v 0.523918 0.1575 -0.051103
v 0.069481 0.1575 0.069481
v 0.5 0.1575 -0.108846
v 0.093399 1.46875 0.127224
v 0.523918 1.46875 -0.051103
v 0.093399 0.1575 0.127224
v 0.523918 0.1575 -0.051103
v 0.5 1.46875 -0.108846
v 0.069481 1.46875 0.069481
v 0.5 0.1575 -0.108846
v 0.069481 0.1575 0.069481
vt 0.174805 0.348633
vt 0.311523 0.348633
vt 0.174805 0.199219
vt 0.311523 0.199219
vt 0.383789 0.253906
vt 0.223633 0.253906
vt 0.383789 0.171875
vt 0.223633 0.171875
vt 0.371094 0.261719
vt 0.507813 0.261719
vt 0.371094 0.179688
vt 0.507813 0.179688
vt 0.375 0.324219
vt 0.511719 0.324219
vt 0.375 0.265625
vt 0.511719 0.265625
vt 0.285156 0.289063
vt 0.421875 0.289063
vt 0.285156 0.144531
vt 0.421875 0.144531
vt 0.246094 0.266602
vt 0.382813 0.266602
vt 0.246094 0.089844
vt 0.382813 0.089844
vn 0.92388 0 -0.382683
vn 0.92388 0 -0.382683
vn 0.92388 0 -0.382683
vn 0.92388 0 -0.382683
vn -0.92388 0 0.382683
vn -0.92388 0 0.382683
vn -0.92388 0 0.382683
vn -0.92388 0 0.382683
vn 0 1 0
vn 0 1 0
vn 0 1 0
vn 0 1 0
vn 0 -1 0
vn 0 -1 0
vn 0 -1 0
vn 0 -1 0
vn 0.382683 0 0.92388
vn 0.382683 0 0.92388
vn 0.382683 0 0.92388
vn 0.382683 0 0.92388
vn -0.382683 0 -0.92388
vn -0.382683 0 -0.92388
vn -0.382683 0 -0.92388
vn -0.382683 0 -0.92388
f 193/193/193 195/195/195 194/194/194
f 195/195/195 196/196/196 194/194/194
f 197/197/197 199/199/199 198/198/198
f 199/199/199 200/200/200 198/198/198
f 201/201/201 203/203/203 202/202/202
f 203/203/203 204/204/204 202/202/202
f 205/205/205 207/207/207 206/206/206
f 207/207/207 208/208/208 206/206/206
f 209/209/209 211/211/211 210/210/210
f 211/211/211 212/212/212 210/210/210
f 213/213/213 215/215/215 214/214/214
f 215/215/215 216/216/216 214/214/214
o node_23_mesh_9_0
usemtl material_0
v -0.051103 1.46875 0.523918
v 0.127224 1.46875 0.093399
v -0.051103 0.15875 0.523918
v 0.127224 0.15875 0.093399
v 0.069481 1.46875 0.069481
v -0.108846 1.46875 0.5
v 0.069481 0.15875 0.069481
v -0.108846 0.15875 0.5
v 0.069481 1.46875 0.069481
v 0.127224 1.46875 0.093399
v -0.108846 1.46875 0.5
v -0.051103 1.46875 0.523918
v -0.108846 0.15875 0.5
v -0.051103 0.15875 0.523918
v 0.069481 0.15875 0.069481
v 0.127224 0.15875 0.093399
v -0.108846 1.46875 0.5
v -0.051103 1.46875 0.523918
v -0.108846 0.15875 0.5
v -0.051103 0.15875 0.523918
v 0.127224 1.46875 0.093399
v 0.069481 1.46875 0.069481
v 0.127224 0.15875 0.093399
v 0.069481 0.15875 0.069481
vt 0.178711 0.399414
vt 0.31543 0.399414
vt 0.178711 0.25
vt 0.31543 0.25
vt 0.387695 0.304688
vt 0.250977 0.304688
vt 0.387695 0.222656
vt 0.250977 0.222656
vt 0.375 0.3125
vt 0.511719 0.3125
vt 0.375 0.230469
vt 0.511719 0.230469
vt 0.355469 0.398438
vt 0.492188 0.398438
vt 0.355469 0.316406
vt 0.492188 0.316406
vt 0.3125 0.339844
vt 0.449219 0.339844
vt 0.3125 0.195313
vt 0.449219 0.195313
vt 0.273438 0.317383
vt 0.410156 0.317383
vt 0.273438 0.140625
vt 0.410156 0.140625
vn 0.92388 0 0.382683
vn 0.92388 0 0.382683
vn 0.92388 0 0.382683
vn 0.92388 0 0.382683
vn -0.92388 0 -0.382683
vn -0.92388 0 -0.382683
vn -0.92388 0 -0.382683
vn -0.92388 0 -0.382683
vn 0 1 0
vn 0 1 0
vn 0 1 0
vn 0 1 0
vn 0 -1 0
vn 0 -1 0
vn 0 -1 0
vn 0 -1 0
vn -0.382683 0 0.92388
vn -0.382683 0 0.92388
vn -0.382683 0 0.92388
vn -0.382683 0 0.92388
vn 0.382683 0 -0.92388
vn 0.382683 0 -0.92388
vn 0.382683 0 -0.92388
vn 0.382683 0 -0.92388
f 217/217/217 219/219/219 218/218/218
f 219/219/219 220/220/220 218/218/218
f 221/221/221 223/223/223 222/222/222
f 223/223/223 224/224/224 222/222/222
f 225/225/225 227/227/227 226/226/226
f 227/227/227 228/228/228 226/226/226
f 229/229/229 231/231/231 230/230/230
f 231/231/231 232/232/232 230/230/230
f 233/233/233 235/235/235 234/234/234
f 235/235/235 236/236/236 234/234/234
f 237/237/237 239/239/239 238/238/238
f 239/239/239 240/240/240 238/238/238
o node_25_mesh_10_0
usemtl material_0
v 0.127224 1.46875 0.906601
v -0.051103 1.46875 0.476082
v 0.127224 0.15625 0.906601
v -0.051103 0.15625 0.476082
v -0.108846 1.46875 0.5
v 0.069481 1.46875 0.930519
v -0.108846 0.15625 0.5
v 0.069481 0.15625 0.930519
v -0.108846 1.46875 0.5
v -0.051103 1.46875 0.476082
v 0.069481 1.46875 0.930519
v 0.127224 1.46875 0.906601
v 0.069481 0.15625 0.930519
v 0.127224 0.15625 0.906601
v -0.108846 0.15625 0.5
v -0.051103 0.15625 0.476082
v 0.069481 1.46875 0.930519
v 0.127224 1.46875 0.906601
v 0.069481 0.15625 0.930519
v 0.127224 0.15625 0.906601
v -0.051103 1.46875 0.476082
v -0.108846 1.46875 0.5
v -0.051103 0.15625 0.476082
v -0.108846 0.15625 0.5
vt 0.116211 0.37207
vt 0.25293 0.37207
vt 0.116211 0.21875
vt 0.25293 0.21875
vt 0.325195 0.277344
vt 0.188477 0.277344
vt 0.325195 0.195313
vt 0.188477 0.195313
vt 0.3125 0.285156
vt 0.449219 0.285156
vt 0.3125 0.203125
vt 0.449219 0.203125
vt 0.292969 0.371094
vt 0.429688 0.371094
vt 0.292969 0.289063
vt 0.429688 0.289063
vt 0.25 0.3125
vt 0.386719 0.3125
vt 0.25 0.164063
vt 0.386719 0.164063
vt 0.210938 0.290039
vt 0.347656 0.290039
vt 0.210938 0.109375
vt 0.347656 0.109375
vn 0.92388 0 -0.382683
vn 0.92388 0 -0.382683
vn 0.92388 0 -0.382683
vn 0.92388 0 -0.382683
vn -0.92388 0 0.382683
vn -0.92388 0 0.382683
vn -0.92388 0 0.382683
vn -0.92388 0 0.382683
vn 0 1 0
vn 0 1 0
vn 0 1 0
vn 0 1 0
vn 0 -1 0
vn 0 -1 0
vn 0 -1 0
vn 0 -1 0
vn 0.382683 0 0.92388
vn 0.382683 0 0.92388
vn 0.382683 0 0.92388
vn 0.382683 0 0.92388
vn -0.382683 0 -0.92388
vn -0.382683 0 -0.92388
vn -0.382683 0 -0.92388
vn -0.382683 0 -0.92388
f 241/241/241 243/243/243 242/242/242
f 243/243/243 244/244/244 242/242/242
f 245/245/245 247/247/247 246/246/246
f 247/247/247 248/248/248 246/246/246
f 249/249/249 251/251/251 250/250/250
f 251/251/251 252/252/252 250/250/250
f 253/253/253 255/255/255 254/254/254
f 255/255/255 256/256/256 254/254/254
f 257/257/257 259/259/259 258/258/258
f 259/259/259 260/260/260 258/258/258
f 261/261/261 263/263/263 262/262/262
f 263/263/263 264/264/264 262/262/262
o node_27_mesh_11_0
usemtl material_0
v 0.5 1.46875 1.108846
v 0.523918 1.46875 1.051103
v 0.5 0.15625 1.108846
v 0.523918 0.15625 1.051103
v 0.093399 1.46875 0.872776
v 0.069481 1.46875 0.930519
v 0.093399 0.15625 0.872776
v 0.069481 0.15625 0.930519
v 0.093399 1.46875 0.872776
v 0.523918 1.46875 1.051103
v 0.069481 1.46875 0.930519
v 0.5 1.46875 1.108846
v 0.069481 0.15625 0.930519
v 0.5 0.15625 1.108846
v 0.093399 0.15625 0.872776
v 0.523918 0.15625 1.051103
v 0.069481 1.46875 0.930519
v 0.5 1.46875 1.108846
v 0.069481 0.15625 0.930519
v 0.5 0.15625 1.108846
v 0.523918 1.46875 1.051103
v 0.093399 1.46875 0.872776
v 0.523918 0.15625 1.051103
v 0.093399 0.15625 0.872776
vt 0.327148 0.37207
vt 0.463867 0.37207
vt 0.327148 0.21875
vt 0.463867 0.21875
vt 0.536133 0.277344
vt 0.375977 0.277344
vt 0.536133 0.195313
vt 0.375977 0.195313
vt 0.523438 0.285156
vt 0.660156 0.285156
vt 0.523438 0.203125
vt 0.660156 0.203125
vt 0.527344 0.347656
vt 0.664063 0.347656
vt 0.527344 0.289063
vt 0.664063 0.289063
vt 0.4375 0.3125
vt 0.574219 0.3125
vt 0.4375 0.164063
vt 0.574219 0.164063
vt 0.398438 0.290039
vt 0.535156 0.290039
vt 0.398438 0.109375
vt 0.535156 0.109375
vn 0.92388 0 0.382683
vn 0.92388 0 0.382683
vn 0.92388 0 0.382683
vn 0.92388 0 0.382683
vn -0.92388 0 -0.382683
vn -0.92388 0 -0.382683
vn -0.92388 0 -0.382683
vn -0.92388 0 -0.382683
vn 0 1 0
vn 0 1 0
vn 0 1 0
vn 0 1 0
vn 0 -1 0
vn 0 -1 0
vn 0 -1 0
vn 0 -1 0
vn -0.382683 0 0.92388
vn -0.382683 0 0.92388
vn -0.382683 0 0.92388
vn -0.382683 0 0.92388
vn 0.382683 0 -0.92388
vn 0.382683 0 -0.92388
vn 0.382683 0 -0.92388
vn 0.382683 0 -0.92388
f 265/265/265 267/267/267 266/266/266
f 267/267/267 268/268/268 266/266/266
f 269/269/269 271/271/271 270/270/270
f 271/271/271 272/272/272 270/270/270
f 273/273/273 275/275/275 274/274/274
f 275/275/275 276/276/276 274/274/274
f 277/277/277 279/279/279 278/278/278
f 279/279/279 280/280/280 278/278/278
f 281/281/281 283/283/283 282/282/282
f 283/283/283 284/284/284 282/282/282
f 285/285/285 287/287/287 286/286/286
f 287/287/287 288/288/288 286/286/286
o node_29_mesh_12_0
usemtl material_0
v 1.137717 1.5375 0.488041
v 0.95939 1.5375 0.057522
v 1.137717 1.4775 0.488041
v 0.95939 1.4775 0.057522
v -0.137717 1.5375 0.511959
v 0.04061 1.5375 0.942478
v -0.137717 1.4775 0.511959
v 0.04061 1.4775 0.942478
v -0.137717 1.5375 0.511959
v 0.95939 1.5375 0.057522
v 0.04061 1.5375 0.942478
v 1.137717 1.5375 0.488041
v 0.04061 1.4775 0.942478
v 1.137717 1.4775 0.488041
v -0.137717 1.4775 0.511959
v 0.95939 1.4775 0.057522
v 0.04061 1.5375 0.942478
v 1.137717 1.5375 0.488041
v 0.04061 1.4775 0.942478
v 1.137717 1.4775 0.488041
v 0.95939 1.5375 0.057522
v -0.137717 1.5375 0.511959
v 0.95939 1.4775 0.057522
v -0.137717 1.4775 0.511959
vt 0.604492 0.602539
vt 0.741211 0.602539
vt 0.604492 0.53125
vt 0.741211 0.53125
vt 0.883789 0.53125
vt 0.74707 0.53125
vt 0.883789 0.449219
vt 0.74707 0.449219
vt 0.871094 0.515625
vt 1 0.515625
vt 0.871094 0.433594
vt 1 0.433594
vt 0.921875 0.601563
vt 1 0.601563
vt 0.921875 0.519531
vt 1 0.519531
vt 0.808594 0.542969
vt 0.945313 0.542969
vt 0.808594 0.476563
vt 0.945313 0.476563
vt 0.699219 0.520508
vt 0.835938 0.520508
vt 0.699219 0.421875
vt 0.835938 0.421875
vn 0.92388 0 -0.382683
vn 0.92388 0 -0.382683
vn 0.92388 0 -0.382683
vn 0.92388 0 -0.382683
vn -0.92388 0 0.382683
vn -0.92388 0 0.382683
vn -0.92388 0 0.382683
vn -0.92388 0 0.382683
vn 0 1 0
vn 0 1 0
vn 0 1 0
vn 0 1 0
vn 0 -1 0
vn 0 -1 0
vn 0 -1 0
vn 0 -1 0
vn 0.382683 0 0.92388
vn 0.382683 0 0.92388
vn 0.382683 0 0.92388
vn 0.382683 0 0.92388
vn -0.382683 0 -0.92388
vn -0.382683 0 -0.92388
vn -0.382683 0 -0.92388
vn -0.382683 0 -0.92388
f 289/289/289 291/291/291 290/290/290
f 291/291/291 292/292/292 290/290/290
f 293/293/293 295/295/295 294/294/294
f 295/295/295 296/296/296 294/294/294
f 297/297/297 299/299/299 298/298/298
f 299/299/299 300/300/300 298/298/298
f 301/301/301 303/303/303 302/302/302
f 303/303/303 304/304/304 302/302/302
f 305/305/305 307/307/307 306/306/306
f 307/307/307 308/308/308 306/306/306
f 309/309/309 311/311/311 310/310/310
f 311/311/311 312/312/312 310/310/310
o node_31_mesh_13_0
usemtl material_0
v 0.95939 1.528125 0.942478
v 1.137717 1.528125 0.511959
v 0.95939 1.465625 0.942478
v 1.137717 1.465625 0.511959
v 0.04061 1.528125 0.057522
v -0.137717 1.528125 0.488041
v 0.04061 1.465625 0.057522
v -0.137717 1.465625 0.488041
v 0.04061 1.528125 0.057522
v 1.137717 1.528125 0.511959
v -0.137717 1.528125 0.488041
v 0.95939 1.528125 0.942478
v -0.137717 1.465625 0.488041
v 0.95939 1.465625 0.942478
v 0.04061 1.465625 0.057522
v 1.137717 1.465625 0.511959
v -0.137717 1.528125 0.488041
v 0.95939 1.528125 0.942478
v -0.137717 1.465625 0.488041
v 0.95939 1.465625 0.942478
v 1.137717 1.528125 0.511959
v 0.04061 1.528125 0.057522
v 1.137717 1.465625 0.511959
v 0.04061 1.465625 0.057522
vt 0.608398 0.844727
vt 0.745117 0.844727
vt 0.608398 0.769531
vt 0.745117 0.769531
vt 0.887695 0.773438
vt 0.750977 0.773438
vt 0.887695 0.691406
vt 0.750977 0.691406
vt 0.875 0.757813
vt 1 0.757813
vt 0.875 0.675781
vt 1 0.675781
vt 0.925781 0.84375
vt 1 0.84375
vt 0.925781 0.761719
vt 1 0.761719
vt 0.8125 0.785156
vt 0.949219 0.785156
vt 0.8125 0.714844
vt 0.949219 0.714844
vt 0.703125 0.762695
vt 0.839844 0.762695
vt 0.703125 0.660156
vt 0.839844 0.660156
vn 0.92388 0 0.382683
vn 0.92388 0 0.382683
vn 0.92388 0 0.382683
vn 0.92388 0 0.382683
vn -0.92388 0 -0.382683
vn -0.92388 0 -0.382683
vn -0.92388 0 -0.382683
vn -0.92388 0 -0.382683
vn 0 1 0
vn 0 1 0
vn 0 1 0
vn 0 1 0
vn 0 -1 0
vn 0 -1 0
vn 0 -1 0
vn 0 -1 0
vn -0.382683 0 0.92388
vn -0.382683 0 0.92388
vn -0.382683 0 0.92388
vn -0.382683 0 0.92388
vn 0.382683 0 -0.92388
vn 0.382683 0 -0.92388
vn 0.382683 0 -0.92388
vn 0.382683 0 -0.92388
f 313/313/313 315/315/315 314/314/314
f 315/315/315 316/316/316 314/314/314
f 317/317/317 319/319/319 318/318/318
f 319/319/319 320/320/320 318/318/318
f 321/321/321 323/323/323 322/322/322
f 323/323/323 324/324/324 322/322/322
f 325/325/325 327/327/327 326/326/326
f 327/327/327 328/328/328 326/326/326
f 329/329/329 331/331/331 330/330/330
f 331/331/331 332/332/332 330/330/330
f 333/333/333 335/335/335 334/334/334
f 335/335/335 336/336/336 334/334/334
o node_33_mesh_14_0
usemtl material_0
v 0.942478 1.53125 0.95939
v 0.488041 1.53125 -0.137717
v 0.942478 1.46875 0.95939
v 0.488041 1.46875 -0.137717
v 0.057522 1.53125 0.04061
v 0.511959 1.53125 1.137717
v 0.057522 1.46875 0.04061
v 0.511959 1.46875 1.137717
v 0.057522 1.53125 0.04061
v 0.488041 1.53125 -0.137717
v 0.511959 1.53125 1.137717
v 0.942478 1.53125 0.95939
v 0.511959 1.46875 1.137717
v 0.942478 1.46875 0.95939
v 0.057522 1.46875 0.04061
v 0.488041 1.46875 -0.137717
v 0.511959 1.53125 1.137717
v 0.942478 1.53125 0.95939
v 0.511959 1.46875 1.137717
v 0.942478 1.46875 0.95939
v 0.488041 1.53125 -0.137717
v 0.057522 1.53125 0.04061
v 0.488041 1.46875 -0.137717
v 0.057522 1.46875 0.04061
vt 0.569336 0.551758
vt 0.706055 0.551758
vt 0.569336 0.476563
vt 0.706055 0.476563
vt 0.758789 0.480469
vt 0.848633 0.480469
vt 0.758789 0.398438
vt 0.848633 0.398438
vt 0.835938 0.464844
vt 0.972656 0.464844
vt 0.835938 0.382813
vt 0.972656 0.382813
vt 0.839844 0.597656
vt 0.976563 0.597656
vt 0.839844 0.46875
vt 0.976563 0.46875
vt 0.820313 0.492188
vt 0.957031 0.492188
vt 0.820313 0.421875
vt 0.957031 0.421875
vt 0.710938 0.469727
vt 0.847656 0.469727
vt 0.710938 0.367188
vt 0.847656 0.367188
vn 0.92388 0 -0.382683
vn 0.92388 0 -0.382683
vn 0.92388 0 -0.382683
vn 0.92388 0 -0.382683
vn -0.92388 0 0.382683
vn -0.92388 0 0.382683
vn -0.92388 0 0.382683
vn -0.92388 0 0.382683
vn 0 1 0
vn 0 1 0
vn 0 1 0
vn 0 1 0
vn 0 -1 0
vn 0 -1 0
vn 0 -1 0
vn 0 -1 0
vn 0.382683 0 0.92388
vn 0.382683 0 0.92388
vn 0.382683 0 0.92388
vn 0.382683 0 0.92388
vn -0.382683 0 -0.92388
vn -0.382683 0 -0.92388
vn -0.382683 0 -0.92388
vn -0.382683 0 -0.92388
f 337/337/337 339/339/339 338/338/338
f 339/339/339 340/340/340 338/338/338
f 341/341/341 343/343/343 342/342/342
f 343/343/343 344/344/344 342/342/342
f 345/345/345 347/347/347 346/346/346
f 347/347/347 348/348/348 346/346/346
f 349/349/349 351/351/351 350/350/350
f 351/351/351 352/352/352 350/350/350
f 353/353/353 355/355/355 354/354/354
f 355/355/355 356/356/356 354/354/354
f 357/357/357 359/359/359 358/358/358
f 359/359/359 360/360/360 358/358/358
o node_35_mesh_15_0
usemtl material_0
v 0.488041 1.532812 1.137717
v 0.942478 1.532812 0.04061
v 0.488041 1.471562 1.137717
v 0.942478 1.471562 0.04061
v 0.511959 1.532812 -0.137717
v 0.057522 1.532812 0.95939
v 0.511959 1.471562 -0.137717
v 0.057522 1.471562 0.95939
v 0.511959 1.532812 -0.137717
v 0.942478 1.532812 0.04061
v 0.057522 1.532812 0.95939
v 0.488041 1.532812 1.137717
v 0.057522 1.471562 0.95939
v 0.488041 1.471562 1.137717
v 0.511959 1.471562 -0.137717
v 0.942478 1.471562 0.04061
v 0.057522 1.532812 0.95939
v 0.488041 1.532812 1.137717
v 0.057522 1.471562 0.95939
v 0.488041 1.471562 1.137717
v 0.942478 1.532812 0.04061
v 0.511959 1.532812 -0.137717
v 0.942478 1.471562 0.04061
v 0.511959 1.471562 -0.137717
vt 0.569336 0.540039
vt 0.706055 0.540039
vt 0.569336 0.46875
vt 0.706055 0.46875
vt 0.758789 0.46875
vt 0.848633 0.46875
vt 0.758789 0.386719
vt 0.848633 0.386719
vt 0.835938 0.453125
vt 0.972656 0.453125
vt 0.835938 0.371094
vt 0.972656 0.371094
vt 0.839844 0.585938
vt 0.976563 0.585938
vt 0.839844 0.457031
vt 0.976563 0.457031
vt 0.820313 0.480469
vt 0.957031 0.480469
vt 0.820313 0.414063
vt 0.957031 0.414063
vt 0.710938 0.458008
vt 0.847656 0.458008
vt 0.710938 0.359375
vt 0.847656 0.359375
vn 0.92388 0 0.382683
vn 0.92388 0 0.382683
vn 0.92388 0 0.382683
vn 0.92388 0 0.382683
vn -0.92388 0 -0.382683
vn -0.92388 0 -0.382683
vn -0.92388 0 -0.382683
vn -0.92388 0 -0.382683
vn 0 1 0
vn 0 1 0
vn 0 1 0
vn 0 1 0
vn 0 -1 0
vn 0 -1 0
vn 0 -1 0
vn 0 -1 0
vn -0.382683 0 0.92388
vn -0.382683 0 0.92388
vn -0.382683 0 0.92388
vn -0.382683 0 0.92388
vn 0.382683 0 -0.92388
vn 0.382683 0 -0.92388
vn 0.382683 0 -0.92388
vn 0.382683 0 -0.92388
f 361/361/361 363/363/363 362/362/362
f 363/363/363 364/364/364 362/362/362
f 365/365/365 367/367/367 366/366/366
f 367/367/367 368/368/368 366/366/366
f 369/369/369 371/371/371 370/370/370
f 371/371/371 372/372/372 370/370/370
f 373/373/373 375/375/375 374/374/374
f 375/375/375 376/376/376 374/374/374
f 377/377/377 379/379/379 378/378/378
f 379/379/379 380/380/380 378/378/378
f 381/381/381 383/383/383 382/382/382
f 383/383/383 384/384/384 382/382/382
o node_37_mesh_16_0
usemtl material_0
v 0.162748 0.25 -0.559179
v 0.101606 0.25 -0.706789
v 0.162748 0 -0.559179
v 0.101606 0 -0.706789
v -0.302591 0.25 -0.539365
v -0.241449 0.25 -0.391755
v -0.302591 0 -0.539365
v -0.241449 0 -0.391755
v -0.302591 0.25 -0.539365
v 0.101606 0.25 -0.706789
v -0.241449 0.25 -0.391755
v 0.162748 0.25 -0.559179
v -0.241449 0 -0.391755
v 0.162748 0 -0.559179
v -0.302591 0 -0.539365
v 0.101606 0 -0.706789
v -0.241449 0.25 -0.391755
v 0.162748 0.25 -0.559179
v -0.241449 0 -0.391755
v 0.162748 0 -0.559179
v 0.101606 0.25 -0.706789
v -0.302591 0.25 -0.539365
v 0.101606 0 -0.706789
v -0.302591 0 -0.539365
vt 0.670898 0.196289
vt 0.807617 0.196289
vt 0.670898 0.109375
vt 0.807617 0.109375
vt 0.883789 0.125
vt 0.727539 0.125
vt 0.883789 0.042969
vt 0.727539 0.042969
vt 0.871094 0.109375
vt 1 0.109375
vt 0.871094 0.027344
vt 1 0.027344
vt 0.875 0.175781
vt 1 0.175781
vt 0.875 0.113281
vt 1 0.113281
vt 0.789063 0.136719
vt 0.925781 0.136719
vt 0.789063 0.054688
vt 0.925781 0.054688
vt 0.746094 0.114258
vt 0.882813 0.114258
vt 0.746094 0
vt 0.882813 0
vn 0.92388 0 -0.382683
vn 0.92388 0 -0.382683
vn 0.92388 0 -0.382683
vn 0.92388 0 -0.382683
vn -0.92388 0 0.382683
vn -0.92388 0 0.382683
vn -0.92388 0 0.382683
vn -0.92388 0 0.382683
vn 0 1 0
vn 0 1 0
vn 0 1 0
vn 0 1 0
vn 0 -1 0
vn 0 -1 0
vn 0 -1 0
vn 0 -1 0
vn 0.382683 0 0.92388
vn 0.382683 0 0.92388
vn 0.382683 0 0.92388
vn 0.382683 0 0.92388
vn -0.382683 0 -0.92388
vn -0.382683 0 -0.92388
vn -0.382683 0 -0.92388
vn -0.382683 0 -0.92388
f 385/385/385 387/387/387 386/386/386
f 387/387/387 388/388/388 386/386/386
f 389/389/389 391/391/391 390/390/390
f 391/391/391 392/392/392 390/390/390
f 393/393/393 395/395/395 394/394/394
f 395/395/395 396/396/396 394/394/394
f 397/397/397 399/399/399 398/398/398
f 399/399/399 400/400/400 398/398/398
f 401/401/401 403/403/403 402/402/402
f 403/403/403 404/404/404 402/402/402
f 405/405/405 407/407/407 406/406/406
f 407/407/407 408/408/408 406/406/406
o node_39_mesh_17_0
usemtl material_0
v -0.654849 0.25 0.393718
v -0.391755 0.25 -0.241449
v -0.654849 0 0.393718
v -0.391755 0 -0.241449
v -0.539365 0.25 -0.302591
v -0.802459 0.25 0.332576
v -0.539365 0 -0.302591
v -0.802459 0 0.332576
v -0.539365 0.25 -0.302591
v -0.391755 0.25 -0.241449
v -0.802459 0.25 0.332576
v -0.654849 0.25 0.393718
v -0.802459 0 0.332576
v -0.654849 0 0.393718
v -0.539365 0 -0.302591
v -0.391755 0 -0.241449
v -0.802459 0.25 0.332576
v -0.654849 0.25 0.393718
v -0.802459 0 0.332576
v -0.654849 0 0.393718
v -0.391755 0.25 -0.241449
v -0.539365 0.25 -0.302591
v -0.391755 0 -0.241449
v -0.539365 0 -0.302591
vt 0.387695 0.766602
vt 0.524414 0.766602
vt 0.387695 0.679688
vt 0.524414 0.679688
vt 0.275391 0.695313
vt 0.396484 0.695313
vt 0.275391 0.613281
vt 0.396484 0.613281
vt 0.37207 0.679688
vt 0.508789 0.679688
vt 0.37207 0.597656
vt 0.508789 0.597656
vt 0.344727 0.78125
vt 0.481445 0.78125
vt 0.344727 0.683594
vt 0.481445 0.683594
vt 0.438477 0.707031
vt 0.575195 0.707031
vt 0.438477 0.625
vt 0.575195 0.625
vt 0.407227 0.68457
vt 0.543945 0.68457
vt 0.407227 0.570313
vt 0.543945 0.570313
vn 0.92388 0 0.382683
vn 0.92388 0 0.382683
vn 0.92388 0 0.382683
vn 0.92388 0 0.382683
vn -0.92388 0 -0.382683
vn -0.92388 0 -0.382683
vn -0.92388 0 -0.382683
vn -0.92388 0 -0.382683
vn 0 1 0
vn 0 1 0
vn 0 1 0
vn 0 1 0
vn 0 -1 0
vn 0 -1 0
vn 0 -1 0
vn 0 -1 0
vn -0.382683 0 0.92388
vn -0.382683 0 0.92388
vn -0.382683 0 0.92388
vn -0.382683 0 0.92388
vn 0.382683 0 -0.92388
vn 0.382683 0 -0.92388
vn 0.382683 0 -0.92388
vn 0.382683 0 -0.92388
f 409/409/409 411/411/411 410/410/410
f 411/411/411 412/412/412 410/410/410
f 413/413/413 415/415/415 414/414/414
f 415/415/415 416/416/416 414/414/414
f 417/417/417 419/419/419 418/418/418
f 419/419/419 420/420/420 418/418/418
f 421/421/421 423/423/423 422/422/422
f 423/423/423 424/424/424 422/422/422
f 425/425/425 427/427/427 426/426/426
f 427/427/427 428/428/428 426/426/426
f 429/429/429 431/431/431 430/430/430
f 431/431/431 432/432/432 430/430/430
o node_41_mesh_18_0
usemtl material_0
v -0.391755 0.25 1.241449
v -0.654849 0.25 0.606282
v -0.391755 0 1.241449
v -0.654849 0 0.606282
v -0.802459 0.25 0.667424
v -0.539365 0.25 1.302591
v -0.802459 0 0.667424
v -0.539365 0 1.302591
v -0.802459 0.25 0.667424
v -0.654849 0.25 0.606282
v -0.539365 0.25 1.302591
v -0.391755 0.25 1.241449
v -0.539365 0 1.302591
v -0.391755 0 1.241449
v -0.802459 0 0.667424
v -0.654849 0 0.606282
v -0.539365 0.25 1.302591
v -0.391755 0.25 1.241449
v -0.539365 0 1.302591
v -0.391755 0 1.241449
v -0.654849 0.25 0.606282
v -0.802459 0.25 0.667424
v -0.654849 0 0.606282
v -0.802459 0 0.667424
vt 0.342773 0.356445
vt 0.479492 0.356445
vt 0.342773 0.269531
vt 0.479492 0.269531
vt 0.735352 0.289063
vt 0.614258 0.289063
vt 0.735352 0.207031
vt 0.614258 0.207031
vt 0.558594 0.269531
vt 0.695313 0.269531
vt 0.558594 0.1875
vt 0.695313 0.1875
vt 0.542969 0.371094
vt 0.679688 0.371094
vt 0.542969 0.273438
vt 0.679688 0.273438
vt 0.511719 0.296875
vt 0.648438 0.296875
vt 0.511719 0.214844
vt 0.648438 0.214844
vt 0.453125 0.274414
vt 0.589844 0.274414
vt 0.453125 0.160156
vt 0.589844 0.160156
vn 0.92388 0 -0.382683
vn 0.92388 0 -0.382683
vn 0.92388 0 -0.382683
vn 0.92388 0 -0.382683
vn -0.92388 0 0.382683
vn -0.92388 0 0.382683
vn -0.92388 0 0.382683
vn -0.92388 0 0.382683
vn 0 1 0
vn 0 1 0
vn 0 1 0
vn 0 1 0
vn 0 -1 0
vn 0 -1 0
vn 0 -1 0
vn 0 -1 0
vn 0.382683 0 0.92388
vn 0.382683 0 0.92388
vn 0.382683 0 0.92388
vn 0.382683 0 0.92388
vn -0.382683 0 -0.92388
vn -0.382683 0 -0.92388
vn -0.382683 0 -0.92388
vn -0.382683 0 -0.92388
f 433/433/433 435/435/435 434/434/434
f 435/435/435 436/436/436 434/434/434
f 437/437/437 439/439/439 438/438/438
f 439/439/439 440/440/440 438/438/438
f 441/441/441 443/443/443 442/442/442
f 443/443/443 444/444/444 442/442/442
f 445/445/445 447/447/447 446/446/446
f 447/447/447 448/448/448 446/446/446
f 449/449/449 451/451/451 450/450/450
f 451/451/451 452/452/452 450/450/450
f 453/453/453 455/455/455 454/454/454
f 455/455/455 456/456/456 454/454/454
o node_43_mesh_19_0
usemtl material_0
v 0.332576 0.25 1.802459
v 0.393718 0.25 1.654849
v 0.332576 0 1.802459
v 0.393718 0 1.654849
v -0.241449 0.25 1.391755
v -0.302591 0.25 1.539365
v -0.241449 0 1.391755
v -0.302591 0 1.539365
v -0.241449 0.25 1.391755
v 0.393718 0.25 1.654849
v -0.302591 0.25 1.539365
v 0.332576 0.25 1.802459
v -0.302591 0 1.539365
v 0.332576 0 1.802459
v -0.241449 0 1.391755
v 0.393718 0 1.654849
v -0.302591 0.25 1.539365
v 0.332576 0.25 1.802459
v -0.302591 0 1.539365
v 0.332576 0 1.802459
v 0.393718 0.25 1.654849
v -0.241449 0.25 1.391755
v 0.393718 0 1.654849
v -0.241449 0 1.391755
vt 0.256836 0.743164
vt 0.393555 0.743164
vt 0.256836 0.65625
vt 0.393555 0.65625
vt 0.485352 0.671875
vt 0.329102 0.671875
vt 0.485352 0.589844
vt 0.329102 0.589844
vt 0.472656 0.65625
vt 0.609375 0.65625
vt 0.472656 0.574219
vt 0.609375 0.574219
vt 0.492188 0.722656
vt 0.628906 0.722656
vt 0.492188 0.660156
vt 0.628906 0.660156
vt 0.613281 0.472656
vt 0.75 0.472656
vt 0.613281 0.390625
vt 0.75 0.390625
vt 0.332031 0.661133
vt 0.46875 0.661133
vt 0.332031 0.546875
vt 0.46875 0.546875
vn 0.92388 0 0.382683
vn 0.92388 0 0.382683
vn 0.92388 0 0.382683
vn 0.92388 0 0.382683
vn -0.92388 0 -0.382683
vn -0.92388 0 -0.382683
vn -0.92388 0 -0.382683
vn -0.92388 0 -0.382683
vn 0 1 0
vn 0 1 0
vn 0 1 0
vn 0 1 0
vn 0 -1 0
vn 0 -1 0
vn 0 -1 0
vn 0 -1 0
vn -0.382683 0 0.92388
vn -0.382683 0 0.92388
vn -0.382683 0 0.92388
vn -0.382683 0 0.92388
vn 0.382683 0 -0.92388
vn 0.382683 0 -0.92388
vn 0.382683 0 -0.92388
vn 0.382683 0 -0.92388
f 457/457/457 459/459/459 458/458/458
f 459/459/459 460/460/460 458/458/458
f 461/461/461 463/463/463 462/462/462
f 463/463/463 464/464/464 462/462/462
f 465/465/465 467/467/467 466/466/466
f 467/467/467 468/468/468 466/466/466
f 469/469/469 471/471/471 470/470/470
f 471/471/471 472/472/472 470/470/470
f 473/473/473 475/475/475 474/474/474
f 475/475/475 476/476/476 474/474/474
f 477/477/477 479/479/479 478/478/478
f 479/479/479 480/480/480 478/478/478
o node_45_mesh_20_0
usemtl material_0
v 1.595051 0.5 -0.108915
v 1.108915 0.5 -0.595051
v 1.595051 0.25 -0.108915
v 1.108915 0.25 -0.595051
v 0.995939 0.5 -0.482075
v 1.482075 0.5 0.004061
v 0.995939 0.25 -0.482075
v 1.482075 0.25 0.004061
v 0.995939 0.5 -0.482075
v 1.108915 0.5 -0.595051
v 1.482075 0.5 0.004061
v 1.595051 0.5 -0.108915
v 1.482075 0.25 0.004061
v 1.595051 0.25 -0.108915
v 0.995939 0.25 -0.482075
v 1.108915 0.25 -0.595051
v 1.482075 0.5 0.004061
v 1.595051 0.5 -0.108915
v 1.482075 0.25 0.004061
v 1.595051 0.25 -0.108915
v 1.108915 0.5 -0.595051
v 0.995939 0.5 -0.482075
v 1.108915 0.25 -0.595051
v 0.995939 0.25 -0.482075
vt 0.588867 0.274414
vt 0.725586 0.274414
vt 0.588867 0.1875
vt 0.725586 0.1875
vt 0.821289 0.183594
vt 0.700195 0.183594
vt 0.821289 0.101563
vt 0.700195 0.101563
vt 0.808594 0.167969
vt 0.945313 0.167969
vt 0.808594 0.085938
vt 0.945313 0.085938
vt 0.792969 0.269531
vt 0.929688 0.269531
vt 0.792969 0.171875
vt 0.929688 0.171875
vt 0.761719 0.195313
vt 0.898438 0.195313
vt 0.761719 0.113281
vt 0.898438 0.113281
vt 0.703125 0.172852
vt 0.839844 0.172852
vt 0.703125 0.058594
vt 0.839844 0.058594
vn 0.707107 0 -0.707107
vn 0.707107 0 -0.707107
vn 0.707107 0 -0.707107
vn 0.707107 0 -0.707107
vn -0.707107 0 0.707107
vn -0.707107 0 0.707107
vn -0.707107 0 0.707107
vn -0.707107 0 0.707107
vn 0 1 0
vn 0 1 0
vn 0 1 0
vn 0 1 0
vn 0 -1 0
vn 0 -1 0
vn 0 -1 0
vn 0 -1 0
vn 0.707107 0 0.707107
vn 0.707107 0 0.707107
vn 0.707107 0 0.707107
vn 0.707107 0 0.707107
vn -0.707107 0 -0.707107
vn -0.707107 0 -0.707107
vn -0.707107 0 -0.707107
vn -0.707107 0 -0.707107
f 481/481/481 483/483/483 482/482/482
f 483/483/483 484/484/484 482/482/482
f 485/485/485 487/487/487 486/486/486
f 487/487/487 488/488/488 486/486/486
f 489/489/489 491/491/491 490/490/490
f 491/491/491 492/492/492 490/490/490
f 493/493/493 495/495/495 494/494/494
f 495/495/495 496/496/496 494/494/494
f 497/497/497 499/499/499 498/498/498
f 499/499/499 500/500/500 498/498/498
f 501/501/501 503/503/503 502/502/502
f 503/503/503 504/504/504 502/502/502
o node_47_mesh_21_0
usemtl material_0
v 0.004061 0.5 -0.482075
v -0.108915 0.5 -0.595051
v 0.004061 0.25 -0.482075
v -0.108915 0.25 -0.595051
v -0.595051 0.5 -0.108915
v -0.482075 0.5 0.004061
v -0.595051 0.25 -0.108915
v -0.482075 0.25 0.004061
v -0.595051 0.5 -0.108915
v -0.108915 0.5 -0.595051
v -0.482075 0.5 0.004061
v 0.004061 0.5 -0.482075
v -0.482075 0.25 0.004061
v 0.004061 0.25 -0.482075
v -0.595051 0.25 -0.108915
v -0.108915 0.25 -0.595051
v -0.482075 0.5 0.004061
v 0.004061 0.5 -0.482075
v -0.482075 0.25 0.004061
v 0.004061 0.25 -0.482075
v -0.108915 0.5 -0.595051
v -0.595051 0.5 -0.108915
v -0.108915 0.25 -0.595051
v -0.595051 0.25 -0.108915
vt 0.37793 0.458008
vt 0.514648 0.458008
vt 0.37793 0.371094
vt 0.514648 0.371094
vt 0.606445 0.386719
vt 0.450195 0.386719
vt 0.606445 0.304688
vt 0.450195 0.304688
vt 0.59375 0.371094
vt 0.730469 0.371094
vt 0.59375 0.289063
vt 0.730469 0.289063
vt 0.613281 0.4375
vt 0.75 0.4375
vt 0.613281 0.375
vt 0.75 0.375
vt 0.511719 0.398438
vt 0.648438 0.398438
vt 0.511719 0.316406
vt 0.648438 0.316406
vt 0.578125 0.297852
vt 0.714844 0.297852
vt 0.578125 0.183594
vt 0.714844 0.183594
vn 0.707107 0 -0.707107
vn 0.707107 0 -0.707107
vn 0.707107 0 -0.707107
vn 0.707107 0 -0.707107
vn -0.707107 0 0.707107
vn -0.707107 0 0.707107
vn -0.707107 0 0.707107
vn -0.707107 0 0.707107
vn 0 1 0
vn 0 1 0
vn 0 1 0
vn 0 1 0
vn 0 -1 0
vn 0 -1 0
vn 0 -1 0
vn 0 -1 0
vn 0.707107 0 0.707107
vn 0.707107 0 0.707107
vn 0.707107 0 0.707107
vn 0.707107 0 0.707107
vn -0.707107 0 -0.707107
vn -0.707107 0 -0.707107
vn -0.707107 0 -0.707107
vn -0.707107 0 -0.707107
f 505/505/505 507/507/507 506/506/506
f 507/507/507 508/508/508 506/506/506
f 509/509/509 511/511/511 510/510/510
f 511/511/511 512/512/512 510/510/510
f 513/513/513 515/515/515 514/514/514
f 515/515/515 516/516/516 514/514/514
f 517/517/517 519/519/519 518/518/518
f 519/519/519 520/520/520 518/518/518
f 521/521/521 523/523/523 522/522/522
f 523/523/523 524/524/524 522/522/522
f 525/525/525 527/527/527 526/526/526
f 527/527/527 528/528/528 526/526/526
o node_49_mesh_22_0
usemtl material_0
v 1.704886 0.5 0.84375
v 1.704886 0.5 0.15625
v 1.704886 0.25 0.84375
v 1.704886 0.25 0.15625
v 1.545114 0.5 0.15625
v 1.545114 0.5 0.84375
v 1.545114 0.25 0.15625
v 1.545114 0.25 0.84375
v 1.545114 0.5 0.15625
v 1.704886 0.5 0.15625
v 1.545114 0.5 0.84375
v 1.704886 0.5 0.84375
v 1.545114 0.25 0.84375
v 1.704886 0.25 0.84375
v 1.545114 0.25 0.15625
v 1.704886 0.25 0.15625
v 1.545114 0.5 0.84375
v 1.704886 0.5 0.84375
v 1.545114 0.25 0.84375
v 1.704886 0.25 0.84375
v 1.704886 0.5 0.15625
v 1.545114 0.5 0.15625
v 1.704886 0.25 0.15625
v 1.545114 0.25 0.15625
vt 0.022461 0.356445
vt 0.15918 0.356445
vt 0.022461 0.269531
vt 0.15918 0.269531
vt 0.250977 0.285156
vt 0.129883 0.285156
vt 0.250977 0.203125
vt 0.129883 0.203125
vt 0.238281 0.269531
vt 0.375 0.269531
vt 0.238281 0.1875
vt 0.375 0.1875
vt 0.222656 0.371094
vt 0.359375 0.371094
vt 0.222656 0.273438
vt 0.359375 0.273438
vt 0.191406 0.296875
vt 0.328125 0.296875
vt 0.191406 0.214844
vt 0.328125 0.214844
vt 0.132813 0.274414
vt 0.269531 0.274414
vt 0.132813 0.160156
vt 0.269531 0.160156
vn 1 0 0
vn 1 0 0
vn 1 0 0
vn 1 0 0
vn -1 0 0
vn -1 0 0
vn -1 0 0
vn -1 0 0
vn 0 1 0
vn 0 1 0
vn 0 1 0
vn 0 1 0
vn 0 -1 0
vn 0 -1 0
vn 0 -1 0
vn 0 -1 0
vn 0 0 1
vn 0 0 1
vn 0 0 1
vn 0 0 1
vn 0 0 -1
vn 0 0 -1
vn 0 0 -1
vn 0 0 -1
f 529/529/529 531/531/531 530/530/530
f 531/531/531 532/532/532 530/530/530
f 533/533/533 535/535/535 534/534/534
f 535/535/535 536/536/536 534/534/534
f 537/537/537 539/539/539 538/538/538
f 539/539/539 540/540/540 538/538/538
f 541/541/541 543/543/543 542/542/542
f 543/543/543 544/544/544 542/542/542
f 545/545/545 547/547/547 546/546/546
f 547/547/547 548/548/548 546/546/546
f 549/549/549 551/551/551 550/550/550
f 551/551/551 552/552/552 550/550/550
o node_51_mesh_23_0
usemtl material_0
v 1.595051 0.5 1.108915
v 1.482075 0.5 0.995939
v 1.595051 0.25 1.108915
v 1.482075 0.25 0.995939
v 0.995939 0.5 1.482075
v 1.108915 0.5 1.595051
v 0.995939 0.25 1.482075
v 1.108915 0.25 1.595051
v 0.995939 0.5 1.482075
v 1.482075 0.5 0.995939
v 1.108915 0.5 1.595051
v 1.595051 0.5 1.108915
v 1.108915 0.25 1.595051
v 1.595051 0.25 1.108915
v 0.995939 0.25 1.482075
v 1.482075 0.25 0.995939
v 1.108915 0.5 1.595051
v 1.595051 0.5 1.108915
v 1.108915 0.25 1.595051
v 1.595051 0.25 1.108915
v 1.482075 0.5 0.995939
v 0.995939 0.5 1.482075
v 1.482075 0.25 0.995939
v 0.995939 0.25 1.482075
vt 0.112305 0.43457
vt 0.249023 0.43457
vt 0.112305 0.347656
vt 0.249023 0.347656
vt 0 0.363281
vt 0.15625 0.363281
vt 0 0.28125
vt 0.15625 0.28125
vt 0.09668 0.347656
vt 0.233398 0.347656
vt 0.09668 0.265625
vt 0.233398 0.265625
vt 0.104492 0.414063
vt 0.241211 0.414063
vt 0.104492 0.351563
vt 0.241211 0.351563
vt 0.198242 0.375
vt 0.334961 0.375
vt 0.198242 0.292969
vt 0.334961 0.292969
vt 0.166992 0.352539
vt 0.303711 0.352539
vt 0.166992 0.238281
vt 0.303711 0.238281
vn 0.707107 0 -0.707107
vn 0.707107 0 -0.707107
vn 0.707107 0 -0.707107
vn 0.707107 0 -0.707107
vn -0.707107 0 0.707107
vn -0.707107 0 0.707107
vn -0.707107 0 0.707107
vn -0.707107 0 0.707107
vn 0 1 0
vn 0 1 0
vn 0 1 0
vn 0 1 0
vn 0 -1 0
vn 0 -1 0
vn 0 -1 0
vn 0 -1 0
vn 0.707107 0 0.707107
vn 0.707107 0 0.707107
vn 0.707107 0 0.707107
vn 0.707107 0 0.707107
vn -0.707107 0 -0.707107
vn -0.707107 0 -0.707107
vn -0.707107 0 -0.707107
vn -0.707107 0 -0.707107
f 553/553/553 555/555/555 554/554/554
f 555/555/555 556/556/556 554/554/554
f 557/557/557 559/559/559 558/558/558
f 559/559/559 560/560/560 558/558/558
f 561/561/561 563/563/563 562/562/562
f 563/563/563 564/564/564 562/562/562
f 565/565/565 567/567/567 566/566/566
f 567/567/567 568/568/568 566/566/566
f 569/569/569 571/571/571 570/570/570
f 571/571/571 572/572/572 570/570/570
f 573/573/573 575/575/575 574/574/574
f 575/575/575 576/576/576 574/574/574
o node_53_mesh_24_0
usemtl material_0
v 0.84375 0.5 1.704886
v 0.84375 0.5 1.545114
v 0.84375 0.25 1.704886
v 0.84375 0.25 1.545114
v 0.15625 0.5 1.545114
v 0.15625 0.5 1.704886
v 0.15625 0.25 1.545114
v 0.15625 0.25 1.704886
v 0.15625 0.5 1.545114
v 0.84375 0.5 1.545114
v 0.15625 0.5 1.704886
v 0.84375 0.5 1.704886
v 0.15625 0.25 1.704886
v 0.84375 0.25 1.704886
v 0.15625 0.25 1.545114
v 0.84375 0.25 1.545114
v 0.15625 0.5 1.704886
v 0.84375 0.5 1.704886
v 0.15625 0.25 1.704886
v 0.84375 0.25 1.704886
v 0.84375 0.5 1.545114
v 0.15625 0.5 1.545114
v 0.84375 0.25 1.545114
v 0.15625 0.25 1.545114
vt 0.045898 0.442383
vt 0.182617 0.442383
vt 0.045898 0.355469
vt 0.182617 0.355469
vt 0.274414 0.371094
vt 0.118164 0.371094
vt 0.274414 0.289063
vt 0.118164 0.289063
vt 0.261719 0.355469
vt 0.398438 0.355469
vt 0.261719 0.273438
vt 0.398438 0.273438
vt 0.28125 0.421875
vt 0.417969 0.421875
vt 0.28125 0.359375
vt 0.417969 0.359375
vt 0.179688 0.382813
vt 0.316406 0.382813
vt 0.179688 0.300781
vt 0.316406 0.300781
vt 0.121094 0.360352
vt 0.257813 0.360352
vt 0.121094 0.246094
vt 0.257813 0.246094
vn 1 0 0
vn 1 0 0
vn 1 0 0
vn 1 0 0
vn -1 0 0
vn -1 0 0
vn -1 0 0
vn -1 0 0
vn 0 1 0
vn 0 1 0
vn 0 1 0
vn 0 1 0
vn 0 -1 0
vn 0 -1 0
vn 0 -1 0
vn 0 -1 0
vn 0 0 1
vn 0 0 1
vn 0 0 1
vn 0 0 1
vn 0 0 -1
vn 0 0 -1
vn 0 0 -1
vn 0 0 -1
f 577/577/577 579/579/579 578/578/578
f 579/579/579 580/580/580 578/578/578
f 581/581/581 583/583/583 582/582/582
f 583/583/583 584/584/584 582/582/582
f 585/585/585 587/587/587 586/586/586
f 587/587/587 588/588/588 586/586/586
f 589/589/589 591/591/591 590/590/590
f 591/591/591 592/592/592 590/590/590
f 593/593/593 595/595/595 594/594/594
f 595/595/595 596/596/596 594/594/594
f 597/597/597 599/599/599 598/598/598
f 599/599/599 600/600/600 598/598/598
o node_55_mesh_25_0
usemtl material_0
v 0.004061 0.5 1.482075
v -0.482075 0.5 0.995939
v 0.004061 0.25 1.482075
v -0.482075 0.25 0.995939
v -0.595051 0.5 1.108915
v -0.108915 0.5 1.595051
v -0.595051 0.25 1.108915
v -0.108915 0.25 1.595051
v -0.595051 0.5 1.108915
v -0.482075 0.5 0.995939
v -0.108915 0.5 1.595051
v 0.004061 0.5 1.482075
v -0.108915 0.25 1.595051
v 0.004061 0.25 1.482075
v -0.595051 0.25 1.108915
v -0.482075 0.25 0.995939
v -0.108915 0.5 1.595051
v 0.004061 0.5 1.482075
v -0.108915 0.25 1.595051
v 0.004061 0.25 1.482075
v -0.482075 0.5 0.995939
v -0.595051 0.5 1.108915
v -0.482075 0.25 0.995939
v -0.595051 0.25 1.108915
vt 0.424805 0.395508
vt 0.561523 0.395508
vt 0.424805 0.308594
vt 0.561523 0.308594
vt 0.65332 0.324219
vt 0.532227 0.324219
vt 0.65332 0.242188
vt 0.532227 0.242188
vt 0.640625 0.308594
vt 0.777344 0.308594
vt 0.640625 0.226563
vt 0.777344 0.226563
vt 0.625 0.410156
vt 0.761719 0.410156
vt 0.625 0.3125
vt 0.761719 0.3125
vt 0.59375 0.335938
vt 0.730469 0.335938
vt 0.59375 0.253906
vt 0.730469 0.253906
vt 0.535156 0.313477
vt 0.671875 0.313477
vt 0.535156 0.199219
vt 0.671875 0.199219
vn 0.707107 0 -0.707107
vn 0.707107 0 -0.707107
vn 0.707107 0 -0.707107
vn 0.707107 0 -0.707107
vn -0.707107 0 0.707107
vn -0.707107 0 0.707107
vn -0.707107 0 0.707107
vn -0.707107 0 0.707107
vn 0 1 0
vn 0 1 0
vn 0 1 0
vn 0 1 0
vn 0 -1 0
vn 0 -1 0
vn 0 -1 0
vn 0 -1 0
vn 0.707107 0 0.707107
vn 0.707107 0 0.707107
vn 0.707107 0 0.707107
vn 0.707107 0 0.707107
vn -0.707107 0 -0.707107
vn -0.707107 0 -0.707107
vn -0.707107 0 -0.707107
vn -0.707107 0 -0.707107
f 601/601/601 603/603/603 602/602/602
f 603/603/603 604/604/604 602/602/602
f 605/605/605 607/607/607 606/606/606
f 607/607/607 608/608/608 606/606/606
f 609/609/609 611/611/611 610/610/610
f 611/611/611 612/612/612 610/610/610
f 613/613/613 615/615/615 614/614/614
f 615/615/615 616/616/616 614/614/614
f 617/617/617 619/619/619 618/618/618
f 619/619/619 620/620/620 618/618/618
f 621/621/621 623/623/623 622/622/622
f 623/623/623 624/624/624 622/622/622
o node_57_mesh_26_0
usemtl material_0
v -0.545114 0.5 0.84375
v -0.545114 0.5 0.15625
v -0.545114 0.25 0.84375
v -0.545114 0.25 0.15625
v -0.704886 0.5 0.15625
v -0.704886 0.5 0.84375
v -0.704886 0.25 0.15625
v -0.704886 0.25 0.84375
v -0.704886 0.5 0.15625
v -0.545114 0.5 0.15625
v -0.704886 0.5 0.84375
v -0.545114 0.5 0.84375
v -0.704886 0.25 0.84375
v -0.545114 0.25 0.84375
v -0.704886 0.25 0.15625
v -0.545114 0.25 0.15625
v -0.704886 0.5 0.84375
v -0.545114 0.5 0.84375
v -0.704886 0.25 0.84375
v -0.545114 0.25 0.84375
v -0.545114 0.5 0.15625
v -0.704886 0.5 0.15625
v -0.545114 0.25 0.15625
v -0.704886 0.25 0.15625
vt 0.362305 0.352539
vt 0.499023 0.352539
vt 0.362305 0.265625
vt 0.499023 0.265625
vt 0.59082 0.28125
vt 0.469727 0.28125
vt 0.59082 0.199219
vt 0.469727 0.199219
vt 0.683594 0.320313
vt 0.820313 0.320313
vt 0.683594 0.238281
vt 0.820313 0.238281
vt 0.5625 0.367188
vt 0.699219 0.367188
vt 0.5625 0.269531
vt 0.699219 0.269531
vt 0.53125 0.292969
vt 0.667969 0.292969
vt 0.53125 0.210938
vt 0.667969 0.210938
vt 0.472656 0.270508
vt 0.609375 0.270508
vt 0.472656 0.15625
vt 0.609375 0.15625
vn 1 0 0
vn 1 0 0
vn 1 0 0
vn 1 0 0
vn -1 0 0
vn -1 0 0
vn -1 0 0
vn -1 0 0
vn 0 1 0
vn 0 1 0
vn 0 1 0
vn 0 1 0
vn 0 -1 0
vn 0 -1 0
vn 0 -1 0
vn 0 -1 0
vn 0 0 1
vn 0 0 1
vn 0 0 1
vn 0 0 1
vn 0 0 -1
vn 0 0 -1
vn 0 0 -1
vn 0 0 -1
f 625/625/625 627/627/627 626/626/626
f 627/627/627 628/628/628 626/626/626
f 629/629/629 631/631/631 630/630/630
f 631/631/631 632/632/632 630/630/630
f 633/633/633 635/635/635 634/634/634
f 635/635/635 636/636/636 634/634/634
f 637/637/637 639/639/639 638/638/638
f 639/639/639 640/640/640 638/638/638
f 641/641/641 643/643/643 642/642/642
f 643/643/643 644/644/644 642/642/642
f 645/645/645 647/647/647 646/646/646
f 647/647/647 648/648/648 646/646/646
o node_59_mesh_27_0
usemtl material_0
v 0.210584 0.75 -0.443694
v 0.149442 0.75 -0.591304
v 0.210584 0.5 -0.443694
v 0.149442 0.5 -0.591304
v -0.254756 0.75 -0.42388
v -0.193614 0.75 -0.27627
v -0.254756 0.5 -0.42388
v -0.193614 0.5 -0.27627
v -0.254756 0.75 -0.42388
v 0.149442 0.75 -0.591304
v -0.193614 0.75 -0.27627
v 0.210584 0.75 -0.443694
v -0.193614 0.5 -0.27627
v 0.210584 0.5 -0.443694
v -0.254756 0.5 -0.42388
v 0.149442 0.5 -0.591304
v -0.193614 0.75 -0.27627
v 0.210584 0.75 -0.443694
v -0.193614 0.5 -0.27627
v 0.210584 0.5 -0.443694
v 0.149442 0.75 -0.591304
v -0.254756 0.75 -0.42388
v 0.149442 0.5 -0.591304
v -0.254756 0.5 -0.42388
vt 0.124023 0.852539
vt 0.260742 0.852539
vt 0.124023 0.765625
vt 0.260742 0.765625
vt 0.336914 0.78125
vt 0.180664 0.78125
vt 0.336914 0.699219
vt 0.180664 0.699219
vt 0.324219 0.765625
vt 0.460938 0.765625
vt 0.324219 0.683594
vt 0.460938 0.683594
vt 0.328125 0.832031
vt 0.464844 0.832031
vt 0.328125 0.769531
vt 0.464844 0.769531
vt 0.242188 0.792969
vt 0.378906 0.792969
vt 0.242188 0.710938
vt 0.378906 0.710938
vt 0.199219 0.770508
vt 0.335938 0.770508
vt 0.199219 0.65625
vt 0.335938 0.65625
vn 0.92388 0 -0.382683
vn 0.92388 0 -0.382683
vn 0.92388 0 -0.382683
vn 0.92388 0 -0.382683
vn -0.92388 0 0.382683
vn -0.92388 0 0.382683
vn -0.92388 0 0.382683
vn -0.92388 0 0.382683
vn 0 1 0
vn 0 1 0
vn 0 1 0
vn 0 1 0
vn 0 -1 0
vn 0 -1 0
vn 0 -1 0
vn 0 -1 0
vn 0.382683 0 0.92388
vn 0.382683 0 0.92388
vn 0.382683 0 0.92388
vn 0.382683 0 0.92388
vn -0.382683 0 -0.92388
vn -0.382683 0 -0.92388
vn -0.382683 0 -0.92388
vn -0.382683 0 -0.92388
f 649/649/649 651/651/651 650/650/650
f 651/651/651 652/652/652 650/650/650
f 653/653/653 655/655/655 654/654/654
f 655/655/655 656/656/656 654/654/654
f 657/657/657 659/659/659 658/658/658
f 659/659/659 660/660/660 658/658/658
f 661/661/661 663/663/663 662/662/662
f 663/663/663 664/664/664 662/662/662
f 665/665/665 667/667/667 666/666/666
f 667/667/667 668/668/668 666/666/666
f 669/669/669 671/671/671 670/670/670
f 671/671/671 672/672/672 670/670/670
o node_61_mesh_28_0
usemtl material_0
v 1.193614 0.75 -0.27627
v 1.254756 0.75 -0.42388
v 1.193614 0.5 -0.27627
v 1.254756 0.5 -0.42388
v 0.850558 0.75 -0.591304
v 0.789416 0.75 -0.443694
v 0.850558 0.5 -0.591304
v 0.789416 0.5 -0.443694
v 0.850558 0.75 -0.591304
v 1.254756 0.75 -0.42388
v 0.789416 0.75 -0.443694
v 1.193614 0.75 -0.27627
v 0.789416 0.5 -0.443694
v 1.193614 0.5 -0.27627
v 0.850558 0.5 -0.591304
v 1.254756 0.5 -0.42388
v 0.789416 0.75 -0.443694
v 1.193614 0.75 -0.27627
v 0.789416 0.5 -0.443694
v 1.193614 0.5 -0.27627
v 1.254756 0.75 -0.42388
v 0.850558 0.75 -0.591304
v 1.254756 0.5 -0.42388
v 0.850558 0.5 -0.591304
vt 0.135742 0.829102
vt 0.272461 0.829102
vt 0.135742 0.742188
vt 0.272461 0.742188
vt 0.348633 0.757813
vt 0.192383 0.757813
vt 0.348633 0.675781
vt 0.192383 0.675781
vt 0.335938 0.742188
vt 0.472656 0.742188
vt 0.335938 0.660156
vt 0.472656 0.660156
vt 0.339844 0.808594
vt 0.476563 0.808594
vt 0.339844 0.746094
vt 0.476563 0.746094
vt 0.253906 0.769531
vt 0.390625 0.769531
vt 0.253906 0.6875
vt 0.390625 0.6875
vt 0.210938 0.74707
vt 0.347656 0.74707
vt 0.210938 0.632813
vt 0.347656 0.632813
vn 0.92388 0 0.382683
vn 0.92388 0 0.382683
vn 0.92388 0 0.382683
vn 0.92388 0 0.382683
vn -0.92388 0 -0.382683
vn -0.92388 0 -0.382683
vn -0.92388 0 -0.382683
vn -0.92388 0 -0.382683
vn 0 1 0
vn 0 1 0
vn 0 1 0
vn 0 1 0
vn 0 -1 0
vn 0 -1 0
vn 0 -1 0
vn 0 -1 0
vn -0.382683 0 0.92388
vn -0.382683 0 0.92388
vn -0.382683 0 0.92388
vn -0.382683 0 0.92388
vn 0.382683 0 -0.92388
vn 0.382683 0 -0.92388
vn 0.382683 0 -0.92388
vn 0.382683 0 -0.92388
f 673/673/673 675/675/675 674/674/674
f 675/675/675 676/676/676 674/674/674
f 677/677/677 679/679/679 678/678/678
f 679/679/679 680/680/680 678/678/678
f 681/681/681 683/683/683 682/682/682
f 683/683/683 684/684/684 682/682/682
f 685/685/685 687/687/687 686/686/686
f 687/687/687 688/688/688 686/686/686
f 689/689/689 691/691/691 690/690/690
f 691/691/691 692/692/692 690/690/690
f 693/693/693 695/695/695 694/694/694
f 695/695/695 696/696/696 694/694/694
o node_63_mesh_29_0
usemtl material_0
v -0.539364 0.75 0.441553
v -0.27627 0.75 -0.193614
v -0.539364 0.5 0.441553
v -0.27627 0.5 -0.193614
v -0.42388 0.75 -0.254756
v -0.686974 0.75 0.380411
v -0.42388 0.5 -0.254756
v -0.686974 0.5 0.380411
v -0.42388 0.75 -0.254756
v -0.27627 0.75 -0.193614
v -0.686974 0.75 0.380411
v -0.539364 0.75 0.441553
v -0.686974 0.5 0.380411
v -0.539364 0.5 0.441553
v -0.42388 0.5 -0.254756
v -0.27627 0.5 -0.193614
v -0.686974 0.75 0.380411
v -0.539364 0.75 0.441553
v -0.686974 0.5 0.380411
v -0.539364 0.5 0.441553
v -0.27627 0.75 -0.193614
v -0.42388 0.75 -0.254756
v -0.27627 0.5 -0.193614
v -0.42388 0.5 -0.254756
vt 0.022461 0.352539
vt 0.15918 0.352539
vt 0.022461 0.265625
vt 0.15918 0.265625
vt 0.250977 0.28125
vt 0.129883 0.28125
vt 0.250977 0.199219
vt 0.129883 0.199219
vt 0.238281 0.265625
vt 0.375 0.265625
vt 0.238281 0.183594
vt 0.375 0.183594
vt 0.222656 0.367188
vt 0.359375 0.367188
vt 0.222656 0.269531
vt 0.359375 0.269531
vt 0.191406 0.292969
vt 0.328125 0.292969
vt 0.191406 0.210938
vt 0.328125 0.210938
vt 0.257813 0.192383
vt 0.394531 0.192383
vt 0.257813 0.078125
vt 0.394531 0.078125
vn 0.92388 0 0.382683
vn 0.92388 0 0.382683
vn 0.92388 0 0.382683
vn 0.92388 0 0.382683
vn -0.92388 0 -0.382683
vn -0.92388 0 -0.382683
vn -0.92388 0 -0.382683
vn -0.92388 0 -0.382683
vn 0 1 0
vn 0 1 0
vn 0 1 0
vn 0 1 0
vn 0 -1 0
vn 0 -1 0
vn 0 -1 0
vn 0 -1 0
vn -0.382683 0 0.92388
vn -0.382683 0 0.92388
vn -0.382683 0 0.92388
vn -0.382683 0 0.92388
vn 0.382683 0 -0.92388
vn 0.382683 0 -0.92388
vn 0.382683 0 -0.92388
vn 0.382683 0 -0.92388
f 697/697/697 699/699/699 698/698/698
f 699/699/699 700/700/700 698/698/698
f 701/701/701 703/703/703 702/702/702
f 703/703/703 704/704/704 702/702/702
f 705/705/705 707/707/707 706/706/706
f 707/707/707 708/708/708 706/706/706
f 709/709/709 711/711/711 710/710/710
f 711/711/711 712/712/712 710/710/710
f 713/713/713 715/715/715 714/714/714
f 715/715/715 716/716/716 714/714/714
f 717/717/717 719/719/719 718/718/718
f 719/719/719 720/720/720 718/718/718
o node_65_mesh_30_0
usemtl material_0
v 1.686974 0.75 0.380411
v 1.42388 0.75 -0.254756
v 1.686974 0.5 0.380411
v 1.42388 0.5 -0.254756
v 1.27627 0.75 -0.193614
v 1.539364 0.75 0.441553
v 1.27627 0.5 -0.193614
v 1.539364 0.5 0.441553
v 1.27627 0.75 -0.193614
v 1.42388 0.75 -0.254756
v 1.539364 0.75 0.441553
v 1.686974 0.75 0.380411
v 1.539364 0.5 0.441553
v 1.686974 0.5 0.380411
v 1.27627 0.5 -0.193614
v 1.42388 0.5 -0.254756
v 1.539364 0.75 0.441553
v 1.686974 0.75 0.380411
v 1.539364 0.5 0.441553
v 1.686974 0.5 0.380411
v 1.42388 0.75 -0.254756
v 1.27627 0.75 -0.193614
v 1.42388 0.5 -0.254756
v 1.27627 0.5 -0.193614
vt 0.06543 0.352539
vt 0.202148 0.352539
vt 0.06543 0.265625
vt 0.202148 0.265625
vt 0.293945 0.28125
vt 0.172852 0.28125
vt 0.293945 0.199219
vt 0.172852 0.199219
vt 0.28125 0.265625
vt 0.417969 0.265625
vt 0.28125 0.183594
vt 0.417969 0.183594
vt 0.265625 0.367188
vt 0.402344 0.367188
vt 0.265625 0.269531
vt 0.402344 0.269531
vt 0.234375 0.292969
vt 0.371094 0.292969
vt 0.234375 0.210938
vt 0.371094 0.210938
vt 0.175781 0.270508
vt 0.3125 0.270508
vt 0.175781 0.15625
vt 0.3125 0.15625
vn 0.92388 0 -0.382683
vn 0.92388 0 -0.382683
vn 0.92388 0 -0.382683
vn 0.92388 0 -0.382683
vn -0.92388 0 0.382683
vn -0.92388 0 0.382683
vn -0.92388 0 0.382683
vn -0.92388 0 0.382683
vn 0 1 0
vn 0 1 0
vn 0 1 0
vn 0 1 0
vn 0 -1 0
vn 0 -1 0
vn 0 -1 0
vn 0 -1 0
vn 0.382683 0 0.92388
vn 0.382683 0 0.92388
vn 0.382683 0 0.92388
vn 0.382683 0 0.92388
vn -0.382683 0 -0.92388
vn -0.382683 0 -0.92388
vn -0.382683 0 -0.92388
vn -0.382683 0 -0.92388
f 721/721/721 723/723/723 722/722/722
f 723/723/723 724/724/724 722/722/722
f 725/725/725 727/727/727 726/726/726
f 727/727/727 728/728/728 726/726/726
f 729/729/729 731/731/731 730/730/730
f 731/731/731 732/732/732 730/730/730
f 733/733/733 735/735/735 734/734/734
f 735/735/735 736/736/736 734/734/734
f 737/737/737 739/739/739 738/738/738
f 739/739/739 740/740/740 738/738/738
f 741/741/741 743/743/743 742/742/742
f 743/743/743 744/744/744 742/742/742
o node_67_mesh_31_0
usemtl material_0
v 1.42388 0.75 1.254756
v 1.686974 0.75 0.619589
v 1.42388 0.5 1.254756
v 1.686974 0.5 0.619589
v 1.539364 0.75 0.558447
v 1.27627 0.75 1.193614
v 1.539364 0.5 0.558447
v 1.27627 0.5 1.193614
v 1.539364 0.75 0.558447
v 1.686974 0.75 0.619589
v 1.27627 0.75 1.193614
v 1.42388 0.75 1.254756
v 1.27627 0.5 1.193614
v 1.42388 0.5 1.254756
v 1.539364 0.5 0.558447
v 1.686974 0.5 0.619589
v 1.27627 0.75 1.193614
v 1.42388 0.75 1.254756
v 1.27627 0.5 1.193614
v 1.42388 0.5 1.254756
v 1.686974 0.75 0.619589
v 1.539364 0.75 0.558447
v 1.686974 0.5 0.619589
v 1.539364 0.5 0.558447
vt 0.151367 0.352539
vt 0.288086 0.352539
vt 0.151367 0.265625
vt 0.288086 0.265625
vt 0.379883 0.28125
vt 0.258789 0.28125
vt 0.379883 0.199219
vt 0.258789 0.199219
vt 0.367188 0.265625
vt 0.503906 0.265625
vt 0.367188 0.183594
vt 0.503906 0.183594
vt 0.351563 0.367188
vt 0.488281 0.367188
vt 0.351563 0.269531
vt 0.488281 0.269531
vt 0.320313 0.292969
vt 0.457031 0.292969
vt 0.320313 0.210938
vt 0.457031 0.210938
vt 0.261719 0.270508
vt 0.398438 0.270508
vt 0.261719 0.15625
vt 0.398438 0.15625
vn 0.92388 0 0.382683
vn 0.92388 0 0.382683
vn 0.92388 0 0.382683
vn 0.92388 0 0.382683
vn -0.92388 0 -0.382683
vn -0.92388 0 -0.382683
vn -0.92388 0 -0.382683
vn -0.92388 0 -0.382683
vn 0 1 0
vn 0 1 0
vn 0 1 0
vn 0 1 0
vn 0 -1 0
vn 0 -1 0
vn 0 -1 0
vn 0 -1 0
vn -0.382683 0 0.92388
vn -0.382683 0 0.92388
vn -0.382683 0 0.92388
vn -0.382683 0 0.92388
vn 0.382683 0 -0.92388
vn 0.382683 0 -0.92388
vn 0.382683 0 -0.92388
vn 0.382683 0 -0.92388
f 745/745/745 747/747/747 746/746/746
f 747/747/747 748/748/748 746/746/746
f 749/749/749 751/751/751 750/750/750
f 751/751/751 752/752/752 750/750/750
f 753/753/753 755/755/755 754/754/754
f 755/755/755 756/756/756 754/754/754
f 757/757/757 759/759/759 758/758/758
f 759/759/759 760/760/760 758/758/758
f 761/761/761 763/763/763 762/762/762
f 763/763/763 764/764/764 762/762/762
f 765/765/765 767/767/767 766/766/766
f 767/767/767 768/768/768 766/766/766
o node_69_mesh_32_0
usemtl material_0
v 1.254756 0.75 1.42388
v 1.193614 0.75 1.27627
v 1.254756 0.5 1.42388
v 1.193614 0.5 1.27627
v 0.558447 0.75 1.539364
v 0.619589 0.75 1.686974
v 0.558447 0.5 1.539364
v 0.619589 0.5 1.686974
v 0.558447 0.75 1.539364
v 1.193614 0.75 1.27627
v 0.619589 0.75 1.686974
v 1.254756 0.75 1.42388
v 0.619589 0.5 1.686974
v 1.254756 0.5 1.42388
v 0.558447 0.5 1.539364
v 1.193614 0.5 1.27627
v 0.619589 0.75 1.686974
v 1.254756 0.75 1.42388
v 0.619589 0.5 1.686974
v 1.254756 0.5 1.42388
v 1.193614 0.75 1.27627
v 0.558447 0.75 1.539364
v 1.193614 0.5 1.27627
v 0.558447 0.5 1.539364
vt 0.59668 0.387695
vt 0.733398 0.387695
vt 0.59668 0.300781
vt 0.733398 0.300781
vt 0.825195 0.316406
vt 0.668945 0.316406
vt 0.825195 0.234375
vt 0.668945 0.234375
vt 0.8125 0.300781
vt 0.949219 0.300781
vt 0.8125 0.21875
vt 0.949219 0.21875
vt 0.832031 0.367188
vt 0.96875 0.367188
vt 0.832031 0.304688
vt 0.96875 0.304688
vt 0.730469 0.328125
vt 0.867188 0.328125
vt 0.730469 0.246094
vt 0.867188 0.246094
vt 0.671875 0.305664
vt 0.808594 0.305664
vt 0.671875 0.191406
vt 0.808594 0.191406
vn 0.92388 0 -0.382683
vn 0.92388 0 -0.382683
vn 0.92388 0 -0.382683
vn 0.92388 0 -0.382683
vn -0.92388 0 0.382683
vn -0.92388 0 0.382683
vn -0.92388 0 0.382683
vn -0.92388 0 0.382683
vn 0 1 0
vn 0 1 0
vn 0 1 0
vn 0 1 0
vn 0 -1 0
vn 0 -1 0
vn 0 -1 0
vn 0 -1 0
vn 0.382683 0 0.92388
vn 0.382683 0 0.92388
vn 0.382683 0 0.92388
vn 0.382683 0 0.92388
vn -0.382683 0 -0.92388
vn -0.382683 0 -0.92388
vn -0.382683 0 -0.92388
vn -0.382683 0 -0.92388
f 769/769/769 771/771/771 770/770/770
f 771/771/771 772/772/772 770/770/770
f 773/773/773 775/775/775 774/774/774
f 775/775/775 776/776/776 774/774/774
f 777/777/777 779/779/779 778/778/778
f 779/779/779 780/780/780 778/778/778
f 781/781/781 783/783/783 782/782/782
f 783/783/783 784/784/784 782/782/782
f 785/785/785 787/787/787 786/786/786
f 787/787/787 788/788/788 786/786/786
f 789/789/789 791/791/791 790/790/790
f 791/791/791 792/792/792 790/790/790
o node_71_mesh_33_0
usemtl material_0
v 0.380411 0.75 1.686974
v 0.441553 0.75 1.539364
v 0.380411 0.5 1.686974
v 0.441553 0.5 1.539364
v -0.193614 0.75 1.27627
v -0.254756 0.75 1.42388
v -0.193614 0.5 1.27627
v -0.254756 0.5 1.42388
v -0.193614 0.75 1.27627
v 0.441553 0.75 1.539364
v -0.254756 0.75 1.42388
v 0.380411 0.75 1.686974
v -0.254756 0.5 1.42388
v 0.380411 0.5 1.686974
v -0.193614 0.5 1.27627
v 0.441553 0.5 1.539364
v -0.254756 0.75 1.42388
v 0.380411 0.75 1.686974
v -0.254756 0.5 1.42388
v 0.380411 0.5 1.686974
v 0.441553 0.75 1.539364
v -0.193614 0.75 1.27627
v 0.441553 0.5 1.539364
v -0.193614 0.5 1.27627
vt 0.59668 0.731445
vt 0.733398 0.731445
vt 0.59668 0.644531
vt 0.733398 0.644531
vt 0.825195 0.660156
vt 0.668945 0.660156
vt 0.825195 0.578125
vt 0.668945 0.578125
vt 0.8125 0.644531
vt 0.949219 0.644531
vt 0.8125 0.5625
vt 0.949219 0.5625
vt 0.832031 0.710938
vt 0.96875 0.710938
vt 0.832031 0.648438
vt 0.96875 0.648438
vt 0.730469 0.671875
vt 0.867188 0.671875
vt 0.730469 0.589844
vt 0.867188 0.589844
vt 0.671875 0.649414
vt 0.808594 0.649414
vt 0.671875 0.535156
vt 0.808594 0.535156
vn 0.92388 0 0.382683
vn 0.92388 0 0.382683
vn 0.92388 0 0.382683
vn 0.92388 0 0.382683
vn -0.92388 0 -0.382683
vn -0.92388 0 -0.382683
vn -0.92388 0 -0.382683
vn -0.92388 0 -0.382683
vn 0 1 0
vn 0 1 0
vn 0 1 0
vn 0 1 0
vn 0 -1 0
vn 0 -1 0
vn 0 -1 0
vn 0 -1 0
vn -0.382683 0 0.92388
vn -0.382683 0 0.92388
vn -0.382683 0 0.92388
vn -0.382683 0 0.92388
vn 0.382683 0 -0.92388
vn 0.382683 0 -0.92388
vn 0.382683 0 -0.92388
vn 0.382683 0 -0.92388
f 793/793/793 795/795/795 794/794/794
f 795/795/795 796/796/796 794/794/794
f 797/797/797 799/799/799 798/798/798
f 799/799/799 800/800/800 798/798/798
f 801/801/801 803/803/803 802/802/802
f 803/803/803 804/804/804 802/802/802
f 805/805/805 807/807/807 806/806/806
f 807/807/807 808/808/808 806/806/806
f 809/809/809 811/811/811 810/810/810
f 811/811/811 812/812/812 810/810/810
f 813/813/813 815/815/815 814/814/814
f 815/815/815 816/816/816 814/814/814
o node_73_mesh_34_0
usemtl material_0
v -0.27627 0.75 1.193614
v -0.539364 0.75 0.558447
v -0.27627 0.5 1.193614
v -0.539364 0.5 0.558447
v -0.686974 0.75 0.619589
v -0.42388 0.75 1.254756
v -0.686974 0.5 0.619589
v -0.42388 0.5 1.254756
v -0.686974 0.75 0.619589
v -0.539364 0.75 0.558447
v -0.42388 0.75 1.254756
v -0.27627 0.75 1.193614
v -0.42388 0.5 1.254756
v -0.27627 0.5 1.193614
v -0.686974 0.5 0.619589
v -0.539364 0.5 0.558447
v -0.42388 0.75 1.254756
v -0.27627 0.75 1.193614
v -0.42388 0.5 1.254756
v -0.27627 0.5 1.193614
v -0.539364 0.75 0.558447
v -0.686974 0.75 0.619589
v -0.539364 0.5 0.558447
v -0.686974 0.5 0.619589
vt 0.481445 0.352539
vt 0.618164 0.352539
vt 0.481445 0.265625
vt 0.618164 0.265625
vt 0.083984 0.351563
vt 0.205078 0.351563
vt 0.083984 0.269531
vt 0.205078 0.269531
vt 0.46582 0.265625
vt 0.602539 0.265625
vt 0.46582 0.183594
vt 0.602539 0.183594
vt 0.438477 0.367188
vt 0.575195 0.367188
vt 0.438477 0.269531
vt 0.575195 0.269531
vt 0.532227 0.292969
vt 0.668945 0.292969
vt 0.532227 0.210938
vt 0.668945 0.210938
vt 0.500977 0.270508
vt 0.637695 0.270508
vt 0.500977 0.15625
vt 0.637695 0.15625
vn 0.92388 0 -0.382683
vn 0.92388 0 -0.382683
vn 0.92388 0 -0.382683
vn 0.92388 0 -0.382683
vn -0.92388 0 0.382683
vn -0.92388 0 0.382683
vn -0.92388 0 0.382683
vn -0.92388 0 0.382683
vn 0 1 0
vn 0 1 0
vn 0 1 0
vn 0 1 0
vn 0 -1 0
vn 0 -1 0
vn 0 -1 0
vn 0 -1 0
vn 0.382683 0 0.92388
vn 0.382683 0 0.92388
vn 0.382683 0 0.92388
vn 0.382683 0 0.92388
vn -0.382683 0 -0.92388
vn -0.382683 0 -0.92388
vn -0.382683 0 -0.92388
vn -0.382683 0 -0.92388
f 817/817/817 819/819/819 818/818/818
f 819/819/819 820/820/820 818/818/818
f 821/821/821 823/823/823 822/822/822
f 823/823/823 824/824/824 822/822/822
f 825/825/825 827/827/827 826/826/826
f 827/827/827 828/828/828 826/826/826
f 829/829/829 831/831/831 830/830/830
f 831/831/831 832/832/832 830/830/830
f 833/833/833 835/835/835 834/834/834
f 835/835/835 836/836/836 834/834/834
f 837/837/837 839/839/839 838/838/838
f 839/839/839 840/840/840 838/838/838
o node_75_mesh_35_0
usemtl material_0
v 1.393687 1 0.092449
v 1.506663 1 -0.020527
v 1.393687 0.75 0.092449
v 1.506663 0.75 -0.020527
v 1.020527 1 -0.506663
v 0.907551 1 -0.393687
v 1.020527 0.75 -0.506663
v 0.907551 0.75 -0.393687
v 1.020527 1 -0.506663
v 1.506663 1 -0.020527
v 0.907551 1 -0.393687
v 1.393687 1 0.092449
v 0.907551 0.75 -0.393687
v 1.393687 0.75 0.092449
v 1.020527 0.75 -0.506663
v 1.506663 0.75 -0.020527
v 0.907551 1 -0.393687
v 1.393687 1 0.092449
v 0.907551 0.75 -0.393687
v 1.393687 0.75 0.092449
v 1.506663 1 -0.020527
v 1.020527 1 -0.506663
v 1.506663 0.75 -0.020527
v 1.020527 0.75 -0.506663
vt 0.600586 0.641602
vt 0.737305 0.641602
vt 0.600586 0.554688
vt 0.737305 0.554688
vt 0.829102 0.570313
vt 0.672852 0.570313
vt 0.829102 0.488281
vt 0.672852 0.488281
vt 0.816406 0.554688
vt 0.953125 0.554688
vt 0.816406 0.472656
vt 0.953125 0.472656
vt 0.835938 0.621094
vt 0.972656 0.621094
vt 0.835938 0.558594
vt 0.972656 0.558594
vt 0.734375 0.582031
vt 0.871094 0.582031
vt 0.734375 0.5
vt 0.871094 0.5
vt 0.675781 0.55957
vt 0.8125 0.55957
vt 0.675781 0.445313
vt 0.8125 0.445313
vn 0.707107 0 0.707107
vn 0.707107 0 0.707107
vn 0.707107 0 0.707107
vn 0.707107 0 0.707107
vn -0.707107 0 -0.707107
vn -0.707107 0 -0.707107
vn -0.707107 0 -0.707107
vn -0.707107 0 -0.707107
vn 0 1 0
vn 0 1 0
vn 0 1 0
vn 0 1 0
vn 0 -1 0
vn 0 -1 0
vn 0 -1 0
vn 0 -1 0
vn -0.707107 0 0.707107
vn -0.707107 0 0.707107
vn -0.707107 0 0.707107
vn -0.707107 0 0.707107
vn 0.707107 0 -0.707107
vn 0.707107 0 -0.707107
vn 0.707107 0 -0.707107
vn 0.707107 0 -0.707107
f 841/841/841 843/843/843 842/842/842
f 843/843/843 844/844/844 842/842/842
f 845/845/845 847/847/847 846/846/846
f 847/847/847 848/848/848 846/846/846
f 849/849/849 851/851/851 850/850/850
f 851/851/851 852/852/852 850/850/850
f 853/853/853 855/855/855 854/854/854
f 855/855/855 856/856/856 854/854/854
f 857/857/857 859/859/859 858/858/858
f 859/859/859 860/860/860 858/858/858
f 861/861/861 863/863/863 862/862/862
f 863/863/863 864/864/864 862/862/862
o node_77_mesh_36_0
usemtl material_0
v -0.393687 1 0.092449
v 0.092449 1 -0.393687
v -0.393687 0.75 0.092449
v 0.092449 0.75 -0.393687
v -0.020527 1 -0.506663
v -0.506663 1 -0.020527
v -0.020527 0.75 -0.506663
v -0.506663 0.75 -0.020527
v -0.020527 1 -0.506663
v 0.092449 1 -0.393687
v -0.506663 1 -0.020527
v -0.393687 1 0.092449
v -0.506663 0.75 -0.020527
v -0.393687 0.75 0.092449
v -0.020527 0.75 -0.506663
v 0.092449 0.75 -0.393687
v -0.506663 1 -0.020527
v -0.393687 1 0.092449
v -0.506663 0.75 -0.020527
v -0.393687 0.75 0.092449
v 0.092449 1 -0.393687
v -0.020527 1 -0.506663
v 0.092449 0.75 -0.393687
v -0.020527 0.75 -0.506663
vt 0.37793 0.348633
vt 0.514648 0.348633
vt 0.37793 0.261719
vt 0.514648 0.261719
vt 0.606445 0.277344
vt 0.485352 0.277344
vt 0.606445 0.195313
vt 0.485352 0.195313
vt 0.59375 0.261719
vt 0.730469 0.261719
vt 0.59375 0.179688
vt 0.730469 0.179688
vt 0.578125 0.363281
vt 0.714844 0.363281
vt 0.578125 0.265625
vt 0.714844 0.265625
vt 0.546875 0.289063
vt 0.683594 0.289063
vt 0.546875 0.207031
vt 0.683594 0.207031
vt 0.488281 0.266602
vt 0.625 0.266602
vt 0.488281 0.152344
vt 0.625 0.152344
vn 0.707107 0 0.707107
vn 0.707107 0 0.707107
vn 0.707107 0 0.707107
vn 0.707107 0 0.707107
vn -0.707107 0 -0.707107
vn -0.707107 0 -0.707107
vn -0.707107 0 -0.707107
vn -0.707107 0 -0.707107
vn 0 1 0
vn 0 1 0
vn 0 1 0
vn 0 1 0
vn 0 -1 0
vn 0 -1 0
vn 0 -1 0
vn 0 -1 0
vn -0.707107 0 0.707107
vn -0.707107 0 0.707107
vn -0.707107 0 0.707107
vn -0.707107 0 0.707107
vn 0.707107 0 -0.707107
vn 0.707107 0 -0.707107
vn 0.707107 0 -0.707107
vn 0.707107 0 -0.707107
f 865/865/865 867/867/867 866/866/866
f 867/867/867 868/868/868 866/866/866
f 869/869/869 871/871/871 870/870/870
f 871/871/871 872/872/872 870/870/870
f 873/873/873 875/875/875 874/874/874
f 875/875/875 876/876/876 874/874/874
f 877/877/877 879/879/879 878/878/878
f 879/879/879 880/880/880 878/878/878
f 881/881/881 883/883/883 882/882/882
f 883/883/883 884/884/884 882/882/882
f 885/885/885 887/887/887 886/886/886
f 887/887/887 888/888/888 886/886/886
o node_79_mesh_37_0
usemtl material_0
v 1.579886 1 0.84375
v 1.579886 1 0.15625
v 1.579886 0.75 0.84375
v 1.579886 0.75 0.15625
v 1.420114 1 0.15625
v 1.420114 1 0.84375
v 1.420114 0.75 0.15625
v 1.420114 0.75 0.84375
v 1.420114 1 0.15625
v 1.579886 1 0.15625
v 1.420114 1 0.84375
v 1.579886 1 0.84375
v 1.420114 0.75 0.84375
v 1.579886 0.75 0.84375
v 1.420114 0.75 0.15625
v 1.579886 0.75 0.15625
v 1.420114 1 0.84375
v 1.579886 1 0.84375
v 1.420114 0.75 0.84375
v 1.579886 0.75 0.84375
v 1.579886 1 0.15625
v 1.420114 1 0.15625
v 1.579886 0.75 0.15625
v 1.420114 0.75 0.15625
vt 0.06543 0.813477
vt 0.202148 0.813477
vt 0.06543 0.726563
vt 0.202148 0.726563
vt 0.250977 0.714844
vt 0.129883 0.714844
vt 0.250977 0.632813
vt 0.129883 0.632813
vt 0.238281 0.699219
vt 0.375 0.699219
vt 0.238281 0.617188
vt 0.375 0.617188
vt 0.222656 0.800781
vt 0.359375 0.800781
vt 0.222656 0.703125
vt 0.359375 0.703125
vt 0.191406 0.726563
vt 0.328125 0.726563
vt 0.191406 0.644531
vt 0.328125 0.644531
vt 0.132813 0.704102
vt 0.269531 0.704102
vt 0.132813 0.589844
vt 0.269531 0.589844
vn 1 0 0
vn 1 0 0
vn 1 0 0
vn 1 0 0
vn -1 0 0
vn -1 0 0
vn -1 0 0
vn -1 0 0
vn 0 1 0
vn 0 1 0
vn 0 1 0
vn 0 1 0
vn 0 -1 0
vn 0 -1 0
vn 0 -1 0
vn 0 -1 0
vn 0 0 1
vn 0 0 1
vn 0 0 1
vn 0 0 1
vn 0 0 -1
vn 0 0 -1
vn 0 0 -1
vn 0 0 -1
f 889/889/889 891/891/891 890/890/890
f 891/891/891 892/892/892 890/890/890
f 893/893/893 895/895/895 894/894/894
f 895/895/895 896/896/896 894/894/894
f 897/897/897 899/899/899 898/898/898
f 899/899/899 900/900/900 898/898/898
f 901/901/901 903/903/903 902/902/902
f 903/903/903 904/904/904 902/902/902
f 905/905/905 907/907/907 906/906/906
f 907/907/907 908/908/908 906/906/906
f 909/909/909 911/911/911 910/910/910
f 911/911/911 912/912/912 910/910/910
o node_81_mesh_38_0
usemtl material_0
v 1.020527 1 1.506663
v 1.506663 1 1.020527
v 1.020527 0.75 1.506663
v 1.506663 0.75 1.020527
v 1.393687 1 0.907551
v 0.907551 1 1.393687
v 1.393687 0.75 0.907551
v 0.907551 0.75 1.393687
v 1.393687 1 0.907551
v 1.506663 1 1.020527
v 0.907551 1 1.393687
v 1.020527 1 1.506663
v 0.907551 0.75 1.393687
v 1.020527 0.75 1.506663
v 1.393687 0.75 0.907551
v 1.506663 0.75 1.020527
v 0.907551 1 1.393687
v 1.020527 1 1.506663
v 0.907551 0.75 1.393687
v 1.020527 0.75 1.506663
v 1.506663 1 1.020527
v 1.393687 1 0.907551
v 1.506663 0.75 1.020527
v 1.393687 0.75 0.907551
vt 0.538086 0.454102
vt 0.674805 0.454102
vt 0.538086 0.367188
vt 0.674805 0.367188
vt 0.614258 0.269531
vt 0.493164 0.269531
vt 0.614258 0.1875
vt 0.493164 0.1875
vt 0.601563 0.253906
vt 0.738281 0.253906
vt 0.601563 0.171875
vt 0.738281 0.171875
vt 0.585938 0.355469
vt 0.722656 0.355469
vt 0.585938 0.257813
vt 0.722656 0.257813
vt 0.554688 0.28125
vt 0.691406 0.28125
vt 0.554688 0.199219
vt 0.691406 0.199219
vt 0.496094 0.258789
vt 0.632813 0.258789
vt 0.496094 0.144531
vt 0.632813 0.144531
vn 0.707107 0 0.707107
vn 0.707107 0 0.707107
vn 0.707107 0 0.707107
vn 0.707107 0 0.707107
vn -0.707107 0 -0.707107
vn -0.707107 0 -0.707107
vn -0.707107 0 -0.707107
vn -0.707107 0 -0.707107
vn 0 1 0
vn 0 1 0
vn 0 1 0
vn 0 1 0
vn 0 -1 0
vn 0 -1 0
vn 0 -1 0
vn 0 -1 0
vn -0.707107 0 0.707107
vn -0.707107 0 0.707107
vn -0.707107 0 0.707107
vn -0.707107 0 0.707107
vn 0.707107 0 -0.707107
vn 0.707107 0 -0.707107
vn 0.707107 0 -0.707107
vn 0.707107 0 -0.707107
f 913/913/913 915/915/915 914/914/914
f 915/915/915 916/916/916 914/914/914
f 917/917/917 919/919/919 918/918/918
f 919/919/919 920/920/920 918/918/918
f 921/921/921 923/923/923 922/922/922
f 923/923/923 924/924/924 922/922/922
f 925/925/925 927/927/927 926/926/926
f 927/927/927 928/928/928 926/926/926
f 929/929/929 931/931/931 930/930/930
f 931/931/931 932/932/932 930/930/930
f 933/933/933 935/935/935 934/934/934
f 935/935/935 936/936/936 934/934/934
o node_83_mesh_39_0
usemtl material_0
v 0.84375 1 1.579886
v 0.84375 1 1.420114
v 0.84375 0.75 1.579886
v 0.84375 0.75 1.420114
v 0.15625 1 1.420114
v 0.15625 1 1.579886
v 0.15625 0.75 1.420114
v 0.15625 0.75 1.579886
v 0.15625 1 1.420114
v 0.84375 1 1.420114
v 0.15625 1 1.579886
v 0.84375 1 1.579886
v 0.15625 0.75 1.579886
v 0.84375 0.75 1.579886
v 0.15625 0.75 1.420114
v 0.84375 0.75 1.420114
v 0.15625 1 1.579886
v 0.84375 1 1.579886
v 0.15625 0.75 1.579886
v 0.84375 0.75 1.579886
v 0.84375 1 1.420114
v 0.15625 1 1.420114
v 0.84375 0.75 1.420114
v 0.15625 0.75 1.420114
vt 0.436523 0.618164
vt 0.573242 0.618164
vt 0.436523 0.53125
vt 0.573242 0.53125
vt 0.665039 0.546875
vt 0.508789 0.546875
vt 0.665039 0.464844
vt 0.508789 0.464844
vt 0.652344 0.53125
vt 0.789063 0.53125
vt 0.652344 0.449219
vt 0.789063 0.449219
vt 0.671875 0.597656
vt 0.808594 0.597656
vt 0.671875 0.535156
vt 0.808594 0.535156
vt 0.570313 0.558594
vt 0.707031 0.558594
vt 0.570313 0.476563
vt 0.707031 0.476563
vt 0.511719 0.536133
vt 0.648438 0.536133
vt 0.511719 0.421875
vt 0.648438 0.421875
vn 1 0 0
vn 1 0 0
vn 1 0 0
vn 1 0 0
vn -1 0 0
vn -1 0 0
vn -1 0 0
vn -1 0 0
vn 0 1 0
vn 0 1 0
vn 0 1 0
vn 0 1 0
vn 0 -1 0
vn 0 -1 0
vn 0 -1 0
vn 0 -1 0
vn 0 0 1
vn 0 0 1
vn 0 0 1
vn 0 0 1
vn 0 0 -1
vn 0 0 -1
vn 0 0 -1
vn 0 0 -1
f 937/937/937 939/939/939 938/938/938
f 939/939/939 940/940/940 938/938/938
f 941/941/941 943/943/943 942/942/942
f 943/943/943 944/944/944 942/942/942
f 945/945/945 947/947/947 946/946/946
f 947/947/947 948/948/948 946/946/946
f 949/949/949 951/951/951 950/950/950
f 951/951/951 952/952/952 950/950/950
f 953/953/953 955/955/955 954/954/954
f 955/955/955 956/956/956 954/954/954
f 957/957/957 959/959/959 958/958/958
f 959/959/959 960/960/960 958/958/958
o node_85_mesh_40_0
usemtl material_0
v -0.020527 1 1.506663
v 0.092449 1 1.393687
v -0.020527 0.75 1.506663
v 0.092449 0.75 1.393687
v -0.393687 1 0.907551
v -0.506663 1 1.020527
v -0.393687 0.75 0.907551
v -0.506663 0.75 1.020527
v -0.393687 1 0.907551
v 0.092449 1 1.393687
v -0.506663 1 1.020527
v -0.020527 1 1.506663
v -0.506663 0.75 1.020527
v -0.020527 0.75 1.506663
v -0.393687 0.75 0.907551
v 0.092449 0.75 1.393687
v -0.506663 1 1.020527
v -0.020527 1 1.506663
v -0.506663 0.75 1.020527
v -0.020527 0.75 1.506663
v 0.092449 1 1.393687
v -0.393687 1 0.907551
v 0.092449 0.75 1.393687
v -0.393687 0.75 0.907551
vt 0.551758 0.758789
vt 0.688477 0.758789
vt 0.551758 0.671875
vt 0.688477 0.671875
vt 0.780273 0.6875
vt 0.624023 0.6875
vt 0.780273 0.605469
vt 0.624023 0.605469
vt 0.767578 0.671875
vt 0.904297 0.671875
vt 0.767578 0.589844
vt 0.904297 0.589844
vt 0.787109 0.738281
vt 0.923828 0.738281
vt 0.787109 0.675781
vt 0.923828 0.675781
vt 0.685547 0.699219
vt 0.822266 0.699219
vt 0.685547 0.617188
vt 0.822266 0.617188
vt 0.626953 0.676758
vt 0.763672 0.676758
vt 0.626953 0.5625
vt 0.763672 0.5625
vn 0.707107 0 0.707107
vn 0.707107 0 0.707107
vn 0.707107 0 0.707107
vn 0.707107 0 0.707107
vn -0.707107 0 -0.707107
vn -0.707107 0 -0.707107
vn -0.707107 0 -0.707107
vn -0.707107 0 -0.707107
vn 0 1 0
vn 0 1 0
vn 0 1 0
vn 0 1 0
vn 0 -1 0
vn 0 -1 0
vn 0 -1 0
vn 0 -1 0
vn -0.707107 0 0.707107
vn -0.707107 0 0.707107
vn -0.707107 0 0.707107
vn -0.707107 0 0.707107
vn 0.707107 0 -0.707107
vn 0.707107 0 -0.707107
vn 0.707107 0 -0.707107
vn 0.707107 0 -0.707107
f 961/961/961 963/963/963 962/962/962
f 963/963/963 964/964/964 962/962/962
f 965/965/965 967/967/967 966/966/966
f 967/967/967 968/968/968 966/966/966
f 969/969/969 971/971/971 970/970/970
f 971/971/971 972/972/972 970/970/970
f 973/973/973 975/975/975 974/974/974
f 975/975/975 976/976/976 974/974/974
f 977/977/977 979/979/979 978/978/978
f 979/979/979 980/980/980 978/978/978
f 981/981/981 983/983/983 982/982/982
f 983/983/983 984/984/984 982/982/982
o node_87_mesh_41_0
usemtl material_0
v -0.420114 1 0.84375
v -0.420114 1 0.15625
v -0.420114 0.75 0.84375
v -0.420114 0.75 0.15625
v -0.579886 1 0.15625
v -0.579886 1 0.84375
v -0.579886 0.75 0.15625
v -0.579886 0.75 0.84375
v -0.579886 1 0.15625
v -0.420114 1 0.15625
v -0.579886 1 0.84375
v -0.420114 1 0.84375
v -0.579886 0.75 0.84375
v -0.420114 0.75 0.84375
v -0.579886 0.75 0.15625
v -0.420114 0.75 0.15625
v -0.579886 1 0.84375
v -0.420114 1 0.84375
v -0.579886 0.75 0.84375
v -0.420114 0.75 0.84375
v -0.420114 1 0.15625
v -0.579886 1 0.15625
v -0.420114 0.75 0.15625
v -0.579886 0.75 0.15625
vt 0.389648 0.34082
vt 0.526367 0.34082
vt 0.389648 0.253906
vt 0.526367 0.253906
vt 0.618164 0.269531
vt 0.49707 0.269531
vt 0.618164 0.1875
vt 0.49707 0.1875
vt 0.710938 0.308594
vt 0.847656 0.308594
vt 0.710938 0.226563
vt 0.847656 0.226563
vt 0.589844 0.355469
vt 0.726563 0.355469
vt 0.589844 0.257813
vt 0.726563 0.257813
vt 0.558594 0.28125
vt 0.695313 0.28125
vt 0.558594 0.199219
vt 0.695313 0.199219
vt 0.5 0.258789
vt 0.636719 0.258789
vt 0.5 0.144531
vt 0.636719 0.144531
vn 1 0 0
vn 1 0 0
vn 1 0 0
vn 1 0 0
vn -1 0 0
vn -1 0 0
vn -1 0 0
vn -1 0 0
vn 0 1 0
vn 0 1 0
vn 0 1 0
vn 0 1 0
vn 0 -1 0
vn 0 -1 0
vn 0 -1 0
vn 0 -1 0
vn 0 0 1
vn 0 0 1
vn 0 0 1
vn 0 0 1
vn 0 0 -1
vn 0 0 -1
vn 0 0 -1
vn 0 0 -1
f 985/985/985 987/987/987 986/986/986
f 987/987/987 988/988/988 986/986/986
f 989/989/989 991/991/991 990/990/990
f 991/991/991 992/992/992 990/990/990
f 993/993/993 995/995/995 994/994/994
f 995/995/995 996/996/996 994/994/994
f 997/997/997 999/999/999 998/998/998
f 999/999/999 1000/1000/1000 998/998/998
f 1001/1001/1001 1003/1003/1003 1002/1002/1002
f 1003/1003/1003 1004/1004/1004 1002/1002/1002
f 1005/1005/1005 1007/1007/1007 1006/1006/1006
f 1007/1007/1007 1008/1008/1008 1006/1006/1006
o node_89_mesh_42_0
usemtl material_0
v 0.489389 1.25 -0.42388
v 0.428247 1.25 -0.571489
v 0.489389 1 -0.42388
v 0.428247 1 -0.571489
v -0.20692 1.25 -0.308395
v -0.145778 1.25 -0.160785
v -0.20692 1 -0.308395
v -0.145778 1 -0.160785
v -0.20692 1.25 -0.308395
v 0.428247 1.25 -0.571489
v -0.145778 1.25 -0.160785
v 0.489389 1.25 -0.42388
v -0.145778 1 -0.160785
v 0.489389 1 -0.42388
v -0.20692 1 -0.308395
v 0.428247 1 -0.571489
v -0.145778 1.25 -0.160785
v 0.489389 1.25 -0.42388
v -0.145778 1 -0.160785
v 0.489389 1 -0.42388
v 0.428247 1.25 -0.571489
v -0.20692 1.25 -0.308395
v 0.428247 1 -0.571489
v -0.20692 1 -0.308395
vt 0.59668 0.575195
vt 0.733398 0.575195
vt 0.59668 0.488281
vt 0.733398 0.488281
vt 0.825195 0.503906
vt 0.668945 0.503906
vt 0.825195 0.421875
vt 0.668945 0.421875
vt 0.8125 0.488281
vt 0.949219 0.488281
vt 0.8125 0.40625
vt 0.949219 0.40625
vt 0.832031 0.554688
vt 0.96875 0.554688
vt 0.832031 0.492188
vt 0.96875 0.492188
vt 0.730469 0.515625
vt 0.867188 0.515625
vt 0.730469 0.433594
vt 0.867188 0.433594
vt 0.671875 0.493164
vt 0.808594 0.493164
vt 0.671875 0.378906
vt 0.808594 0.378906
vn 0.92388 0 -0.382683
vn 0.92388 0 -0.382683
vn 0.92388 0 -0.382683
vn 0.92388 0 -0.382683
vn -0.92388 0 0.382683
vn -0.92388 0 0.382683
vn -0.92388 0 0.382683
vn -0.92388 0 0.382683
vn 0 1 0
vn 0 1 0
vn 0 1 0
vn 0 1 0
vn 0 -1 0
vn 0 -1 0
vn 0 -1 0
vn 0 -1 0
vn 0.382683 0 0.92388
vn 0.382683 0 0.92388
vn 0.382683 0 0.92388
vn 0.382683 0 0.92388
vn -0.382683 0 -0.92388
vn -0.382683 0 -0.92388
vn -0.382683 0 -0.92388
vn -0.382683 0 -0.92388
f 1009/1009/1009 1011/1011/1011 1010/1010/1010
f 1011/1011/1011 1012/1012/1012 1010/1010/1010
f 1013/1013/1013 1015/1015/1015 1014/1014/1014
f 1015/1015/1015 1016/1016/1016 1014/1014/1014
f 1017/1017/1017 1019/1019/1019 1018/1018/1018
f 1019/1019/1019 1020/1020/1020 1018/1018/1018
f 1021/1021/1021 1023/1023/1023 1022/1022/1022
f 1023/1023/1023 1024/1024/1024 1022/1022/1022
f 1025/1025/1025 1027/1027/1027 1026/1026/1026
f 1027/1027/1027 1028/1028/1028 1026/1026/1026
f 1029/1029/1029 1031/1031/1031 1030/1030/1030
f 1031/1031/1031 1032/1032/1032 1030/1030/1030
o node_91_mesh_43_0
usemtl material_0
v 1.145778 1.25 -0.160785
v 1.20692 1.25 -0.308395
v 1.145778 1 -0.160785
v 1.20692 1 -0.308395
v 0.571753 1.25 -0.571489
v 0.510611 1.25 -0.42388
v 0.571753 1 -0.571489
v 0.510611 1 -0.42388
v 0.571753 1.25 -0.571489
v 1.20692 1.25 -0.308395
v 0.510611 1.25 -0.42388
v 1.145778 1.25 -0.160785
v 0.510611 1 -0.42388
v 1.145778 1 -0.160785
v 0.571753 1 -0.571489
v 1.20692 1 -0.308395
v 0.510611 1.25 -0.42388
v 1.145778 1.25 -0.160785
v 0.510611 1 -0.42388
v 1.145778 1 -0.160785
v 1.20692 1.25 -0.308395
v 0.571753 1.25 -0.571489
v 1.20692 1 -0.308395
v 0.571753 1 -0.571489
vt 0.178711 0.551758
vt 0.31543 0.551758
vt 0.178711 0.464844
vt 0.31543 0.464844
vt 0.407227 0.480469
vt 0.250977 0.480469
vt 0.407227 0.398438
vt 0.250977 0.398438
vt 0.394531 0.464844
vt 0.53125 0.464844
vt 0.394531 0.382813
vt 0.53125 0.382813
vt 0.414063 0.53125
vt 0.550781 0.53125
vt 0.414063 0.46875
vt 0.550781 0.46875
vt 0.3125 0.492188
vt 0.449219 0.492188
vt 0.3125 0.410156
vt 0.449219 0.410156
vt 0.253906 0.469727
vt 0.390625 0.469727
vt 0.253906 0.355469
vt 0.390625 0.355469
vn 0.92388 0 0.382683
vn 0.92388 0 0.382683
vn 0.92388 0 0.382683
vn 0.92388 0 0.382683
vn -0.92388 0 -0.382683
vn -0.92388 0 -0.382683
vn -0.92388 0 -0.382683
vn -0.92388 0 -0.382683
vn 0 1 0
vn 0 1 0
vn 0 1 0
vn 0 1 0
vn 0 -1 0
vn 0 -1 0
vn 0 -1 0
vn 0 -1 0
vn -0.382683 0 0.92388
vn -0.382683 0 0.92388
vn -0.382683 0 0.92388
vn -0.382683 0 0.92388
vn 0.382683 0 -0.92388
vn 0.382683 0 -0.92388
vn 0.382683 0 -0.92388
vn 0.382683 0 -0.92388
f 1033/1033/1033 1035/1035/1035 1034/1034/1034
f 1035/1035/1035 1036/1036/1036 1034/1034/1034
f 1037/1037/1037 1039/1039/1039 1038/1038/1038
f 1039/1039/1039 1040/1040/1040 1038/1038/1038
f 1041/1041/1041 1043/1043/1043 1042/1042/1042
f 1043/1043/1043 1044/1044/1044 1042/1042/1042
f 1045/1045/1045 1047/1047/1047 1046/1046/1046
f 1047/1047/1047 1048/1048/1048 1046/1046/1046
f 1049/1049/1049 1051/1051/1051 1050/1050/1050
f 1051/1051/1051 1052/1052/1052 1050/1050/1050
f 1053/1053/1053 1055/1055/1055 1054/1054/1054
f 1055/1055/1055 1056/1056/1056 1054/1054/1054
o node_93_mesh_44_0
usemtl material_0
v -0.42388 1.25 0.489389
v -0.160785 1.25 -0.145778
v -0.42388 1 0.489389
v -0.160785 1 -0.145778
v -0.308395 1.25 -0.20692
v -0.571489 1.25 0.428247
v -0.308395 1 -0.20692
v -0.571489 1 0.428247
v -0.308395 1.25 -0.20692
v -0.160785 1.25 -0.145778
v -0.571489 1.25 0.428247
v -0.42388 1.25 0.489389
v -0.571489 1 0.428247
v -0.42388 1 0.489389
v -0.308395 1 -0.20692
v -0.160785 1 -0.145778
v -0.571489 1.25 0.428247
v -0.42388 1.25 0.489389
v -0.571489 1 0.428247
v -0.42388 1 0.489389
v -0.160785 1.25 -0.145778
v -0.308395 1.25 -0.20692
v -0.160785 1 -0.145778
v -0.308395 1 -0.20692
vt 0.151367 0.34082
vt 0.288086 0.34082
vt 0.151367 0.253906
vt 0.288086 0.253906
vt 0.325195 0.332031
vt 0.204102 0.332031
vt 0.325195 0.25
vt 0.204102 0.25
vt 0.367188 0.253906
vt 0.503906 0.253906
vt 0.367188 0.171875
vt 0.503906 0.171875
vt 0.351563 0.355469
vt 0.488281 0.355469
vt 0.351563 0.257813
vt 0.488281 0.257813
vt 0.320313 0.28125
vt 0.457031 0.28125
vt 0.320313 0.199219
vt 0.457031 0.199219
vt 0.261719 0.258789
vt 0.398438 0.258789
vt 0.261719 0.144531
vt 0.398438 0.144531
vn 0.92388 0 0.382683
vn 0.92388 0 0.382683
vn 0.92388 0 0.382683
vn 0.92388 0 0.382683
vn -0.92388 0 -0.382683
vn -0.92388 0 -0.382683
vn -0.92388 0 -0.382683
vn -0.92388 0 -0.382683
vn 0 1 0
vn 0 1 0
vn 0 1 0
vn 0 1 0
vn 0 -1 0
vn 0 -1 0
vn 0 -1 0
vn 0 -1 0
vn -0.382683 0 0.92388
vn -0.382683 0 0.92388
vn -0.382683 0 0.92388
vn -0.382683 0 0.92388
vn 0.382683 0 -0.92388
vn 0.382683 0 -0.92388
vn 0.382683 0 -0.92388
vn 0.382683 0 -0.92388
f 1057/1057/1057 1059/1059/1059 1058/1058/1058
f 1059/1059/1059 1060/1060/1060 1058/1058/1058
f 1061/1061/1061 1063/1063/1063 1062/1062/1062
f 1063/1063/1063 1064/1064/1064 1062/1062/1062
f 1065/1065/1065 1067/1067/1067 1066/1066/1066
f 1067/1067/1067 1068/1068/1068 1066/1066/1066
f 1069/1069/1069 1071/1071/1071 1070/1070/1070
f 1071/1071/1071 1072/1072/1072 1070/1070/1070
f 1073/1073/1073 1075/1075/1075 1074/1074/1074
f 1075/1075/1075 1076/1076/1076 1074/1074/1074
f 1077/1077/1077 1079/1079/1079 1078/1078/1078
f 1079/1079/1079 1080/1080/1080 1078/1078/1078
o node_95_mesh_45_0
usemtl material_0
v 1.571489 1.25 0.428247
v 1.308395 1.25 -0.20692
v 1.571489 1 0.428247
v 1.308395 1 -0.20692
v 1.160785 1.25 -0.145778
v 1.42388 1.25 0.489389
v 1.160785 1 -0.145778
v 1.42388 1 0.489389
v 1.160785 1.25 -0.145778
v 1.308395 1.25 -0.20692
v 1.42388 1.25 0.489389
v 1.571489 1.25 0.428247
v 1.42388 1 0.489389
v 1.571489 1 0.428247
v 1.160785 1 -0.145778
v 1.308395 1 -0.20692
v 1.42388 1.25 0.489389
v 1.571489 1.25 0.428247
v 1.42388 1 0.489389
v 1.571489 1 0.428247
v 1.308395 1.25 -0.20692
v 1.160785 1.25 -0.145778
v 1.308395 1 -0.20692
v 1.160785 1 -0.145778
vt 0.280273 0.477539
vt 0.416992 0.477539
vt 0.280273 0.390625
vt 0.416992 0.390625
vt 0.508789 0.40625
vt 0.387695 0.40625
vt 0.508789 0.324219
vt 0.387695 0.324219
vt 0.496094 0.390625
vt 0.632813 0.390625
vt 0.496094 0.308594
vt 0.632813 0.308594
vt 0.480469 0.492188
vt 0.617188 0.492188
vt 0.480469 0.394531
vt 0.617188 0.394531
vt 0.449219 0.417969
vt 0.585938 0.417969
vt 0.449219 0.335938
vt 0.585938 0.335938
vt 0.390625 0.395508
vt 0.527344 0.395508
vt 0.390625 0.28125
vt 0.527344 0.28125
vn 0.92388 0 -0.382683
vn 0.92388 0 -0.382683
vn 0.92388 0 -0.382683
vn 0.92388 0 -0.382683
vn -0.92388 0 0.382683
vn -0.92388 0 0.382683
vn -0.92388 0 0.382683
vn -0.92388 0 0.382683
vn 0 1 0
vn 0 1 0
vn 0 1 0
vn 0 1 0
vn 0 -1 0
vn 0 -1 0
vn 0 -1 0
vn 0 -1 0
vn 0.382683 0 0.92388
vn 0.382683 0 0.92388
vn 0.382683 0 0.92388
vn 0.382683 0 0.92388
vn -0.382683 0 -0.92388
vn -0.382683 0 -0.92388
vn -0.382683 0 -0.92388
vn -0.382683 0 -0.92388
f 1081/1081/1081 1083/1083/1083 1082/1082/1082
f 1083/1083/1083 1084/1084/1084 1082/1082/1082
f 1085/1085/1085 1087/1087/1087 1086/1086/1086
f 1087/1087/1087 1088/1088/1088 1086/1086/1086
f 1089/1089/1089 1091/1091/1091 1090/1090/1090
f 1091/1091/1091 1092/1092/1092 1090/1090/1090
f 1093/1093/1093 1095/1095/1095 1094/1094/1094
f 1095/1095/1095 1096/1096/1096 1094/1094/1094
f 1097/1097/1097 1099/1099/1099 1098/1098/1098
f 1099/1099/1099 1100/1100/1100 1098/1098/1098
f 1101/1101/1101 1103/1103/1103 1102/1102/1102
f 1103/1103/1103 1104/1104/1104 1102/1102/1102
o node_97_mesh_46_0
usemtl material_0
v 1.308395 1.25 1.20692
v 1.571489 1.25 0.571753
v 1.308395 1 1.20692
v 1.571489 1 0.571753
v 1.42388 1.25 0.510611
v 1.160785 1.25 1.145778
v 1.42388 1 0.510611
v 1.160785 1 1.145778
v 1.42388 1.25 0.510611
v 1.571489 1.25 0.571753
v 1.160785 1.25 1.145778
v 1.308395 1.25 1.20692
v 1.160785 1 1.145778
v 1.308395 1 1.20692
v 1.42388 1 0.510611
v 1.571489 1 0.571753
v 1.160785 1.25 1.145778
v 1.308395 1.25 1.20692
v 1.160785 1 1.145778
v 1.308395 1 1.20692
v 1.571489 1.25 0.571753
v 1.42388 1.25 0.510611
v 1.571489 1 0.571753
v 1.42388 1 0.510611
vt 0.366211 0.672852
vt 0.50293 0.672852
vt 0.366211 0.585938
vt 0.50293 0.585938
vt 0.594727 0.601563
vt 0.473633 0.601563
vt 0.594727 0.519531
vt 0.473633 0.519531
vt 0.582031 0.585938
vt 0.71875 0.585938
vt 0.582031 0.503906
vt 0.71875 0.503906
vt 0.566406 0.6875
vt 0.703125 0.6875
vt 0.566406 0.589844
vt 0.703125 0.589844
vt 0.535156 0.613281
vt 0.671875 0.613281
vt 0.535156 0.53125
vt 0.671875 0.53125
vt 0.476563 0.59082
vt 0.613281 0.59082
vt 0.476563 0.476563
vt 0.613281 0.476563
vn 0.92388 0 0.382683
vn 0.92388 0 0.382683
vn 0.92388 0 0.382683
vn 0.92388 0 0.382683
vn -0.92388 0 -0.382683
vn -0.92388 0 -0.382683
vn -0.92388 0 -0.382683
vn -0.92388 0 -0.382683
vn 0 1 0
vn 0 1 0
vn 0 1 0
vn 0 1 0
vn 0 -1 0
vn 0 -1 0
vn 0 -1 0
vn 0 -1 0
vn -0.382683 0 0.92388
vn -0.382683 0 0.92388
vn -0.382683 0 0.92388
vn -0.382683 0 0.92388
vn 0.382683 0 -0.92388
vn 0.382683 0 -0.92388
vn 0.382683 0 -0.92388
vn 0.382683 0 -0.92388
f 1105/1105/1105 1107/1107/1107 1106/1106/1106
f 1107/1107/1107 1108/1108/1108 1106/1106/1106
f 1109/1109/1109 1111/1111/1111 1110/1110/1110
f 1111/1111/1111 1112/1112/1112 1110/1110/1110
f 1113/1113/1113 1115/1115/1115 1114/1114/1114
f 1115/1115/1115 1116/1116/1116 1114/1114/1114
f 1117/1117/1117 1119/1119/1119 1118/1118/1118
f 1119/1119/1119 1120/1120/1120 1118/1118/1118
f 1121/1121/1121 1123/1123/1123 1122/1122/1122
f 1123/1123/1123 1124/1124/1124 1122/1122/1122
f 1125/1125/1125 1127/1127/1127 1126/1126/1126
f 1127/1127/1127 1128/1128/1128 1126/1126/1126
o node_99_mesh_47_0
usemtl material_0
v 1.20692 1.25 1.308395
v 1.145778 1.25 1.160785
v 1.20692 1 1.308395
v 1.145778 1 1.160785
v 0.510611 1.25 1.42388
v 0.571753 1.25 1.571489
v 0.510611 1 1.42388
v 0.571753 1 1.571489
v 0.510611 1.25 1.42388
v 1.145778 1.25 1.160785
v 0.571753 1.25 1.571489
v 1.20692 1.25 1.308395
v 0.571753 1 1.571489
v 1.20692 1 1.308395
v 0.510611 1 1.42388
v 1.145778 1 1.160785
v 0.571753 1.25 1.571489
v 1.20692 1.25 1.308395
v 0.571753 1 1.571489
v 1.20692 1 1.308395
v 1.145778 1.25 1.160785
v 0.510611 1.25 1.42388
v 1.145778 1 1.160785
v 0.510611 1 1.42388
vt 0.604492 0.469727
vt 0.741211 0.469727
vt 0.604492 0.382813
vt 0.741211 0.382813
vt 0.833008 0.398438
vt 0.676758 0.398438
vt 0.833008 0.316406
vt 0.676758 0.316406
vt 0.820313 0.382813
vt 0.957031 0.382813
vt 0.820313 0.300781
vt 0.957031 0.300781
vt 0.839844 0.449219
vt 0.976563 0.449219
vt 0.839844 0.386719
vt 0.976563 0.386719
vt 0.738281 0.410156
vt 0.875 0.410156
vt 0.738281 0.328125
vt 0.875 0.328125
vt 0.679688 0.387695
vt 0.816406 0.387695
vt 0.679688 0.273438
vt 0.816406 0.273438
vn 0.92388 0 -0.382683
vn 0.92388 0 -0.382683
vn 0.92388 0 -0.382683
vn 0.92388 0 -0.382683
vn -0.92388 0 0.382683
vn -0.92388 0 0.382683
vn -0.92388 0 0.382683
vn -0.92388 0 0.382683
vn 0 1 0
vn 0 1 0
vn 0 1 0
vn 0 1 0
vn 0 -1 0
vn 0 -1 0
vn 0 -1 0
vn 0 -1 0
vn 0.382683 0 0.92388
vn 0.382683 0 0.92388
vn 0.382683 0 0.92388
vn 0.382683 0 0.92388
vn -0.382683 0 -0.92388
vn -0.382683 0 -0.92388
vn -0.382683 0 -0.92388
vn -0.382683 0 -0.92388
f 1129/1129/1129 1131/1131/1131 1130/1130/1130
f 1131/1131/1131 1132/1132/1132 1130/1130/1130
f 1133/1133/1133 1135/1135/1135 1134/1134/1134
f 1135/1135/1135 1136/1136/1136 1134/1134/1134
f 1137/1137/1137 1139/1139/1139 1138/1138/1138
f 1139/1139/1139 1140/1140/1140 1138/1138/1138
f 1141/1141/1141 1143/1143/1143 1142/1142/1142
f 1143/1143/1143 1144/1144/1144 1142/1142/1142
f 1145/1145/1145 1147/1147/1147 1146/1146/1146
f 1147/1147/1147 1148/1148/1148 1146/1146/1146
f 1149/1149/1149 1151/1151/1151 1150/1150/1150
f 1151/1151/1151 1152/1152/1152 1150/1150/1150
o node_101_mesh_48_0
usemtl material_0
v 0.428247 1.25 1.571489
v 0.489389 1.25 1.42388
v 0.428247 1 1.571489
v 0.489389 1 1.42388
v -0.145778 1.25 1.160785
v -0.20692 1.25 1.308395
v -0.145778 1 1.160785
v -0.20692 1 1.308395
v -0.145778 1.25 1.160785
v 0.489389 1.25 1.42388
v -0.20692 1.25 1.308395
v 0.428247 1.25 1.571489
v -0.20692 1 1.308395
v 0.428247 1 1.571489
v -0.145778 1 1.160785
v 0.489389 1 1.42388
v -0.20692 1.25 1.308395
v 0.428247 1.25 1.571489
v -0.20692 1 1.308395
v 0.428247 1 1.571489
v 0.489389 1.25 1.42388
v -0.145778 1.25 1.160785
v 0.489389 1 1.42388
v -0.145778 1 1.160785
vt 0.241211 0.430664
vt 0.37793 0.430664
vt 0.241211 0.34375
vt 0.37793 0.34375
vt 0.641602 0.78125
vt 0.485352 0.78125
vt 0.641602 0.699219
vt 0.485352 0.699219
vt 0.628906 0.765625
vt 0.765625 0.765625
vt 0.628906 0.683594
vt 0.765625 0.683594
vt 0.648438 0.832031
vt 0.785156 0.832031
vt 0.648438 0.769531
vt 0.785156 0.769531
vt 0.542969 0.921875
vt 0.679688 0.921875
vt 0.542969 0.839844
vt 0.679688 0.839844
vt 0.488281 0.770508
vt 0.625 0.770508
vt 0.488281 0.65625
vt 0.625 0.65625
vn 0.92388 0 0.382683
vn 0.92388 0 0.382683
vn 0.92388 0 0.382683
vn 0.92388 0 0.382683
vn -0.92388 0 -0.382683
vn -0.92388 0 -0.382683
vn -0.92388 0 -0.382683
vn -0.92388 0 -0.382683
vn 0 1 0
vn 0 1 0
vn 0 1 0
vn 0 1 0
vn 0 -1 0
vn 0 -1 0
vn 0 -1 0
vn 0 -1 0
vn -0.382683 0 0.92388
vn -0.382683 0 0.92388
vn -0.382683 0 0.92388
vn -0.382683 0 0.92388
vn 0.382683 0 -0.92388
vn 0.382683 0 -0.92388
vn 0.382683 0 -0.92388
vn 0.382683 0 -0.92388
f 1153/1153/1153 1155/1155/1155 1154/1154/1154
f 1155/1155/1155 1156/1156/1156 1154/1154/1154
f 1157/1157/1157 1159/1159/1159 1158/1158/1158
f 1159/1159/1159 1160/1160/1160 1158/1158/1158
f 1161/1161/1161 1163/1163/1163 1162/1162/1162
f 1163/1163/1163 1164/1164/1164 1162/1162/1162
f 1165/1165/1165 1167/1167/1167 1166/1166/1166
f 1167/1167/1167 1168/1168/1168 1166/1166/1166
f 1169/1169/1169 1171/1171/1171 1170/1170/1170
f 1171/1171/1171 1172/1172/1172 1170/1170/1170
f 1173/1173/1173 1175/1175/1175 1174/1174/1174
f 1175/1175/1175 1176/1176/1176 1174/1174/1174
o node_103_mesh_49_0
usemtl material_0
v -0.160785 1.25 1.145778
v -0.42388 1.25 0.510611
v -0.160785 1 1.145778
v -0.42388 1 0.510611
v -0.571489 1.25 0.571753
v -0.308395 1.25 1.20692
v -0.571489 1 0.571753
v -0.308395 1 1.20692
v -0.571489 1.25 0.571753
v -0.42388 1.25 0.510611
v -0.308395 1.25 1.20692
v -0.160785 1.25 1.145778
v -0.308395 1 1.20692
v -0.160785 1 1.145778
v -0.571489 1 0.571753
v -0.42388 1 0.510611
v -0.308395 1.25 1.20692
v -0.160785 1.25 1.145778
v -0.308395 1 1.20692
v -0.160785 1 1.145778
v -0.42388 1.25 0.510611
v -0.571489 1.25 0.571753
v -0.42388 1 0.510611
v -0.571489 1 0.571753
vt 0.06543 0.336914
vt 0.202148 0.336914
vt 0.06543 0.25
vt 0.202148 0.25
vt 0.239258 0.328125
vt 0.118164 0.328125
vt 0.239258 0.246094
vt 0.118164 0.246094
vt 0.28125 0.25
vt 0.417969 0.25
vt 0.28125 0.167969
vt 0.417969 0.167969
vt 0.265625 0.351563
vt 0.402344 0.351563
vt 0.265625 0.253906
vt 0.402344 0.253906
vt 0.234375 0.277344
vt 0.371094 0.277344
vt 0.234375 0.195313
vt 0.371094 0.195313
vt 0.175781 0.254883
vt 0.3125 0.254883
vt 0.175781 0.140625
vt 0.3125 0.140625
vn 0.92388 0 -0.382683
vn 0.92388 0 -0.382683
vn 0.92388 0 -0.382683
vn 0.92388 0 -0.382683
vn -0.92388 0 0.382683
vn -0.92388 0 0.382683
vn -0.92388 0 0.382683
vn -0.92388 0 0.382683
vn 0 1 0
vn 0 1 0
vn 0 1 0
vn 0 1 0
vn 0 -1 0
vn 0 -1 0
vn 0 -1 0
vn 0 -1 0
vn 0.382683 0 0.92388
vn 0.382683 0 0.92388
vn 0.382683 0 0.92388
vn 0.382683 0 0.92388
vn -0.382683 0 -0.92388
vn -0.382683 0 -0.92388
vn -0.382683 0 -0.92388
vn -0.382683 0 -0.92388
f 1177/1177/1177 1179/1179/1179 1178/1178/1178
f 1179/1179/1179 1180/1180/1180 1178/1178/1178
f 1181/1181/1181 1183/1183/1183 1182/1182/1182
f 1183/1183/1183 1184/1184/1184 1182/1182/1182
f 1185/1185/1185 1187/1187/1187 1186/1186/1186
f 1187/1187/1187 1188/1188/1188 1186/1186/1186
f 1189/1189/1189 1191/1191/1191 1190/1190/1190
f 1191/1191/1191 1192/1192/1192 1190/1190/1190
f 1193/1193/1193 1195/1195/1195 1194/1194/1194
f 1195/1195/1195 1196/1196/1196 1194/1194/1194
f 1197/1197/1197 1199/1199/1199 1198/1198/1198
f 1199/1199/1199 1200/1200/1200 1198/1198/1198
o node_105_mesh_50_0
usemtl material_0
v 1.351983 1.5 0.99843
v 1.239007 1.5 0.885454
v 1.351983 1.25 0.99843
v 1.239007 1.25 0.885454
v 0.885454 1.5 1.239007
v 0.99843 1.5 1.351983
v 0.885454 1.25 1.239007
v 0.99843 1.25 1.351983
v 0.885454 1.5 1.239007
v 1.239007 1.5 0.885454
v 0.99843 1.5 1.351983
v 1.351983 1.5 0.99843
v 0.99843 1.25 1.351983
v 1.351983 1.25 0.99843
v 0.885454 1.25 1.239007
v 1.239007 1.25 0.885454
v 0.99843 1.5 1.351983
v 1.351983 1.5 0.99843
v 0.99843 1.25 1.351983
v 1.351983 1.25 0.99843
v 1.239007 1.5 0.885454
v 0.885454 1.5 1.239007
v 1.239007 1.25 0.885454
v 0.885454 1.25 1.239007
vt 0.483398 0.52832
vt 0.620117 0.52832
vt 0.483398 0.441406
vt 0.620117 0.441406
vt 0.700195 0.457031
vt 0.543945 0.457031
vt 0.700195 0.375
vt 0.543945 0.375
vt 0.6875 0.441406
vt 0.824219 0.441406
vt 0.6875 0.359375
vt 0.824219 0.359375
vt 0.695313 0.507813
vt 0.832031 0.507813
vt 0.695313 0.445313
vt 0.832031 0.445313
vt 0.605469 0.46875
vt 0.742188 0.46875
vt 0.605469 0.386719
vt 0.742188 0.386719
vt 0.558594 0.446289
vt 0.695313 0.446289
vt 0.558594 0.332031
vt 0.695313 0.332031
vn 0.707107 0 -0.707107
vn 0.707107 0 -0.707107
vn 0.707107 0 -0.707107
vn 0.707107 0 -0.707107
vn -0.707107 0 0.707107
vn -0.707107 0 0.707107
vn -0.707107 0 0.707107
vn -0.707107 0 0.707107
vn 0 1 0
vn 0 1 0
vn 0 1 0
vn 0 1 0
vn 0 -1 0
vn 0 -1 0
vn 0 -1 0
vn 0 -1 0
vn 0.707107 0 0.707107
vn 0.707107 0 0.707107
vn 0.707107 0 0.707107
vn 0.707107 0 0.707107
vn -0.707107 0 -0.707107
vn -0.707107 0 -0.707107
vn -0.707107 0 -0.707107
vn -0.707107 0 -0.707107
f 1201/1201/1201 1203/1203/1203 1202/1202/1202
f 1203/1203/1203 1204/1204/1204 1202/1202/1202
f 1205/1205/1205 1207/1207/1207 1206/1206/1206
f 1207/1207/1207 1208/1208/1208 1206/1206/1206
f 1209/1209/1209 1211/1211/1211 1210/1210/1210
f 1211/1211/1211 1212/1212/1212 1210/1210/1210
f 1213/1213/1213 1215/1215/1215 1214/1214/1214
f 1215/1215/1215 1216/1216/1216 1214/1214/1214
f 1217/1217/1217 1219/1219/1219 1218/1218/1218
f 1219/1219/1219 1220/1220/1220 1218/1218/1218
f 1221/1221/1221 1223/1223/1223 1222/1222/1222
f 1223/1223/1223 1224/1224/1224 1222/1222/1222
o node_107_mesh_51_0
usemtl material_0
v 1.454886 1.5 0.75
v 1.454886 1.5 0.25
v 1.454886 1.25 0.75
v 1.454886 1.25 0.25
v 1.295114 1.5 0.25
v 1.295114 1.5 0.75
v 1.295114 1.25 0.25
v 1.295114 1.25 0.75
v 1.295114 1.5 0.25
v 1.454886 1.5 0.25
v 1.295114 1.5 0.75
v 1.454886 1.5 0.75
v 1.295114 1.25 0.75
v 1.454886 1.25 0.75
v 1.295114 1.25 0.25
v 1.454886 1.25 0.25
v 1.295114 1.5 0.75
v 1.454886 1.5 0.75
v 1.295114 1.25 0.75
v 1.454886 1.25 0.75
v 1.454886 1.5 0.25
v 1.295114 1.5 0.25
v 1.454886 1.25 0.25
v 1.295114 1.25 0.25
vt 0.342773 0.313477
vt 0.479492 0.313477
vt 0.342773 0.226563
vt 0.479492 0.226563
vt 0.55957 0.242188
vt 0.426758 0.242188
vt 0.55957 0.160156
vt 0.426758 0.160156
vt 0.679688 0.277344
vt 0.816406 0.277344
vt 0.679688 0.195313
vt 0.816406 0.195313
vt 0.53125 0.316406
vt 0.667969 0.316406
vt 0.53125 0.230469
vt 0.667969 0.230469
vt 0.488281 0.253906
vt 0.625 0.253906
vt 0.488281 0.171875
vt 0.625 0.171875
vt 0.441406 0.231445
vt 0.578125 0.231445
vt 0.441406 0.117188
vt 0.578125 0.117188
vn 1 0 0
vn 1 0 0
vn 1 0 0
vn 1 0 0
vn -1 0 0
vn -1 0 0
vn -1 0 0
vn -1 0 0
vn 0 1 0
vn 0 1 0
vn 0 1 0
vn 0 1 0
vn 0 -1 0
vn 0 -1 0
vn 0 -1 0
vn 0 -1 0
vn 0 0 1
vn 0 0 1
vn 0 0 1
vn 0 0 1
vn 0 0 -1
vn 0 0 -1
vn 0 0 -1
vn 0 0 -1
f 1225/1225/1225 1227/1227/1227 1226/1226/1226
f 1227/1227/1227 1228/1228/1228 1226/1226/1226
f 1229/1229/1229 1231/1231/1231 1230/1230/1230
f 1231/1231/1231 1232/1232/1232 1230/1230/1230
f 1233/1233/1233 1235/1235/1235 1234/1234/1234
f 1235/1235/1235 1236/1236/1236 1234/1234/1234
f 1237/1237/1237 1239/1239/1239 1238/1238/1238
f 1239/1239/1239 1240/1240/1240 1238/1238/1238
f 1241/1241/1241 1243/1243/1243 1242/1242/1242
f 1243/1243/1243 1244/1244/1244 1242/1242/1242
f 1245/1245/1245 1247/1247/1247 1246/1246/1246
f 1247/1247/1247 1248/1248/1248 1246/1246/1246
o node_109_mesh_52_0
usemtl material_0
v 1.351983 1.5 0.00157
v 0.99843 1.5 -0.351983
v 1.351983 1.25 0.00157
v 0.99843 1.25 -0.351983
v 0.885454 1.5 -0.239007
v 1.239007 1.5 0.114546
v 0.885454 1.25 -0.239007
v 1.239007 1.25 0.114546
v 0.885454 1.5 -0.239007
v 0.99843 1.5 -0.351983
v 1.239007 1.5 0.114546
v 1.351983 1.5 0.00157
v 1.239007 1.25 0.114546
v 1.351983 1.25 0.00157
v 0.885454 1.25 -0.239007
v 0.99843 1.25 -0.351983
v 1.239007 1.5 0.114546
v 1.351983 1.5 0.00157
v 1.239007 1.25 0.114546
v 1.351983 1.25 0.00157
v 0.99843 1.5 -0.351983
v 0.885454 1.5 -0.239007
v 0.99843 1.25 -0.351983
v 0.885454 1.25 -0.239007
vt 0.374023 0.481445
vt 0.510742 0.481445
vt 0.374023 0.394531
vt 0.510742 0.394531
vt 0.59082 0.410156
vt 0.458008 0.410156
vt 0.59082 0.328125
vt 0.458008 0.328125
vt 0.578125 0.394531
vt 0.714844 0.394531
vt 0.578125 0.3125
vt 0.714844 0.3125
vt 0.5625 0.484375
vt 0.699219 0.484375
vt 0.5625 0.398438
vt 0.699219 0.398438
vt 0.519531 0.421875
vt 0.65625 0.421875
vt 0.519531 0.339844
vt 0.65625 0.339844
vt 0.472656 0.399414
vt 0.609375 0.399414
vt 0.472656 0.285156
vt 0.609375 0.285156
vn 0.707107 0 -0.707107
vn 0.707107 0 -0.707107
vn 0.707107 0 -0.707107
vn 0.707107 0 -0.707107
vn -0.707107 0 0.707107
vn -0.707107 0 0.707107
vn -0.707107 0 0.707107
vn -0.707107 0 0.707107
vn 0 1 0
vn 0 1 0
vn 0 1 0
vn 0 1 0
vn 0 -1 0
vn 0 -1 0
vn 0 -1 0
vn 0 -1 0
vn 0.707107 0 0.707107
vn 0.707107 0 0.707107
vn 0.707107 0 0.707107
vn 0.707107 0 0.707107
vn -0.707107 0 -0.707107
vn -0.707107 0 -0.707107
vn -0.707107 0 -0.707107
vn -0.707107 0 -0.707107
f 1249/1249/1249 1251/1251/1251 1250/1250/1250
f 1251/1251/1251 1252/1252/1252 1250/1250/1250
f 1253/1253/1253 1255/1255/1255 1254/1254/1254
f 1255/1255/1255 1256/1256/1256 1254/1254/1254
f 1257/1257/1257 1259/1259/1259 1258/1258/1258
f 1259/1259/1259 1260/1260/1260 1258/1258/1258
f 1261/1261/1261 1263/1263/1263 1262/1262/1262
f 1263/1263/1263 1264/1264/1264 1262/1262/1262
f 1265/1265/1265 1267/1267/1267 1266/1266/1266
f 1267/1267/1267 1268/1268/1268 1266/1266/1266
f 1269/1269/1269 1271/1271/1271 1270/1270/1270
f 1271/1271/1271 1272/1272/1272 1270/1270/1270
o node_111_mesh_53_0
usemtl material_0
v 0.75 1.5 -0.295114
v 0.75 1.5 -0.454886
v 0.75 1.25 -0.295114
v 0.75 1.25 -0.454886
v 0.25 1.5 -0.454886
v 0.25 1.5 -0.295114
v 0.25 1.25 -0.454886
v 0.25 1.25 -0.295114
v 0.25 1.5 -0.454886
v 0.75 1.5 -0.454886
v 0.25 1.5 -0.295114
v 0.75 1.5 -0.295114
v 0.25 1.25 -0.295114
v 0.75 1.25 -0.295114
v 0.25 1.25 -0.454886
v 0.75 1.25 -0.454886
v 0.25 1.5 -0.295114
v 0.75 1.5 -0.295114
v 0.25 1.25 -0.295114
v 0.75 1.25 -0.295114
v 0.75 1.5 -0.454886
v 0.25 1.5 -0.454886
v 0.75 1.25 -0.454886
v 0.25 1.25 -0.454886
vt 0.541992 0.473633
vt 0.678711 0.473633
vt 0.541992 0.386719
vt 0.678711 0.386719
vt 0.758789 0.402344
vt 0.602539 0.402344
vt 0.758789 0.320313
vt 0.602539 0.320313
vt 0.746094 0.386719
vt 0.882813 0.386719
vt 0.746094 0.304688
vt 0.882813 0.304688
vt 0.753906 0.453125
vt 0.890625 0.453125
vt 0.753906 0.390625
vt 0.890625 0.390625
vt 0.664063 0.414063
vt 0.800781 0.414063
vt 0.664063 0.332031
vt 0.800781 0.332031
vt 0.617188 0.391602
vt 0.753906 0.391602
vt 0.617188 0.277344
vt 0.753906 0.277344
vn 1 0 0
vn 1 0 0
vn 1 0 0
vn 1 0 0
vn -1 0 0
vn -1 0 0
vn -1 0 0
vn -1 0 0
vn 0 1 0
vn 0 1 0
vn 0 1 0
vn 0 1 0
vn 0 -1 0
vn 0 -1 0
vn 0 -1 0
vn 0 -1 0
vn 0 0 1
vn 0 0 1
vn 0 0 1
vn 0 0 1
vn 0 0 -1
vn 0 0 -1
vn 0 0 -1
vn 0 0 -1
f 1273/1273/1273 1275/1275/1275 1274/1274/1274
f 1275/1275/1275 1276/1276/1276 1274/1274/1274
f 1277/1277/1277 1279/1279/1279 1278/1278/1278
f 1279/1279/1279 1280/1280/1280 1278/1278/1278
f 1281/1281/1281 1283/1283/1283 1282/1282/1282
f 1283/1283/1283 1284/1284/1284 1282/1282/1282
f 1285/1285/1285 1287/1287/1287 1286/1286/1286
f 1287/1287/1287 1288/1288/1288 1286/1286/1286
f 1289/1289/1289 1291/1291/1291 1290/1290/1290
f 1291/1291/1291 1292/1292/1292 1290/1290/1290
f 1293/1293/1293 1295/1295/1295 1294/1294/1294
f 1295/1295/1295 1296/1296/1296 1294/1294/1294
o node_113_mesh_54_0
usemtl material_0
v 0.114546 1.5 -0.239007
v 0.00157 1.5 -0.351983
v 0.114546 1.25 -0.239007
v 0.00157 1.25 -0.351983
v -0.351983 1.5 0.00157
v -0.239007 1.5 0.114546
v -0.351983 1.25 0.00157
v -0.239007 1.25 0.114546
v -0.351983 1.5 0.00157
v 0.00157 1.5 -0.351983
v -0.239007 1.5 0.114546
v 0.114546 1.5 -0.239007
v -0.239007 1.25 0.114546
v 0.114546 1.25 -0.239007
v -0.351983 1.25 0.00157
v 0.00157 1.25 -0.351983
v -0.239007 1.5 0.114546
v 0.114546 1.5 -0.239007
v -0.239007 1.25 0.114546
v 0.114546 1.25 -0.239007
v 0.00157 1.5 -0.351983
v -0.351983 1.5 0.00157
v 0.00157 1.25 -0.351983
v -0.351983 1.25 0.00157
vt 0.112305 0.696289
vt 0.249023 0.696289
vt 0.112305 0.609375
vt 0.249023 0.609375
vt 0.011719 0.625
vt 0.167969 0.625
vt 0.011719 0.542969
vt 0.167969 0.542969
vt 0.108398 0.609375
vt 0.245117 0.609375
vt 0.108398 0.527344
vt 0.245117 0.527344
vt 0.104492 0.675781
vt 0.241211 0.675781
vt 0.104492 0.613281
vt 0.241211 0.613281
vt 0.186523 0.636719
vt 0.323242 0.636719
vt 0.186523 0.554688
vt 0.323242 0.554688
vt 0.166992 0.614258
vt 0.303711 0.614258
vt 0.166992 0.5
vt 0.303711 0.5
vn 0.707107 0 -0.707107
vn 0.707107 0 -0.707107
vn 0.707107 0 -0.707107
vn 0.707107 0 -0.707107
vn -0.707107 0 0.707107
vn -0.707107 0 0.707107
vn -0.707107 0 0.707107
vn -0.707107 0 0.707107
vn 0 1 0
vn 0 1 0
vn 0 1 0
vn 0 1 0
vn 0 -1 0
vn 0 -1 0
vn 0 -1 0
vn 0 -1 0
vn 0.707107 0 0.707107
vn 0.707107 0 0.707107
vn 0.707107 0 0.707107
vn 0.707107 0 0.707107
vn -0.707107 0 -0.707107
vn -0.707107 0 -0.707107
vn -0.707107 0 -0.707107
vn -0.707107 0 -0.707107
f 1297/1297/1297 1299/1299/1299 1298/1298/1298
f 1299/1299/1299 1300/1300/1300 1298/1298/1298
f 1301/1301/1301 1303/1303/1303 1302/1302/1302
f 1303/1303/1303 1304/1304/1304 1302/1302/1302
f 1305/1305/1305 1307/1307/1307 1306/1306/1306
f 1307/1307/1307 1308/1308/1308 1306/1306/1306
f 1309/1309/1309 1311/1311/1311 1310/1310/1310
f 1311/1311/1311 1312/1312/1312 1310/1310/1310
f 1313/1313/1313 1315/1315/1315 1314/1314/1314
f 1315/1315/1315 1316/1316/1316 1314/1314/1314
f 1317/1317/1317 1319/1319/1319 1318/1318/1318
f 1319/1319/1319 1320/1320/1320 1318/1318/1318
o node_115_mesh_55_0
usemtl material_0
v -0.295114 1.5 0.75
v -0.295114 1.5 0.25
v -0.295114 1.25 0.75
v -0.295114 1.25 0.25
v -0.454886 1.5 0.25
v -0.454886 1.5 0.75
v -0.454886 1.25 0.25
v -0.454886 1.25 0.75
v -0.454886 1.5 0.25
v -0.295114 1.5 0.25
v -0.454886 1.5 0.75
v -0.295114 1.5 0.75
v -0.454886 1.25 0.75
v -0.295114 1.25 0.75
v -0.454886 1.25 0.25
v -0.295114 1.25 0.25
v -0.454886 1.5 0.75
v -0.295114 1.5 0.75
v -0.454886 1.25 0.75
v -0.295114 1.25 0.75
v -0.295114 1.5 0.25
v -0.454886 1.5 0.25
v -0.295114 1.25 0.25
v -0.454886 1.25 0.25
vt 0.475586 0.368164
vt 0.612305 0.368164
vt 0.475586 0.28125
vt 0.612305 0.28125
vt 0.692383 0.296875
vt 0.55957 0.296875
vt 0.692383 0.214844
vt 0.55957 0.214844
vt 0.679688 0.28125
vt 0.816406 0.28125
vt 0.679688 0.199219
vt 0.816406 0.199219
vt 0.664063 0.371094
vt 0.800781 0.371094
vt 0.664063 0.285156
vt 0.800781 0.285156
vt 0.621094 0.308594
vt 0.757813 0.308594
vt 0.621094 0.226563
vt 0.757813 0.226563
vt 0.574219 0.286133
vt 0.710938 0.286133
vt 0.574219 0.171875
vt 0.710938 0.171875
vn 1 0 0
vn 1 0 0
vn 1 0 0
vn 1 0 0
vn -1 0 0
vn -1 0 0
vn -1 0 0
vn -1 0 0
vn 0 1 0
vn 0 1 0
vn 0 1 0
vn 0 1 0
vn 0 -1 0
vn 0 -1 0
vn 0 -1 0
vn 0 -1 0
vn 0 0 1
vn 0 0 1
vn 0 0 1
vn 0 0 1
vn 0 0 -1
vn 0 0 -1
vn 0 0 -1
vn 0 0 -1
f 1321/1321/1321 1323/1323/1323 1322/1322/1322
f 1323/1323/1323 1324/1324/1324 1322/1322/1322
f 1325/1325/1325 1327/1327/1327 1326/1326/1326
f 1327/1327/1327 1328/1328/1328 1326/1326/1326
f 1329/1329/1329 1331/1331/1331 1330/1330/1330
f 1331/1331/1331 1332/1332/1332 1330/1330/1330
f 1333/1333/1333 1335/1335/1335 1334/1334/1334
f 1335/1335/1335 1336/1336/1336 1334/1334/1334
f 1337/1337/1337 1339/1339/1339 1338/1338/1338
f 1339/1339/1339 1340/1340/1340 1338/1338/1338
f 1341/1341/1341 1343/1343/1343 1342/1342/1342
f 1343/1343/1343 1344/1344/1344 1342/1342/1342
o node_117_mesh_56_0
usemtl material_0
v 0.114546 1.5 1.239007
v -0.239007 1.5 0.885454
v 0.114546 1.25 1.239007
v -0.239007 1.25 0.885454
v -0.351983 1.5 0.99843
v 0.00157 1.5 1.351983
v -0.351983 1.25 0.99843
v 0.00157 1.25 1.351983
v -0.351983 1.5 0.99843
v -0.239007 1.5 0.885454
v 0.00157 1.5 1.351983
v 0.114546 1.5 1.239007
v 0.00157 1.25 1.351983
v 0.114546 1.25 1.239007
v -0.351983 1.25 0.99843
v -0.239007 1.25 0.885454
v 0.00157 1.5 1.351983
v 0.114546 1.5 1.239007
v 0.00157 1.25 1.351983
v 0.114546 1.25 1.239007
v -0.239007 1.5 0.885454
v -0.351983 1.5 0.99843
v -0.239007 1.25 0.885454
v -0.351983 1.25 0.99843
vt 0.495117 0.375977
vt 0.631836 0.375977
vt 0.495117 0.289063
vt 0.631836 0.289063
vt 0.711914 0.304688
vt 0.579102 0.304688
vt 0.711914 0.222656
vt 0.579102 0.222656
vt 0.699219 0.289063
vt 0.835938 0.289063
vt 0.699219 0.207031
vt 0.835938 0.207031
vt 0.683594 0.378906
vt 0.820313 0.378906
vt 0.683594 0.292969
vt 0.820313 0.292969
vt 0.640625 0.316406
vt 0.777344 0.316406
vt 0.640625 0.234375
vt 0.777344 0.234375
vt 0.640625 0.325195
vt 0.777344 0.325195
vt 0.640625 0.210938
vt 0.777344 0.210938
vn 0.707107 0 -0.707107
vn 0.707107 0 -0.707107
vn 0.707107 0 -0.707107
vn 0.707107 0 -0.707107
vn -0.707107 0 0.707107
vn -0.707107 0 0.707107
vn -0.707107 0 0.707107
vn -0.707107 0 0.707107
vn 0 1 0
vn 0 1 0
vn 0 1 0
vn 0 1 0
vn 0 -1 0
vn 0 -1 0
vn 0 -1 0
vn 0 -1 0
vn 0.707107 0 0.707107
vn 0.707107 0 0.707107
vn 0.707107 0 0.707107
vn 0.707107 0 0.707107
vn -0.707107 0 -0.707107
vn -0.707107 0 -0.707107
vn -0.707107 0 -0.707107
vn -0.707107 0 -0.707107
f 1345/1345/1345 1347/1347/1347 1346/1346/1346
f 1347/1347/1347 1348/1348/1348 1346/1346/1346
f 1349/1349/1349 1351/1351/1351 1350/1350/1350
f 1351/1351/1351 1352/1352/1352 1350/1350/1350
f 1353/1353/1353 1355/1355/1355 1354/1354/1354
f 1355/1355/1355 1356/1356/1356 1354/1354/1354
f 1357/1357/1357 1359/1359/1359 1358/1358/1358
f 1359/1359/1359 1360/1360/1360 1358/1358/1358
f 1361/1361/1361 1363/1363/1363 1362/1362/1362
f 1363/1363/1363 1364/1364/1364 1362/1362/1362
f 1365/1365/1365 1367/1367/1367 1366/1366/1366
f 1367/1367/1367 1368/1368/1368 1366/1366/1366
o node_119_mesh_57_0
usemtl material_0
v 0.75 1.5 1.454886
v 0.75 1.5 1.295114
v 0.75 1.25 1.454886
v 0.75 1.25 1.295114
v 0.25 1.5 1.295114
v 0.25 1.5 1.454886
v 0.25 1.25 1.295114
v 0.25 1.25 1.454886
v 0.25 1.5 1.295114
v 0.75 1.5 1.295114
v 0.25 1.5 1.454886
v 0.75 1.5 1.454886
v 0.25 1.25 1.454886
v 0.75 1.25 1.454886
v 0.25 1.25 1.295114
v 0.75 1.25 1.295114
v 0.25 1.5 1.454886
v 0.75 1.5 1.454886
v 0.25 1.25 1.454886
v 0.75 1.25 1.454886
v 0.75 1.5 1.295114
v 0.25 1.5 1.295114
v 0.75 1.25 1.295114
v 0.25 1.25 1.295114
vt 0.311523 0.301758
vt 0.448242 0.301758
vt 0.311523 0.214844
vt 0.448242 0.214844
vt 0.210938 0.230469
vt 0.367188 0.230469
vt 0.210938 0.148438
vt 0.367188 0.148438
vt 0.307617 0.214844
vt 0.444336 0.214844
vt 0.307617 0.132813
vt 0.444336 0.132813
vt 0.303711 0.28125
vt 0.44043 0.28125
vt 0.303711 0.21875
vt 0.44043 0.21875
vt 0.385742 0.242188
vt 0.522461 0.242188
vt 0.385742 0.160156
vt 0.522461 0.160156
vt 0.366211 0.219727
vt 0.50293 0.219727
vt 0.366211 0.105469
vt 0.50293 0.105469
vn 1 0 0
vn 1 0 0
vn 1 0 0
vn 1 0 0
vn -1 0 0
vn -1 0 0
vn -1 0 0
vn -1 0 0
vn 0 1 0
vn 0 1 0
vn 0 1 0
vn 0 1 0
vn 0 -1 0
vn 0 -1 0
vn 0 -1 0
vn 0 -1 0
vn 0 0 1
vn 0 0 1
vn 0 0 1
vn 0 0 1
vn 0 0 -1
vn 0 0 -1
vn 0 0 -1
vn 0 0 -1
f 1369/1369/1369 1371/1371/1371 1370/1370/1370
f 1371/1371/1371 1372/1372/1372 1370/1370/1370
f 1373/1373/1373 1375/1375/1375 1374/1374/1374
f 1375/1375/1375 1376/1376/1376 1374/1374/1374
f 1377/1377/1377 1379/1379/1379 1378/1378/1378
f 1379/1379/1379 1380/1380/1380 1378/1378/1378
f 1381/1381/1381 1383/1383/1383 1382/1382/1382
f 1383/1383/1383 1384/1384/1384 1382/1382/1382
f 1385/1385/1385 1387/1387/1387 1386/1386/1386
f 1387/1387/1387 1388/1388/1388 1386/1386/1386
f 1389/1389/1389 1391/1391/1391 1390/1390/1390
f 1391/1391/1391 1392/1392/1392 1390/1390/1390
o node_121_mesh_58_0
usemtl material_0
v 1.402805 1.6875 0.396644
v 1.211463 1.6875 -0.065296
v 1.402805 1.5 0.396644
v 1.211463 1.5 -0.065296
v 1.063854 1.6875 -0.004154
v 1.255195 1.6875 0.457786
v 1.063854 1.5 -0.004154
v 1.255195 1.5 0.457786
v 1.063854 1.6875 -0.004154
v 1.211463 1.6875 -0.065296
v 1.255195 1.6875 0.457786
v 1.402805 1.6875 0.396644
v 1.255195 1.5 0.457786
v 1.402805 1.5 0.396644
v 1.063854 1.5 -0.004154
v 1.211463 1.5 -0.065296
v 1.255195 1.6875 0.457786
v 1.402805 1.6875 0.396644
v 1.255195 1.5 0.457786
v 1.402805 1.5 0.396644
v 1.211463 1.6875 -0.065296
v 1.063854 1.6875 -0.004154
v 1.211463 1.5 -0.065296
v 1.063854 1.5 -0.004154
vt 0.209961 0.34082
vt 0.34668 0.34082
vt 0.209961 0.257813
vt 0.34668 0.257813
vt 0.426758 0.234375
vt 0.293945 0.234375
vt 0.426758 0.152344
vt 0.293945 0.152344
vt 0.414063 0.21875
vt 0.550781 0.21875
vt 0.414063 0.136719
vt 0.550781 0.136719
vt 0.398438 0.308594
vt 0.535156 0.308594
vt 0.398438 0.222656
vt 0.535156 0.222656
vt 0.355469 0.246094
vt 0.492188 0.246094
vt 0.355469 0.167969
vt 0.492188 0.167969
vt 0.308594 0.223633
vt 0.445313 0.223633
vt 0.308594 0.113281
vt 0.445313 0.113281
vn 0.92388 0 -0.382683
vn 0.92388 0 -0.382683
vn 0.92388 0 -0.382683
vn 0.92388 0 -0.382683
vn -0.92388 0 0.382683
vn -0.92388 0 0.382683
vn -0.92388 0 0.382683
vn -0.92388 0 0.382683
vn 0 1 0
vn 0 1 0
vn 0 1 0
vn 0 1 0
vn 0 -1 0
vn 0 -1 0
vn 0 -1 0
vn 0 -1 0
vn 0.382683 0 0.92388
vn 0.382683 0 0.92388
vn 0.382683 0 0.92388
vn 0.382683 0 0.92388
vn -0.382683 0 -0.92388
vn -0.382683 0 -0.92388
vn -0.382683 0 -0.92388
vn -0.382683 0 -0.92388
f 1393/1393/1393 1395/1395/1395 1394/1394/1394
f 1395/1395/1395 1396/1396/1396 1394/1394/1394
f 1397/1397/1397 1399/1399/1399 1398/1398/1398
f 1399/1399/1399 1400/1400/1400 1398/1398/1398
f 1401/1401/1401 1403/1403/1403 1402/1402/1402
f 1403/1403/1403 1404/1404/1404 1402/1402/1402
f 1405/1405/1405 1407/1407/1407 1406/1406/1406
f 1407/1407/1407 1408/1408/1408 1406/1406/1406
f 1409/1409/1409 1411/1411/1411 1410/1410/1410
f 1411/1411/1411 1412/1412/1412 1410/1410/1410
f 1413/1413/1413 1415/1415/1415 1414/1414/1414
f 1415/1415/1415 1416/1416/1416 1414/1414/1414
o node_123_mesh_59_0
usemtl material_0
v -0.063854 1.6875 1.004154
v -0.255195 1.6875 0.542214
v -0.063854 1.5 1.004154
v -0.255195 1.5 0.542214
v -0.402805 1.6875 0.603356
v -0.211463 1.6875 1.065296
v -0.402805 1.5 0.603356
v -0.211463 1.5 1.065296
v -0.402805 1.6875 0.603356
v -0.255195 1.6875 0.542214
v -0.211463 1.6875 1.065296
v -0.063854 1.6875 1.004154
v -0.211463 1.5 1.065296
v -0.063854 1.5 1.004154
v -0.402805 1.5 0.603356
v -0.255195 1.5 0.542214
v -0.211463 1.6875 1.065296
v -0.063854 1.6875 1.004154
v -0.211463 1.5 1.065296
v -0.063854 1.5 1.004154
v -0.255195 1.6875 0.542214
v -0.402805 1.6875 0.603356
v -0.255195 1.5 0.542214
v -0.402805 1.5 0.603356
vt 0.237305 0.80957
vt 0.374023 0.80957
vt 0.237305 0.726563
vt 0.374023 0.726563
vt 0.454102 0.738281
vt 0.321289 0.738281
vt 0.454102 0.65625
vt 0.321289 0.65625
vt 0.441406 0.722656
vt 0.578125 0.722656
vt 0.441406 0.640625
vt 0.578125 0.640625
vt 0.425781 0.8125
vt 0.5625 0.8125
vt 0.425781 0.726563
vt 0.5625 0.726563
vt 0.382813 0.75
vt 0.519531 0.75
vt 0.382813 0.671875
vt 0.519531 0.671875
vt 0.335938 0.727539
vt 0.472656 0.727539
vt 0.335938 0.617188
vt 0.472656 0.617188
vn 0.92388 0 -0.382683
vn 0.92388 0 -0.382683
vn 0.92388 0 -0.382683
vn 0.92388 0 -0.382683
vn -0.92388 0 0.382683
vn -0.92388 0 0.382683
vn -0.92388 0 0.382683
vn -0.92388 0 0.382683
vn 0 1 0
vn 0 1 0
vn 0 1 0
vn 0 1 0
vn 0 -1 0
vn 0 -1 0
vn 0 -1 0
vn 0 -1 0
vn 0.382683 0 0.92388
vn 0.382683 0 0.92388
vn 0.382683 0 0.92388
vn 0.382683 0 0.92388
vn -0.382683 0 -0.92388
vn -0.382683 0 -0.92388
vn -0.382683 0 -0.92388
vn -0.382683 0 -0.92388
f 1417/1417/1417 1419/1419/1419 1418/1418/1418
f 1419/1419/1419 1420/1420/1420 1418/1418/1418
f 1421/1421/1421 1423/1423/1423 1422/1422/1422
f 1423/1423/1423 1424/1424/1424 1422/1422/1422
f 1425/1425/1425 1427/1427/1427 1426/1426/1426
f 1427/1427/1427 1428/1428/1428 1426/1426/1426
f 1429/1429/1429 1431/1431/1431 1430/1430/1430
f 1431/1431/1431 1432/1432/1432 1430/1430/1430
f 1433/1433/1433 1435/1435/1435 1434/1434/1434
f 1435/1435/1435 1436/1436/1436 1434/1434/1434
f 1437/1437/1437 1439/1439/1439 1438/1438/1438
f 1439/1439/1439 1440/1440/1440 1438/1438/1438
o node_125_mesh_60_0
usemtl material_0
v 1.004154 1.6875 -0.063854
v 1.065296 1.6875 -0.211463
v 1.004154 1.5 -0.063854
v 1.065296 1.5 -0.211463
v 0.603356 1.6875 -0.402805
v 0.542214 1.6875 -0.255195
v 0.603356 1.5 -0.402805
v 0.542214 1.5 -0.255195
v 0.603356 1.6875 -0.402805
v 1.065296 1.6875 -0.211463
v 0.542214 1.6875 -0.255195
v 1.004154 1.6875 -0.063854
v 0.542214 1.5 -0.255195
v 1.004154 1.5 -0.063854
v 0.603356 1.5 -0.402805
v 1.065296 1.5 -0.211463
v 0.542214 1.6875 -0.255195
v 1.004154 1.6875 -0.063854
v 0.542214 1.5 -0.255195
v 1.004154 1.5 -0.063854
v 1.065296 1.6875 -0.211463
v 0.603356 1.6875 -0.402805
v 1.065296 1.5 -0.211463
v 0.603356 1.5 -0.402805
vt 0.612305 0.801758
vt 0.749023 0.801758
vt 0.612305 0.71875
vt 0.749023 0.71875
vt 0.829102 0.730469
vt 0.672852 0.730469
vt 0.829102 0.648438
vt 0.672852 0.648438
vt 0.816406 0.714844
vt 0.953125 0.714844
vt 0.816406 0.632813
vt 0.953125 0.632813
vt 0.824219 0.78125
vt 0.960938 0.78125
vt 0.824219 0.71875
vt 0.960938 0.71875
vt 0.734375 0.742188
vt 0.871094 0.742188
vt 0.734375 0.664063
vt 0.871094 0.664063
vt 0.6875 0.719727
vt 0.824219 0.719727
vt 0.6875 0.609375
vt 0.824219 0.609375
vn 0.92388 0 0.382683
vn 0.92388 0 0.382683
vn 0.92388 0 0.382683
vn 0.92388 0 0.382683
vn -0.92388 0 -0.382683
vn -0.92388 0 -0.382683
vn -0.92388 0 -0.382683
vn -0.92388 0 -0.382683
vn 0 1 0
vn 0 1 0
vn 0 1 0
vn 0 1 0
vn 0 -1 0
vn 0 -1 0
vn 0 -1 0
vn 0 -1 0
vn -0.382683 0 0.92388
vn -0.382683 0 0.92388
vn -0.382683 0 0.92388
vn -0.382683 0 0.92388
vn 0.382683 0 -0.92388
vn 0.382683 0 -0.92388
vn 0.382683 0 -0.92388
vn 0.382683 0 -0.92388
f 1441/1441/1441 1443/1443/1443 1442/1442/1442
f 1443/1443/1443 1444/1444/1444 1442/1442/1442
f 1445/1445/1445 1447/1447/1447 1446/1446/1446
f 1447/1447/1447 1448/1448/1448 1446/1446/1446
f 1449/1449/1449 1451/1451/1451 1450/1450/1450
f 1451/1451/1451 1452/1452/1452 1450/1450/1450
f 1453/1453/1453 1455/1455/1455 1454/1454/1454
f 1455/1455/1455 1456/1456/1456 1454/1454/1454
f 1457/1457/1457 1459/1459/1459 1458/1458/1458
f 1459/1459/1459 1460/1460/1460 1458/1458/1458
f 1461/1461/1461 1463/1463/1463 1462/1462/1462
f 1463/1463/1463 1464/1464/1464 1462/1462/1462
o node_127_mesh_61_0
usemtl material_0
v 0.457786 1.6875 -0.255195
v 0.396644 1.6875 -0.402805
v 0.457786 1.5 -0.255195
v 0.396644 1.5 -0.402805
v -0.065296 1.6875 -0.211463
v -0.004154 1.6875 -0.063854
v -0.065296 1.5 -0.211463
v -0.004154 1.5 -0.063854
v -0.065296 1.6875 -0.211463
v 0.396644 1.6875 -0.402805
v -0.004154 1.6875 -0.063854
v 0.457786 1.6875 -0.255195
v -0.004154 1.5 -0.063854
v 0.457786 1.5 -0.255195
v -0.065296 1.5 -0.211463
v 0.396644 1.5 -0.402805
v -0.004154 1.6875 -0.063854
v 0.457786 1.6875 -0.255195
v -0.004154 1.5 -0.063854
v 0.457786 1.5 -0.255195
v 0.396644 1.6875 -0.402805
v -0.065296 1.6875 -0.211463
v 0.396644 1.5 -0.402805
v -0.065296 1.5 -0.211463
vt 0.612305 0.547852
vt 0.749023 0.547852
vt 0.612305 0.464844
vt 0.749023 0.464844
vt 0.829102 0.476563
vt 0.672852 0.476563
vt 0.829102 0.394531
vt 0.672852 0.394531
vt 0.816406 0.460938
vt 0.953125 0.460938
vt 0.816406 0.378906
vt 0.953125 0.378906
vt 0.824219 0.527344
vt 0.960938 0.527344
vt 0.824219 0.464844
vt 0.960938 0.464844
vt 0.734375 0.488281
vt 0.871094 0.488281
vt 0.734375 0.410156
vt 0.871094 0.410156
vt 0.6875 0.46582
vt 0.824219 0.46582
vt 0.6875 0.355469
vt 0.824219 0.355469
vn 0.92388 0 -0.382683
vn 0.92388 0 -0.382683
vn 0.92388 0 -0.382683
vn 0.92388 0 -0.382683
vn -0.92388 0 0.382683
vn -0.92388 0 0.382683
vn -0.92388 0 0.382683
vn -0.92388 0 0.382683
vn 0 1 0
vn 0 1 0
vn 0 1 0
vn 0 1 0
vn 0 -1 0
vn 0 -1 0
vn 0 -1 0
vn 0 -1 0
vn 0.382683 0 0.92388
vn 0.382683 0 0.92388
vn 0.382683 0 0.92388
vn 0.382683 0 0.92388
vn -0.382683 0 -0.92388
vn -0.382683 0 -0.92388
vn -0.382683 0 -0.92388
vn -0.382683 0 -0.92388
f 1465/1465/1465 1467/1467/1467 1466/1466/1466
f 1467/1467/1467 1468/1468/1468 1466/1466/1466
f 1469/1469/1469 1471/1471/1471 1470/1470/1470
f 1471/1471/1471 1472/1472/1472 1470/1470/1470
f 1473/1473/1473 1475/1475/1475 1474/1474/1474
f 1475/1475/1475 1476/1476/1476 1474/1474/1474
f 1477/1477/1477 1479/1479/1479 1478/1478/1478
f 1479/1479/1479 1480/1480/1480 1478/1478/1478
f 1481/1481/1481 1483/1483/1483 1482/1482/1482
f 1483/1483/1483 1484/1484/1484 1482/1482/1482
f 1485/1485/1485 1487/1487/1487 1486/1486/1486
f 1487/1487/1487 1488/1488/1488 1486/1486/1486
o node_129_mesh_62_0
usemtl material_0
v -0.255195 1.6875 0.457786
v -0.063854 1.6875 -0.004154
v -0.255195 1.5 0.457786
v -0.063854 1.5 -0.004154
v -0.211463 1.6875 -0.065296
v -0.402805 1.6875 0.396644
v -0.211463 1.5 -0.065296
v -0.402805 1.5 0.396644
v -0.211463 1.6875 -0.065296
v -0.063854 1.6875 -0.004154
v -0.402805 1.6875 0.396644
v -0.255195 1.6875 0.457786
v -0.402805 1.5 0.396644
v -0.255195 1.5 0.457786
v -0.211463 1.5 -0.065296
v -0.063854 1.5 -0.004154
v -0.402805 1.6875 0.396644
v -0.255195 1.6875 0.457786
v -0.402805 1.5 0.396644
v -0.255195 1.5 0.457786
v -0.063854 1.6875 -0.004154
v -0.211463 1.6875 -0.065296
v -0.063854 1.5 -0.004154
v -0.211463 1.5 -0.065296
vt 0.526367 0.301758
vt 0.663086 0.301758
vt 0.526367 0.21875
vt 0.663086 0.21875
vt 0.743164 0.230469
vt 0.610352 0.230469
vt 0.743164 0.148438
vt 0.610352 0.148438
vt 0.730469 0.214844
vt 0.867188 0.214844
vt 0.730469 0.132813
vt 0.867188 0.132813
vt 0.714844 0.304688
vt 0.851563 0.304688
vt 0.714844 0.21875
vt 0.851563 0.21875
vt 0.671875 0.242188
vt 0.808594 0.242188
vt 0.671875 0.164063
vt 0.808594 0.164063
vt 0.671875 0.250977
vt 0.808594 0.250977
vt 0.671875 0.140625
vt 0.808594 0.140625
vn 0.92388 0 0.382683
vn 0.92388 0 0.382683
vn 0.92388 0 0.382683
vn 0.92388 0 0.382683
vn -0.92388 0 -0.382683
vn -0.92388 0 -0.382683
vn -0.92388 0 -0.382683
vn -0.92388 0 -0.382683
vn 0 1 0
vn 0 1 0
vn 0 1 0
vn 0 1 0
vn 0 -1 0
vn 0 -1 0
vn 0 -1 0
vn 0 -1 0
vn -0.382683 0 0.92388
vn -0.382683 0 0.92388
vn -0.382683 0 0.92388
vn -0.382683 0 0.92388
vn 0.382683 0 -0.92388
vn 0.382683 0 -0.92388
vn 0.382683 0 -0.92388
vn 0.382683 0 -0.92388
f 1489/1489/1489 1491/1491/1491 1490/1490/1490
f 1491/1491/1491 1492/1492/1492 1490/1490/1490
f 1493/1493/1493 1495/1495/1495 1494/1494/1494
f 1495/1495/1495 1496/1496/1496 1494/1494/1494
f 1497/1497/1497 1499/1499/1499 1498/1498/1498
f 1499/1499/1499 1500/1500/1500 1498/1498/1498
f 1501/1501/1501 1503/1503/1503 1502/1502/1502
f 1503/1503/1503 1504/1504/1504 1502/1502/1502
f 1505/1505/1505 1507/1507/1507 1506/1506/1506
f 1507/1507/1507 1508/1508/1508 1506/1506/1506
f 1509/1509/1509 1511/1511/1511 1510/1510/1510
f 1511/1511/1511 1512/1512/1512 1510/1510/1510
o node_131_mesh_63_0
usemtl material_0
v 0.396644 1.6875 1.402805
v 0.457786 1.6875 1.255195
v 0.396644 1.5 1.402805
v 0.457786 1.5 1.255195
v -0.004154 1.6875 1.063854
v -0.065296 1.6875 1.211463
v -0.004154 1.5 1.063854
v -0.065296 1.5 1.211463
v -0.004154 1.6875 1.063854
v 0.457786 1.6875 1.255195
v -0.065296 1.6875 1.211463
v 0.396644 1.6875 1.402805
v -0.065296 1.5 1.211463
v 0.396644 1.5 1.402805
v -0.004154 1.5 1.063854
v 0.457786 1.5 1.255195
v -0.065296 1.6875 1.211463
v 0.396644 1.6875 1.402805
v -0.065296 1.5 1.211463
v 0.396644 1.5 1.402805
v 0.457786 1.6875 1.255195
v -0.004154 1.6875 1.063854
v 0.457786 1.5 1.255195
v -0.004154 1.5 1.063854
vt 0.338867 0.375977
vt 0.475586 0.375977
vt 0.338867 0.292969
vt 0.475586 0.292969
vt 0.238281 0.304688
vt 0.394531 0.304688
vt 0.238281 0.222656
vt 0.394531 0.222656
vt 0.334961 0.289063
vt 0.47168 0.289063
vt 0.334961 0.207031
vt 0.47168 0.207031
vt 0.331055 0.355469
vt 0.467773 0.355469
vt 0.331055 0.292969
vt 0.467773 0.292969
vt 0.413086 0.316406
vt 0.549805 0.316406
vt 0.413086 0.238281
vt 0.549805 0.238281
vt 0.393555 0.293945
vt 0.530273 0.293945
vt 0.393555 0.183594
vt 0.530273 0.183594
vn 0.92388 0 0.382683
vn 0.92388 0 0.382683
vn 0.92388 0 0.382683
vn 0.92388 0 0.382683
vn -0.92388 0 -0.382683
vn -0.92388 0 -0.382683
vn -0.92388 0 -0.382683
vn -0.92388 0 -0.382683
vn 0 1 0
vn 0 1 0
vn 0 1 0
vn 0 1 0
vn 0 -1 0
vn 0 -1 0
vn 0 -1 0
vn 0 -1 0
vn -0.382683 0 0.92388
vn -0.382683 0 0.92388
vn -0.382683 0 0.92388
vn -0.382683 0 0.92388
vn 0.382683 0 -0.92388
vn 0.382683 0 -0.92388
vn 0.382683 0 -0.92388
vn 0.382683 0 -0.92388
f 1513/1513/1513 1515/1515/1515 1514/1514/1514
f 1515/1515/1515 1516/1516/1516 1514/1514/1514
f 1517/1517/1517 1519/1519/1519 1518/1518/1518
f 1519/1519/1519 1520/1520/1520 1518/1518/1518
f 1521/1521/1521 1523/1523/1523 1522/1522/1522
f 1523/1523/1523 1524/1524/1524 1522/1522/1522
f 1525/1525/1525 1527/1527/1527 1526/1526/1526
f 1527/1527/1527 1528/1528/1528 1526/1526/1526
f 1529/1529/1529 1531/1531/1531 1530/1530/1530
f 1531/1531/1531 1532/1532/1532 1530/1530/1530
f 1533/1533/1533 1535/1535/1535 1534/1534/1534
f 1535/1535/1535 1536/1536/1536 1534/1534/1534
o node_133_mesh_64_0
usemtl material_0
v 1.065296 1.6875 1.211463
v 1.004154 1.6875 1.063854
v 1.065296 1.5 1.211463
v 1.004154 1.5 1.063854
v 0.542214 1.6875 1.255195
v 0.603356 1.6875 1.402805
v 0.542214 1.5 1.255195
v 0.603356 1.5 1.402805
v 0.542214 1.6875 1.255195
v 1.004154 1.6875 1.063854
v 0.603356 1.6875 1.402805
v 1.065296 1.6875 1.211463
v 0.603356 1.5 1.402805
v 1.065296 1.5 1.211463
v 0.542214 1.5 1.255195
v 1.004154 1.5 1.063854
v 0.603356 1.6875 1.402805
v 1.065296 1.6875 1.211463
v 0.603356 1.5 1.402805
v 1.065296 1.5 1.211463
v 1.004154 1.6875 1.063854
v 0.542214 1.6875 1.255195
v 1.004154 1.5 1.063854
v 0.542214 1.5 1.255195
vt 0.424805 0.325195
vt 0.561523 0.325195
vt 0.424805 0.242188
vt 0.561523 0.242188
vt 0.324219 0.253906
vt 0.480469 0.253906
vt 0.324219 0.171875
vt 0.480469 0.171875
vt 0.420898 0.238281
vt 0.557617 0.238281
vt 0.420898 0.15625
vt 0.557617 0.15625
vt 0.416992 0.304688
vt 0.553711 0.304688
vt 0.416992 0.242188
vt 0.553711 0.242188
vt 0.499023 0.265625
vt 0.635742 0.265625
vt 0.499023 0.1875
vt 0.635742 0.1875
vt 0.479492 0.243164
vt 0.616211 0.243164
vt 0.479492 0.132813
vt 0.616211 0.132813
vn 0.92388 0 -0.382683
vn 0.92388 0 -0.382683
vn 0.92388 0 -0.382683
vn 0.92388 0 -0.382683
vn -0.92388 0 0.382683
vn -0.92388 0 0.382683
vn -0.92388 0 0.382683
vn -0.92388 0 0.382683
vn 0 1 0
vn 0 1 0
vn 0 1 0
vn 0 1 0
vn 0 -1 0
vn 0 -1 0
vn 0 -1 0
vn 0 -1 0
vn 0.382683 0 0.92388
vn 0.382683 0 0.92388
vn 0.382683 0 0.92388
vn 0.382683 0 0.92388
vn -0.382683 0 -0.92388
vn -0.382683 0 -0.92388
vn -0.382683 0 -0.92388
vn -0.382683 0 -0.92388
f 1537/1537/1537 1539/1539/1539 1538/1538/1538
f 1539/1539/1539 1540/1540/1540 1538/1538/1538
f 1541/1541/1541 1543/1543/1543 1542/1542/1542
f 1543/1543/1543 1544/1544/1544 1542/1542/1542
f 1545/1545/1545 1547/1547/1547 1546/1546/1546
f 1547/1547/1547 1548/1548/1548 1546/1546/1546
f 1549/1549/1549 1551/1551/1551 1550/1550/1550
f 1551/1551/1551 1552/1552/1552 1550/1550/1550
f 1553/1553/1553 1555/1555/1555 1554/1554/1554
f 1555/1555/1555 1556/1556/1556 1554/1554/1554
f 1557/1557/1557 1559/1559/1559 1558/1558/1558
f 1559/1559/1559 1560/1560/1560 1558/1558/1558
o node_135_mesh_65_0
usemtl material_0
v 1.211463 1.6875 1.065296
v 1.402805 1.6875 0.603356
v 1.211463 1.5 1.065296
v 1.402805 1.5 0.603356
v 1.255195 1.6875 0.542214
v 1.063854 1.6875 1.004154
v 1.255195 1.5 0.542214
v 1.063854 1.5 1.004154
v 1.255195 1.6875 0.542214
v 1.402805 1.6875 0.603356
v 1.063854 1.6875 1.004154
v 1.211463 1.6875 1.065296
v 1.063854 1.5 1.004154
v 1.211463 1.5 1.065296
v 1.255195 1.5 0.542214
v 1.402805 1.5 0.603356
v 1.063854 1.6875 1.004154
v 1.211463 1.6875 1.065296
v 1.063854 1.5 1.004154
v 1.211463 1.5 1.065296
v 1.402805 1.6875 0.603356
v 1.255195 1.6875 0.542214
v 1.402805 1.5 0.603356
v 1.255195 1.5 0.542214
vt 0.530273 0.301758
vt 0.666992 0.301758
vt 0.530273 0.21875
vt 0.666992 0.21875
vt 0.74707 0.230469
vt 0.614258 0.230469
vt 0.74707 0.148438
vt 0.614258 0.148438
vt 0.734375 0.214844
vt 0.871094 0.214844
vt 0.734375 0.132813
vt 0.871094 0.132813
vt 0.71875 0.304688
vt 0.855469 0.304688
vt 0.71875 0.21875
vt 0.855469 0.21875
vt 0.675781 0.242188
vt 0.8125 0.242188
vt 0.675781 0.164063
vt 0.8125 0.164063
vt 0.691406 0.137695
vt 0.828125 0.137695
vt 0.691406 0.027344
vt 0.828125 0.027344
vn 0.92388 0 0.382683
vn 0.92388 0 0.382683
vn 0.92388 0 0.382683
vn 0.92388 0 0.382683
vn -0.92388 0 -0.382683
vn -0.92388 0 -0.382683
vn -0.92388 0 -0.382683
vn -0.92388 0 -0.382683
vn 0 1 0
vn 0 1 0
vn 0 1 0
vn 0 1 0
vn 0 -1 0
vn 0 -1 0
vn 0 -1 0
vn 0 -1 0
vn -0.382683 0 0.92388
vn -0.382683 0 0.92388
vn -0.382683 0 0.92388
vn -0.382683 0 0.92388
vn 0.382683 0 -0.92388
vn 0.382683 0 -0.92388
vn 0.382683 0 -0.92388
vn 0.382683 0 -0.92388
f 1561/1561/1561 1563/1563/1563 1562/1562/1562
f 1563/1563/1563 1564/1564/1564 1562/1562/1562
f 1565/1565/1565 1567/1567/1567 1566/1566/1566
f 1567/1567/1567 1568/1568/1568 1566/1566/1566
f 1569/1569/1569 1571/1571/1571 1570/1570/1570
f 1571/1571/1571 1572/1572/1572 1570/1570/1570
f 1573/1573/1573 1575/1575/1575 1574/1574/1574
f 1575/1575/1575 1576/1576/1576 1574/1574/1574
f 1577/1577/1577 1579/1579/1579 1578/1578/1578
f 1579/1579/1579 1580/1580/1580 1578/1578/1578
f 1581/1581/1581 1583/1583/1583 1582/1582/1582
f 1583/1583/1583 1584/1584/1584 1582/1582/1582
o node_137_mesh_66_0
usemtl material_0
v 1.642386 0.254687 0.84375
v 1.642386 0.254687 0.15625
v 1.642386 0.004687 0.84375
v 1.642386 0.004687 0.15625
v 1.607614 0.254687 0.15625
v 1.607614 0.254687 0.84375
v 1.607614 0.004687 0.15625
v 1.607614 0.004687 0.84375
v 1.607614 0.254687 0.15625
v 1.642386 0.254687 0.15625
v 1.607614 0.254687 0.84375
v 1.642386 0.254687 0.84375
v 1.607614 0.004687 0.84375
v 1.642386 0.004687 0.84375
v 1.607614 0.004687 0.15625
v 1.642386 0.004687 0.15625
v 1.607614 0.254687 0.84375
v 1.642386 0.254687 0.84375
v 1.607614 0.004687 0.84375
v 1.642386 0.004687 0.84375
v 1.642386 0.254687 0.15625
v 1.607614 0.254687 0.15625
v 1.642386 0.004687 0.15625
v 1.607614 0.004687 0.15625
vt 0.405273 0.297852
vt 0.541992 0.297852
vt 0.405273 0.210938
vt 0.541992 0.210938
vt 0.625977 0.226563
vt 0.504883 0.226563
vt 0.625977 0.144531
vt 0.504883 0.144531
vt 0.558594 0.210938
vt 0.695313 0.210938
vt 0.558594 0.128906
vt 0.695313 0.128906
vt 0.523438 0.3125
vt 0.660156 0.3125
vt 0.523438 0.214844
vt 0.660156 0.214844
vt 0.566406 0.238281
vt 0.703125 0.238281
vt 0.566406 0.15625
vt 0.703125 0.15625
vt 0.515625 0.21582
vt 0.652344 0.21582
vt 0.515625 0.101563
vt 0.652344 0.101563
vn 1 0 0
vn 1 0 0
vn 1 0 0
vn 1 0 0
vn -1 0 0
vn -1 0 0
vn -1 0 0
vn -1 0 0
vn 0 1 0
vn 0 1 0
vn 0 1 0
vn 0 1 0
vn 0 -1 0
vn 0 -1 0
vn 0 -1 0
vn 0 -1 0
vn 0 0 1
vn 0 0 1
vn 0 0 1
vn 0 0 1
vn 0 0 -1
vn 0 0 -1
vn 0 0 -1
vn 0 0 -1
f 1585/1585/1585 1587/1587/1587 1586/1586/1586
f 1587/1587/1587 1588/1588/1588 1586/1586/1586
f 1589/1589/1589 1591/1591/1591 1590/1590/1590
f 1591/1591/1591 1592/1592/1592 1590/1590/1590
f 1593/1593/1593 1595/1595/1595 1594/1594/1594
f 1595/1595/1595 1596/1596/1596 1594/1594/1594
f 1597/1597/1597 1599/1599/1599 1598/1598/1598
f 1599/1599/1599 1600/1600/1600 1598/1598/1598
f 1601/1601/1601 1603/1603/1603 1602/1602/1602
f 1603/1603/1603 1604/1604/1604 1602/1602/1602
f 1605/1605/1605 1607/1607/1607 1606/1606/1606
f 1607/1607/1607 1608/1608/1608 1606/1606/1606
o node_139_mesh_67_0
usemtl material_0
v 1.550857 0.254687 -0.064721
v 1.064721 0.254687 -0.550857
v 1.550857 0.004687 -0.064721
v 1.064721 0.004687 -0.550857
v 1.040133 0.254687 -0.526269
v 1.526269 0.254687 -0.040133
v 1.040133 0.004687 -0.526269
v 1.526269 0.004687 -0.040133
v 1.040133 0.254687 -0.526269
v 1.064721 0.254687 -0.550857
v 1.526269 0.254687 -0.040133
v 1.550857 0.254687 -0.064721
v 1.526269 0.004687 -0.040133
v 1.550857 0.004687 -0.064721
v 1.040133 0.004687 -0.526269
v 1.064721 0.004687 -0.550857
v 1.526269 0.254687 -0.040133
v 1.550857 0.254687 -0.064721
v 1.526269 0.004687 -0.040133
v 1.550857 0.004687 -0.064721
v 1.064721 0.254687 -0.550857
v 1.040133 0.254687 -0.526269
v 1.064721 0.004687 -0.550857
v 1.040133 0.004687 -0.526269
vt 0.151367 0.297852
vt 0.288086 0.297852
vt 0.151367 0.210938
vt 0.288086 0.210938
vt 0.37207 0.226563
vt 0.250977 0.226563
vt 0.37207 0.144531
vt 0.250977 0.144531
vt 0.304688 0.210938
vt 0.441406 0.210938
vt 0.304688 0.128906
vt 0.441406 0.128906
vt 0.269531 0.3125
vt 0.40625 0.3125
vt 0.269531 0.214844
vt 0.40625 0.214844
vt 0.3125 0.238281
vt 0.449219 0.238281
vt 0.3125 0.15625
vt 0.449219 0.15625
vt 0.261719 0.21582
vt 0.398438 0.21582
vt 0.261719 0.101563
vt 0.398438 0.101563
vn 0.707107 0 -0.707107
vn 0.707107 0 -0.707107
vn 0.707107 0 -0.707107
vn 0.707107 0 -0.707107
vn -0.707107 0 0.707107
vn -0.707107 0 0.707107
vn -0.707107 0 0.707107
vn -0.707107 0 0.707107
vn 0 1 0
vn 0 1 0
vn 0 1 0
vn 0 1 0
vn 0 -1 0
vn 0 -1 0
vn 0 -1 0
vn 0 -1 0
vn 0.707107 0 0.707107
vn 0.707107 0 0.707107
vn 0.707107 0 0.707107
vn 0.707107 0 0.707107
vn -0.707107 0 -0.707107
vn -0.707107 0 -0.707107
vn -0.707107 0 -0.707107
vn -0.707107 0 -0.707107
f 1609/1609/1609 1611/1611/1611 1610/1610/1610
f 1611/1611/1611 1612/1612/1612 1610/1610/1610
f 1613/1613/1613 1615/1615/1615 1614/1614/1614
f 1615/1615/1615 1616/1616/1616 1614/1614/1614
f 1617/1617/1617 1619/1619/1619 1618/1618/1618
f 1619/1619/1619 1620/1620/1620 1618/1618/1618
f 1621/1621/1621 1623/1623/1623 1622/1622/1622
f 1623/1623/1623 1624/1624/1624 1622/1622/1622
f 1625/1625/1625 1627/1627/1627 1626/1626/1626
f 1627/1627/1627 1628/1628/1628 1626/1626/1626
f 1629/1629/1629 1631/1631/1631 1630/1630/1630
f 1631/1631/1631 1632/1632/1632 1630/1630/1630
o node_141_mesh_68_0
usemtl material_0
v -0.040133 0.254687 -0.526269
v -0.064721 0.254687 -0.550857
v -0.040133 0.004687 -0.526269
v -0.064721 0.004687 -0.550857
v -0.550857 0.254687 -0.064721
v -0.526269 0.254687 -0.040133
v -0.550857 0.004687 -0.064721
v -0.526269 0.004687 -0.040133
v -0.550857 0.254687 -0.064721
v -0.064721 0.254687 -0.550857
v -0.526269 0.254687 -0.040133
v -0.040133 0.254687 -0.526269
v -0.526269 0.004687 -0.040133
v -0.040133 0.004687 -0.526269
v -0.550857 0.004687 -0.064721
v -0.064721 0.004687 -0.550857
v -0.526269 0.254687 -0.040133
v -0.040133 0.254687 -0.526269
v -0.526269 0.004687 -0.040133
v -0.040133 0.004687 -0.526269
v -0.064721 0.254687 -0.550857
v -0.550857 0.254687 -0.064721
v -0.064721 0.004687 -0.550857
v -0.550857 0.004687 -0.064721
vt 0.170898 0.77832
vt 0.307617 0.77832
vt 0.170898 0.691406
vt 0.307617 0.691406
vt 0.391602 0.707031
vt 0.227539 0.707031
vt 0.391602 0.625
vt 0.227539 0.625
vt 0.378906 0.742188
vt 0.515625 0.742188
vt 0.378906 0.660156
vt 0.515625 0.660156
vt 0.398438 0.75
vt 0.535156 0.75
vt 0.398438 0.695313
vt 0.535156 0.695313
vt 0.289063 0.71875
vt 0.425781 0.71875
vt 0.289063 0.636719
vt 0.425781 0.636719
vt 0.238281 0.696289
vt 0.375 0.696289
vt 0.238281 0.582031
vt 0.375 0.582031
vn 0.707107 0 -0.707107
vn 0.707107 0 -0.707107
vn 0.707107 0 -0.707107
vn 0.707107 0 -0.707107
vn -0.707107 0 0.707107
vn -0.707107 0 0.707107
vn -0.707107 0 0.707107
vn -0.707107 0 0.707107
vn 0 1 0
vn 0 1 0
vn 0 1 0
vn 0 1 0
vn 0 -1 0
vn 0 -1 0
vn 0 -1 0
vn 0 -1 0
vn 0.707107 0 0.707107
vn 0.707107 0 0.707107
vn 0.707107 0 0.707107
vn 0.707107 0 0.707107
vn -0.707107 0 -0.707107
vn -0.707107 0 -0.707107
vn -0.707107 0 -0.707107
vn -0.707107 0 -0.707107
f 1633/1633/1633 1635/1635/1635 1634/1634/1634
f 1635/1635/1635 1636/1636/1636 1634/1634/1634
f 1637/1637/1637 1639/1639/1639 1638/1638/1638
f 1639/1639/1639 1640/1640/1640 1638/1638/1638
f 1641/1641/1641 1643/1643/1643 1642/1642/1642
f 1643/1643/1643 1644/1644/1644 1642/1642/1642
f 1645/1645/1645 1647/1647/1647 1646/1646/1646
f 1647/1647/1647 1648/1648/1648 1646/1646/1646
f 1649/1649/1649 1651/1651/1651 1650/1650/1650
f 1651/1651/1651 1652/1652/1652 1650/1650/1650
f 1653/1653/1653 1655/1655/1655 1654/1654/1654
f 1655/1655/1655 1656/1656/1656 1654/1654/1654
o node_143_mesh_69_0
usemtl material_0
v -0.607614 0.254687 0.84375
v -0.607614 0.254687 0.15625
v -0.607614 0.004687 0.84375
v -0.607614 0.004687 0.15625
v -0.642386 0.254687 0.15625
v -0.642386 0.254687 0.84375
v -0.642386 0.004687 0.15625
v -0.642386 0.004687 0.84375
v -0.642386 0.254687 0.15625
v -0.607614 0.254687 0.15625
v -0.642386 0.254687 0.84375
v -0.607614 0.254687 0.84375
v -0.642386 0.004687 0.84375
v -0.607614 0.004687 0.84375
v -0.642386 0.004687 0.15625
v -0.607614 0.004687 0.15625
v -0.642386 0.254687 0.84375
v -0.607614 0.254687 0.84375
v -0.642386 0.004687 0.84375
v -0.607614 0.004687 0.84375
v -0.607614 0.254687 0.15625
v -0.642386 0.254687 0.15625
v -0.607614 0.004687 0.15625
v -0.642386 0.004687 0.15625
vt 0.366211 0.254883
vt 0.50293 0.254883
vt 0.366211 0.167969
vt 0.50293 0.167969
vt 0.586914 0.183594
vt 0.46582 0.183594
vt 0.586914 0.101563
vt 0.46582 0.101563
vt 0.519531 0.167969
vt 0.65625 0.167969
vt 0.519531 0.085938
vt 0.65625 0.085938
vt 0.484375 0.269531
vt 0.621094 0.269531
vt 0.484375 0.171875
vt 0.621094 0.171875
vt 0.527344 0.195313
vt 0.664063 0.195313
vt 0.527344 0.113281
vt 0.664063 0.113281
vt 0.476563 0.172852
vt 0.613281 0.172852
vt 0.476563 0.058594
vt 0.613281 0.058594
vn 1 0 0
vn 1 0 0
vn 1 0 0
vn 1 0 0
vn -1 0 0
vn -1 0 0
vn -1 0 0
vn -1 0 0
vn 0 1 0
vn 0 1 0
vn 0 1 0
vn 0 1 0
vn 0 -1 0
vn 0 -1 0
vn 0 -1 0
vn 0 -1 0
vn 0 0 1
vn 0 0 1
vn 0 0 1
vn 0 0 1
vn 0 0 -1
vn 0 0 -1
vn 0 0 -1
vn 0 0 -1
f 1657/1657/1657 1659/1659/1659 1658/1658/1658
f 1659/1659/1659 1660/1660/1660 1658/1658/1658
f 1661/1661/1661 1663/1663/1663 1662/1662/1662
f 1663/1663/1663 1664/1664/1664 1662/1662/1662
f 1665/1665/1665 1667/1667/1667 1666/1666/1666
f 1667/1667/1667 1668/1668/1668 1666/1666/1666
f 1669/1669/1669 1671/1671/1671 1670/1670/1670
f 1671/1671/1671 1672/1672/1672 1670/1670/1670
f 1673/1673/1673 1675/1675/1675 1674/1674/1674
f 1675/1675/1675 1676/1676/1676 1674/1674/1674
f 1677/1677/1677 1679/1679/1679 1678/1678/1678
f 1679/1679/1679 1680/1680/1680 1678/1678/1678
o node_145_mesh_70_0
usemtl material_0
v -0.040133 0.254687 1.526269
v -0.526269 0.254687 1.040133
v -0.040133 0.004687 1.526269
v -0.526269 0.004687 1.040133
v -0.550857 0.254687 1.064721
v -0.064721 0.254687 1.550857
v -0.550857 0.004687 1.064721
v -0.064721 0.004687 1.550857
v -0.550857 0.254687 1.064721
v -0.526269 0.254687 1.040133
v -0.064721 0.254687 1.550857
v -0.040133 0.254687 1.526269
v -0.064721 0.004687 1.550857
v -0.040133 0.004687 1.526269
v -0.550857 0.004687 1.064721
v -0.526269 0.004687 1.040133
v -0.064721 0.254687 1.550857
v -0.040133 0.254687 1.526269
v -0.064721 0.004687 1.550857
v -0.040133 0.004687 1.526269
v -0.526269 0.254687 1.040133
v -0.550857 0.254687 1.064721
v -0.526269 0.004687 1.040133
v -0.550857 0.004687 1.064721
vt 0.631836 0.196289
vt 0.768555 0.196289
vt 0.631836 0.109375
vt 0.768555 0.109375
vt 0.852539 0.125
vt 0.731445 0.125
vt 0.852539 0.042969
vt 0.731445 0.042969
vt 0.785156 0.109375
vt 0.921875 0.109375
vt 0.785156 0.027344
vt 0.921875 0.027344
vt 0.75 0.210938
vt 0.886719 0.210938
vt 0.75 0.113281
vt 0.886719 0.113281
vt 0.792969 0.136719
vt 0.929688 0.136719
vt 0.792969 0.054688
vt 0.929688 0.054688
vt 0.742188 0.114258
vt 0.878906 0.114258
vt 0.742188 0
vt 0.878906 0
vn 0.707107 0 -0.707107
vn 0.707107 0 -0.707107
vn 0.707107 0 -0.707107
vn 0.707107 0 -0.707107
vn -0.707107 0 0.707107
vn -0.707107 0 0.707107
vn -0.707107 0 0.707107
vn -0.707107 0 0.707107
vn 0 1 0
vn 0 1 0
vn 0 1 0
vn 0 1 0
vn 0 -1 0
vn 0 -1 0
vn 0 -1 0
vn 0 -1 0
vn 0.707107 0 0.707107
vn 0.707107 0 0.707107
vn 0.707107 0 0.707107
vn 0.707107 0 0.707107
vn -0.707107 0 -0.707107
vn -0.707107 0 -0.707107
vn -0.707107 0 -0.707107
vn -0.707107 0 -0.707107
f 1681/1681/1681 1683/1683/1683 1682/1682/1682
f 1683/1683/1683 1684/1684/1684 1682/1682/1682
f 1685/1685/1685 1687/1687/1687 1686/1686/1686
f 1687/1687/1687 1688/1688/1688 1686/1686/1686
f 1689/1689/1689 1691/1691/1691 1690/1690/1690
f 1691/1691/1691 1692/1692/1692 1690/1690/1690
f 1693/1693/1693 1695/1695/1695 1694/1694/1694
f 1695/1695/1695 1696/1696/1696 1694/1694/1694
f 1697/1697/1697 1699/1699/1699 1698/1698/1698
f 1699/1699/1699 1700/1700/1700 1698/1698/1698
f 1701/1701/1701 1703/1703/1703 1702/1702/1702
f 1703/1703/1703 1704/1704/1704 1702/1702/1702
o node_147_mesh_71_0
usemtl material_0
v 0.84375 0.254687 1.642386
v 0.84375 0.254687 1.607614
v 0.84375 0.004687 1.642386
v 0.84375 0.004687 1.607614
v 0.15625 0.254687 1.607614
v 0.15625 0.254687 1.642386
v 0.15625 0.004687 1.607614
v 0.15625 0.004687 1.642386
v 0.15625 0.254687 1.607614
v 0.84375 0.254687 1.607614
v 0.15625 0.254687 1.642386
v 0.84375 0.254687 1.642386
v 0.15625 0.004687 1.642386
v 0.84375 0.004687 1.642386
v 0.15625 0.004687 1.607614
v 0.84375 0.004687 1.607614
v 0.15625 0.254687 1.642386
v 0.84375 0.254687 1.642386
v 0.15625 0.004687 1.642386
v 0.84375 0.004687 1.642386
v 0.84375 0.254687 1.607614
v 0.15625 0.254687 1.607614
v 0.84375 0.004687 1.607614
v 0.15625 0.004687 1.607614
vt 0.139648 0.625977
vt 0.276367 0.625977
vt 0.139648 0.539063
vt 0.276367 0.539063
vt 0.360352 0.554688
vt 0.196289 0.554688
vt 0.360352 0.472656
vt 0.196289 0.472656
vt 0.347656 0.589844
vt 0.484375 0.589844
vt 0.347656 0.507813
vt 0.484375 0.507813
vt 0.367188 0.597656
vt 0.503906 0.597656
vt 0.367188 0.542969
vt 0.503906 0.542969
vt 0.257813 0.566406
vt 0.394531 0.566406
vt 0.257813 0.484375
vt 0.394531 0.484375
vt 0.207031 0.543945
vt 0.34375 0.543945
vt 0.207031 0.429688
vt 0.34375 0.429688
vn 1 0 0
vn 1 0 0
vn 1 0 0
vn 1 0 0
vn -1 0 0
vn -1 0 0
vn -1 0 0
vn -1 0 0
vn 0 1 0
vn 0 1 0
vn 0 1 0
vn 0 1 0
vn 0 -1 0
vn 0 -1 0
vn 0 -1 0
vn 0 -1 0
vn 0 0 1
vn 0 0 1
vn 0 0 1
vn 0 0 1
vn 0 0 -1
vn 0 0 -1
vn 0 0 -1
vn 0 0 -1
f 1705/1705/1705 1707/1707/1707 1706/1706/1706
f 1707/1707/1707 1708/1708/1708 1706/1706/1706
f 1709/1709/1709 1711/1711/1711 1710/1710/1710
f 1711/1711/1711 1712/1712/1712 1710/1710/1710
f 1713/1713/1713 1715/1715/1715 1714/1714/1714
f 1715/1715/1715 1716/1716/1716 1714/1714/1714
f 1717/1717/1717 1719/1719/1719 1718/1718/1718
f 1719/1719/1719 1720/1720/1720 1718/1718/1718
f 1721/1721/1721 1723/1723/1723 1722/1722/1722
f 1723/1723/1723 1724/1724/1724 1722/1722/1722
f 1725/1725/1725 1727/1727/1727 1726/1726/1726
f 1727/1727/1727 1728/1728/1728 1726/1726/1726
o node_149_mesh_72_0
usemtl material_0
v 1.550857 0.254687 1.064721
v 1.526269 0.254687 1.040133
v 1.550857 0.004687 1.064721
v 1.526269 0.004687 1.040133
v 1.040133 0.254687 1.526269
v 1.064721 0.254687 1.550857
v 1.040133 0.004687 1.526269
v 1.064721 0.004687 1.550857
v 1.040133 0.254687 1.526269
v 1.526269 0.254687 1.040133
v 1.064721 0.254687 1.550857
v 1.550857 0.254687 1.064721
v 1.064721 0.004687 1.550857
v 1.550857 0.004687 1.064721
v 1.040133 0.004687 1.526269
v 1.526269 0.004687 1.040133
v 1.064721 0.254687 1.550857
v 1.550857 0.254687 1.064721
v 1.064721 0.004687 1.550857
v 1.550857 0.004687 1.064721
v 1.526269 0.254687 1.040133
v 1.040133 0.254687 1.526269
v 1.526269 0.004687 1.040133
v 1.040133 0.004687 1.526269
vt 0.081055 0.356445
vt 0.217773 0.356445
vt 0.081055 0.269531
vt 0.217773 0.269531
vt 0.301758 0.285156
vt 0.137695 0.285156
vt 0.301758 0.203125
vt 0.137695 0.203125
vt 0.289063 0.320313
vt 0.425781 0.320313
vt 0.289063 0.238281
vt 0.425781 0.238281
vt 0.308594 0.328125
vt 0.445313 0.328125
vt 0.308594 0.273438
vt 0.445313 0.273438
vt 0.199219 0.296875
vt 0.335938 0.296875
vt 0.199219 0.214844
vt 0.335938 0.214844
vt 0.148438 0.274414
vt 0.285156 0.274414
vt 0.148438 0.160156
vt 0.285156 0.160156
vn 0.707107 0 -0.707107
vn 0.707107 0 -0.707107
vn 0.707107 0 -0.707107
vn 0.707107 0 -0.707107
vn -0.707107 0 0.707107
vn -0.707107 0 0.707107
vn -0.707107 0 0.707107
vn -0.707107 0 0.707107
vn 0 1 0
vn 0 1 0
vn 0 1 0
vn 0 1 0
vn 0 -1 0
vn 0 -1 0
vn 0 -1 0
vn 0 -1 0
vn 0.707107 0 0.707107
vn 0.707107 0 0.707107
vn 0.707107 0 0.707107
vn 0.707107 0 0.707107
vn -0.707107 0 -0.707107
vn -0.707107 0 -0.707107
vn -0.707107 0 -0.707107
vn -0.707107 0 -0.707107
f 1729/1729/1729 1731/1731/1731 1730/1730/1730
f 1731/1731/1731 1732/1732/1732 1730/1730/1730
f 1733/1733/1733 1735/1735/1735 1734/1734/1734
f 1735/1735/1735 1736/1736/1736 1734/1734/1734
f 1737/1737/1737 1739/1739/1739 1738/1738/1738
f 1739/1739/1739 1740/1740/1740 1738/1738/1738
f 1741/1741/1741 1743/1743/1743 1742/1742/1742
f 1743/1743/1743 1744/1744/1744 1742/1742/1742
f 1745/1745/1745 1747/1747/1747 1746/1746/1746
f 1747/1747/1747 1748/1748/1748 1746/1746/1746
f 1749/1749/1749 1751/1751/1751 1750/1750/1750
f 1751/1751/1751 1752/1752/1752 1750/1750/1750
o node_151_mesh_73_0
usemtl material_0
v -0.620204 0.49375 0.408069
v -0.357109 0.49375 -0.227099
v -0.620204 0.24375 0.408069
v -0.357109 0.24375 -0.227099
v -0.389234 0.49375 -0.240405
v -0.652329 0.49375 0.394762
v -0.389234 0.24375 -0.240405
v -0.652329 0.24375 0.394762
v -0.389234 0.49375 -0.240405
v -0.357109 0.49375 -0.227099
v -0.652329 0.49375 0.394762
v -0.620204 0.49375 0.408069
v -0.652329 0.24375 0.394762
v -0.620204 0.24375 0.408069
v -0.389234 0.24375 -0.240405
v -0.357109 0.24375 -0.227099
v -0.652329 0.49375 0.394762
v -0.620204 0.49375 0.408069
v -0.652329 0.24375 0.394762
v -0.620204 0.24375 0.408069
v -0.357109 0.49375 -0.227099
v -0.389234 0.49375 -0.240405
v -0.357109 0.24375 -0.227099
v -0.389234 0.24375 -0.240405
vt 0.416992 0.239258
vt 0.553711 0.239258
vt 0.416992 0.152344
vt 0.553711 0.152344
vt 0.637695 0.167969
vt 0.516602 0.167969
vt 0.637695 0.085938
vt 0.516602 0.085938
vt 0.570313 0.152344
vt 0.707031 0.152344
vt 0.570313 0.070313
vt 0.707031 0.070313
vt 0.535156 0.253906
vt 0.671875 0.253906
vt 0.535156 0.15625
vt 0.671875 0.15625
vt 0.578125 0.179688
vt 0.714844 0.179688
vt 0.578125 0.097656
vt 0.714844 0.097656
vt 0.527344 0.157227
vt 0.664063 0.157227
vt 0.527344 0.042969
vt 0.664063 0.042969
vn 0.92388 0 0.382683
vn 0.92388 0 0.382683
vn 0.92388 0 0.382683
vn 0.92388 0 0.382683
vn -0.92388 0 -0.382683
vn -0.92388 0 -0.382683
vn -0.92388 0 -0.382683
vn -0.92388 0 -0.382683
vn 0 1 0
vn 0 1 0
vn 0 1 0
vn 0 1 0
vn 0 -1 0
vn 0 -1 0
vn 0 -1 0
vn 0 -1 0
vn -0.382683 0 0.92388
vn -0.382683 0 0.92388
vn -0.382683 0 0.92388
vn -0.382683 0 0.92388
vn 0.382683 0 -0.92388
vn 0.382683 0 -0.92388
vn 0.382683 0 -0.92388
vn 0.382683 0 -0.92388
f 1753/1753/1753 1755/1755/1755 1754/1754/1754
f 1755/1755/1755 1756/1756/1756 1754/1754/1754
f 1757/1757/1757 1759/1759/1759 1758/1758/1758
f 1759/1759/1759 1760/1760/1760 1758/1758/1758
f 1761/1761/1761 1763/1763/1763 1762/1762/1762
f 1763/1763/1763 1764/1764/1764 1762/1762/1762
f 1765/1765/1765 1767/1767/1767 1766/1766/1766
f 1767/1767/1767 1768/1768/1768 1766/1766/1766
f 1769/1769/1769 1771/1771/1771 1770/1770/1770
f 1771/1771/1771 1772/1772/1772 1770/1770/1770
f 1773/1773/1773 1775/1775/1775 1774/1774/1774
f 1775/1775/1775 1776/1776/1776 1774/1774/1774
o node_153_mesh_74_0
usemtl material_0
v -0.362883 0.5 1.22949
v -0.625978 0.5 0.594323
v -0.362883 0.25 1.22949
v -0.625978 0.25 0.594323
v -0.658103 0.5 0.60763
v -0.395008 0.5 1.242797
v -0.658103 0.25 0.60763
v -0.395008 0.25 1.242797
v -0.658103 0.5 0.60763
v -0.625978 0.5 0.594323
v -0.395008 0.5 1.242797
v -0.362883 0.5 1.22949
v -0.395008 0.25 1.242797
v -0.362883 0.25 1.22949
v -0.658103 0.25 0.60763
v -0.625978 0.25 0.594323
v -0.395008 0.5 1.242797
v -0.362883 0.5 1.22949
v -0.395008 0.25 1.242797
v -0.362883 0.25 1.22949
v -0.625978 0.5 0.594323
v -0.658103 0.5 0.60763
v -0.625978 0.25 0.594323
v -0.658103 0.25 0.60763
vt 0.21582 0.235352
vt 0.352539 0.235352
vt 0.21582 0.148438
vt 0.352539 0.148438
vt 0.111328 0.164063
vt 0.232422 0.164063
vt 0.111328 0.082031
vt 0.232422 0.082031
vt 0.208008 0.148438
vt 0.344727 0.148438
vt 0.208008 0.066406
vt 0.344727 0.066406
vt 0.172852 0.25
vt 0.30957 0.25
vt 0.172852 0.152344
vt 0.30957 0.152344
vt 0.21582 0.175781
vt 0.352539 0.175781
vt 0.21582 0.09375
vt 0.352539 0.09375
vt 0.165039 0.15332
vt 0.301758 0.15332
vt 0.165039 0.039063
vt 0.301758 0.039063
vn 0.92388 0 -0.382683
vn 0.92388 0 -0.382683
vn 0.92388 0 -0.382683
vn 0.92388 0 -0.382683
vn -0.92388 0 0.382683
vn -0.92388 0 0.382683
vn -0.92388 0 0.382683
vn -0.92388 0 0.382683
vn 0 1 0
vn 0 1 0
vn 0 1 0
vn 0 1 0
vn 0 -1 0
vn 0 -1 0
vn 0 -1 0
vn 0 -1 0
vn 0.382683 0 0.92388
vn 0.382683 0 0.92388
vn 0.382683 0 0.92388
vn 0.382683 0 0.92388
vn -0.382683 0 -0.92388
vn -0.382683 0 -0.92388
vn -0.382683 0 -0.92388
vn -0.382683 0 -0.92388
f 1777/1777/1777 1779/1779/1779 1778/1778/1778
f 1779/1779/1779 1780/1780/1780 1778/1778/1778
f 1781/1781/1781 1783/1783/1783 1782/1782/1782
f 1783/1783/1783 1784/1784/1784 1782/1782/1782
f 1785/1785/1785 1787/1787/1787 1786/1786/1786
f 1787/1787/1787 1788/1788/1788 1786/1786/1786
f 1789/1789/1789 1791/1791/1791 1790/1790/1790
f 1791/1791/1791 1792/1792/1792 1790/1790/1790
f 1793/1793/1793 1795/1795/1795 1794/1794/1794
f 1795/1795/1795 1796/1796/1796 1794/1794/1794
f 1797/1797/1797 1799/1799/1799 1798/1798/1798
f 1799/1799/1799 1800/1800/1800 1798/1798/1798
o node_155_mesh_75_0
usemtl material_0
v 0.39237 0.5 1.658103
v 0.405677 0.5 1.625978
v 0.39237 0.25 1.658103
v 0.405677 0.25 1.625978
v -0.22949 0.5 1.362883
v -0.242797 0.5 1.395008
v -0.22949 0.25 1.362883
v -0.242797 0.25 1.395008
v -0.22949 0.5 1.362883
v 0.405677 0.5 1.625978
v -0.242797 0.5 1.395008
v 0.39237 0.5 1.658103
v -0.242797 0.25 1.395008
v 0.39237 0.25 1.658103
v -0.22949 0.25 1.362883
v 0.405677 0.25 1.625978
v -0.242797 0.5 1.395008
v 0.39237 0.5 1.658103
v -0.242797 0.25 1.395008
v 0.39237 0.25 1.658103
v 0.405677 0.5 1.625978
v -0.22949 0.5 1.362883
v 0.405677 0.25 1.625978
v -0.22949 0.25 1.362883
vt 0.495117 0.579102
vt 0.631836 0.579102
vt 0.495117 0.492188
vt 0.631836 0.492188
vt 0.71582 0.507813
vt 0.551758 0.507813
vt 0.71582 0.425781
vt 0.551758 0.425781
vt 0.703125 0.542969
vt 0.839844 0.542969
vt 0.703125 0.460938
vt 0.839844 0.460938
vt 0.722656 0.550781
vt 0.859375 0.550781
vt 0.722656 0.496094
vt 0.859375 0.496094
vt 0.613281 0.519531
vt 0.75 0.519531
vt 0.613281 0.4375
vt 0.75 0.4375
vt 0.5625 0.49707
vt 0.699219 0.49707
vt 0.5625 0.382813
vt 0.699219 0.382813
vn 0.92388 0 0.382683
vn 0.92388 0 0.382683
vn 0.92388 0 0.382683
vn 0.92388 0 0.382683
vn -0.92388 0 -0.382683
vn -0.92388 0 -0.382683
vn -0.92388 0 -0.382683
vn -0.92388 0 -0.382683
vn 0 1 0
vn 0 1 0
vn 0 1 0
vn 0 1 0
vn 0 -1 0
vn 0 -1 0
vn 0 -1 0
vn 0 -1 0
vn -0.382683 0 0.92388
vn -0.382683 0 0.92388
vn -0.382683 0 0.92388
vn -0.382683 0 0.92388
vn 0.382683 0 -0.92388
vn 0.382683 0 -0.92388
vn 0.382683 0 -0.92388
vn 0.382683 0 -0.92388
f 1801/1801/1801 1803/1803/1803 1802/1802/1802
f 1803/1803/1803 1804/1804/1804 1802/1802/1802
f 1805/1805/1805 1807/1807/1807 1806/1806/1806
f 1807/1807/1807 1808/1808/1808 1806/1806/1806
f 1809/1809/1809 1811/1811/1811 1810/1810/1810
f 1811/1811/1811 1812/1812/1812 1810/1810/1810
f 1813/1813/1813 1815/1815/1815 1814/1814/1814
f 1815/1815/1815 1816/1816/1816 1814/1814/1814
f 1817/1817/1817 1819/1819/1819 1818/1818/1818
f 1819/1819/1819 1820/1820/1820 1818/1818/1818
f 1821/1821/1821 1823/1823/1823 1822/1822/1822
f 1823/1823/1823 1824/1824/1824 1822/1822/1822
o node_157_mesh_76_0
usemtl material_0
v 1.242797 0.5 1.395008
v 1.22949 0.5 1.362883
v 1.242797 0.25 1.395008
v 1.22949 0.25 1.362883
v 0.594323 0.5 1.625978
v 0.60763 0.5 1.658103
v 0.594323 0.25 1.625978
v 0.60763 0.25 1.658103
v 0.594323 0.5 1.625978
v 1.22949 0.5 1.362883
v 0.60763 0.5 1.658103
v 1.242797 0.5 1.395008
v 0.60763 0.25 1.658103
v 1.242797 0.25 1.395008
v 0.594323 0.25 1.625978
v 1.22949 0.25 1.362883
v 0.60763 0.5 1.658103
v 1.242797 0.5 1.395008
v 0.60763 0.25 1.658103
v 1.242797 0.25 1.395008
v 1.22949 0.5 1.362883
v 0.594323 0.5 1.625978
v 1.22949 0.25 1.362883
v 0.594323 0.25 1.625978
vt 0.50293 0.547852
vt 0.639648 0.547852
vt 0.50293 0.460938
vt 0.639648 0.460938
vt 0.723633 0.476563
vt 0.55957 0.476563
vt 0.723633 0.394531
vt 0.55957 0.394531
vt 0.710938 0.511719
vt 0.847656 0.511719
vt 0.710938 0.429688
vt 0.847656 0.429688
vt 0.730469 0.519531
vt 0.867188 0.519531
vt 0.730469 0.464844
vt 0.867188 0.464844
vt 0.621094 0.488281
vt 0.757813 0.488281
vt 0.621094 0.40625
vt 0.757813 0.40625
vt 0.570313 0.46582
vt 0.707031 0.46582
vt 0.570313 0.351563
vt 0.707031 0.351563
vn 0.92388 0 -0.382683
vn 0.92388 0 -0.382683
vn 0.92388 0 -0.382683
vn 0.92388 0 -0.382683
vn -0.92388 0 0.382683
vn -0.92388 0 0.382683
vn -0.92388 0 0.382683
vn -0.92388 0 0.382683
vn 0 1 0
vn 0 1 0
vn 0 1 0
vn 0 1 0
vn 0 -1 0
vn 0 -1 0
vn 0 -1 0
vn 0 -1 0
vn 0.382683 0 0.92388
vn 0.382683 0 0.92388
vn 0.382683 0 0.92388
vn 0.382683 0 0.92388
vn -0.382683 0 -0.92388
vn -0.382683 0 -0.92388
vn -0.382683 0 -0.92388
vn -0.382683 0 -0.92388
f 1825/1825/1825 1827/1827/1827 1826/1826/1826
f 1827/1827/1827 1828/1828/1828 1826/1826/1826
f 1829/1829/1829 1831/1831/1831 1830/1830/1830
f 1831/1831/1831 1832/1832/1832 1830/1830/1830
f 1833/1833/1833 1835/1835/1835 1834/1834/1834
f 1835/1835/1835 1836/1836/1836 1834/1834/1834
f 1837/1837/1837 1839/1839/1839 1838/1838/1838
f 1839/1839/1839 1840/1840/1840 1838/1838/1838
f 1841/1841/1841 1843/1843/1843 1842/1842/1842
f 1843/1843/1843 1844/1844/1844 1842/1842/1842
f 1845/1845/1845 1847/1847/1847 1846/1846/1846
f 1847/1847/1847 1848/1848/1848 1846/1846/1846
o node_159_mesh_77_0
usemtl material_0
v 1.395008 0.5 1.242797
v 1.658103 0.5 0.60763
v 1.395008 0.25 1.242797
v 1.658103 0.25 0.60763
v 1.625978 0.5 0.594323
v 1.362883 0.5 1.22949
v 1.625978 0.25 0.594323
v 1.362883 0.25 1.22949
v 1.625978 0.5 0.594323
v 1.658103 0.5 0.60763
v 1.362883 0.5 1.22949
v 1.395008 0.5 1.242797
v 1.362883 0.25 1.22949
v 1.395008 0.25 1.242797
v 1.625978 0.25 0.594323
v 1.658103 0.25 0.60763
v 1.362883 0.5 1.22949
v 1.395008 0.5 1.242797
v 1.362883 0.25 1.22949
v 1.395008 0.25 1.242797
v 1.658103 0.5 0.60763
v 1.625978 0.5 0.594323
v 1.658103 0.25 0.60763
v 1.625978 0.25 0.594323
vt 0.151367 0.235352
vt 0.288086 0.235352
vt 0.151367 0.148438
vt 0.288086 0.148438
vt 0.37207 0.164063
vt 0.250977 0.164063
vt 0.37207 0.082031
vt 0.250977 0.082031
vt 0.304688 0.148438
vt 0.441406 0.148438
vt 0.304688 0.066406
vt 0.441406 0.066406
vt 0.269531 0.25
vt 0.40625 0.25
vt 0.269531 0.152344
vt 0.40625 0.152344
vt 0.3125 0.175781
vt 0.449219 0.175781
vt 0.3125 0.09375
vt 0.449219 0.09375
vt 0.261719 0.15332
vt 0.398438 0.15332
vt 0.261719 0.039063
vt 0.398438 0.039063
vn 0.92388 0 0.382683
vn 0.92388 0 0.382683
vn 0.92388 0 0.382683
vn 0.92388 0 0.382683
vn -0.92388 0 -0.382683
vn -0.92388 0 -0.382683
vn -0.92388 0 -0.382683
vn -0.92388 0 -0.382683
vn 0 1 0
vn 0 1 0
vn 0 1 0
vn 0 1 0
vn 0 -1 0
vn 0 -1 0
vn 0 -1 0
vn 0 -1 0
vn -0.382683 0 0.92388
vn -0.382683 0 0.92388
vn -0.382683 0 0.92388
vn -0.382683 0 0.92388
vn 0.382683 0 -0.92388
vn 0.382683 0 -0.92388
vn 0.382683 0 -0.92388
vn 0.382683 0 -0.92388
f 1849/1849/1849 1851/1851/1851 1850/1850/1850
f 1851/1851/1851 1852/1852/1852 1850/1850/1850
f 1853/1853/1853 1855/1855/1855 1854/1854/1854
f 1855/1855/1855 1856/1856/1856 1854/1854/1854
f 1857/1857/1857 1859/1859/1859 1858/1858/1858
f 1859/1859/1859 1860/1860/1860 1858/1858/1858
f 1861/1861/1861 1863/1863/1863 1862/1862/1862
f 1863/1863/1863 1864/1864/1864 1862/1862/1862
f 1865/1865/1865 1867/1867/1867 1866/1866/1866
f 1867/1867/1867 1868/1868/1868 1866/1866/1866
f 1869/1869/1869 1871/1871/1871 1870/1870/1870
f 1871/1871/1871 1872/1872/1872 1870/1870/1870
o node_161_mesh_78_0
usemtl material_0
v 1.658103 0.5 0.39237
v 1.395008 0.5 -0.242797
v 1.658103 0.25 0.39237
v 1.395008 0.25 -0.242797
v 1.362883 0.5 -0.22949
v 1.625978 0.5 0.405677
v 1.362883 0.25 -0.22949
v 1.625978 0.25 0.405677
v 1.362883 0.5 -0.22949
v 1.395008 0.5 -0.242797
v 1.625978 0.5 0.405677
v 1.658103 0.5 0.39237
v 1.625978 0.25 0.405677
v 1.658103 0.25 0.39237
v 1.362883 0.25 -0.22949
v 1.395008 0.25 -0.242797
v 1.625978 0.5 0.405677
v 1.658103 0.5 0.39237
v 1.625978 0.25 0.405677
v 1.658103 0.25 0.39237
v 1.395008 0.5 -0.242797
v 1.362883 0.5 -0.22949
v 1.395008 0.25 -0.242797
v 1.362883 0.25 -0.22949
vt 0.280273 0.235352
vt 0.416992 0.235352
vt 0.280273 0.148438
vt 0.416992 0.148438
vt 0.500977 0.164063
vt 0.379883 0.164063
vt 0.500977 0.082031
vt 0.379883 0.082031
vt 0.433594 0.148438
vt 0.570313 0.148438
vt 0.433594 0.066406
vt 0.570313 0.066406
vt 0.398438 0.25
vt 0.535156 0.25
vt 0.398438 0.152344
vt 0.535156 0.152344
vt 0.441406 0.175781
vt 0.578125 0.175781
vt 0.441406 0.09375
vt 0.578125 0.09375
vt 0.390625 0.15332
vt 0.527344 0.15332
vt 0.390625 0.039063
vt 0.527344 0.039063
vn 0.92388 0 -0.382683
vn 0.92388 0 -0.382683
vn 0.92388 0 -0.382683
vn 0.92388 0 -0.382683
vn -0.92388 0 0.382683
vn -0.92388 0 0.382683
vn -0.92388 0 0.382683
vn -0.92388 0 0.382683
vn 0 1 0
vn 0 1 0
vn 0 1 0
vn 0 1 0
vn 0 -1 0
vn 0 -1 0
vn 0 -1 0
vn 0 -1 0
vn 0.382683 0 0.92388
vn 0.382683 0 0.92388
vn 0.382683 0 0.92388
vn 0.382683 0 0.92388
vn -0.382683 0 -0.92388
vn -0.382683 0 -0.92388
vn -0.382683 0 -0.92388
vn -0.382683 0 -0.92388
f 1873/1873/1873 1875/1875/1875 1874/1874/1874
f 1875/1875/1875 1876/1876/1876 1874/1874/1874
f 1877/1877/1877 1879/1879/1879 1878/1878/1878
f 1879/1879/1879 1880/1880/1880 1878/1878/1878
f 1881/1881/1881 1883/1883/1883 1882/1882/1882
f 1883/1883/1883 1884/1884/1884 1882/1882/1882
f 1885/1885/1885 1887/1887/1887 1886/1886/1886
f 1887/1887/1887 1888/1888/1888 1886/1886/1886
f 1889/1889/1889 1891/1891/1891 1890/1890/1890
f 1891/1891/1891 1892/1892/1892 1890/1890/1890
f 1893/1893/1893 1895/1895/1895 1894/1894/1894
f 1895/1895/1895 1896/1896/1896 1894/1894/1894
o node_163_mesh_79_0
usemtl material_0
v 1.227099 0.49375 -0.357109
v 1.240405 0.49375 -0.389234
v 1.227099 0.24375 -0.357109
v 1.240405 0.24375 -0.389234
v 0.836208 0.49375 -0.556658
v 0.822901 0.49375 -0.524533
v 0.836208 0.24375 -0.556658
v 0.822901 0.24375 -0.524533
v 0.836208 0.49375 -0.556658
v 1.240405 0.49375 -0.389234
v 0.822901 0.49375 -0.524533
v 1.227099 0.49375 -0.357109
v 0.822901 0.24375 -0.524533
v 1.227099 0.24375 -0.357109
v 0.836208 0.24375 -0.556658
v 1.240405 0.24375 -0.389234
v 0.822901 0.49375 -0.524533
v 1.227099 0.49375 -0.357109
v 0.822901 0.24375 -0.524533
v 1.227099 0.24375 -0.357109
v 1.240405 0.49375 -0.389234
v 0.836208 0.49375 -0.556658
v 1.240405 0.24375 -0.389234
v 0.836208 0.24375 -0.556658
vt 0.526367 0.762695
vt 0.663086 0.762695
vt 0.526367 0.675781
vt 0.663086 0.675781
vt 0.731445 0.691406
vt 0.567383 0.691406
vt 0.731445 0.609375
vt 0.567383 0.609375
vt 0.71875 0.726563
vt 0.855469 0.726563
vt 0.71875 0.644531
vt 0.855469 0.644531
vt 0.722656 0.734375
vt 0.859375 0.734375
vt 0.722656 0.679688
vt 0.859375 0.679688
vt 0.628906 0.703125
vt 0.765625 0.703125
vt 0.628906 0.621094
vt 0.765625 0.621094
vt 0.59375 0.680664
vt 0.730469 0.680664
vt 0.59375 0.566406
vt 0.730469 0.566406
vn 0.92388 0 0.382683
vn 0.92388 0 0.382683
vn 0.92388 0 0.382683
vn 0.92388 0 0.382683
vn -0.92388 0 -0.382683
vn -0.92388 0 -0.382683
vn -0.92388 0 -0.382683
vn -0.92388 0 -0.382683
vn 0 1 0
vn 0 1 0
vn 0 1 0
vn 0 1 0
vn 0 -1 0
vn 0 -1 0
vn 0 -1 0
vn 0 -1 0
vn -0.382683 0 0.92388
vn -0.382683 0 0.92388
vn -0.382683 0 0.92388
vn -0.382683 0 0.92388
vn 0.382683 0 -0.92388
vn 0.382683 0 -0.92388
vn 0.382683 0 -0.92388
vn 0.382683 0 -0.92388
f 1897/1897/1897 1899/1899/1899 1898/1898/1898
f 1899/1899/1899 1900/1900/1900 1898/1898/1898
f 1901/1901/1901 1903/1903/1903 1902/1902/1902
f 1903/1903/1903 1904/1904/1904 1902/1902/1902
f 1905/1905/1905 1907/1907/1907 1906/1906/1906
f 1907/1907/1907 1908/1908/1908 1906/1906/1906
f 1909/1909/1909 1911/1911/1911 1910/1910/1910
f 1911/1911/1911 1912/1912/1912 1910/1910/1910
f 1913/1913/1913 1915/1915/1915 1914/1914/1914
f 1915/1915/1915 1916/1916/1916 1914/1914/1914
f 1917/1917/1917 1919/1919/1919 1918/1918/1918
f 1919/1919/1919 1920/1920/1920 1918/1918/1918
o node_165_mesh_80_0
usemtl material_0
v 0.174707 0.5 -0.530307
v 0.1614 0.5 -0.562432
v 0.174707 0.25 -0.530307
v 0.1614 0.25 -0.562432
v -0.242797 0.5 -0.395008
v -0.22949 0.5 -0.362883
v -0.242797 0.25 -0.395008
v -0.22949 0.25 -0.362883
v -0.242797 0.5 -0.395008
v 0.1614 0.5 -0.562432
v -0.22949 0.5 -0.362883
v 0.174707 0.5 -0.530307
v -0.22949 0.25 -0.362883
v 0.174707 0.25 -0.530307
v -0.242797 0.25 -0.395008
v 0.1614 0.25 -0.562432
v -0.22949 0.5 -0.362883
v 0.174707 0.5 -0.530307
v -0.22949 0.25 -0.362883
v 0.174707 0.25 -0.530307
v 0.1614 0.5 -0.562432
v -0.242797 0.5 -0.395008
v 0.1614 0.25 -0.562432
v -0.242797 0.25 -0.395008
vt 0.53418 0.504883
vt 0.670898 0.504883
vt 0.53418 0.417969
vt 0.670898 0.417969
vt 0.739258 0.433594
vt 0.575195 0.433594
vt 0.739258 0.351563
vt 0.575195 0.351563
vt 0.726563 0.46875
vt 0.863281 0.46875
vt 0.726563 0.386719
vt 0.863281 0.386719
vt 0.730469 0.476563
vt 0.867188 0.476563
vt 0.730469 0.421875
vt 0.867188 0.421875
vt 0.636719 0.445313
vt 0.773438 0.445313
vt 0.636719 0.363281
vt 0.773438 0.363281
vt 0.601563 0.422852
vt 0.738281 0.422852
vt 0.601563 0.308594
vt 0.738281 0.308594
vn 0.92388 0 -0.382683
vn 0.92388 0 -0.382683
vn 0.92388 0 -0.382683
vn 0.92388 0 -0.382683
vn -0.92388 0 0.382683
vn -0.92388 0 0.382683
vn -0.92388 0 0.382683
vn -0.92388 0 0.382683
vn 0 1 0
vn 0 1 0
vn 0 1 0
vn 0 1 0
vn 0 -1 0
vn 0 -1 0
vn 0 -1 0
vn 0 -1 0
vn 0.382683 0 0.92388
vn 0.382683 0 0.92388
vn 0.382683 0 0.92388
vn 0.382683 0 0.92388
vn -0.382683 0 -0.92388
vn -0.382683 0 -0.92388
vn -0.382683 0 -0.92388
vn -0.382683 0 -0.92388
f 1921/1921/1921 1923/1923/1923 1922/1922/1922
f 1923/1923/1923 1924/1924/1924 1922/1922/1922
f 1925/1925/1925 1927/1927/1927 1926/1926/1926
f 1927/1927/1927 1928/1928/1928 1926/1926/1926
f 1929/1929/1929 1931/1931/1931 1930/1930/1930
f 1931/1931/1931 1932/1932/1932 1930/1930/1930
f 1933/1933/1933 1935/1935/1935 1934/1934/1934
f 1935/1935/1935 1936/1936/1936 1934/1934/1934
f 1937/1937/1937 1939/1939/1939 1938/1938/1938
f 1939/1939/1939 1940/1940/1940 1938/1938/1938
f 1941/1941/1941 1943/1943/1943 1942/1942/1942
f 1943/1943/1943 1944/1944/1944 1942/1942/1942
o node_167_mesh_81_0
usemtl material_0
v -0.459978 0.75 0.026158
v 0.026158 0.75 -0.459978
v -0.459978 0.5 0.026158
v 0.026158 0.5 -0.459978
v 0.00157 0.75 -0.484566
v -0.484566 0.75 0.00157
v 0.00157 0.5 -0.484566
v -0.484566 0.5 0.00157
v 0.00157 0.75 -0.484566
v 0.026158 0.75 -0.459978
v -0.484566 0.75 0.00157
v -0.459978 0.75 0.026158
v -0.484566 0.5 0.00157
v -0.459978 0.5 0.026158
v 0.00157 0.5 -0.484566
v 0.026158 0.5 -0.459978
v -0.484566 0.75 0.00157
v -0.459978 0.75 0.026158
v -0.484566 0.5 0.00157
v -0.459978 0.5 0.026158
v 0.026158 0.75 -0.459978
v 0.00157 0.75 -0.484566
v 0.026158 0.5 -0.459978
v 0.00157 0.5 -0.484566
vt 0.366211 0.235352
vt 0.50293 0.235352
vt 0.366211 0.148438
vt 0.50293 0.148438
vt 0.586914 0.164063
vt 0.46582 0.164063
vt 0.586914 0.082031
vt 0.46582 0.082031
vt 0.519531 0.148438
vt 0.65625 0.148438
vt 0.519531 0.066406
vt 0.65625 0.066406
vt 0.484375 0.25
vt 0.621094 0.25
vt 0.484375 0.152344
vt 0.621094 0.152344
vt 0.527344 0.175781
vt 0.664063 0.175781
vt 0.527344 0.09375
vt 0.664063 0.09375
vt 0.476563 0.15332
vt 0.613281 0.15332
vt 0.476563 0.039063
vt 0.613281 0.039063
vn 0.707107 0 0.707107
vn 0.707107 0 0.707107
vn 0.707107 0 0.707107
vn 0.707107 0 0.707107
vn -0.707107 0 -0.707107
vn -0.707107 0 -0.707107
vn -0.707107 0 -0.707107
vn -0.707107 0 -0.707107
vn 0 1 0
vn 0 1 0
vn 0 1 0
vn 0 1 0
vn 0 -1 0
vn 0 -1 0
vn 0 -1 0
vn 0 -1 0
vn -0.707107 0 0.707107
vn -0.707107 0 0.707107
vn -0.707107 0 0.707107
vn -0.707107 0 0.707107
vn 0.707107 0 -0.707107
vn 0.707107 0 -0.707107
vn 0.707107 0 -0.707107
vn 0.707107 0 -0.707107
f 1945/1945/1945 1947/1947/1947 1946/1946/1946
f 1947/1947/1947 1948/1948/1948 1946/1946/1946
f 1949/1949/1949 1951/1951/1951 1950/1950/1950
f 1951/1951/1951 1952/1952/1952 1950/1950/1950
f 1953/1953/1953 1955/1955/1955 1954/1954/1954
f 1955/1955/1955 1956/1956/1956 1954/1954/1954
f 1957/1957/1957 1959/1959/1959 1958/1958/1958
f 1959/1959/1959 1960/1960/1960 1958/1958/1958
f 1961/1961/1961 1963/1963/1963 1962/1962/1962
f 1963/1963/1963 1964/1964/1964 1962/1962/1962
f 1965/1965/1965 1967/1967/1967 1966/1966/1966
f 1967/1967/1967 1968/1968/1968 1966/1966/1966
o node_169_mesh_82_0
usemtl material_0
v -0.513864 0.75 0.84375
v -0.513864 0.75 0.15625
v -0.513864 0.5 0.84375
v -0.513864 0.5 0.15625
v -0.548636 0.75 0.15625
v -0.548636 0.75 0.84375
v -0.548636 0.5 0.15625
v -0.548636 0.5 0.84375
v -0.548636 0.75 0.15625
v -0.513864 0.75 0.15625
v -0.548636 0.75 0.84375
v -0.513864 0.75 0.84375
v -0.548636 0.5 0.84375
v -0.513864 0.5 0.84375
v -0.548636 0.5 0.15625
v -0.513864 0.5 0.15625
v -0.548636 0.75 0.84375
v -0.513864 0.75 0.84375
v -0.548636 0.5 0.84375
v -0.513864 0.5 0.84375
v -0.513864 0.75 0.15625
v -0.548636 0.75 0.15625
v -0.513864 0.5 0.15625
v -0.548636 0.5 0.15625
vt 0.428711 0.231445
vt 0.56543 0.231445
vt 0.428711 0.144531
vt 0.56543 0.144531
vt 0.649414 0.160156
vt 0.52832 0.160156
vt 0.649414 0.078125
vt 0.52832 0.078125
vt 0.582031 0.144531
vt 0.71875 0.144531
vt 0.582031 0.0625
vt 0.71875 0.0625
vt 0.546875 0.246094
vt 0.683594 0.246094
vt 0.546875 0.148438
vt 0.683594 0.148438
vt 0.589844 0.171875
vt 0.726563 0.171875
vt 0.589844 0.089844
vt 0.726563 0.089844
vt 0.539063 0.149414
vt 0.675781 0.149414
vt 0.539063 0.035156
vt 0.675781 0.035156
vn 1 0 0
vn 1 0 0
vn 1 0 0
vn 1 0 0
vn -1 0 0
vn -1 0 0
vn -1 0 0
vn -1 0 0
vn 0 1 0
vn 0 1 0
vn 0 1 0
vn 0 1 0
vn 0 -1 0
vn 0 -1 0
vn 0 -1 0
vn 0 -1 0
vn 0 0 1
vn 0 0 1
vn 0 0 1
vn 0 0 1
vn 0 0 -1
vn 0 0 -1
vn 0 0 -1
vn 0 0 -1
f 1969/1969/1969 1971/1971/1971 1970/1970/1970
f 1971/1971/1971 1972/1972/1972 1970/1970/1970
f 1973/1973/1973 1975/1975/1975 1974/1974/1974
f 1975/1975/1975 1976/1976/1976 1974/1974/1974
f 1977/1977/1977 1979/1979/1979 1978/1978/1978
f 1979/1979/1979 1980/1980/1980 1978/1978/1978
f 1981/1981/1981 1983/1983/1983 1982/1982/1982
f 1983/1983/1983 1984/1984/1984 1982/1982/1982
f 1985/1985/1985 1987/1987/1987 1986/1986/1986
f 1987/1987/1987 1988/1988/1988 1986/1986/1986
f 1989/1989/1989 1991/1991/1991 1990/1990/1990
f 1991/1991/1991 1992/1992/1992 1990/1990/1990
o node_171_mesh_83_0
usemtl material_0
v 0.00157 0.75 1.484566
v 0.026158 0.75 1.459978
v 0.00157 0.5 1.484566
v 0.026158 0.5 1.459978
v -0.459978 0.75 0.973842
v -0.484566 0.75 0.99843
v -0.459978 0.5 0.973842
v -0.484566 0.5 0.99843
v -0.459978 0.75 0.973842
v 0.026158 0.75 1.459978
v -0.484566 0.75 0.99843
v 0.00157 0.75 1.484566
v -0.484566 0.5 0.99843
v 0.00157 0.5 1.484566
v -0.459978 0.5 0.973842
v 0.026158 0.5 1.459978
v -0.484566 0.75 0.99843
v 0.00157 0.75 1.484566
v -0.484566 0.5 0.99843
v 0.00157 0.5 1.484566
v 0.026158 0.75 1.459978
v -0.459978 0.75 0.973842
v 0.026158 0.5 1.459978
v -0.459978 0.5 0.973842
vt 0.594727 0.458008
vt 0.731445 0.458008
vt 0.594727 0.371094
vt 0.731445 0.371094
vt 0.729492 0.386719
vt 0.56543 0.386719
vt 0.729492 0.304688
vt 0.56543 0.304688
vt 0.662109 0.421875
vt 0.798828 0.421875
vt 0.662109 0.339844
vt 0.798828 0.339844
vt 0.669922 0.429688
vt 0.806641 0.429688
vt 0.669922 0.375
vt 0.806641 0.375
vt 0.755859 0.398438
vt 0.892578 0.398438
vt 0.755859 0.316406
vt 0.892578 0.316406
vt 0.732422 0.375977
vt 0.869141 0.375977
vt 0.732422 0.261719
vt 0.869141 0.261719
vn 0.707107 0 0.707107
vn 0.707107 0 0.707107
vn 0.707107 0 0.707107
vn 0.707107 0 0.707107
vn -0.707107 0 -0.707107
vn -0.707107 0 -0.707107
vn -0.707107 0 -0.707107
vn -0.707107 0 -0.707107
vn 0 1 0
vn 0 1 0
vn 0 1 0
vn 0 1 0
vn 0 -1 0
vn 0 -1 0
vn 0 -1 0
vn 0 -1 0
vn -0.707107 0 0.707107
vn -0.707107 0 0.707107
vn -0.707107 0 0.707107
vn -0.707107 0 0.707107
vn 0.707107 0 -0.707107
vn 0.707107 0 -0.707107
vn 0.707107 0 -0.707107
vn 0.707107 0 -0.707107
f 1993/1993/1993 1995/1995/1995 1994/1994/1994
f 1995/1995/1995 1996/1996/1996 1994/1994/1994
f 1997/1997/1997 1999/1999/1999 1998/1998/1998
f 1999/1999/1999 2000/2000/2000 1998/1998/1998
f 2001/2001/2001 2003/2003/2003 2002/2002/2002
f 2003/2003/2003 2004/2004/2004 2002/2002/2002
f 2005/2005/2005 2007/2007/2007 2006/2006/2006
f 2007/2007/2007 2008/2008/2008 2006/2006/2006
f 2009/2009/2009 2011/2011/2011 2010/2010/2010
f 2011/2011/2011 2012/2012/2012 2010/2010/2010
f 2013/2013/2013 2015/2015/2015 2014/2014/2014
f 2015/2015/2015 2016/2016/2016 2014/2014/2014
o node_173_mesh_84_0
usemtl material_0
v 0.84375 0.75 1.548636
v 0.84375 0.75 1.513864
v 0.84375 0.5 1.548636
v 0.84375 0.5 1.513864
v 0.15625 0.75 1.513864
v 0.15625 0.75 1.548636
v 0.15625 0.5 1.513864
v 0.15625 0.5 1.548636
v 0.15625 0.75 1.513864
v 0.84375 0.75 1.513864
v 0.15625 0.75 1.548636
v 0.84375 0.75 1.548636
v 0.15625 0.5 1.548636
v 0.84375 0.5 1.548636
v 0.15625 0.5 1.513864
v 0.84375 0.5 1.513864
v 0.15625 0.75 1.548636
v 0.84375 0.75 1.548636
v 0.15625 0.5 1.548636
v 0.84375 0.5 1.548636
v 0.84375 0.75 1.513864
v 0.15625 0.75 1.513864
v 0.84375 0.5 1.513864
v 0.15625 0.5 1.513864
vt 0.561523 0.395508
vt 0.698242 0.395508
vt 0.561523 0.308594
vt 0.698242 0.308594
vt 0.782227 0.324219
vt 0.618164 0.324219
vt 0.782227 0.242188
vt 0.618164 0.242188
vt 0.769531 0.359375
vt 0.90625 0.359375
vt 0.769531 0.277344
vt 0.90625 0.277344
vt 0.789063 0.367188
vt 0.925781 0.367188
vt 0.789063 0.3125
vt 0.925781 0.3125
vt 0.679688 0.335938
vt 0.816406 0.335938
vt 0.679688 0.253906
vt 0.816406 0.253906
vt 0.628906 0.313477
vt 0.765625 0.313477
vt 0.628906 0.199219
vt 0.765625 0.199219
vn 1 0 0
vn 1 0 0
vn 1 0 0
vn 1 0 0
vn -1 0 0
vn -1 0 0
vn -1 0 0
vn -1 0 0
vn 0 1 0
vn 0 1 0
vn 0 1 0
vn 0 1 0
vn 0 -1 0
vn 0 -1 0
vn 0 -1 0
vn 0 -1 0
vn 0 0 1
vn 0 0 1
vn 0 0 1
vn 0 0 1
vn 0 0 -1
vn 0 0 -1
vn 0 0 -1
vn 0 0 -1
f 2017/2017/2017 2019/2019/2019 2018/2018/2018
f 2019/2019/2019 2020/2020/2020 2018/2018/2018
f 2021/2021/2021 2023/2023/2023 2022/2022/2022
f 2023/2023/2023 2024/2024/2024 2022/2022/2022
f 2025/2025/2025 2027/2027/2027 2026/2026/2026
f 2027/2027/2027 2028/2028/2028 2026/2026/2026
f 2029/2029/2029 2031/2031/2031 2030/2030/2030
f 2031/2031/2031 2032/2032/2032 2030/2030/2030
f 2033/2033/2033 2035/2035/2035 2034/2034/2034
f 2035/2035/2035 2036/2036/2036 2034/2034/2034
f 2037/2037/2037 2039/2039/2039 2038/2038/2038
f 2039/2039/2039 2040/2040/2040 2038/2038/2038
o node_175_mesh_85_0
usemtl material_0
v 0.99843 0.75 1.484566
v 1.484566 0.75 0.99843
v 0.99843 0.5 1.484566
v 1.484566 0.5 0.99843
v 1.459978 0.75 0.973842
v 0.973842 0.75 1.459978
v 1.459978 0.5 0.973842
v 0.973842 0.5 1.459978
v 1.459978 0.75 0.973842
v 1.484566 0.75 0.99843
v 0.973842 0.75 1.459978
v 0.99843 0.75 1.484566
v 0.973842 0.5 1.459978
v 0.99843 0.5 1.484566
v 1.459978 0.5 0.973842
v 1.484566 0.5 0.99843
v 0.973842 0.75 1.459978
v 0.99843 0.75 1.484566
v 0.973842 0.5 1.459978
v 0.99843 0.5 1.484566
v 1.484566 0.75 0.99843
v 1.459978 0.75 0.973842
v 1.484566 0.5 0.99843
v 1.459978 0.5 0.973842
vt 0.432617 0.231445
vt 0.569336 0.231445
vt 0.432617 0.144531
vt 0.569336 0.144531
vt 0.65332 0.160156
vt 0.532227 0.160156
vt 0.65332 0.078125
vt 0.532227 0.078125
vt 0.585938 0.144531
vt 0.722656 0.144531
vt 0.585938 0.0625
vt 0.722656 0.0625
vt 0.550781 0.246094
vt 0.6875 0.246094
vt 0.550781 0.148438
vt 0.6875 0.148438
vt 0.59375 0.171875
vt 0.730469 0.171875
vt 0.59375 0.089844
vt 0.730469 0.089844
vt 0.542969 0.149414
vt 0.679688 0.149414
vt 0.542969 0.035156
vt 0.679688 0.035156
vn 0.707107 0 0.707107
vn 0.707107 0 0.707107
vn 0.707107 0 0.707107
vn 0.707107 0 0.707107
vn -0.707107 0 -0.707107
vn -0.707107 0 -0.707107
vn -0.707107 0 -0.707107
vn -0.707107 0 -0.707107
vn 0 1 0
vn 0 1 0
vn 0 1 0
vn 0 1 0
vn 0 -1 0
vn 0 -1 0
vn 0 -1 0
vn 0 -1 0
vn -0.707107 0 0.707107
vn -0.707107 0 0.707107
vn -0.707107 0 0.707107
vn -0.707107 0 0.707107
vn 0.707107 0 -0.707107
vn 0.707107 0 -0.707107
vn 0.707107 0 -0.707107
vn 0.707107 0 -0.707107
f 2041/2041/2041 2043/2043/2043 2042/2042/2042
f 2043/2043/2043 2044/2044/2044 2042/2042/2042
f 2045/2045/2045 2047/2047/2047 2046/2046/2046
f 2047/2047/2047 2048/2048/2048 2046/2046/2046
f 2049/2049/2049 2051/2051/2051 2050/2050/2050
f 2051/2051/2051 2052/2052/2052 2050/2050/2050
f 2053/2053/2053 2055/2055/2055 2054/2054/2054
f 2055/2055/2055 2056/2056/2056 2054/2054/2054
f 2057/2057/2057 2059/2059/2059 2058/2058/2058
f 2059/2059/2059 2060/2060/2060 2058/2058/2058
f 2061/2061/2061 2063/2063/2063 2062/2062/2062
f 2063/2063/2063 2064/2064/2064 2062/2062/2062
o node_177_mesh_86_0
usemtl material_0
v 1.548636 0.75 0.84375
v 1.548636 0.75 0.15625
v 1.548636 0.5 0.84375
v 1.548636 0.5 0.15625
v 1.513864 0.75 0.15625
v 1.513864 0.75 0.84375
v 1.513864 0.5 0.15625
v 1.513864 0.5 0.84375
v 1.513864 0.75 0.15625
v 1.548636 0.75 0.15625
v 1.513864 0.75 0.84375
v 1.548636 0.75 0.84375
v 1.513864 0.5 0.84375
v 1.548636 0.5 0.84375
v 1.513864 0.5 0.15625
v 1.548636 0.5 0.15625
v 1.513864 0.75 0.84375
v 1.548636 0.75 0.84375
v 1.513864 0.5 0.84375
v 1.548636 0.5 0.84375
v 1.548636 0.75 0.15625
v 1.513864 0.75 0.15625
v 1.548636 0.5 0.15625
v 1.513864 0.5 0.15625
vt 0.432617 0.231445
vt 0.569336 0.231445
vt 0.432617 0.144531
vt 0.569336 0.144531
vt 0.65332 0.160156
vt 0.532227 0.160156
vt 0.65332 0.078125
vt 0.532227 0.078125
vt 0.585938 0.144531
vt 0.722656 0.144531
vt 0.585938 0.0625
vt 0.722656 0.0625
vt 0.550781 0.246094
vt 0.6875 0.246094
vt 0.550781 0.148438
vt 0.6875 0.148438
vt 0.59375 0.171875
vt 0.730469 0.171875
vt 0.59375 0.089844
vt 0.730469 0.089844
vt 0.542969 0.149414
vt 0.679688 0.149414
vt 0.542969 0.035156
vt 0.679688 0.035156
vn 1 0 0
vn 1 0 0
vn 1 0 0
vn 1 0 0
vn -1 0 0
vn -1 0 0
vn -1 0 0
vn -1 0 0
vn 0 1 0
vn 0 1 0
vn 0 1 0
vn 0 1 0
vn 0 -1 0
vn 0 -1 0
vn 0 -1 0
vn 0 -1 0
vn 0 0 1
vn 0 0 1
vn 0 0 1
vn 0 0 1
vn 0 0 -1
vn 0 0 -1
vn 0 0 -1
vn 0 0 -1
f 2065/2065/2065 2067/2067/2067 2066/2066/2066
f 2067/2067/2067 2068/2068/2068 2066/2066/2066
f 2069/2069/2069 2071/2071/2071 2070/2070/2070
f 2071/2071/2071 2072/2072/2072 2070/2070/2070
f 2073/2073/2073 2075/2075/2075 2074/2074/2074
f 2075/2075/2075 2076/2076/2076 2074/2074/2074
f 2077/2077/2077 2079/2079/2079 2078/2078/2078
f 2079/2079/2079 2080/2080/2080 2078/2078/2078
f 2081/2081/2081 2083/2083/2083 2082/2082/2082
f 2083/2083/2083 2084/2084/2084 2082/2082/2082
f 2085/2085/2085 2087/2087/2087 2086/2086/2086
f 2087/2087/2087 2088/2088/2088 2086/2086/2086
o node_179_mesh_87_0
usemtl material_0
v 1.464398 0.75 0.021738
v 1.488985 0.75 -0.002849
v 1.464398 0.5 0.021738
v 1.488985 0.5 -0.002849
v 1.002849 0.75 -0.488985
v 0.978262 0.75 -0.464398
v 1.002849 0.5 -0.488985
v 0.978262 0.5 -0.464398
v 1.002849 0.75 -0.488985
v 1.488985 0.75 -0.002849
v 0.978262 0.75 -0.464398
v 1.464398 0.75 0.021738
v 0.978262 0.5 -0.464398
v 1.464398 0.5 0.021738
v 1.002849 0.5 -0.488985
v 1.488985 0.5 -0.002849
v 0.978262 0.75 -0.464398
v 1.464398 0.75 0.021738
v 0.978262 0.5 -0.464398
v 1.464398 0.5 0.021738
v 1.488985 0.75 -0.002849
v 1.002849 0.75 -0.488985
v 1.488985 0.5 -0.002849
v 1.002849 0.5 -0.488985
vt 0.625977 0.387695
vt 0.762695 0.387695
vt 0.625977 0.300781
vt 0.762695 0.300781
vt 0.760742 0.316406
vt 0.59668 0.316406
vt 0.760742 0.234375
vt 0.59668 0.234375
vt 0.693359 0.351563
vt 0.830078 0.351563
vt 0.693359 0.269531
vt 0.830078 0.269531
vt 0.701172 0.359375
vt 0.837891 0.359375
vt 0.701172 0.304688
vt 0.837891 0.304688
vt 0.787109 0.328125
vt 0.923828 0.328125
vt 0.787109 0.246094
vt 0.923828 0.246094
vt 0.763672 0.305664
vt 0.900391 0.305664
vt 0.763672 0.191406
vt 0.900391 0.191406
vn 0.707107 0 0.707107
vn 0.707107 0 0.707107
vn 0.707107 0 0.707107
vn 0.707107 0 0.707107
vn -0.707107 0 -0.707107
vn -0.707107 0 -0.707107
vn -0.707107 0 -0.707107
vn -0.707107 0 -0.707107
vn 0 1 0
vn 0 1 0
vn 0 1 0
vn 0 1 0
vn 0 -1 0
vn 0 -1 0
vn 0 -1 0
vn 0 -1 0
vn -0.707107 0 0.707107
vn -0.707107 0 0.707107
vn -0.707107 0 0.707107
vn -0.707107 0 0.707107
vn 0.707107 0 -0.707107
vn 0.707107 0 -0.707107
vn 0.707107 0 -0.707107
vn 0.707107 0 -0.707107
f 2089/2089/2089 2091/2091/2091 2090/2090/2090
f 2091/2091/2091 2092/2092/2092 2090/2090/2090
f 2093/2093/2093 2095/2095/2095 2094/2094/2094
f 2095/2095/2095 2096/2096/2096 2094/2094/2094
f 2097/2097/2097 2099/2099/2099 2098/2098/2098
f 2099/2099/2099 2100/2100/2100 2098/2098/2098
f 2101/2101/2101 2103/2103/2103 2102/2102/2102
f 2103/2103/2103 2104/2104/2104 2102/2102/2102
f 2105/2105/2105 2107/2107/2107 2106/2106/2106
f 2107/2107/2107 2108/2108/2108 2106/2106/2106
f 2109/2109/2109 2111/2111/2111 2110/2110/2110
f 2111/2111/2111 2112/2112/2112 2110/2110/2110
o node_181_mesh_88_0
usemtl material_0
v -0.510493 1 0.453512
v -0.247398 1 -0.181655
v -0.510493 0.75 0.453512
v -0.247398 0.75 -0.181655
v -0.279523 1 -0.194961
v -0.542618 1 0.440206
v -0.279523 0.75 -0.194961
v -0.542618 0.75 0.440206
v -0.279523 1 -0.194961
v -0.247398 1 -0.181655
v -0.542618 1 0.440206
v -0.510493 1 0.453512
v -0.542618 0.75 0.440206
v -0.510493 0.75 0.453512
v -0.279523 0.75 -0.194961
v -0.247398 0.75 -0.181655
v -0.542618 1 0.440206
v -0.510493 1 0.453512
v -0.542618 0.75 0.440206
v -0.510493 0.75 0.453512
v -0.247398 1 -0.181655
v -0.279523 1 -0.194961
v -0.247398 0.75 -0.181655
v -0.279523 0.75 -0.194961
vt 0.06543 0.231445
vt 0.202148 0.231445
vt 0.06543 0.144531
vt 0.202148 0.144531
vt 0.286133 0.160156
vt 0.165039 0.160156
vt 0.286133 0.078125
vt 0.165039 0.078125
vt 0.21875 0.144531
vt 0.355469 0.144531
vt 0.21875 0.0625
vt 0.355469 0.0625
vt 0.183594 0.246094
vt 0.320313 0.246094
vt 0.183594 0.148438
vt 0.320313 0.148438
vt 0.226563 0.171875
vt 0.363281 0.171875
vt 0.226563 0.089844
vt 0.363281 0.089844
vt 0.175781 0.149414
vt 0.3125 0.149414
vt 0.175781 0.035156
vt 0.3125 0.035156
vn 0.92388 0 0.382683
vn 0.92388 0 0.382683
vn 0.92388 0 0.382683
vn 0.92388 0 0.382683
vn -0.92388 0 -0.382683
vn -0.92388 0 -0.382683
vn -0.92388 0 -0.382683
vn -0.92388 0 -0.382683
vn 0 1 0
vn 0 1 0
vn 0 1 0
vn 0 1 0
vn 0 -1 0
vn 0 -1 0
vn 0 -1 0
vn 0 -1 0
vn -0.382683 0 0.92388
vn -0.382683 0 0.92388
vn -0.382683 0 0.92388
vn -0.382683 0 0.92388
vn 0.382683 0 -0.92388
vn 0.382683 0 -0.92388
vn 0.382683 0 -0.92388
vn 0.382683 0 -0.92388
f 2113/2113/2113 2115/2115/2115 2114/2114/2114
f 2115/2115/2115 2116/2116/2116 2114/2114/2114
f 2117/2117/2117 2119/2119/2119 2118/2118/2118
f 2119/2119/2119 2120/2120/2120 2118/2118/2118
f 2121/2121/2121 2123/2123/2123 2122/2122/2122
f 2123/2123/2123 2124/2124/2124 2122/2122/2122
f 2125/2125/2125 2127/2127/2127 2126/2126/2126
f 2127/2127/2127 2128/2128/2128 2126/2126/2126
f 2129/2129/2129 2131/2131/2131 2130/2130/2130
f 2131/2131/2131 2132/2132/2132 2130/2130/2130
f 2133/2133/2133 2135/2135/2135 2134/2134/2134
f 2135/2135/2135 2136/2136/2136 2134/2134/2134
o node_183_mesh_89_0
usemtl material_0
v -0.253173 1 1.184047
v -0.516267 1 0.548879
v -0.253173 0.75 1.184047
v -0.516267 0.75 0.548879
v -0.548392 1 0.562186
v -0.285298 1 1.197353
v -0.548392 0.75 0.562186
v -0.285298 0.75 1.197353
v -0.548392 1 0.562186
v -0.516267 1 0.548879
v -0.285298 1 1.197353
v -0.253173 1 1.184047
v -0.285298 0.75 1.197353
v -0.253173 0.75 1.184047
v -0.548392 0.75 0.562186
v -0.516267 0.75 0.548879
v -0.285298 1 1.197353
v -0.253173 1 1.184047
v -0.285298 0.75 1.197353
v -0.253173 0.75 1.184047
v -0.516267 1 0.548879
v -0.548392 1 0.562186
v -0.516267 0.75 0.548879
v -0.548392 0.75 0.562186
vt 0.151367 0.231445
vt 0.288086 0.231445
vt 0.151367 0.144531
vt 0.288086 0.144531
vt 0.37207 0.160156
vt 0.250977 0.160156
vt 0.37207 0.078125
vt 0.250977 0.078125
vt 0.304688 0.144531
vt 0.441406 0.144531
vt 0.304688 0.0625
vt 0.441406 0.0625
vt 0.269531 0.246094
vt 0.40625 0.246094
vt 0.269531 0.148438
vt 0.40625 0.148438
vt 0.3125 0.171875
vt 0.449219 0.171875
vt 0.3125 0.089844
vt 0.449219 0.089844
vt 0.261719 0.149414
vt 0.398438 0.149414
vt 0.261719 0.035156
vt 0.398438 0.035156
vn 0.92388 0 -0.382683
vn 0.92388 0 -0.382683
vn 0.92388 0 -0.382683
vn 0.92388 0 -0.382683
vn -0.92388 0 0.382683
vn -0.92388 0 0.382683
vn -0.92388 0 0.382683
vn -0.92388 0 0.382683
vn 0 1 0
vn 0 1 0
vn 0 1 0
vn 0 1 0
vn 0 -1 0
vn 0 -1 0
vn 0 -1 0
vn 0 -1 0
vn 0.382683 0 0.92388
vn 0.382683 0 0.92388
vn 0.382683 0 0.92388
vn 0.382683 0 0.92388
vn -0.382683 0 -0.92388
vn -0.382683 0 -0.92388
vn -0.382683 0 -0.92388
vn -0.382683 0 -0.92388
f 2137/2137/2137 2139/2139/2139 2138/2138/2138
f 2139/2139/2139 2140/2140/2140 2138/2138/2138
f 2141/2141/2141 2143/2143/2143 2142/2142/2142
f 2143/2143/2143 2144/2144/2144 2142/2142/2142
f 2145/2145/2145 2147/2147/2147 2146/2146/2146
f 2147/2147/2147 2148/2148/2148 2146/2146/2146
f 2149/2149/2149 2151/2151/2151 2150/2150/2150
f 2151/2151/2151 2152/2152/2152 2150/2150/2150
f 2153/2153/2153 2155/2155/2155 2154/2154/2154
f 2155/2155/2155 2156/2156/2156 2154/2154/2154
f 2157/2157/2157 2159/2159/2159 2158/2158/2158
f 2159/2159/2159 2160/2160/2160 2158/2158/2158
o node_185_mesh_90_0
usemtl material_0
v 0.440206 1 1.542618
v 0.453512 1 1.510493
v 0.440206 0.75 1.542618
v 0.453512 0.75 1.510493
v -0.181655 1 1.247398
v -0.194961 1 1.279523
v -0.181655 0.75 1.247398
v -0.194961 0.75 1.279523
v -0.181655 1 1.247398
v 0.453512 1 1.510493
v -0.194961 1 1.279523
v 0.440206 1 1.542618
v -0.194961 0.75 1.279523
v 0.440206 0.75 1.542618
v -0.181655 0.75 1.247398
v 0.453512 0.75 1.510493
v -0.194961 1 1.279523
v 0.440206 1 1.542618
v -0.194961 0.75 1.279523
v 0.440206 0.75 1.542618
v 0.453512 1 1.510493
v -0.181655 1 1.247398
v 0.453512 0.75 1.510493
v -0.181655 0.75 1.247398
vt 0.063477 0.774414
vt 0.200195 0.774414
vt 0.063477 0.6875
vt 0.200195 0.6875
vt 0.198242 0.703125
vt 0.03418 0.703125
vt 0.198242 0.621094
vt 0.03418 0.621094
vt 0.130859 0.738281
vt 0.267578 0.738281
vt 0.130859 0.65625
vt 0.267578 0.65625
vt 0.138672 0.746094
vt 0.275391 0.746094
vt 0.138672 0.691406
vt 0.275391 0.691406
vt 0.224609 0.714844
vt 0.361328 0.714844
vt 0.224609 0.632813
vt 0.361328 0.632813
vt 0.201172 0.692383
vt 0.337891 0.692383
vt 0.201172 0.578125
vt 0.337891 0.578125
vn 0.92388 0 0.382683
vn 0.92388 0 0.382683
vn 0.92388 0 0.382683
vn 0.92388 0 0.382683
vn -0.92388 0 -0.382683
vn -0.92388 0 -0.382683
vn -0.92388 0 -0.382683
vn -0.92388 0 -0.382683
vn 0 1 0
vn 0 1 0
vn 0 1 0
vn 0 1 0
vn 0 -1 0
vn 0 -1 0
vn 0 -1 0
vn 0 -1 0
vn -0.382683 0 0.92388
vn -0.382683 0 0.92388
vn -0.382683 0 0.92388
vn -0.382683 0 0.92388
vn 0.382683 0 -0.92388
vn 0.382683 0 -0.92388
vn 0.382683 0 -0.92388
vn 0.382683 0 -0.92388
f 2161/2161/2161 2163/2163/2163 2162/2162/2162
f 2163/2163/2163 2164/2164/2164 2162/2162/2162
f 2165/2165/2165 2167/2167/2167 2166/2166/2166
f 2167/2167/2167 2168/2168/2168 2166/2166/2166
f 2169/2169/2169 2171/2171/2171 2170/2170/2170
f 2171/2171/2171 2172/2172/2172 2170/2170/2170
f 2173/2173/2173 2175/2175/2175 2174/2174/2174
f 2175/2175/2175 2176/2176/2176 2174/2174/2174
f 2177/2177/2177 2179/2179/2179 2178/2178/2178
f 2179/2179/2179 2180/2180/2180 2178/2178/2178
f 2181/2181/2181 2183/2183/2183 2182/2182/2182
f 2183/2183/2183 2184/2184/2184 2182/2182/2182
o node_187_mesh_91_0
usemtl material_0
v 1.194961 1 1.279523
v 1.181655 1 1.247398
v 1.194961 0.75 1.279523
v 1.181655 0.75 1.247398
v 0.546488 1 1.510493
v 0.559794 1 1.542618
v 0.546488 0.75 1.510493
v 0.559794 0.75 1.542618
v 0.546488 1 1.510493
v 1.181655 1 1.247398
v 0.559794 1 1.542618
v 1.194961 1 1.279523
v 0.559794 0.75 1.542618
v 1.194961 0.75 1.279523
v 0.546488 0.75 1.510493
v 1.181655 0.75 1.247398
v 0.559794 1 1.542618
v 1.194961 1 1.279523
v 0.559794 0.75 1.542618
v 1.194961 0.75 1.279523
v 1.181655 1 1.247398
v 0.546488 1 1.510493
v 1.181655 0.75 1.247398
v 0.546488 0.75 1.510493
vt 0.030273 0.766602
vt 0.166992 0.766602
vt 0.030273 0.679688
vt 0.166992 0.679688
vt 0.250977 0.695313
vt 0.086914 0.695313
vt 0.250977 0.613281
vt 0.086914 0.613281
vt 0.238281 0.730469
vt 0.375 0.730469
vt 0.238281 0.648438
vt 0.375 0.648438
vt 0.257813 0.738281
vt 0.394531 0.738281
vt 0.257813 0.683594
vt 0.394531 0.683594
vt 0.148438 0.707031
vt 0.285156 0.707031
vt 0.148438 0.625
vt 0.285156 0.625
vt 0.110352 0.68457
vt 0.24707 0.68457
vt 0.110352 0.570313
vt 0.24707 0.570313
vn 0.92388 0 -0.382683
vn 0.92388 0 -0.382683
vn 0.92388 0 -0.382683
vn 0.92388 0 -0.382683
vn -0.92388 0 0.382683
vn -0.92388 0 0.382683
vn -0.92388 0 0.382683
vn -0.92388 0 0.382683
vn 0 1 0
vn 0 1 0
vn 0 1 0
vn 0 1 0
vn 0 -1 0
vn 0 -1 0
vn 0 -1 0
vn 0 -1 0
vn 0.382683 0 0.92388
vn 0.382683 0 0.92388
vn 0.382683 0 0.92388
vn 0.382683 0 0.92388
vn -0.382683 0 -0.92388
vn -0.382683 0 -0.92388
vn -0.382683 0 -0.92388
vn -0.382683 0 -0.92388
f 2185/2185/2185 2187/2187/2187 2186/2186/2186
f 2187/2187/2187 2188/2188/2188 2186/2186/2186
f 2189/2189/2189 2191/2191/2191 2190/2190/2190
f 2191/2191/2191 2192/2192/2192 2190/2190/2190
f 2193/2193/2193 2195/2195/2195 2194/2194/2194
f 2195/2195/2195 2196/2196/2196 2194/2194/2194
f 2197/2197/2197 2199/2199/2199 2198/2198/2198
f 2199/2199/2199 2200/2200/2200 2198/2198/2198
f 2201/2201/2201 2203/2203/2203 2202/2202/2202
f 2203/2203/2203 2204/2204/2204 2202/2202/2202
f 2205/2205/2205 2207/2207/2207 2206/2206/2206
f 2207/2207/2207 2208/2208/2208 2206/2206/2206
o node_189_mesh_92_0
usemtl material_0
v 1.279523 1 1.194961
v 1.542618 1 0.559794
v 1.279523 0.75 1.194961
v 1.542618 0.75 0.559794
v 1.510493 1 0.546488
v 1.247398 1 1.181655
v 1.510493 0.75 0.546488
v 1.247398 0.75 1.181655
v 1.510493 1 0.546488
v 1.542618 1 0.559794
v 1.247398 1 1.181655
v 1.279523 1 1.194961
v 1.247398 0.75 1.181655
v 1.279523 0.75 1.194961
v 1.510493 0.75 0.546488
v 1.542618 0.75 0.559794
v 1.247398 1 1.181655
v 1.279523 1 1.194961
v 1.247398 0.75 1.181655
v 1.279523 0.75 1.194961
v 1.542618 1 0.559794
v 1.510493 1 0.546488
v 1.542618 0.75 0.559794
v 1.510493 0.75 0.546488
vt 0.366211 0.231445
vt 0.50293 0.231445
vt 0.366211 0.144531
vt 0.50293 0.144531
vt 0.586914 0.160156
vt 0.46582 0.160156
vt 0.586914 0.078125
vt 0.46582 0.078125
vt 0.519531 0.144531
vt 0.65625 0.144531
vt 0.519531 0.0625
vt 0.65625 0.0625
vt 0.484375 0.246094
vt 0.621094 0.246094
vt 0.484375 0.148438
vt 0.621094 0.148438
vt 0.527344 0.171875
vt 0.664063 0.171875
vt 0.527344 0.089844
vt 0.664063 0.089844
vt 0.476563 0.149414
vt 0.613281 0.149414
vt 0.476563 0.035156
vt 0.613281 0.035156
vn 0.92388 0 0.382683
vn 0.92388 0 0.382683
vn 0.92388 0 0.382683
vn 0.92388 0 0.382683
vn -0.92388 0 -0.382683
vn -0.92388 0 -0.382683
vn -0.92388 0 -0.382683
vn -0.92388 0 -0.382683
vn 0 1 0
vn 0 1 0
vn 0 1 0
vn 0 1 0
vn 0 -1 0
vn 0 -1 0
vn 0 -1 0
vn 0 -1 0
vn -0.382683 0 0.92388
vn -0.382683 0 0.92388
vn -0.382683 0 0.92388
vn -0.382683 0 0.92388
vn 0.382683 0 -0.92388
vn 0.382683 0 -0.92388
vn 0.382683 0 -0.92388
vn 0.382683 0 -0.92388
f 2209/2209/2209 2211/2211/2211 2210/2210/2210
f 2211/2211/2211 2212/2212/2212 2210/2210/2210
f 2213/2213/2213 2215/2215/2215 2214/2214/2214
f 2215/2215/2215 2216/2216/2216 2214/2214/2214
f 2217/2217/2217 2219/2219/2219 2218/2218/2218
f 2219/2219/2219 2220/2220/2220 2218/2218/2218
f 2221/2221/2221 2223/2223/2223 2222/2222/2222
f 2223/2223/2223 2224/2224/2224 2222/2222/2222
f 2225/2225/2225 2227/2227/2227 2226/2226/2226
f 2227/2227/2227 2228/2228/2228 2226/2226/2226
f 2229/2229/2229 2231/2231/2231 2230/2230/2230
f 2231/2231/2231 2232/2232/2232 2230/2230/2230
o node_191_mesh_93_0
usemtl material_0
v 1.542618 1 0.440206
v 1.279523 1 -0.194961
v 1.542618 0.75 0.440206
v 1.279523 0.75 -0.194961
v 1.247398 1 -0.181655
v 1.510493 1 0.453512
v 1.247398 0.75 -0.181655
v 1.510493 0.75 0.453512
v 1.247398 1 -0.181655
v 1.279523 1 -0.194961
v 1.510493 1 0.453512
v 1.542618 1 0.440206
v 1.510493 0.75 0.453512
v 1.542618 0.75 0.440206
v 1.247398 0.75 -0.181655
v 1.279523 0.75 -0.194961
v 1.510493 1 0.453512
v 1.542618 1 0.440206
v 1.510493 0.75 0.453512
v 1.542618 0.75 0.440206
v 1.279523 1 -0.194961
v 1.247398 1 -0.181655
v 1.279523 0.75 -0.194961
v 1.247398 0.75 -0.181655
vt 0.022461 0.231445
vt 0.15918 0.231445
vt 0.022461 0.144531
vt 0.15918 0.144531
vt 0.243164 0.160156
vt 0.12207 0.160156
vt 0.243164 0.078125
vt 0.12207 0.078125
vt 0.175781 0.144531
vt 0.3125 0.144531
vt 0.175781 0.0625
vt 0.3125 0.0625
vt 0.140625 0.246094
vt 0.277344 0.246094
vt 0.140625 0.148438
vt 0.277344 0.148438
vt 0.183594 0.171875
vt 0.320313 0.171875
vt 0.183594 0.089844
vt 0.320313 0.089844
vt 0.132813 0.149414
vt 0.269531 0.149414
vt 0.132813 0.035156
vt 0.269531 0.035156
vn 0.92388 0 -0.382683
vn 0.92388 0 -0.382683
vn 0.92388 0 -0.382683
vn 0.92388 0 -0.382683
vn -0.92388 0 0.382683
vn -0.92388 0 0.382683
vn -0.92388 0 0.382683
vn -0.92388 0 0.382683
vn 0 1 0
vn 0 1 0
vn 0 1 0
vn 0 1 0
vn 0 -1 0
vn 0 -1 0
vn 0 -1 0
vn 0 -1 0
vn 0.382683 0 0.92388
vn 0.382683 0 0.92388
vn 0.382683 0 0.92388
vn 0.382683 0 0.92388
vn -0.382683 0 -0.92388
vn -0.382683 0 -0.92388
vn -0.382683 0 -0.92388
vn -0.382683 0 -0.92388
f 2233/2233/2233 2235/2235/2235 2234/2234/2234
f 2235/2235/2235 2236/2236/2236 2234/2234/2234
f 2237/2237/2237 2239/2239/2239 2238/2238/2238
f 2239/2239/2239 2240/2240/2240 2238/2238/2238
f 2241/2241/2241 2243/2243/2243 2242/2242/2242
f 2243/2243/2243 2244/2244/2244 2242/2242/2242
f 2245/2245/2245 2247/2247/2247 2246/2246/2246
f 2247/2247/2247 2248/2248/2248 2246/2246/2246
f 2249/2249/2249 2251/2251/2251 2250/2250/2250
f 2251/2251/2251 2252/2252/2252 2250/2250/2250
f 2253/2253/2253 2255/2255/2255 2254/2254/2254
f 2255/2255/2255 2256/2256/2256 2254/2254/2254
o node_193_mesh_94_0
usemtl material_0
v 1.181655 1 -0.247398
v 1.194961 1 -0.279523
v 1.181655 0.75 -0.247398
v 1.194961 0.75 -0.279523
v 0.559794 1 -0.542618
v 0.546488 1 -0.510493
v 0.559794 0.75 -0.542618
v 0.546488 0.75 -0.510493
v 0.559794 1 -0.542618
v 1.194961 1 -0.279523
v 0.546488 1 -0.510493
v 1.181655 1 -0.247398
v 0.546488 0.75 -0.510493
v 1.181655 0.75 -0.247398
v 0.559794 0.75 -0.542618
v 1.194961 0.75 -0.279523
v 0.546488 1 -0.510493
v 1.181655 1 -0.247398
v 0.546488 0.75 -0.510493
v 1.181655 0.75 -0.247398
v 1.194961 1 -0.279523
v 0.559794 1 -0.542618
v 1.194961 0.75 -0.279523
v 0.559794 0.75 -0.542618
vt 0.049805 0.758789
vt 0.186523 0.758789
vt 0.049805 0.671875
vt 0.186523 0.671875
vt 0.270508 0.6875
vt 0.106445 0.6875
vt 0.270508 0.605469
vt 0.106445 0.605469
vt 0.257813 0.722656
vt 0.394531 0.722656
vt 0.257813 0.640625
vt 0.394531 0.640625
vt 0.277344 0.730469
vt 0.414063 0.730469
vt 0.277344 0.675781
vt 0.414063 0.675781
vt 0.167969 0.699219
vt 0.304688 0.699219
vt 0.167969 0.617188
vt 0.304688 0.617188
vt 0.117188 0.676758
vt 0.253906 0.676758
vt 0.117188 0.5625
vt 0.253906 0.5625
vn 0.92388 0 0.382683
vn 0.92388 0 0.382683
vn 0.92388 0 0.382683
vn 0.92388 0 0.382683
vn -0.92388 0 -0.382683
vn -0.92388 0 -0.382683
vn -0.92388 0 -0.382683
vn -0.92388 0 -0.382683
vn 0 1 0
vn 0 1 0
vn 0 1 0
vn 0 1 0
vn 0 -1 0
vn 0 -1 0
vn 0 -1 0
vn 0 -1 0
vn -0.382683 0 0.92388
vn -0.382683 0 0.92388
vn -0.382683 0 0.92388
vn -0.382683 0 0.92388
vn 0.382683 0 -0.92388
vn 0.382683 0 -0.92388
vn 0.382683 0 -0.92388
vn 0.382683 0 -0.92388
f 2257/2257/2257 2259/2259/2259 2258/2258/2258
f 2259/2259/2259 2260/2260/2260 2258/2258/2258
f 2261/2261/2261 2263/2263/2263 2262/2262/2262
f 2263/2263/2263 2264/2264/2264 2262/2262/2262
f 2265/2265/2265 2267/2267/2267 2266/2266/2266
f 2267/2267/2267 2268/2268/2268 2266/2266/2266
f 2269/2269/2269 2271/2271/2271 2270/2270/2270
f 2271/2271/2271 2272/2272/2272 2270/2270/2270
f 2273/2273/2273 2275/2275/2275 2274/2274/2274
f 2275/2275/2275 2276/2276/2276 2274/2274/2274
f 2277/2277/2277 2279/2279/2279 2278/2278/2278
f 2279/2279/2279 2280/2280/2280 2278/2278/2278
o node_195_mesh_95_0
usemtl material_0
v 0.453512 1 -0.510493
v 0.440206 1 -0.542618
v 0.453512 0.75 -0.510493
v 0.440206 0.75 -0.542618
v -0.194961 1 -0.279523
v -0.181655 1 -0.247398
v -0.194961 0.75 -0.279523
v -0.181655 0.75 -0.247398
v -0.194961 1 -0.279523
v 0.440206 1 -0.542618
v -0.181655 1 -0.247398
v 0.453512 1 -0.510493
v -0.181655 0.75 -0.247398
v 0.453512 0.75 -0.510493
v -0.194961 0.75 -0.279523
v 0.440206 0.75 -0.542618
v -0.181655 1 -0.247398
v 0.453512 1 -0.510493
v -0.181655 0.75 -0.247398
v 0.453512 0.75 -0.510493
v 0.440206 1 -0.542618
v -0.194961 1 -0.279523
v 0.440206 0.75 -0.542618
v -0.194961 0.75 -0.279523
vt 0.094727 0.750977
vt 0.231445 0.750977
vt 0.094727 0.664063
vt 0.231445 0.664063
vt 0.229492 0.679688
vt 0.06543 0.679688
vt 0.229492 0.597656
vt 0.06543 0.597656
vt 0.162109 0.714844
vt 0.298828 0.714844
vt 0.162109 0.632813
vt 0.298828 0.632813
vt 0.169922 0.722656
vt 0.306641 0.722656
vt 0.169922 0.667969
vt 0.306641 0.667969
vt 0.255859 0.691406
vt 0.392578 0.691406
vt 0.255859 0.609375
vt 0.392578 0.609375
vt 0.232422 0.668945
vt 0.369141 0.668945
vt 0.232422 0.554688
vt 0.369141 0.554688
vn 0.92388 0 -0.382683
vn 0.92388 0 -0.382683
vn 0.92388 0 -0.382683
vn 0.92388 0 -0.382683
vn -0.92388 0 0.382683
vn -0.92388 0 0.382683
vn -0.92388 0 0.382683
vn -0.92388 0 0.382683
vn 0 1 0
vn 0 1 0
vn 0 1 0
vn 0 1 0
vn 0 -1 0
vn 0 -1 0
vn 0 -1 0
vn 0 -1 0
vn 0.382683 0 0.92388
vn 0.382683 0 0.92388
vn 0.382683 0 0.92388
vn 0.382683 0 0.92388
vn -0.382683 0 -0.92388
vn -0.382683 0 -0.92388
vn -0.382683 0 -0.92388
vn -0.382683 0 -0.92388
f 2281/2281/2281 2283/2283/2283 2282/2282/2282
f 2283/2283/2283 2284/2284/2284 2282/2282/2282
f 2285/2285/2285 2287/2287/2287 2286/2286/2286
f 2287/2287/2287 2288/2288/2288 2286/2286/2286
f 2289/2289/2289 2291/2291/2291 2290/2290/2290
f 2291/2291/2291 2292/2292/2292 2290/2290/2290
f 2293/2293/2293 2295/2295/2295 2294/2294/2294
f 2295/2295/2295 2296/2296/2296 2294/2294/2294
f 2297/2297/2297 2299/2299/2299 2298/2298/2298
f 2299/2299/2299 2300/2300/2300 2298/2298/2298
f 2301/2301/2301 2303/2303/2303 2302/2302/2302
f 2303/2303/2303 2304/2304/2304 2302/2302/2302
o node_197_mesh_96_0
usemtl material_0
v 1.329886 1.25 0.023667
v 0.976333 1.25 -0.329886
v 1.329886 1 0.023667
v 0.976333 1 -0.329886
v 0.951745 1.25 -0.305299
v 1.305299 1.25 0.048255
v 0.951745 1 -0.305299
v 1.305299 1 0.048255
v 0.951745 1.25 -0.305299
v 0.976333 1.25 -0.329886
v 1.305299 1.25 0.048255
v 1.329886 1.25 0.023667
v 1.305299 1 0.048255
v 1.329886 1 0.023667
v 0.951745 1 -0.305299
v 0.976333 1 -0.329886
v 1.305299 1.25 0.048255
v 1.329886 1.25 0.023667
v 1.305299 1 0.048255
v 1.329886 1 0.023667
v 0.976333 1.25 -0.329886
v 0.951745 1.25 -0.305299
v 0.976333 1 -0.329886
v 0.951745 1 -0.305299
vt 0.463867 0.352539
vt 0.600586 0.352539
vt 0.463867 0.265625
vt 0.600586 0.265625
vt 0.672852 0.28125
vt 0.540039 0.28125
vt 0.672852 0.199219
vt 0.540039 0.199219
vt 0.605469 0.265625
vt 0.742188 0.265625
vt 0.605469 0.183594
vt 0.742188 0.183594
vt 0.570313 0.355469
vt 0.707031 0.355469
vt 0.570313 0.269531
vt 0.707031 0.269531
vt 0.601563 0.292969
vt 0.738281 0.292969
vt 0.601563 0.210938
vt 0.738281 0.210938
vt 0.5625 0.270508
vt 0.699219 0.270508
vt 0.5625 0.15625
vt 0.699219 0.15625
vn 0.707107 0 -0.707107
vn 0.707107 0 -0.707107
vn 0.707107 0 -0.707107
vn 0.707107 0 -0.707107
vn -0.707107 0 0.707107
vn -0.707107 0 0.707107
vn -0.707107 0 0.707107
vn -0.707107 0 0.707107
vn 0 1 0
vn 0 1 0
vn 0 1 0
vn 0 1 0
vn 0 -1 0
vn 0 -1 0
vn 0 -1 0
vn 0 -1 0
vn 0.707107 0 0.707107
vn 0.707107 0 0.707107
vn 0.707107 0 0.707107
vn 0.707107 0 0.707107
vn -0.707107 0 -0.707107
vn -0.707107 0 -0.707107
vn -0.707107 0 -0.707107
vn -0.707107 0 -0.707107
f 2305/2305/2305 2307/2307/2307 2306/2306/2306
f 2307/2307/2307 2308/2308/2308 2306/2306/2306
f 2309/2309/2309 2311/2311/2311 2310/2310/2310
f 2311/2311/2311 2312/2312/2312 2310/2310/2310
f 2313/2313/2313 2315/2315/2315 2314/2314/2314
f 2315/2315/2315 2316/2316/2316 2314/2314/2314
f 2317/2317/2317 2319/2319/2319 2318/2318/2318
f 2319/2319/2319 2320/2320/2320 2318/2318/2318
f 2321/2321/2321 2323/2323/2323 2322/2322/2322
f 2323/2323/2323 2324/2324/2324 2322/2322/2322
f 2325/2325/2325 2327/2327/2327 2326/2326/2326
f 2327/2327/2327 2328/2328/2328 2326/2326/2326
o node_199_mesh_97_0
usemtl material_0
v 1.423636 1.25 0.75
v 1.423636 1.25 0.25
v 1.423636 1 0.75
v 1.423636 1 0.25
v 1.388864 1.25 0.25
v 1.388864 1.25 0.75
v 1.388864 1 0.25
v 1.388864 1 0.75
v 1.388864 1.25 0.25
v 1.423636 1.25 0.25
v 1.388864 1.25 0.75
v 1.423636 1.25 0.75
v 1.388864 1 0.75
v 1.423636 1 0.75
v 1.388864 1 0.25
v 1.423636 1 0.25
v 1.388864 1.25 0.75
v 1.423636 1.25 0.75
v 1.388864 1 0.75
v 1.423636 1 0.75
v 1.423636 1.25 0.25
v 1.388864 1.25 0.25
v 1.423636 1 0.25
v 1.388864 1 0.25
vt 0.333008 0.30957
vt 0.469727 0.30957
vt 0.333008 0.222656
vt 0.469727 0.222656
vt 0.240234 0.238281
vt 0.373047 0.238281
vt 0.240234 0.15625
vt 0.373047 0.15625
vt 0.336914 0.222656
vt 0.473633 0.222656
vt 0.336914 0.140625
vt 0.473633 0.140625
vt 0.301758 0.3125
vt 0.438477 0.3125
vt 0.301758 0.226563
vt 0.438477 0.226563
vt 0.333008 0.25
vt 0.469727 0.25
vt 0.333008 0.167969
vt 0.469727 0.167969
vt 0.293945 0.227539
vt 0.430664 0.227539
vt 0.293945 0.113281
vt 0.430664 0.113281
vn 1 0 0
vn 1 0 0
vn 1 0 0
vn 1 0 0
vn -1 0 0
vn -1 0 0
vn -1 0 0
vn -1 0 0
vn 0 1 0
vn 0 1 0
vn 0 1 0
vn 0 1 0
vn 0 -1 0
vn 0 -1 0
vn 0 -1 0
vn 0 -1 0
vn 0 0 1
vn 0 0 1
vn 0 0 1
vn 0 0 1
vn 0 0 -1
vn 0 0 -1
vn 0 0 -1
vn 0 0 -1
f 2329/2329/2329 2331/2331/2331 2330/2330/2330
f 2331/2331/2331 2332/2332/2332 2330/2330/2330
f 2333/2333/2333 2335/2335/2335 2334/2334/2334
f 2335/2335/2335 2336/2336/2336 2334/2334/2334
f 2337/2337/2337 2339/2339/2339 2338/2338/2338
f 2339/2339/2339 2340/2340/2340 2338/2338/2338
f 2341/2341/2341 2343/2343/2343 2342/2342/2342
f 2343/2343/2343 2344/2344/2344 2342/2342/2342
f 2345/2345/2345 2347/2347/2347 2346/2346/2346
f 2347/2347/2347 2348/2348/2348 2346/2346/2346
f 2349/2349/2349 2351/2351/2351 2350/2350/2350
f 2351/2351/2351 2352/2352/2352 2350/2350/2350
o node_201_mesh_98_0
usemtl material_0
v 1.329886 1.25 0.976333
v 1.305299 1.25 0.951745
v 1.329886 1 0.976333
v 1.305299 1 0.951745
v 0.951745 1.25 1.305299
v 0.976333 1.25 1.329886
v 0.951745 1 1.305299
v 0.976333 1 1.329886
v 0.951745 1.25 1.305299
v 1.305299 1.25 0.951745
v 0.976333 1.25 1.329886
v 1.329886 1.25 0.976333
v 0.976333 1 1.329886
v 1.329886 1 0.976333
v 0.951745 1 1.305299
v 1.305299 1 0.951745
v 0.976333 1.25 1.329886
v 1.329886 1.25 0.976333
v 0.976333 1 1.329886
v 1.329886 1 0.976333
v 1.305299 1.25 0.951745
v 0.951745 1.25 1.305299
v 1.305299 1 0.951745
v 0.951745 1 1.305299
vt 0.077148 0.739258
vt 0.213867 0.739258
vt 0.077148 0.652344
vt 0.213867 0.652344
vt 0.286133 0.667969
vt 0.12207 0.667969
vt 0.286133 0.585938
vt 0.12207 0.585938
vt 0.273438 0.703125
vt 0.410156 0.703125
vt 0.273438 0.621094
vt 0.410156 0.621094
vt 0.28125 0.710938
vt 0.417969 0.710938
vt 0.28125 0.65625
vt 0.417969 0.65625
vt 0.183594 0.679688
vt 0.320313 0.679688
vt 0.183594 0.597656
vt 0.320313 0.597656
vt 0.144531 0.657227
vt 0.28125 0.657227
vt 0.144531 0.542969
vt 0.28125 0.542969
vn 0.707107 0 -0.707107
vn 0.707107 0 -0.707107
vn 0.707107 0 -0.707107
vn 0.707107 0 -0.707107
vn -0.707107 0 0.707107
vn -0.707107 0 0.707107
vn -0.707107 0 0.707107
vn -0.707107 0 0.707107
vn 0 1 0
vn 0 1 0
vn 0 1 0
vn 0 1 0
vn 0 -1 0
vn 0 -1 0
vn 0 -1 0
vn 0 -1 0
vn 0.707107 0 0.707107
vn 0.707107 0 0.707107
vn 0.707107 0 0.707107
vn 0.707107 0 0.707107
vn -0.707107 0 -0.707107
vn -0.707107 0 -0.707107
vn -0.707107 0 -0.707107
vn -0.707107 0 -0.707107
f 2353/2353/2353 2355/2355/2355 2354/2354/2354
f 2355/2355/2355 2356/2356/2356 2354/2354/2354
f 2357/2357/2357 2359/2359/2359 2358/2358/2358
f 2359/2359/2359 2360/2360/2360 2358/2358/2358
f 2361/2361/2361 2363/2363/2363 2362/2362/2362
f 2363/2363/2363 2364/2364/2364 2362/2362/2362
f 2365/2365/2365 2367/2367/2367 2366/2366/2366
f 2367/2367/2367 2368/2368/2368 2366/2366/2366
f 2369/2369/2369 2371/2371/2371 2370/2370/2370
f 2371/2371/2371 2372/2372/2372 2370/2370/2370
f 2373/2373/2373 2375/2375/2375 2374/2374/2374
f 2375/2375/2375 2376/2376/2376 2374/2374/2374
o node_203_mesh_99_0
usemtl material_0
v 0.75 1.25 1.423636
v 0.75 1.25 1.388864
v 0.75 1 1.423636
v 0.75 1 1.388864
v 0.25 1.25 1.388864
v 0.25 1.25 1.423636
v 0.25 1 1.388864
v 0.25 1 1.423636
v 0.25 1.25 1.388864
v 0.75 1.25 1.388864
v 0.25 1.25 1.423636
v 0.75 1.25 1.423636
v 0.25 1 1.423636
v 0.75 1 1.423636
v 0.25 1 1.388864
v 0.75 1 1.388864
v 0.25 1.25 1.423636
v 0.75 1.25 1.423636
v 0.25 1 1.423636
v 0.75 1 1.423636
v 0.75 1.25 1.388864
v 0.25 1.25 1.388864
v 0.75 1 1.388864
v 0.25 1 1.388864
vt 0.116211 0.731445
vt 0.25293 0.731445
vt 0.116211 0.644531
vt 0.25293 0.644531
vt 0.325195 0.660156
vt 0.161133 0.660156
vt 0.325195 0.578125
vt 0.161133 0.578125
vt 0.3125 0.695313
vt 0.449219 0.695313
vt 0.3125 0.613281
vt 0.449219 0.613281
vt 0.320313 0.703125
vt 0.457031 0.703125
vt 0.320313 0.648438
vt 0.457031 0.648438
vt 0.222656 0.671875
vt 0.359375 0.671875
vt 0.222656 0.589844
vt 0.359375 0.589844
vt 0.183594 0.649414
vt 0.320313 0.649414
vt 0.183594 0.535156
vt 0.320313 0.535156
vn 1 0 0
vn 1 0 0
vn 1 0 0
vn 1 0 0
vn -1 0 0
vn -1 0 0
vn -1 0 0
vn -1 0 0
vn 0 1 0
vn 0 1 0
vn 0 1 0
vn 0 1 0
vn 0 -1 0
vn 0 -1 0
vn 0 -1 0
vn 0 -1 0
vn 0 0 1
vn 0 0 1
vn 0 0 1
vn 0 0 1
vn 0 0 -1
vn 0 0 -1
vn 0 0 -1
vn 0 0 -1
f 2377/2377/2377 2379/2379/2379 2378/2378/2378
f 2379/2379/2379 2380/2380/2380 2378/2378/2378
f 2381/2381/2381 2383/2383/2383 2382/2382/2382
f 2383/2383/2383 2384/2384/2384 2382/2382/2382
f 2385/2385/2385 2387/2387/2387 2386/2386/2386
f 2387/2387/2387 2388/2388/2388 2386/2386/2386
f 2389/2389/2389 2391/2391/2391 2390/2390/2390
f 2391/2391/2391 2392/2392/2392 2390/2390/2390
f 2393/2393/2393 2395/2395/2395 2394/2394/2394
f 2395/2395/2395 2396/2396/2396 2394/2394/2394
f 2397/2397/2397 2399/2399/2399 2398/2398/2398
f 2399/2399/2399 2400/2400/2400 2398/2398/2398
o node_205_mesh_100_0
usemtl material_0
v 0.043835 1.25 -0.309718
v 0.019248 1.25 -0.334305
v 0.043835 1 -0.309718
v 0.019248 1 -0.334305
v -0.334305 1.25 0.019248
v -0.309718 1.25 0.043835
v -0.334305 1 0.019248
v -0.309718 1 0.043835
v -0.334305 1.25 0.019248
v 0.019248 1.25 -0.334305
v -0.309718 1.25 0.043835
v 0.043835 1.25 -0.309718
v -0.309718 1 0.043835
v 0.043835 1 -0.309718
v -0.334305 1 0.019248
v 0.019248 1 -0.334305
v -0.309718 1.25 0.043835
v 0.043835 1.25 -0.309718
v -0.309718 1 0.043835
v 0.043835 1 -0.309718
v 0.019248 1.25 -0.334305
v -0.334305 1.25 0.019248
v 0.019248 1 -0.334305
v -0.334305 1 0.019248
vt 0.124023 0.661133
vt 0.260742 0.661133
vt 0.124023 0.574219
vt 0.260742 0.574219
vt 0.333008 0.589844
vt 0.168945 0.589844
vt 0.333008 0.507813
vt 0.168945 0.507813
vt 0.320313 0.625
vt 0.457031 0.625
vt 0.320313 0.542969
vt 0.457031 0.542969
vt 0.328125 0.632813
vt 0.464844 0.632813
vt 0.328125 0.578125
vt 0.464844 0.578125
vt 0.230469 0.601563
vt 0.367188 0.601563
vt 0.230469 0.519531
vt 0.367188 0.519531
vt 0.191406 0.579102
vt 0.328125 0.579102
vt 0.191406 0.464844
vt 0.328125 0.464844
vn 0.707107 0 -0.707107
vn 0.707107 0 -0.707107
vn 0.707107 0 -0.707107
vn 0.707107 0 -0.707107
vn -0.707107 0 0.707107
vn -0.707107 0 0.707107
vn -0.707107 0 0.707107
vn -0.707107 0 0.707107
vn 0 1 0
vn 0 1 0
vn 0 1 0
vn 0 1 0
vn 0 -1 0
vn 0 -1 0
vn 0 -1 0
vn 0 -1 0
vn 0.707107 0 0.707107
vn 0.707107 0 0.707107
vn 0.707107 0 0.707107
vn 0.707107 0 0.707107
vn -0.707107 0 -0.707107
vn -0.707107 0 -0.707107
vn -0.707107 0 -0.707107
vn -0.707107 0 -0.707107
f 2401/2401/2401 2403/2403/2403 2402/2402/2402
f 2403/2403/2403 2404/2404/2404 2402/2402/2402
f 2405/2405/2405 2407/2407/2407 2406/2406/2406
f 2407/2407/2407 2408/2408/2408 2406/2406/2406
f 2409/2409/2409 2411/2411/2411 2410/2410/2410
f 2411/2411/2411 2412/2412/2412 2410/2410/2410
f 2413/2413/2413 2415/2415/2415 2414/2414/2414
f 2415/2415/2415 2416/2416/2416 2414/2414/2414
f 2417/2417/2417 2419/2419/2419 2418/2418/2418
f 2419/2419/2419 2420/2420/2420 2418/2418/2418
f 2421/2421/2421 2423/2423/2423 2422/2422/2422
f 2423/2423/2423 2424/2424/2424 2422/2422/2422
o node_207_mesh_101_0
usemtl material_0
v -0.388864 1.25 0.75
v -0.388864 1.25 0.25
v -0.388864 1 0.75
v -0.388864 1 0.25
v -0.423636 1.25 0.25
v -0.423636 1.25 0.75
v -0.423636 1 0.25
v -0.423636 1 0.75
v -0.423636 1.25 0.25
v -0.388864 1.25 0.25
v -0.423636 1.25 0.75
v -0.388864 1.25 0.75
v -0.423636 1 0.75
v -0.388864 1 0.75
v -0.423636 1 0.25
v -0.388864 1 0.25
v -0.423636 1.25 0.75
v -0.388864 1.25 0.75
v -0.423636 1 0.75
v -0.388864 1 0.75
v -0.388864 1.25 0.25
v -0.423636 1.25 0.25
v -0.388864 1 0.25
v -0.423636 1 0.25
vt 0.280273 0.243164
vt 0.416992 0.243164
vt 0.280273 0.15625
vt 0.416992 0.15625
vt 0.489258 0.171875
vt 0.356445 0.171875
vt 0.489258 0.089844
vt 0.356445 0.089844
vt 0.421875 0.15625
vt 0.558594 0.15625
vt 0.421875 0.074219
vt 0.558594 0.074219
vt 0.386719 0.246094
vt 0.523438 0.246094
vt 0.386719 0.160156
vt 0.523438 0.160156
vt 0.417969 0.183594
vt 0.554688 0.183594
vt 0.417969 0.101563
vt 0.554688 0.101563
vt 0.378906 0.161133
vt 0.515625 0.161133
vt 0.378906 0.046875
vt 0.515625 0.046875
vn 1 0 0
vn 1 0 0
vn 1 0 0
vn 1 0 0
vn -1 0 0
vn -1 0 0
vn -1 0 0
vn -1 0 0
vn 0 1 0
vn 0 1 0
vn 0 1 0
vn 0 1 0
vn 0 -1 0
vn 0 -1 0
vn 0 -1 0
vn 0 -1 0
vn 0 0 1
vn 0 0 1
vn 0 0 1
vn 0 0 1
vn 0 0 -1
vn 0 0 -1
vn 0 0 -1
vn 0 0 -1
f 2425/2425/2425 2427/2427/2427 2426/2426/2426
f 2427/2427/2427 2428/2428/2428 2426/2426/2426
f 2429/2429/2429 2431/2431/2431 2430/2430/2430
f 2431/2431/2431 2432/2432/2432 2430/2430/2430
f 2433/2433/2433 2435/2435/2435 2434/2434/2434
f 2435/2435/2435 2436/2436/2436 2434/2434/2434
f 2437/2437/2437 2439/2439/2439 2438/2438/2438
f 2439/2439/2439 2440/2440/2440 2438/2438/2438
f 2441/2441/2441 2443/2443/2443 2442/2442/2442
f 2443/2443/2443 2444/2444/2444 2442/2442/2442
f 2445/2445/2445 2447/2447/2447 2446/2446/2446
f 2447/2447/2447 2448/2448/2448 2446/2446/2446
o node_209_mesh_102_0
usemtl material_0
v 0.048255 1.25 1.305299
v -0.305299 1.25 0.951745
v 0.048255 1 1.305299
v -0.305299 1 0.951745
v -0.329886 1.25 0.976333
v 0.023667 1.25 1.329886
v -0.329886 1 0.976333
v 0.023667 1 1.329886
v -0.329886 1.25 0.976333
v -0.305299 1.25 0.951745
v 0.023667 1.25 1.329886
v 0.048255 1.25 1.305299
v 0.023667 1 1.329886
v 0.048255 1 1.305299
v -0.329886 1 0.976333
v -0.305299 1 0.951745
v 0.023667 1.25 1.329886
v 0.048255 1.25 1.305299
v 0.023667 1 1.329886
v 0.048255 1 1.305299
v -0.305299 1.25 0.951745
v -0.329886 1.25 0.976333
v -0.305299 1 0.951745
v -0.329886 1 0.976333
vt 0.342773 0.243164
vt 0.479492 0.243164
vt 0.342773 0.15625
vt 0.479492 0.15625
vt 0.551758 0.171875
vt 0.418945 0.171875
vt 0.551758 0.089844
vt 0.418945 0.089844
vt 0.484375 0.15625
vt 0.621094 0.15625
vt 0.484375 0.074219
vt 0.621094 0.074219
vt 0.449219 0.246094
vt 0.585938 0.246094
vt 0.449219 0.160156
vt 0.585938 0.160156
vt 0.480469 0.183594
vt 0.617188 0.183594
vt 0.480469 0.101563
vt 0.617188 0.101563
vt 0.441406 0.161133
vt 0.578125 0.161133
vt 0.441406 0.046875
vt 0.578125 0.046875
vn 0.707107 0 -0.707107
vn 0.707107 0 -0.707107
vn 0.707107 0 -0.707107
vn 0.707107 0 -0.707107
vn -0.707107 0 0.707107
vn -0.707107 0 0.707107
vn -0.707107 0 0.707107
vn -0.707107 0 0.707107
vn 0 1 0
vn 0 1 0
vn 0 1 0
vn 0 1 0
vn 0 -1 0
vn 0 -1 0
vn 0 -1 0
vn 0 -1 0
vn 0.707107 0 0.707107
vn 0.707107 0 0.707107
vn 0.707107 0 0.707107
vn 0.707107 0 0.707107
vn -0.707107 0 -0.707107
vn -0.707107 0 -0.707107
vn -0.707107 0 -0.707107
vn -0.707107 0 -0.707107
f 2449/2449/2449 2451/2451/2451 2450/2450/2450
f 2451/2451/2451 2452/2452/2452 2450/2450/2450
f 2453/2453/2453 2455/2455/2455 2454/2454/2454
f 2455/2455/2455 2456/2456/2456 2454/2454/2454
f 2457/2457/2457 2459/2459/2459 2458/2458/2458
f 2459/2459/2459 2460/2460/2460 2458/2458/2458
f 2461/2461/2461 2463/2463/2463 2462/2462/2462
f 2463/2463/2463 2464/2464/2464 2462/2462/2462
f 2465/2465/2465 2467/2467/2467 2466/2466/2466
f 2467/2467/2467 2468/2468/2468 2466/2466/2466
f 2469/2469/2469 2471/2471/2471 2470/2470/2470
f 2471/2471/2471 2472/2472/2472 2470/2470/2470
o node_211_mesh_103_0
usemtl material_0
v 0.75 1.25 -0.388864
v 0.75 1.25 -0.423636
v 0.75 1 -0.388864
v 0.75 1 -0.423636
v 0.25 1.25 -0.423636
v 0.25 1.25 -0.388864
v 0.25 1 -0.423636
v 0.25 1 -0.388864
v 0.25 1.25 -0.423636
v 0.75 1.25 -0.423636
v 0.25 1.25 -0.388864
v 0.75 1.25 -0.388864
v 0.25 1 -0.388864
v 0.75 1 -0.388864
v 0.25 1 -0.423636
v 0.75 1 -0.423636
v 0.25 1.25 -0.388864
v 0.75 1.25 -0.388864
v 0.25 1 -0.388864
v 0.75 1 -0.388864
v 0.75 1.25 -0.423636
v 0.25 1.25 -0.423636
v 0.75 1 -0.423636
v 0.25 1 -0.423636
vt 0.155273 0.65332
vt 0.291992 0.65332
vt 0.155273 0.566406
vt 0.291992 0.566406
vt 0.364258 0.582031
vt 0.200195 0.582031
vt 0.364258 0.5
vt 0.200195 0.5
vt 0.351563 0.617188
vt 0.488281 0.617188
vt 0.351563 0.535156
vt 0.488281 0.535156
vt 0.359375 0.625
vt 0.496094 0.625
vt 0.359375 0.570313
vt 0.496094 0.570313
vt 0.261719 0.59375
vt 0.398438 0.59375
vt 0.261719 0.511719
vt 0.398438 0.511719
vt 0.222656 0.571289
vt 0.359375 0.571289
vt 0.222656 0.457031
vt 0.359375 0.457031
vn 1 0 0
vn 1 0 0
vn 1 0 0
vn 1 0 0
vn -1 0 0
vn -1 0 0
vn -1 0 0
vn -1 0 0
vn 0 1 0
vn 0 1 0
vn 0 1 0
vn 0 1 0
vn 0 -1 0
vn 0 -1 0
vn 0 -1 0
vn 0 -1 0
vn 0 0 1
vn 0 0 1
vn 0 0 1
vn 0 0 1
vn 0 0 -1
vn 0 0 -1
vn 0 0 -1
vn 0 0 -1
f 2473/2473/2473 2475/2475/2475 2474/2474/2474
f 2475/2475/2475 2476/2476/2476 2474/2474/2474
f 2477/2477/2477 2479/2479/2479 2478/2478/2478
f 2479/2479/2479 2480/2480/2480 2478/2478/2478
f 2481/2481/2481 2483/2483/2483 2482/2482/2482
f 2483/2483/2483 2484/2484/2484 2482/2482/2482
f 2485/2485/2485 2487/2487/2487 2486/2486/2486
f 2487/2487/2487 2488/2488/2488 2486/2486/2486
f 2489/2489/2489 2491/2491/2491 2490/2490/2490
f 2491/2491/2491 2492/2492/2492 2490/2490/2490
f 2493/2493/2493 2495/2495/2495 2494/2494/2494
f 2495/2495/2495 2496/2496/2496 2494/2494/2494
o node_213_mesh_104_0
usemtl material_0
v 1.060512 1.5 1.199915
v 1.047206 1.5 1.16779
v 1.060512 1.25 1.199915
v 1.047206 1.25 1.16779
v 0.585266 1.5 1.359132
v 0.598573 1.5 1.391257
v 0.585266 1.25 1.359132
v 0.598573 1.25 1.391257
v 0.585266 1.5 1.359132
v 1.047206 1.5 1.16779
v 0.598573 1.5 1.391257
v 1.060512 1.5 1.199915
v 0.598573 1.25 1.391257
v 1.060512 1.25 1.199915
v 0.585266 1.25 1.359132
v 1.047206 1.25 1.16779
v 0.598573 1.5 1.391257
v 1.060512 1.5 1.199915
v 0.598573 1.25 1.391257
v 1.060512 1.25 1.199915
v 1.047206 1.5 1.16779
v 0.585266 1.5 1.359132
v 1.047206 1.25 1.16779
v 0.585266 1.25 1.359132
vt 0.163086 0.62207
vt 0.299805 0.62207
vt 0.163086 0.535156
vt 0.299805 0.535156
vt 0.37207 0.550781
vt 0.208008 0.550781
vt 0.37207 0.46875
vt 0.208008 0.46875
vt 0.359375 0.585938
vt 0.496094 0.585938
vt 0.359375 0.503906
vt 0.496094 0.503906
vt 0.367188 0.59375
vt 0.503906 0.59375
vt 0.367188 0.539063
vt 0.503906 0.539063
vt 0.269531 0.5625
vt 0.40625 0.5625
vt 0.269531 0.480469
vt 0.40625 0.480469
vt 0.230469 0.540039
vt 0.367188 0.540039
vt 0.230469 0.425781
vt 0.367188 0.425781
vn 0.92388 0 -0.382683
vn 0.92388 0 -0.382683
vn 0.92388 0 -0.382683
vn 0.92388 0 -0.382683
vn -0.92388 0 0.382683
vn -0.92388 0 0.382683
vn -0.92388 0 0.382683
vn -0.92388 0 0.382683
vn 0 1 0
vn 0 1 0
vn 0 1 0
vn 0 1 0
vn 0 -1 0
vn 0 -1 0
vn 0 -1 0
vn 0 -1 0
vn 0.382683 0 0.92388
vn 0.382683 0 0.92388
vn 0.382683 0 0.92388
vn 0.382683 0 0.92388
vn -0.382683 0 -0.92388
vn -0.382683 0 -0.92388
vn -0.382683 0 -0.92388
vn -0.382683 0 -0.92388
f 2497/2497/2497 2499/2499/2499 2498/2498/2498
f 2499/2499/2499 2500/2500/2500 2498/2498/2498
f 2501/2501/2501 2503/2503/2503 2502/2502/2502
f 2503/2503/2503 2504/2504/2504 2502/2502/2502
f 2505/2505/2505 2507/2507/2507 2506/2506/2506
f 2507/2507/2507 2508/2508/2508 2506/2506/2506
f 2509/2509/2509 2511/2511/2511 2510/2510/2510
f 2511/2511/2511 2512/2512/2512 2510/2510/2510
f 2513/2513/2513 2515/2515/2515 2514/2514/2514
f 2515/2515/2515 2516/2516/2516 2514/2514/2514
f 2517/2517/2517 2519/2519/2519 2518/2518/2518
f 2519/2519/2519 2520/2520/2520 2518/2518/2518
o node_215_mesh_105_0
usemtl material_0
v 1.199915 1.5 1.060512
v 1.391257 1.5 0.598573
v 1.199915 1.25 1.060512
v 1.391257 1.25 0.598573
v 1.359132 1.5 0.585266
v 1.16779 1.5 1.047206
v 1.359132 1.25 0.585266
v 1.16779 1.25 1.047206
v 1.359132 1.5 0.585266
v 1.391257 1.5 0.598573
v 1.16779 1.5 1.047206
v 1.199915 1.5 1.060512
v 1.16779 1.25 1.047206
v 1.199915 1.25 1.060512
v 1.359132 1.25 0.585266
v 1.391257 1.25 0.598573
v 1.16779 1.5 1.047206
v 1.199915 1.5 1.060512
v 1.16779 1.25 1.047206
v 1.199915 1.25 1.060512
v 1.391257 1.5 0.598573
v 1.359132 1.5 0.585266
v 1.391257 1.25 0.598573
v 1.359132 1.25 0.585266
vt 0.47168 0.243164
vt 0.608398 0.243164
vt 0.47168 0.15625
vt 0.608398 0.15625
vt 0.680664 0.171875
vt 0.547852 0.171875
vt 0.680664 0.089844
vt 0.547852 0.089844
vt 0.613281 0.15625
vt 0.75 0.15625
vt 0.613281 0.074219
vt 0.75 0.074219
vt 0.578125 0.246094
vt 0.714844 0.246094
vt 0.578125 0.160156
vt 0.714844 0.160156
vt 0.609375 0.183594
vt 0.746094 0.183594
vt 0.609375 0.101563
vt 0.746094 0.101563
vt 0.570313 0.161133
vt 0.707031 0.161133
vt 0.570313 0.046875
vt 0.707031 0.046875
vn 0.92388 0 0.382683
vn 0.92388 0 0.382683
vn 0.92388 0 0.382683
vn 0.92388 0 0.382683
vn -0.92388 0 -0.382683
vn -0.92388 0 -0.382683
vn -0.92388 0 -0.382683
vn -0.92388 0 -0.382683
vn 0 1 0
vn 0 1 0
vn 0 1 0
vn 0 1 0
vn 0 -1 0
vn 0 -1 0
vn 0 -1 0
vn 0 -1 0
vn -0.382683 0 0.92388
vn -0.382683 0 0.92388
vn -0.382683 0 0.92388
vn -0.382683 0 0.92388
vn 0.382683 0 -0.92388
vn 0.382683 0 -0.92388
vn 0.382683 0 -0.92388
vn 0.382683 0 -0.92388
f 2521/2521/2521 2523/2523/2523 2522/2522/2522
f 2523/2523/2523 2524/2524/2524 2522/2522/2522
f 2525/2525/2525 2527/2527/2527 2526/2526/2526
f 2527/2527/2527 2528/2528/2528 2526/2526/2526
f 2529/2529/2529 2531/2531/2531 2530/2530/2530
f 2531/2531/2531 2532/2532/2532 2530/2530/2530
f 2533/2533/2533 2535/2535/2535 2534/2534/2534
f 2535/2535/2535 2536/2536/2536 2534/2534/2534
f 2537/2537/2537 2539/2539/2539 2538/2538/2538
f 2539/2539/2539 2540/2540/2540 2538/2538/2538
f 2541/2541/2541 2543/2543/2543 2542/2542/2542
f 2543/2543/2543 2544/2544/2544 2542/2542/2542
o node_217_mesh_106_0
usemtl material_0
v 1.391257 1.5 0.401427
v 1.199915 1.5 -0.060512
v 1.391257 1.25 0.401427
v 1.199915 1.25 -0.060512
v 1.16779 1.5 -0.047206
v 1.359132 1.5 0.414734
v 1.16779 1.25 -0.047206
v 1.359132 1.25 0.414734
v 1.16779 1.5 -0.047206
v 1.199915 1.5 -0.060512
v 1.359132 1.5 0.414734
v 1.391257 1.5 0.401427
v 1.359132 1.25 0.414734
v 1.391257 1.25 0.401427
v 1.16779 1.25 -0.047206
v 1.199915 1.25 -0.060512
v 1.359132 1.5 0.414734
v 1.391257 1.5 0.401427
v 1.359132 1.25 0.414734
v 1.391257 1.25 0.401427
v 1.199915 1.5 -0.060512
v 1.16779 1.5 -0.047206
v 1.199915 1.25 -0.060512
v 1.16779 1.25 -0.047206
vt 0.475586 0.243164
vt 0.612305 0.243164
vt 0.475586 0.15625
vt 0.612305 0.15625
vt 0.68457 0.171875
vt 0.551758 0.171875
vt 0.68457 0.089844
vt 0.551758 0.089844
vt 0.617188 0.15625
vt 0.753906 0.15625
vt 0.617188 0.074219
vt 0.753906 0.074219
vt 0.582031 0.246094
vt 0.71875 0.246094
vt 0.582031 0.160156
vt 0.71875 0.160156
vt 0.613281 0.183594
vt 0.75 0.183594
vt 0.613281 0.101563
vt 0.75 0.101563
vt 0.574219 0.161133
vt 0.710938 0.161133
vt 0.574219 0.046875
vt 0.710938 0.046875
vn 0.92388 0 -0.382683
vn 0.92388 0 -0.382683
vn 0.92388 0 -0.382683
vn 0.92388 0 -0.382683
vn -0.92388 0 0.382683
vn -0.92388 0 0.382683
vn -0.92388 0 0.382683
vn -0.92388 0 0.382683
vn 0 1 0
vn 0 1 0
vn 0 1 0
vn 0 1 0
vn 0 -1 0
vn 0 -1 0
vn 0 -1 0
vn 0 -1 0
vn 0.382683 0 0.92388
vn 0.382683 0 0.92388
vn 0.382683 0 0.92388
vn 0.382683 0 0.92388
vn -0.382683 0 -0.92388
vn -0.382683 0 -0.92388
vn -0.382683 0 -0.92388
vn -0.382683 0 -0.92388
f 2545/2545/2545 2547/2547/2547 2546/2546/2546
f 2547/2547/2547 2548/2548/2548 2546/2546/2546
f 2549/2549/2549 2551/2551/2551 2550/2550/2550
f 2551/2551/2551 2552/2552/2552 2550/2550/2550
f 2553/2553/2553 2555/2555/2555 2554/2554/2554
f 2555/2555/2555 2556/2556/2556 2554/2554/2554
f 2557/2557/2557 2559/2559/2559 2558/2558/2558
f 2559/2559/2559 2560/2560/2560 2558/2558/2558
f 2561/2561/2561 2563/2563/2563 2562/2562/2562
f 2563/2563/2563 2564/2564/2564 2562/2562/2562
f 2565/2565/2565 2567/2567/2567 2566/2566/2566
f 2567/2567/2567 2568/2568/2568 2566/2566/2566
o node_219_mesh_107_0
usemtl material_0
v 1.047206 1.5 -0.16779
v 1.060512 1.5 -0.199915
v 1.047206 1.25 -0.16779
v 1.060512 1.25 -0.199915
v 0.598573 1.5 -0.391257
v 0.585266 1.5 -0.359132
v 0.598573 1.25 -0.391257
v 0.585266 1.25 -0.359132
v 0.598573 1.5 -0.391257
v 1.060512 1.5 -0.199915
v 0.585266 1.5 -0.359132
v 1.047206 1.5 -0.16779
v 0.585266 1.25 -0.359132
v 1.047206 1.25 -0.16779
v 0.598573 1.25 -0.391257
v 1.060512 1.25 -0.199915
v 0.585266 1.5 -0.359132
v 1.047206 1.5 -0.16779
v 0.585266 1.25 -0.359132
v 1.047206 1.25 -0.16779
v 1.060512 1.5 -0.199915
v 0.598573 1.5 -0.391257
v 1.060512 1.25 -0.199915
v 0.598573 1.25 -0.391257
vt 0.239258 0.614258
vt 0.375977 0.614258
vt 0.239258 0.527344
vt 0.375977 0.527344
vt 0.385742 0.542969
vt 0.22168 0.542969
vt 0.385742 0.460938
vt 0.22168 0.460938
vt 0.318359 0.578125
vt 0.455078 0.578125
vt 0.318359 0.496094
vt 0.455078 0.496094
vt 0.314453 0.585938
vt 0.451172 0.585938
vt 0.314453 0.53125
vt 0.451172 0.53125
vt 0.388672 0.554688
vt 0.525391 0.554688
vt 0.388672 0.472656
vt 0.525391 0.472656
vt 0.376953 0.532227
vt 0.513672 0.532227
vt 0.376953 0.417969
vt 0.513672 0.417969
vn 0.92388 0 0.382683
vn 0.92388 0 0.382683
vn 0.92388 0 0.382683
vn 0.92388 0 0.382683
vn -0.92388 0 -0.382683
vn -0.92388 0 -0.382683
vn -0.92388 0 -0.382683
vn -0.92388 0 -0.382683
vn 0 1 0
vn 0 1 0
vn 0 1 0
vn 0 1 0
vn 0 -1 0
vn 0 -1 0
vn 0 -1 0
vn 0 -1 0
vn -0.382683 0 0.92388
vn -0.382683 0 0.92388
vn -0.382683 0 0.92388
vn -0.382683 0 0.92388
vn 0.382683 0 -0.92388
vn 0.382683 0 -0.92388
vn 0.382683 0 -0.92388
vn 0.382683 0 -0.92388
f 2569/2569/2569 2571/2571/2571 2570/2570/2570
f 2571/2571/2571 2572/2572/2572 2570/2570/2570
f 2573/2573/2573 2575/2575/2575 2574/2574/2574
f 2575/2575/2575 2576/2576/2576 2574/2574/2574
f 2577/2577/2577 2579/2579/2579 2578/2578/2578
f 2579/2579/2579 2580/2580/2580 2578/2578/2578
f 2581/2581/2581 2583/2583/2583 2582/2582/2582
f 2583/2583/2583 2584/2584/2584 2582/2582/2582
f 2585/2585/2585 2587/2587/2587 2586/2586/2586
f 2587/2587/2587 2588/2588/2588 2586/2586/2586
f 2589/2589/2589 2591/2591/2591 2590/2590/2590
f 2591/2591/2591 2592/2592/2592 2590/2590/2590
o node_221_mesh_108_0
usemtl material_0
v 0.414734 1.5 -0.359132
v 0.401427 1.5 -0.391257
v 0.414734 1.25 -0.359132
v 0.401427 1.25 -0.391257
v -0.060512 1.5 -0.199915
v -0.047206 1.5 -0.16779
v -0.060512 1.25 -0.199915
v -0.047206 1.25 -0.16779
v -0.060512 1.5 -0.199915
v 0.401427 1.5 -0.391257
v -0.047206 1.5 -0.16779
v 0.414734 1.5 -0.359132
v -0.047206 1.25 -0.16779
v 0.414734 1.25 -0.359132
v -0.060512 1.25 -0.199915
v 0.401427 1.25 -0.391257
v -0.047206 1.5 -0.16779
v 0.414734 1.5 -0.359132
v -0.047206 1.25 -0.16779
v 0.414734 1.25 -0.359132
v 0.401427 1.5 -0.391257
v -0.060512 1.5 -0.199915
v 0.401427 1.25 -0.391257
v -0.060512 1.25 -0.199915
vt 0.217773 0.520508
vt 0.354492 0.520508
vt 0.217773 0.433594
vt 0.354492 0.433594
vt 0.426758 0.449219
vt 0.262695 0.449219
vt 0.426758 0.367188
vt 0.262695 0.367188
vt 0.414063 0.484375
vt 0.550781 0.484375
vt 0.414063 0.402344
vt 0.550781 0.402344
vt 0.421875 0.492188
vt 0.558594 0.492188
vt 0.421875 0.4375
vt 0.558594 0.4375
vt 0.324219 0.460938
vt 0.460938 0.460938
vt 0.324219 0.378906
vt 0.460938 0.378906
vt 0.285156 0.438477
vt 0.421875 0.438477
vt 0.285156 0.324219
vt 0.421875 0.324219
vn 0.92388 0 -0.382683
vn 0.92388 0 -0.382683
vn 0.92388 0 -0.382683
vn 0.92388 0 -0.382683
vn -0.92388 0 0.382683
vn -0.92388 0 0.382683
vn -0.92388 0 0.382683
vn -0.92388 0 0.382683
vn 0 1 0
vn 0 1 0
vn 0 1 0
vn 0 1 0
vn 0 -1 0
vn 0 -1 0
vn 0 -1 0
vn 0 -1 0
vn 0.382683 0 0.92388
vn 0.382683 0 0.92388
vn 0.382683 0 0.92388
vn 0.382683 0 0.92388
vn -0.382683 0 -0.92388
vn -0.382683 0 -0.92388
vn -0.382683 0 -0.92388
vn -0.382683 0 -0.92388
f 2593/2593/2593 2595/2595/2595 2594/2594/2594
f 2595/2595/2595 2596/2596/2596 2594/2594/2594
f 2597/2597/2597 2599/2599/2599 2598/2598/2598
f 2599/2599/2599 2600/2600/2600 2598/2598/2598
f 2601/2601/2601 2603/2603/2603 2602/2602/2602
f 2603/2603/2603 2604/2604/2604 2602/2602/2602
f 2605/2605/2605 2607/2607/2607 2606/2606/2606
f 2607/2607/2607 2608/2608/2608 2606/2606/2606
f 2609/2609/2609 2611/2611/2611 2610/2610/2610
f 2611/2611/2611 2612/2612/2612 2610/2610/2610
f 2613/2613/2613 2615/2615/2615 2614/2614/2614
f 2615/2615/2615 2616/2616/2616 2614/2614/2614
o node_223_mesh_109_0
usemtl material_0
v -0.364906 1.5 0.412342
v -0.173564 1.5 -0.049598
v -0.364906 1.25 0.412342
v -0.173564 1.25 -0.049598
v -0.205689 1.5 -0.062904
v -0.397031 1.5 0.399036
v -0.205689 1.25 -0.062904
v -0.397031 1.25 0.399036
v -0.205689 1.5 -0.062904
v -0.173564 1.5 -0.049598
v -0.397031 1.5 0.399036
v -0.364906 1.5 0.412342
v -0.397031 1.25 0.399036
v -0.364906 1.25 0.412342
v -0.205689 1.25 -0.062904
v -0.173564 1.25 -0.049598
v -0.397031 1.5 0.399036
v -0.364906 1.5 0.412342
v -0.397031 1.25 0.399036
v -0.364906 1.25 0.412342
v -0.173564 1.5 -0.049598
v -0.205689 1.5 -0.062904
v -0.173564 1.25 -0.049598
v -0.205689 1.25 -0.062904
vt 0.022461 0.243164
vt 0.15918 0.243164
vt 0.022461 0.15625
vt 0.15918 0.15625
vt 0.231445 0.171875
vt 0.098633 0.171875
vt 0.231445 0.089844
vt 0.098633 0.089844
vt 0.164063 0.15625
vt 0.300781 0.15625
vt 0.164063 0.074219
vt 0.300781 0.074219
vt 0.128906 0.246094
vt 0.265625 0.246094
vt 0.128906 0.160156
vt 0.265625 0.160156
vt 0.160156 0.183594
vt 0.296875 0.183594
vt 0.160156 0.101563
vt 0.296875 0.101563
vt 0.121094 0.161133
vt 0.257813 0.161133
vt 0.121094 0.046875
vt 0.257813 0.046875
vn 0.92388 0 0.382683
vn 0.92388 0 0.382683
vn 0.92388 0 0.382683
vn 0.92388 0 0.382683
vn -0.92388 0 -0.382683
vn -0.92388 0 -0.382683
vn -0.92388 0 -0.382683
vn -0.92388 0 -0.382683
vn 0 1 0
vn 0 1 0
vn 0 1 0
vn 0 1 0
vn 0 -1 0
vn 0 -1 0
vn 0 -1 0
vn 0 -1 0
vn -0.382683 0 0.92388
vn -0.382683 0 0.92388
vn -0.382683 0 0.92388
vn -0.382683 0 0.92388
vn 0.382683 0 -0.92388
vn 0.382683 0 -0.92388
vn 0.382683 0 -0.92388
vn 0.382683 0 -0.92388
f 2617/2617/2617 2619/2619/2619 2618/2618/2618
f 2619/2619/2619 2620/2620/2620 2618/2618/2618
f 2621/2621/2621 2623/2623/2623 2622/2622/2622
f 2623/2623/2623 2624/2624/2624 2622/2622/2622
f 2625/2625/2625 2627/2627/2627 2626/2626/2626
f 2627/2627/2627 2628/2628/2628 2626/2626/2626
f 2629/2629/2629 2631/2631/2631 2630/2630/2630
f 2631/2631/2631 2632/2632/2632 2630/2630/2630
f 2633/2633/2633 2635/2635/2635 2634/2634/2634
f 2635/2635/2635 2636/2636/2636 2634/2634/2634
f 2637/2637/2637 2639/2639/2639 2638/2638/2638
f 2639/2639/2639 2640/2640/2640 2638/2638/2638
o node_225_mesh_110_0
usemtl material_0
v -0.16779 1.5 1.047206
v -0.359132 1.5 0.585266
v -0.16779 1.25 1.047206
v -0.359132 1.25 0.585266
v -0.391257 1.5 0.598573
v -0.199915 1.5 1.060512
v -0.391257 1.25 0.598573
v -0.199915 1.25 1.060512
v -0.391257 1.5 0.598573
v -0.359132 1.5 0.585266
v -0.199915 1.5 1.060512
v -0.16779 1.5 1.047206
v -0.199915 1.25 1.060512
v -0.16779 1.25 1.047206
v -0.391257 1.25 0.598573
v -0.359132 1.25 0.585266
v -0.199915 1.5 1.060512
v -0.16779 1.5 1.047206
v -0.199915 1.25 1.060512
v -0.16779 1.25 1.047206
v -0.359132 1.5 0.585266
v -0.391257 1.5 0.598573
v -0.359132 1.25 0.585266
v -0.391257 1.25 0.598573
vt 0.249023 0.243164
vt 0.385742 0.243164
vt 0.249023 0.15625
vt 0.385742 0.15625
vt 0.458008 0.171875
vt 0.325195 0.171875
vt 0.458008 0.089844
vt 0.325195 0.089844
vt 0.390625 0.15625
vt 0.527344 0.15625
vt 0.390625 0.074219
vt 0.527344 0.074219
vt 0.355469 0.246094
vt 0.492188 0.246094
vt 0.355469 0.160156
vt 0.492188 0.160156
vt 0.386719 0.183594
vt 0.523438 0.183594
vt 0.386719 0.101563
vt 0.523438 0.101563
vt 0.347656 0.161133
vt 0.484375 0.161133
vt 0.347656 0.046875
vt 0.484375 0.046875
vn 0.92388 0 -0.382683
vn 0.92388 0 -0.382683
vn 0.92388 0 -0.382683
vn 0.92388 0 -0.382683
vn -0.92388 0 0.382683
vn -0.92388 0 0.382683
vn -0.92388 0 0.382683
vn -0.92388 0 0.382683
vn 0 1 0
vn 0 1 0
vn 0 1 0
vn 0 1 0
vn 0 -1 0
vn 0 -1 0
vn 0 -1 0
vn 0 -1 0
vn 0.382683 0 0.92388
vn 0.382683 0 0.92388
vn 0.382683 0 0.92388
vn 0.382683 0 0.92388
vn -0.382683 0 -0.92388
vn -0.382683 0 -0.92388
vn -0.382683 0 -0.92388
vn -0.382683 0 -0.92388
f 2641/2641/2641 2643/2643/2643 2642/2642/2642
f 2643/2643/2643 2644/2644/2644 2642/2642/2642
f 2645/2645/2645 2647/2647/2647 2646/2646/2646
f 2647/2647/2647 2648/2648/2648 2646/2646/2646
f 2649/2649/2649 2651/2651/2651 2650/2650/2650
f 2651/2651/2651 2652/2652/2652 2650/2650/2650
f 2653/2653/2653 2655/2655/2655 2654/2654/2654
f 2655/2655/2655 2656/2656/2656 2654/2654/2654
f 2657/2657/2657 2659/2659/2659 2658/2658/2658
f 2659/2659/2659 2660/2660/2660 2658/2658/2658
f 2661/2661/2661 2663/2663/2663 2662/2662/2662
f 2663/2663/2663 2664/2664/2664 2662/2662/2662
o node_227_mesh_111_0
usemtl material_0
v 0.401427 1.5 1.391257
v 0.414734 1.5 1.359132
v 0.401427 1.25 1.391257
v 0.414734 1.25 1.359132
v -0.047206 1.5 1.16779
v -0.060512 1.5 1.199915
v -0.047206 1.25 1.16779
v -0.060512 1.25 1.199915
v -0.047206 1.5 1.16779
v 0.414734 1.5 1.359132
v -0.060512 1.5 1.199915
v 0.401427 1.5 1.391257
v -0.060512 1.25 1.199915
v 0.401427 1.25 1.391257
v -0.047206 1.25 1.16779
v 0.414734 1.25 1.359132
v -0.060512 1.5 1.199915
v 0.401427 1.5 1.391257
v -0.060512 1.25 1.199915
v 0.401427 1.25 1.391257
v 0.414734 1.5 1.359132
v -0.047206 1.5 1.16779
v 0.414734 1.25 1.359132
v -0.047206 1.25 1.16779
vt 0.25293 0.512695
vt 0.389648 0.512695
vt 0.25293 0.425781
vt 0.389648 0.425781
vt 0.461914 0.441406
vt 0.297852 0.441406
vt 0.461914 0.359375
vt 0.297852 0.359375
vt 0.449219 0.476563
vt 0.585938 0.476563
vt 0.449219 0.394531
vt 0.585938 0.394531
vt 0.457031 0.484375
vt 0.59375 0.484375
vt 0.457031 0.429688
vt 0.59375 0.429688
vt 0.359375 0.453125
vt 0.496094 0.453125
vt 0.359375 0.371094
vt 0.496094 0.371094
vt 0.320313 0.430664
vt 0.457031 0.430664
vt 0.320313 0.316406
vt 0.457031 0.316406
vn 0.92388 0 0.382683
vn 0.92388 0 0.382683
vn 0.92388 0 0.382683
vn 0.92388 0 0.382683
vn -0.92388 0 -0.382683
vn -0.92388 0 -0.382683
vn -0.92388 0 -0.382683
vn -0.92388 0 -0.382683
vn 0 1 0
vn 0 1 0
vn 0 1 0
vn 0 1 0
vn 0 -1 0
vn 0 -1 0
vn 0 -1 0
vn 0 -1 0
vn -0.382683 0 0.92388
vn -0.382683 0 0.92388
vn -0.382683 0 0.92388
vn -0.382683 0 0.92388
vn 0.382683 0 -0.92388
vn 0.382683 0 -0.92388
vn 0.382683 0 -0.92388
vn 0.382683 0 -0.92388
f 2665/2665/2665 2667/2667/2667 2666/2666/2666
f 2667/2667/2667 2668/2668/2668 2666/2666/2666
f 2669/2669/2669 2671/2671/2671 2670/2670/2670
f 2671/2671/2671 2672/2672/2672 2670/2670/2670
f 2673/2673/2673 2675/2675/2675 2674/2674/2674
f 2675/2675/2675 2676/2676/2676 2674/2674/2674
f 2677/2677/2677 2679/2679/2679 2678/2678/2678
f 2679/2679/2679 2680/2680/2680 2678/2678/2678
f 2681/2681/2681 2683/2683/2683 2682/2682/2682
f 2683/2683/2683 2684/2684/2684 2682/2682/2682
f 2685/2685/2685 2687/2687/2687 2686/2686/2686
f 2687/2687/2687 2688/2688/2688 2686/2686/2686
o node_229_mesh_112_0
usemtl material_0
v 1.248636 1.875 0.75
v 1.248636 1.875 0.25
v 1.248636 1.6875 0.75
v 1.248636 1.6875 0.25
v 1.088864 1.875 0.25
v 1.088864 1.875 0.75
v 1.088864 1.6875 0.25
v 1.088864 1.6875 0.75
v 1.088864 1.875 0.25
v 1.248636 1.875 0.25
v 1.088864 1.875 0.75
v 1.248636 1.875 0.75
v 1.088864 1.6875 0.75
v 1.248636 1.6875 0.75
v 1.088864 1.6875 0.25
v 1.248636 1.6875 0.25
v 1.088864 1.875 0.75
v 1.248636 1.875 0.75
v 1.088864 1.6875 0.75
v 1.248636 1.6875 0.75
v 1.248636 1.875 0.25
v 1.088864 1.875 0.25
v 1.248636 1.6875 0.25
v 1.088864 1.6875 0.25
vt 0.53418 0.297852
vt 0.670898 0.297852
vt 0.53418 0.214844
vt 0.670898 0.214844
vt 0.750977 0.226563
vt 0.618164 0.226563
vt 0.750977 0.144531
vt 0.618164 0.144531
vt 0.738281 0.210938
vt 0.875 0.210938
vt 0.738281 0.128906
vt 0.875 0.128906
vt 0.722656 0.300781
vt 0.859375 0.300781
vt 0.722656 0.214844
vt 0.859375 0.214844
vt 0.679688 0.238281
vt 0.816406 0.238281
vt 0.679688 0.160156
vt 0.816406 0.160156
vt 0.632813 0.21582
vt 0.769531 0.21582
vt 0.632813 0.105469
vt 0.769531 0.105469
vn 1 0 0
vn 1 0 0
vn 1 0 0
vn 1 0 0
vn -1 0 0
vn -1 0 0
vn -1 0 0
vn -1 0 0
vn 0 1 0
vn 0 1 0
vn 0 1 0
vn 0 1 0
vn 0 -1 0
vn 0 -1 0
vn 0 -1 0
vn 0 -1 0
vn 0 0 1
vn 0 0 1
vn 0 0 1
vn 0 0 1
vn 0 0 -1
vn 0 0 -1
vn 0 0 -1
vn 0 0 -1
f 2689/2689/2689 2691/2691/2691 2690/2690/2690
f 2691/2691/2691 2692/2692/2692 2690/2690/2690
f 2693/2693/2693 2695/2695/2695 2694/2694/2694
f 2695/2695/2695 2696/2696/2696 2694/2694/2694
f 2697/2697/2697 2699/2699/2699 2698/2698/2698
f 2699/2699/2699 2700/2700/2700 2698/2698/2698
f 2701/2701/2701 2703/2703/2703 2702/2702/2702
f 2703/2703/2703 2704/2704/2704 2702/2702/2702
f 2705/2705/2705 2707/2707/2707 2706/2706/2706
f 2707/2707/2707 2708/2708/2708 2706/2706/2706
f 2709/2709/2709 2711/2711/2711 2710/2710/2710
f 2711/2711/2711 2712/2712/2712 2710/2710/2710
o node_231_mesh_113_0
usemtl material_0
v 1.206142 1.875 0.147411
v 0.852589 1.875 -0.206142
v 1.206142 1.6875 0.147411
v 0.852589 1.6875 -0.206142
v 0.739613 1.875 -0.093166
v 1.093166 1.875 0.260387
v 0.739613 1.6875 -0.093166
v 1.093166 1.6875 0.260387
v 0.739613 1.875 -0.093166
v 0.852589 1.875 -0.206142
v 1.093166 1.875 0.260387
v 1.206142 1.875 0.147411
v 1.093166 1.6875 0.260387
v 1.206142 1.6875 0.147411
v 0.739613 1.6875 -0.093166
v 0.852589 1.6875 -0.206142
v 1.093166 1.875 0.260387
v 1.206142 1.875 0.147411
v 1.093166 1.6875 0.260387
v 1.206142 1.6875 0.147411
v 0.852589 1.875 -0.206142
v 0.739613 1.875 -0.093166
v 0.852589 1.6875 -0.206142
v 0.739613 1.6875 -0.093166
vt 0.364258 0.37207
vt 0.500977 0.37207
vt 0.364258 0.289063
vt 0.500977 0.289063
vt 0.263672 0.300781
vt 0.396484 0.300781
vt 0.263672 0.21875
vt 0.396484 0.21875
vt 0.360352 0.285156
vt 0.49707 0.285156
vt 0.360352 0.203125
vt 0.49707 0.203125
vt 0.333008 0.375
vt 0.469727 0.375
vt 0.333008 0.289063
vt 0.469727 0.289063
vt 0.415039 0.3125
vt 0.551758 0.3125
vt 0.415039 0.234375
vt 0.551758 0.234375
vt 0.395508 0.290039
vt 0.532227 0.290039
vt 0.395508 0.179688
vt 0.532227 0.179688
vn 0.707107 0 -0.707107
vn 0.707107 0 -0.707107
vn 0.707107 0 -0.707107
vn 0.707107 0 -0.707107
vn -0.707107 0 0.707107
vn -0.707107 0 0.707107
vn -0.707107 0 0.707107
vn -0.707107 0 0.707107
vn 0 1 0
vn 0 1 0
vn 0 1 0
vn 0 1 0
vn 0 -1 0
vn 0 -1 0
vn 0 -1 0
vn 0 -1 0
vn 0.707107 0 0.707107
vn 0.707107 0 0.707107
vn 0.707107 0 0.707107
vn 0.707107 0 0.707107
vn -0.707107 0 -0.707107
vn -0.707107 0 -0.707107
vn -0.707107 0 -0.707107
vn -0.707107 0 -0.707107
f 2713/2713/2713 2715/2715/2715 2714/2714/2714
f 2715/2715/2715 2716/2716/2716 2714/2714/2714
f 2717/2717/2717 2719/2719/2719 2718/2718/2718
f 2719/2719/2719 2720/2720/2720 2718/2718/2718
f 2721/2721/2721 2723/2723/2723 2722/2722/2722
f 2723/2723/2723 2724/2724/2724 2722/2722/2722
f 2725/2725/2725 2727/2727/2727 2726/2726/2726
f 2727/2727/2727 2728/2728/2728 2726/2726/2726
f 2729/2729/2729 2731/2731/2731 2730/2730/2730
f 2731/2731/2731 2732/2732/2732 2730/2730/2730
f 2733/2733/2733 2735/2735/2735 2734/2734/2734
f 2735/2735/2735 2736/2736/2736 2734/2734/2734
o node_233_mesh_114_0
usemtl material_0
v 0.75 1.875 -0.088864
v 0.75 1.875 -0.248636
v 0.75 1.6875 -0.088864
v 0.75 1.6875 -0.248636
v 0.25 1.875 -0.248636
v 0.25 1.875 -0.088864
v 0.25 1.6875 -0.248636
v 0.25 1.6875 -0.088864
v 0.25 1.875 -0.248636
v 0.75 1.875 -0.248636
v 0.25 1.875 -0.088864
v 0.75 1.875 -0.088864
v 0.25 1.6875 -0.088864
v 0.75 1.6875 -0.088864
v 0.25 1.6875 -0.248636
v 0.75 1.6875 -0.248636
v 0.25 1.875 -0.088864
v 0.75 1.875 -0.088864
v 0.25 1.6875 -0.088864
v 0.75 1.6875 -0.088864
v 0.75 1.875 -0.248636
v 0.25 1.875 -0.248636
v 0.75 1.6875 -0.248636
v 0.25 1.6875 -0.248636
vt 0.616211 0.321289
vt 0.75293 0.321289
vt 0.616211 0.238281
vt 0.75293 0.238281
vt 0.833008 0.25
vt 0.676758 0.25
vt 0.833008 0.167969
vt 0.676758 0.167969
vt 0.820313 0.234375
vt 0.957031 0.234375
vt 0.820313 0.152344
vt 0.957031 0.152344
vt 0.828125 0.300781
vt 0.964844 0.300781
vt 0.828125 0.238281
vt 0.964844 0.238281
vt 0.738281 0.261719
vt 0.875 0.261719
vt 0.738281 0.183594
vt 0.875 0.183594
vt 0.691406 0.239258
vt 0.828125 0.239258
vt 0.691406 0.128906
vt 0.828125 0.128906
vn 1 0 0
vn 1 0 0
vn 1 0 0
vn 1 0 0
vn -1 0 0
vn -1 0 0
vn -1 0 0
vn -1 0 0
vn 0 1 0
vn 0 1 0
vn 0 1 0
vn 0 1 0
vn 0 -1 0
vn 0 -1 0
vn 0 -1 0
vn 0 -1 0
vn 0 0 1
vn 0 0 1
vn 0 0 1
vn 0 0 1
vn 0 0 -1
vn 0 0 -1
vn 0 0 -1
vn 0 0 -1
f 2737/2737/2737 2739/2739/2739 2738/2738/2738
f 2739/2739/2739 2740/2740/2740 2738/2738/2738
f 2741/2741/2741 2743/2743/2743 2742/2742/2742
f 2743/2743/2743 2744/2744/2744 2742/2742/2742
f 2745/2745/2745 2747/2747/2747 2746/2746/2746
f 2747/2747/2747 2748/2748/2748 2746/2746/2746
f 2749/2749/2749 2751/2751/2751 2750/2750/2750
f 2751/2751/2751 2752/2752/2752 2750/2750/2750
f 2753/2753/2753 2755/2755/2755 2754/2754/2754
f 2755/2755/2755 2756/2756/2756 2754/2754/2754
f 2757/2757/2757 2759/2759/2759 2758/2758/2758
f 2759/2759/2759 2760/2760/2760 2758/2758/2758
o node_235_mesh_115_0
usemtl material_0
v 1.206142 1.875 0.852589
v 1.093166 1.875 0.739613
v 1.206142 1.6875 0.852589
v 1.093166 1.6875 0.739613
v 0.739613 1.875 1.093166
v 0.852589 1.875 1.206142
v 0.739613 1.6875 1.093166
v 0.852589 1.6875 1.206142
v 0.739613 1.875 1.093166
v 1.093166 1.875 0.739613
v 0.852589 1.875 1.206142
v 1.206142 1.875 0.852589
v 0.852589 1.6875 1.206142
v 1.206142 1.6875 0.852589
v 0.739613 1.6875 1.093166
v 1.093166 1.6875 0.739613
v 0.852589 1.875 1.206142
v 1.206142 1.875 0.852589
v 0.852589 1.6875 1.206142
v 1.206142 1.6875 0.852589
v 1.093166 1.875 0.739613
v 0.739613 1.875 1.093166
v 1.093166 1.6875 0.739613
v 0.739613 1.6875 1.093166
vt 0.47168 0.321289
vt 0.608398 0.321289
vt 0.47168 0.238281
vt 0.608398 0.238281
vt 0.371094 0.25
vt 0.527344 0.25
vt 0.371094 0.167969
vt 0.527344 0.167969
vt 0.467773 0.234375
vt 0.604492 0.234375
vt 0.467773 0.152344
vt 0.604492 0.152344
vt 0.463867 0.300781
vt 0.600586 0.300781
vt 0.463867 0.238281
vt 0.600586 0.238281
vt 0.545898 0.261719
vt 0.682617 0.261719
vt 0.545898 0.183594
vt 0.682617 0.183594
vt 0.526367 0.239258
vt 0.663086 0.239258
vt 0.526367 0.128906
vt 0.663086 0.128906
vn 0.707107 0 -0.707107
vn 0.707107 0 -0.707107
vn 0.707107 0 -0.707107
vn 0.707107 0 -0.707107
vn -0.707107 0 0.707107
vn -0.707107 0 0.707107
vn -0.707107 0 0.707107
vn -0.707107 0 0.707107
vn 0 1 0
vn 0 1 0
vn 0 1 0
vn 0 1 0
vn 0 -1 0
vn 0 -1 0
vn 0 -1 0
vn 0 -1 0
vn 0.707107 0 0.707107
vn 0.707107 0 0.707107
vn 0.707107 0 0.707107
vn 0.707107 0 0.707107
vn -0.707107 0 -0.707107
vn -0.707107 0 -0.707107
vn -0.707107 0 -0.707107
vn -0.707107 0 -0.707107
f 2761/2761/2761 2763/2763/2763 2762/2762/2762
f 2763/2763/2763 2764/2764/2764 2762/2762/2762
f 2765/2765/2765 2767/2767/2767 2766/2766/2766
f 2767/2767/2767 2768/2768/2768 2766/2766/2766
f 2769/2769/2769 2771/2771/2771 2770/2770/2770
f 2771/2771/2771 2772/2772/2772 2770/2770/2770
f 2773/2773/2773 2775/2775/2775 2774/2774/2774
f 2775/2775/2775 2776/2776/2776 2774/2774/2774
f 2777/2777/2777 2779/2779/2779 2778/2778/2778
f 2779/2779/2779 2780/2780/2780 2778/2778/2778
f 2781/2781/2781 2783/2783/2783 2782/2782/2782
f 2783/2783/2783 2784/2784/2784 2782/2782/2782
o node_237_mesh_116_0
usemtl material_0
v 0.75 1.875 1.248636
v 0.75 1.875 1.088864
v 0.75 1.6875 1.248636
v 0.75 1.6875 1.088864
v 0.25 1.875 1.088864
v 0.25 1.875 1.248636
v 0.25 1.6875 1.088864
v 0.25 1.6875 1.248636
v 0.25 1.875 1.088864
v 0.75 1.875 1.088864
v 0.25 1.875 1.248636
v 0.75 1.875 1.248636
v 0.25 1.6875 1.248636
v 0.75 1.6875 1.248636
v 0.25 1.6875 1.088864
v 0.75 1.6875 1.088864
v 0.25 1.875 1.248636
v 0.75 1.875 1.248636
v 0.25 1.6875 1.248636
v 0.75 1.6875 1.248636
v 0.75 1.875 1.088864
v 0.25 1.875 1.088864
v 0.75 1.6875 1.088864
v 0.25 1.6875 1.088864
vt 0.616211 0.493164
vt 0.75293 0.493164
vt 0.616211 0.410156
vt 0.75293 0.410156
vt 0.833008 0.421875
vt 0.676758 0.421875
vt 0.833008 0.339844
vt 0.676758 0.339844
vt 0.820313 0.40625
vt 0.957031 0.40625
vt 0.820313 0.324219
vt 0.957031 0.324219
vt 0.828125 0.472656
vt 0.964844 0.472656
vt 0.828125 0.410156
vt 0.964844 0.410156
vt 0.738281 0.433594
vt 0.875 0.433594
vt 0.738281 0.355469
vt 0.875 0.355469
vt 0.691406 0.411133
vt 0.828125 0.411133
vt 0.691406 0.300781
vt 0.828125 0.300781
vn 1 0 0
vn 1 0 0
vn 1 0 0
vn 1 0 0
vn -1 0 0
vn -1 0 0
vn -1 0 0
vn -1 0 0
vn 0 1 0
vn 0 1 0
vn 0 1 0
vn 0 1 0
vn 0 -1 0
vn 0 -1 0
vn 0 -1 0
vn 0 -1 0
vn 0 0 1
vn 0 0 1
vn 0 0 1
vn 0 0 1
vn 0 0 -1
vn 0 0 -1
vn 0 0 -1
vn 0 0 -1
f 2785/2785/2785 2787/2787/2787 2786/2786/2786
f 2787/2787/2787 2788/2788/2788 2786/2786/2786
f 2789/2789/2789 2791/2791/2791 2790/2790/2790
f 2791/2791/2791 2792/2792/2792 2790/2790/2790
f 2793/2793/2793 2795/2795/2795 2794/2794/2794
f 2795/2795/2795 2796/2796/2796 2794/2794/2794
f 2797/2797/2797 2799/2799/2799 2798/2798/2798
f 2799/2799/2799 2800/2800/2800 2798/2798/2798
f 2801/2801/2801 2803/2803/2803 2802/2802/2802
f 2803/2803/2803 2804/2804/2804 2802/2802/2802
f 2805/2805/2805 2807/2807/2807 2806/2806/2806
f 2807/2807/2807 2808/2808/2808 2806/2806/2806
o node_239_mesh_117_0
usemtl material_0
v -0.088864 1.875 0.75
v -0.088864 1.875 0.25
v -0.088864 1.6875 0.75
v -0.088864 1.6875 0.25
v -0.248636 1.875 0.25
v -0.248636 1.875 0.75
v -0.248636 1.6875 0.25
v -0.248636 1.6875 0.75
v -0.248636 1.875 0.25
v -0.088864 1.875 0.25
v -0.248636 1.875 0.75
v -0.088864 1.875 0.75
v -0.248636 1.6875 0.75
v -0.088864 1.6875 0.75
v -0.248636 1.6875 0.25
v -0.088864 1.6875 0.25
v -0.248636 1.875 0.75
v -0.088864 1.875 0.75
v -0.248636 1.6875 0.75
v -0.088864 1.6875 0.75
v -0.088864 1.875 0.25
v -0.248636 1.875 0.25
v -0.088864 1.6875 0.25
v -0.248636 1.6875 0.25
vt 0.145508 0.297852
vt 0.282227 0.297852
vt 0.145508 0.214844
vt 0.282227 0.214844
vt 0.044922 0.226563
vt 0.177734 0.226563
vt 0.044922 0.144531
vt 0.177734 0.144531
vt 0.141602 0.210938
vt 0.27832 0.210938
vt 0.141602 0.128906
vt 0.27832 0.128906
vt 0.114258 0.300781
vt 0.250977 0.300781
vt 0.114258 0.214844
vt 0.250977 0.214844
vt 0.196289 0.238281
vt 0.333008 0.238281
vt 0.196289 0.160156
vt 0.333008 0.160156
vt 0.176758 0.21582
vt 0.313477 0.21582
vt 0.176758 0.105469
vt 0.313477 0.105469
vn 1 0 0
vn 1 0 0
vn 1 0 0
vn 1 0 0
vn -1 0 0
vn -1 0 0
vn -1 0 0
vn -1 0 0
vn 0 1 0
vn 0 1 0
vn 0 1 0
vn 0 1 0
vn 0 -1 0
vn 0 -1 0
vn 0 -1 0
vn 0 -1 0
vn 0 0 1
vn 0 0 1
vn 0 0 1
vn 0 0 1
vn 0 0 -1
vn 0 0 -1
vn 0 0 -1
vn 0 0 -1
f 2809/2809/2809 2811/2811/2811 2810/2810/2810
f 2811/2811/2811 2812/2812/2812 2810/2810/2810
f 2813/2813/2813 2815/2815/2815 2814/2814/2814
f 2815/2815/2815 2816/2816/2816 2814/2814/2814
f 2817/2817/2817 2819/2819/2819 2818/2818/2818
f 2819/2819/2819 2820/2820/2820 2818/2818/2818
f 2821/2821/2821 2823/2823/2823 2822/2822/2822
f 2823/2823/2823 2824/2824/2824 2822/2822/2822
f 2825/2825/2825 2827/2827/2827 2826/2826/2826
f 2827/2827/2827 2828/2828/2828 2826/2826/2826
f 2829/2829/2829 2831/2831/2831 2830/2830/2830
f 2831/2831/2831 2832/2832/2832 2830/2830/2830
o node_241_mesh_118_0
usemtl material_0
v 0.260387 1.875 1.093166
v -0.093166 1.875 0.739613
v 0.260387 1.6875 1.093166
v -0.093166 1.6875 0.739613
v -0.206142 1.875 0.852589
v 0.147411 1.875 1.206142
v -0.206142 1.6875 0.852589
v 0.147411 1.6875 1.206142
v -0.206142 1.875 0.852589
v -0.093166 1.875 0.739613
v 0.147411 1.875 1.206142
v 0.260387 1.875 1.093166
v 0.147411 1.6875 1.206142
v 0.260387 1.6875 1.093166
v -0.206142 1.6875 0.852589
v -0.093166 1.6875 0.739613
v 0.147411 1.875 1.206142
v 0.260387 1.875 1.093166
v 0.147411 1.6875 1.206142
v 0.260387 1.6875 1.093166
v -0.093166 1.875 0.739613
v -0.206142 1.875 0.852589
v -0.093166 1.6875 0.739613
v -0.206142 1.6875 0.852589
vt 0.053711 0.293945
vt 0.19043 0.293945
vt 0.053711 0.210938
vt 0.19043 0.210938
vt 0.270508 0.222656
vt 0.137695 0.222656
vt 0.270508 0.140625
vt 0.137695 0.140625
vt 0.257813 0.207031
vt 0.394531 0.207031
vt 0.257813 0.125
vt 0.394531 0.125
vt 0.242188 0.296875
vt 0.378906 0.296875
vt 0.242188 0.210938
vt 0.378906 0.210938
vt 0.199219 0.234375
vt 0.335938 0.234375
vt 0.199219 0.15625
vt 0.335938 0.15625
vt 0.152344 0.211914
vt 0.289063 0.211914
vt 0.152344 0.101563
vt 0.289063 0.101563
vn 0.707107 0 -0.707107
vn 0.707107 0 -0.707107
vn 0.707107 0 -0.707107
vn 0.707107 0 -0.707107
vn -0.707107 0 0.707107
vn -0.707107 0 0.707107
vn -0.707107 0 0.707107
vn -0.707107 0 0.707107
vn 0 1 0
vn 0 1 0
vn 0 1 0
vn 0 1 0
vn 0 -1 0
vn 0 -1 0
vn 0 -1 0
vn 0 -1 0
vn 0.707107 0 0.707107
vn 0.707107 0 0.707107
vn 0.707107 0 0.707107
vn 0.707107 0 0.707107
vn -0.707107 0 -0.707107
vn -0.707107 0 -0.707107
vn -0.707107 0 -0.707107
vn -0.707107 0 -0.707107
f 2833/2833/2833 2835/2835/2835 2834/2834/2834
f 2835/2835/2835 2836/2836/2836 2834/2834/2834
f 2837/2837/2837 2839/2839/2839 2838/2838/2838
f 2839/2839/2839 2840/2840/2840 2838/2838/2838
f 2841/2841/2841 2843/2843/2843 2842/2842/2842
f 2843/2843/2843 2844/2844/2844 2842/2842/2842
f 2845/2845/2845 2847/2847/2847 2846/2846/2846
f 2847/2847/2847 2848/2848/2848 2846/2846/2846
f 2849/2849/2849 2851/2851/2851 2850/2850/2850
f 2851/2851/2851 2852/2852/2852 2850/2850/2850
f 2853/2853/2853 2855/2855/2855 2854/2854/2854
f 2855/2855/2855 2856/2856/2856 2854/2854/2854
o node_243_mesh_119_0
usemtl material_0
v 0.96875 0.629688 -0.438864
v 0.96875 0.629688 -0.723636
v 0.96875 0.442187 -0.438864
v 0.96875 0.442187 -0.723636
v 0.78125 0.629688 -0.723636
v 0.78125 0.629688 -0.438864
v 0.78125 0.442187 -0.723636
v 0.78125 0.442187 -0.438864
v 0.78125 0.629688 -0.723636
v 0.96875 0.629688 -0.723636
v 0.78125 0.629688 -0.438864
v 0.96875 0.629688 -0.438864
v 0.78125 0.442187 -0.438864
v 0.96875 0.442187 -0.438864
v 0.78125 0.442187 -0.723636
v 0.96875 0.442187 -0.723636
v 0.78125 0.629688 -0.438864
v 0.96875 0.629688 -0.438864
v 0.78125 0.442187 -0.438864
v 0.96875 0.442187 -0.438864
v 0.96875 0.629688 -0.723636
v 0.78125 0.629688 -0.723636
v 0.96875 0.442187 -0.723636
v 0.78125 0.442187 -0.723636
vt 0.15918 0.133789
vt 0.295898 0.133789
vt 0.15918 0.050781
vt 0.295898 0.050781
vt 0.399414 0.144531
vt 0.250977 0.144531
vt 0.399414 0.0625
vt 0.250977 0.0625
vt 0.257813 0.121094
vt 0.394531 0.121094
vt 0.257813 0.039063
vt 0.394531 0.039063
vt 0.214844 0.140625
vt 0.351563 0.140625
vt 0.214844 0.070313
vt 0.351563 0.070313
vt 0.265625 0.136719
vt 0.402344 0.136719
vt 0.265625 0.058594
vt 0.402344 0.058594
vt 0.273438 0.133789
vt 0.410156 0.133789
vt 0.273438 0.023438
vt 0.410156 0.023438
vn 1 0 0
vn 1 0 0
vn 1 0 0
vn 1 0 0
vn -1 0 0
vn -1 0 0
vn -1 0 0
vn -1 0 0
vn 0 1 0
vn 0 1 0
vn 0 1 0
vn 0 1 0
vn 0 -1 0
vn 0 -1 0
vn 0 -1 0
vn 0 -1 0
vn 0 0 1
vn 0 0 1
vn 0 0 1
vn 0 0 1
vn 0 0 -1
vn 0 0 -1
vn 0 0 -1
vn 0 0 -1
f 2857/2857/2857 2859/2859/2859 2858/2858/2858
f 2859/2859/2859 2860/2860/2860 2858/2858/2858
f 2861/2861/2861 2863/2863/2863 2862/2862/2862
f 2863/2863/2863 2864/2864/2864 2862/2862/2862
f 2865/2865/2865 2867/2867/2867 2866/2866/2866
f 2867/2867/2867 2868/2868/2868 2866/2866/2866
f 2869/2869/2869 2871/2871/2871 2870/2870/2870
f 2871/2871/2871 2872/2872/2872 2870/2870/2870
f 2873/2873/2873 2875/2875/2875 2874/2874/2874
f 2875/2875/2875 2876/2876/2876 2874/2874/2874
f 2877/2877/2877 2879/2879/2879 2878/2878/2878
f 2879/2879/2879 2880/2880/2880 2878/2878/2878
o node_245_mesh_120_0
usemtl material_0
v 0.21875 0.629688 -0.445114
v 0.21875 0.629688 -0.729886
v 0.21875 0.442187 -0.445114
v 0.21875 0.442187 -0.729886
v 0.03125 0.629688 -0.729886
v 0.03125 0.629688 -0.445114
v 0.03125 0.442187 -0.729886
v 0.03125 0.442187 -0.445114
v 0.03125 0.629688 -0.729886
v 0.21875 0.629688 -0.729886
v 0.03125 0.629688 -0.445114
v 0.21875 0.629688 -0.445114
v 0.03125 0.442187 -0.445114
v 0.21875 0.442187 -0.445114
v 0.03125 0.442187 -0.729886
v 0.21875 0.442187 -0.729886
v 0.03125 0.629688 -0.445114
v 0.21875 0.629688 -0.445114
v 0.03125 0.442187 -0.445114
v 0.21875 0.442187 -0.445114
v 0.21875 0.629688 -0.729886
v 0.03125 0.629688 -0.729886
v 0.21875 0.442187 -0.729886
v 0.03125 0.442187 -0.729886
vt 0.53418 0.305664
vt 0.670898 0.305664
vt 0.53418 0.222656
vt 0.670898 0.222656
vt 0.739258 0.234375
vt 0.59082 0.234375
vt 0.739258 0.152344
vt 0.59082 0.152344
vt 0.726563 0.21875
vt 0.863281 0.21875
vt 0.726563 0.136719
vt 0.863281 0.136719
vt 0.714844 0.292969
vt 0.851563 0.292969
vt 0.714844 0.222656
vt 0.851563 0.222656
vt 0.652344 0.246094
vt 0.789063 0.246094
vt 0.652344 0.167969
vt 0.789063 0.167969
vt 0.664063 0.223633
vt 0.800781 0.223633
vt 0.664063 0.113281
vt 0.800781 0.113281
vn 1 0 0
vn 1 0 0
vn 1 0 0
vn 1 0 0
vn -1 0 0
vn -1 0 0
vn -1 0 0
vn -1 0 0
vn 0 1 0
vn 0 1 0
vn 0 1 0
vn 0 1 0
vn 0 -1 0
vn 0 -1 0
vn 0 -1 0
vn 0 -1 0
vn 0 0 1
vn 0 0 1
vn 0 0 1
vn 0 0 1
vn 0 0 -1
vn 0 0 -1
vn 0 0 -1
vn 0 0 -1
f 2881/2881/2881 2883/2883/2883 2882/2882/2882
f 2883/2883/2883 2884/2884/2884 2882/2882/2882
f 2885/2885/2885 2887/2887/2887 2886/2886/2886
f 2887/2887/2887 2888/2888/2888 2886/2886/2886
f 2889/2889/2889 2891/2891/2891 2890/2890/2890
f 2891/2891/2891 2892/2892/2892 2890/2890/2890
f 2893/2893/2893 2895/2895/2895 2894/2894/2894
f 2895/2895/2895 2896/2896/2896 2894/2894/2894
f 2897/2897/2897 2899/2899/2899 2898/2898/2898
f 2899/2899/2899 2900/2900/2900 2898/2898/2898
f 2901/2901/2901 2903/2903/2903 2902/2902/2902
f 2903/2903/2903 2904/2904/2904 2902/2902/2902
o node_247_mesh_121_0
usemtl material_0
v 0.286893 0.783742 -0.420114
v 0.286893 0.783742 -0.704886
v 0.21514 0.610514 -0.420114
v 0.21514 0.610514 -0.704886
v 0.113666 0.855495 -0.704886
v 0.113666 0.855495 -0.420114
v 0.041913 0.682267 -0.704886
v 0.041913 0.682267 -0.420114
v 0.113666 0.855495 -0.704886
v 0.286893 0.783742 -0.704886
v 0.113666 0.855495 -0.420114
v 0.286893 0.783742 -0.420114
v 0.041913 0.682267 -0.420114
v 0.21514 0.610514 -0.420114
v 0.041913 0.682267 -0.704886
v 0.21514 0.610514 -0.704886
v 0.113666 0.855495 -0.420114
v 0.286893 0.783742 -0.420114
v 0.041913 0.682267 -0.420114
v 0.21514 0.610514 -0.420114
v 0.286893 0.783742 -0.704886
v 0.113666 0.855495 -0.704886
v 0.21514 0.610514 -0.704886
v 0.041913 0.682267 -0.704886
vt 0.561523 0.864258
vt 0.698242 0.864258
vt 0.561523 0.78125
vt 0.698242 0.78125
vt 0.71582 0.878906
vt 0.567383 0.878906
vt 0.71582 0.796875
vt 0.567383 0.796875
vt 0.699219 0.824219
vt 0.835938 0.824219
vt 0.699219 0.742188
vt 0.835938 0.742188
vt 0.660156 0.824219
vt 0.796875 0.824219
vt 0.660156 0.753906
vt 0.796875 0.753906
vt 0.667969 0.859375
vt 0.804688 0.859375
vt 0.667969 0.78125
vt 0.804688 0.78125
vt 0.617188 0.743164
vt 0.753906 0.743164
vt 0.617188 0.632813
vt 0.753906 0.632813
vn 0.92388 -0.382683 0
vn 0.92388 -0.382683 0
vn 0.92388 -0.382683 0
vn 0.92388 -0.382683 0
vn -0.92388 0.382683 0
vn -0.92388 0.382683 0
vn -0.92388 0.382683 0
vn -0.92388 0.382683 0
vn 0.382683 0.92388 0
vn 0.382683 0.92388 0
vn 0.382683 0.92388 0
vn 0.382683 0.92388 0
vn -0.382683 -0.92388 0
vn -0.382683 -0.92388 0
vn -0.382683 -0.92388 0
vn -0.382683 -0.92388 0
vn 0 0 1
vn 0 0 1
vn 0 0 1
vn 0 0 1
vn 0 0 -1
vn 0 0 -1
vn 0 0 -1
vn 0 0 -1
f 2905/2905/2905 2907/2907/2907 2906/2906/2906
f 2907/2907/2907 2908/2908/2908 2906/2906/2906
f 2909/2909/2909 2911/2911/2911 2910/2910/2910
f 2911/2911/2911 2912/2912/2912 2910/2910/2910
f 2913/2913/2913 2915/2915/2915 2914/2914/2914
f 2915/2915/2915 2916/2916/2916 2914/2914/2914
f 2917/2917/2917 2919/2919/2919 2918/2918/2918
f 2919/2919/2919 2920/2920/2920 2918/2918/2918
f 2921/2921/2921 2923/2923/2923 2922/2922/2922
f 2923/2923/2923 2924/2924/2924 2922/2922/2922
f 2925/2925/2925 2927/2927/2927 2926/2926/2926
f 2927/2927/2927 2928/2928/2928 2926/2926/2926
o node_249_mesh_122_0
usemtl material_0
v 0.886334 0.855495 -0.420114
v 0.886334 0.855495 -0.704886
v 0.958087 0.682267 -0.420114
v 0.958087 0.682267 -0.704886
v 0.713107 0.783742 -0.704886
v 0.713107 0.783742 -0.420114
v 0.78486 0.610514 -0.704886
v 0.78486 0.610514 -0.420114
v 0.713107 0.783742 -0.704886
v 0.886334 0.855495 -0.704886
v 0.713107 0.783742 -0.420114
v 0.886334 0.855495 -0.420114
v 0.78486 0.610514 -0.420114
v 0.958087 0.682267 -0.420114
v 0.78486 0.610514 -0.704886
v 0.958087 0.682267 -0.704886
v 0.713107 0.783742 -0.420114
v 0.886334 0.855495 -0.420114
v 0.78486 0.610514 -0.420114
v 0.958087 0.682267 -0.420114
v 0.886334 0.855495 -0.704886
v 0.713107 0.783742 -0.704886
v 0.958087 0.682267 -0.704886
v 0.78486 0.610514 -0.704886
vt 0.577148 0.614258
vt 0.713867 0.614258
vt 0.577148 0.53125
vt 0.713867 0.53125
vt 0.782227 0.542969
vt 0.633789 0.542969
vt 0.782227 0.460938
vt 0.633789 0.460938
vt 0.769531 0.527344
vt 0.90625 0.527344
vt 0.769531 0.445313
vt 0.90625 0.445313
vt 0.757813 0.601563
vt 0.894531 0.601563
vt 0.757813 0.53125
vt 0.894531 0.53125
vt 0.695313 0.554688
vt 0.832031 0.554688
vt 0.695313 0.476563
vt 0.832031 0.476563
vt 0.660156 0.532227
vt 0.796875 0.532227
vt 0.660156 0.421875
vt 0.796875 0.421875
vn 0.92388 0.382683 0
vn 0.92388 0.382683 0
vn 0.92388 0.382683 0
vn 0.92388 0.382683 0
vn -0.92388 -0.382683 0
vn -0.92388 -0.382683 0
vn -0.92388 -0.382683 0
vn -0.92388 -0.382683 0
vn -0.382683 0.92388 0
vn -0.382683 0.92388 0
vn -0.382683 0.92388 0
vn -0.382683 0.92388 0
vn 0.382683 -0.92388 0
vn 0.382683 -0.92388 0
vn 0.382683 -0.92388 0
vn 0.382683 -0.92388 0
vn 0 0 1
vn 0 0 1
vn 0 0 1
vn 0 0 1
vn 0 0 -1
vn 0 0 -1
vn 0 0 -1
vn 0 0 -1
f 2929/2929/2929 2931/2931/2931 2930/2930/2930
f 2931/2931/2931 2932/2932/2932 2930/2930/2930
f 2933/2933/2933 2935/2935/2935 2934/2934/2934
f 2935/2935/2935 2936/2936/2936 2934/2934/2934
f 2937/2937/2937 2939/2939/2939 2938/2938/2938
f 2939/2939/2939 2940/2940/2940 2938/2938/2938
f 2941/2941/2941 2943/2943/2943 2942/2942/2942
f 2943/2943/2943 2944/2944/2944 2942/2942/2942
f 2945/2945/2945 2947/2947/2947 2946/2946/2946
f 2947/2947/2947 2948/2948/2948 2946/2946/2946
f 2949/2949/2949 2951/2951/2951 2950/2950/2950
f 2951/2951/2951 2952/2952/2952 2950/2950/2950
o node_251_mesh_123_0
usemtl material_0
v 0.21875 0.410937 -0.420114
v 0.21875 0.410937 -0.704886
v 0.21875 0.223437 -0.420114
v 0.21875 0.223437 -0.704886
v 0.03125 0.410937 -0.704886
v 0.03125 0.410937 -0.420114
v 0.03125 0.223437 -0.704886
v 0.03125 0.223437 -0.420114
v 0.03125 0.410937 -0.704886
v 0.21875 0.410937 -0.704886
v 0.03125 0.410937 -0.420114
v 0.21875 0.410937 -0.420114
v 0.03125 0.223437 -0.420114
v 0.21875 0.223437 -0.420114
v 0.03125 0.223437 -0.704886
v 0.21875 0.223437 -0.704886
v 0.03125 0.410937 -0.420114
v 0.21875 0.410937 -0.420114
v 0.03125 0.223437 -0.420114
v 0.21875 0.223437 -0.420114
v 0.21875 0.410937 -0.704886
v 0.03125 0.410937 -0.704886
v 0.21875 0.223437 -0.704886
v 0.03125 0.223437 -0.704886
vt 0.280273 0.301758
vt 0.416992 0.301758
vt 0.280273 0.21875
vt 0.416992 0.21875
vt 0.485352 0.230469
vt 0.336914 0.230469
vt 0.485352 0.148438
vt 0.336914 0.148438
vt 0.472656 0.214844
vt 0.609375 0.214844
vt 0.472656 0.132813
vt 0.609375 0.132813
vt 0.460938 0.289063
vt 0.597656 0.289063
vt 0.460938 0.21875
vt 0.597656 0.21875
vt 0.398438 0.242188
vt 0.535156 0.242188
vt 0.398438 0.164063
vt 0.535156 0.164063
vt 0.363281 0.219727
vt 0.5 0.219727
vt 0.363281 0.109375
vt 0.5 0.109375
vn 1 0 0
vn 1 0 0
vn 1 0 0
vn 1 0 0
vn -1 0 0
vn -1 0 0
vn -1 0 0
vn -1 0 0
vn 0 1 0
vn 0 1 0
vn 0 1 0
vn 0 1 0
vn 0 -1 0
vn 0 -1 0
vn 0 -1 0
vn 0 -1 0
vn 0 0 1
vn 0 0 1
vn 0 0 1
vn 0 0 1
vn 0 0 -1
vn 0 0 -1
vn 0 0 -1
vn 0 0 -1
f 2953/2953/2953 2955/2955/2955 2954/2954/2954
f 2955/2955/2955 2956/2956/2956 2954/2954/2954
f 2957/2957/2957 2959/2959/2959 2958/2958/2958
f 2959/2959/2959 2960/2960/2960 2958/2958/2958
f 2961/2961/2961 2963/2963/2963 2962/2962/2962
f 2963/2963/2963 2964/2964/2964 2962/2962/2962
f 2965/2965/2965 2967/2967/2967 2966/2966/2966
f 2967/2967/2967 2968/2968/2968 2966/2966/2966
f 2969/2969/2969 2971/2971/2971 2970/2970/2970
f 2971/2971/2971 2972/2972/2972 2970/2970/2970
f 2973/2973/2973 2975/2975/2975 2974/2974/2974
f 2975/2975/2975 2976/2976/2976 2974/2974/2974
o node_253_mesh_124_0
usemtl material_0
v 0.96875 0.410937 -0.420114
v 0.96875 0.410937 -0.704886
v 0.96875 0.223437 -0.420114
v 0.96875 0.223437 -0.704886
v 0.78125 0.410937 -0.704886
v 0.78125 0.410937 -0.420114
v 0.78125 0.223437 -0.704886
v 0.78125 0.223437 -0.420114
v 0.78125 0.410937 -0.704886
v 0.96875 0.410937 -0.704886
v 0.78125 0.410937 -0.420114
v 0.96875 0.410937 -0.420114
v 0.78125 0.223437 -0.420114
v 0.96875 0.223437 -0.420114
v 0.78125 0.223437 -0.704886
v 0.96875 0.223437 -0.704886
v 0.78125 0.410937 -0.420114
v 0.96875 0.410937 -0.420114
v 0.78125 0.223437 -0.420114
v 0.96875 0.223437 -0.420114
v 0.96875 0.410937 -0.704886
v 0.78125 0.410937 -0.704886
v 0.96875 0.223437 -0.704886
v 0.78125 0.223437 -0.704886
vt 0.59668 0.665039
vt 0.733398 0.665039
vt 0.59668 0.582031
vt 0.733398 0.582031
vt 0.786133 0.761719
vt 0.637695 0.761719
vt 0.786133 0.679688
vt 0.637695 0.679688
vt 0.640625 0.699219
vt 0.777344 0.699219
vt 0.640625 0.617188
vt 0.777344 0.617188
vt 0.570313 0.644531
vt 0.707031 0.644531
vt 0.570313 0.574219
vt 0.707031 0.574219
vt 0.691406 0.722656
vt 0.828125 0.722656
vt 0.691406 0.644531
vt 0.828125 0.644531
vt 0.683594 0.625977
vt 0.820313 0.625977
vt 0.683594 0.515625
vt 0.820313 0.515625
vn 1 0 0
vn 1 0 0
vn 1 0 0
vn 1 0 0
vn -1 0 0
vn -1 0 0
vn -1 0 0
vn -1 0 0
vn 0 1 0
vn 0 1 0
vn 0 1 0
vn 0 1 0
vn 0 -1 0
vn 0 -1 0
vn 0 -1 0
vn 0 -1 0
vn 0 0 1
vn 0 0 1
vn 0 0 1
vn 0 0 1
vn 0 0 -1
vn 0 0 -1
vn 0 0 -1
vn 0 0 -1
f 2977/2977/2977 2979/2979/2979 2978/2978/2978
f 2979/2979/2979 2980/2980/2980 2978/2978/2978
f 2981/2981/2981 2983/2983/2983 2982/2982/2982
f 2983/2983/2983 2984/2984/2984 2982/2982/2982
f 2985/2985/2985 2987/2987/2987 2986/2986/2986
f 2987/2987/2987 2988/2988/2988 2986/2986/2986
f 2989/2989/2989 2991/2991/2991 2990/2990/2990
f 2991/2991/2991 2992/2992/2992 2990/2990/2990
f 2993/2993/2993 2995/2995/2995 2994/2994/2994
f 2995/2995/2995 2996/2996/2996 2994/2994/2994
f 2997/2997/2997 2999/2999/2999 2998/2998/2998
f 2999/2999/2999 3000/3000/3000 2998/2998/2998
o node_255_mesh_125_0
usemtl material_0
v 0.21875 0.192187 -0.438864
v 0.21875 0.192187 -0.723636
v 0.21875 0.004687 -0.438864
v 0.21875 0.004687 -0.723636
v 0.03125 0.192187 -0.723636
v 0.03125 0.192187 -0.438864
v 0.03125 0.004687 -0.723636
v 0.03125 0.004687 -0.438864
v 0.03125 0.192187 -0.723636
v 0.21875 0.192187 -0.723636
v 0.03125 0.192187 -0.438864
v 0.21875 0.192187 -0.438864
v 0.03125 0.004687 -0.438864
v 0.21875 0.004687 -0.438864
v 0.03125 0.004687 -0.723636
v 0.21875 0.004687 -0.723636
v 0.03125 0.192187 -0.438864
v 0.21875 0.192187 -0.438864
v 0.03125 0.004687 -0.438864
v 0.21875 0.004687 -0.438864
v 0.21875 0.192187 -0.723636
v 0.03125 0.192187 -0.723636
v 0.21875 0.004687 -0.723636
v 0.03125 0.004687 -0.723636
vt 0.581055 0.442383
vt 0.717773 0.442383
vt 0.581055 0.359375
vt 0.717773 0.359375
vt 0.786133 0.371094
vt 0.637695 0.371094
vt 0.786133 0.289063
vt 0.637695 0.289063
vt 0.773438 0.355469
vt 0.910156 0.355469
vt 0.773438 0.273438
vt 0.910156 0.273438
vt 0.761719 0.429688
vt 0.898438 0.429688
vt 0.761719 0.359375
vt 0.898438 0.359375
vt 0.699219 0.382813
vt 0.835938 0.382813
vt 0.699219 0.304688
vt 0.835938 0.304688
vt 0.664063 0.360352
vt 0.800781 0.360352
vt 0.664063 0.25
vt 0.800781 0.25
vn 1 0 0
vn 1 0 0
vn 1 0 0
vn 1 0 0
vn -1 0 0
vn -1 0 0
vn -1 0 0
vn -1 0 0
vn 0 1 0
vn 0 1 0
vn 0 1 0
vn 0 1 0
vn 0 -1 0
vn 0 -1 0
vn 0 -1 0
vn 0 -1 0
vn 0 0 1
vn 0 0 1
vn 0 0 1
vn 0 0 1
vn 0 0 -1
vn 0 0 -1
vn 0 0 -1
vn 0 0 -1
f 3001/3001/3001 3003/3003/3003 3002/3002/3002
f 3003/3003/3003 3004/3004/3004 3002/3002/3002
f 3005/3005/3005 3007/3007/3007 3006/3006/3006
f 3007/3007/3007 3008/3008/3008 3006/3006/3006
f 3009/3009/3009 3011/3011/3011 3010/3010/3010
f 3011/3011/3011 3012/3012/3012 3010/3010/3010
f 3013/3013/3013 3015/3015/3015 3014/3014/3014
f 3015/3015/3015 3016/3016/3016 3014/3014/3014
f 3017/3017/3017 3019/3019/3019 3018/3018/3018
f 3019/3019/3019 3020/3020/3020 3018/3018/3018
f 3021/3021/3021 3023/3023/3023 3022/3022/3022
f 3023/3023/3023 3024/3024/3024 3022/3022/3022
o node_257_mesh_126_0
usemtl material_0
v 0.96875 0.192187 -0.438864
v 0.96875 0.192187 -0.723636
v 0.96875 0.004687 -0.438864
v 0.96875 0.004687 -0.723636
v 0.78125 0.192187 -0.723636
v 0.78125 0.192187 -0.438864
v 0.78125 0.004687 -0.723636
v 0.78125 0.004687 -0.438864
v 0.78125 0.192187 -0.723636
v 0.96875 0.192187 -0.723636
v 0.78125 0.192187 -0.438864
v 0.96875 0.192187 -0.438864
v 0.78125 0.004687 -0.438864
v 0.96875 0.004687 -0.438864
v 0.78125 0.004687 -0.723636
v 0.96875 0.004687 -0.723636
v 0.78125 0.192187 -0.438864
v 0.96875 0.192187 -0.438864
v 0.78125 0.004687 -0.438864
v 0.96875 0.004687 -0.438864
v 0.96875 0.192187 -0.723636
v 0.78125 0.192187 -0.723636
v 0.96875 0.004687 -0.723636
v 0.78125 0.004687 -0.723636
vt 0.217773 0.297852
vt 0.354492 0.297852
vt 0.217773 0.214844
vt 0.354492 0.214844
vt 0.128906 0.226563
vt 0.277344 0.226563
vt 0.128906 0.144531
vt 0.277344 0.144531
vt 0.225586 0.210938
vt 0.362305 0.210938
vt 0.225586 0.128906
vt 0.362305 0.128906
vt 0.202148 0.285156
vt 0.338867 0.285156
vt 0.202148 0.214844
vt 0.338867 0.214844
vt 0.272461 0.238281
vt 0.40918 0.238281
vt 0.272461 0.160156
vt 0.40918 0.160156
vt 0.264648 0.21582
vt 0.401367 0.21582
vt 0.264648 0.105469
vt 0.401367 0.105469
vn 1 0 0
vn 1 0 0
vn 1 0 0
vn 1 0 0
vn -1 0 0
vn -1 0 0
vn -1 0 0
vn -1 0 0
vn 0 1 0
vn 0 1 0
vn 0 1 0
vn 0 1 0
vn 0 -1 0
vn 0 -1 0
vn 0 -1 0
vn 0 -1 0
vn 0 0 1
vn 0 0 1
vn 0 0 1
vn 0 0 1
vn 0 0 -1
vn 0 0 -1
vn 0 0 -1
vn 0 0 -1
f 3025/3025/3025 3027/3027/3027 3026/3026/3026
f 3027/3027/3027 3028/3028/3028 3026/3026/3026
f 3029/3029/3029 3031/3031/3031 3030/3030/3030
f 3031/3031/3031 3032/3032/3032 3030/3030/3030
f 3033/3033/3033 3035/3035/3035 3034/3034/3034
f 3035/3035/3035 3036/3036/3036 3034/3034/3034
f 3037/3037/3037 3039/3039/3039 3038/3038/3038
f 3039/3039/3039 3040/3040/3040 3038/3038/3038
f 3041/3041/3041 3043/3043/3043 3042/3042/3042
f 3043/3043/3043 3044/3044/3044 3042/3042/3042
f 3045/3045/3045 3047/3047/3047 3046/3046/3046
f 3047/3047/3047 3048/3048/3048 3046/3046/3046
o node_259_mesh_127_0
usemtl material_0
v 0.842942 0.899943 -0.445114
v 0.842942 0.899943 -0.729886
v 0.771189 0.726716 -0.445114
v 0.771189 0.726716 -0.729886
v 0.669715 0.971696 -0.729886
v 0.669715 0.971696 -0.445114
v 0.597962 0.798469 -0.729886
v 0.597962 0.798469 -0.445114
v 0.669715 0.971696 -0.729886
v 0.842942 0.899943 -0.729886
v 0.669715 0.971696 -0.445114
v 0.842942 0.899943 -0.445114
v 0.597962 0.798469 -0.445114
v 0.771189 0.726716 -0.445114
v 0.597962 0.798469 -0.729886
v 0.771189 0.726716 -0.729886
v 0.669715 0.971696 -0.445114
v 0.842942 0.899943 -0.445114
v 0.597962 0.798469 -0.445114
v 0.771189 0.726716 -0.445114
v 0.842942 0.899943 -0.729886
v 0.669715 0.971696 -0.729886
v 0.771189 0.726716 -0.729886
v 0.597962 0.798469 -0.729886
vt 0.819336 0.239258
vt 0.956055 0.239258
vt 0.819336 0.15625
vt 0.956055 0.15625
vt 0.985352 0.167969
vt 0.875977 0.167969
vt 0.985352 0.085938
vt 0.875977 0.085938
vt 0.984375 0.152344
vt 1 0.152344
vt 0.984375 0.070313
vt 1 0.070313
vt 0.949219 0.226563
vt 1 0.226563
vt 0.949219 0.15625
vt 1 0.15625
vt 0.9375 0.179688
vt 1 0.179688
vt 0.9375 0.101563
vt 1 0.101563
vt 0.699219 0.145508
vt 0.835938 0.145508
vt 0.699219 0.035156
vt 0.835938 0.035156
vn 0.92388 -0.382683 0
vn 0.92388 -0.382683 0
vn 0.92388 -0.382683 0
vn 0.92388 -0.382683 0
vn -0.92388 0.382683 0
vn -0.92388 0.382683 0
vn -0.92388 0.382683 0
vn -0.92388 0.382683 0
vn 0.382683 0.92388 0
vn 0.382683 0.92388 0
vn 0.382683 0.92388 0
vn 0.382683 0.92388 0
vn -0.382683 -0.92388 0
vn -0.382683 -0.92388 0
vn -0.382683 -0.92388 0
vn -0.382683 -0.92388 0
vn 0 0 1
vn 0 0 1
vn 0 0 1
vn 0 0 1
vn 0 0 -1
vn 0 0 -1
vn 0 0 -1
vn 0 0 -1
f 3049/3049/3049 3051/3051/3051 3050/3050/3050
f 3051/3051/3051 3052/3052/3052 3050/3050/3050
f 3053/3053/3053 3055/3055/3055 3054/3054/3054
f 3055/3055/3055 3056/3056/3056 3054/3054/3054
f 3057/3057/3057 3059/3059/3059 3058/3058/3058
f 3059/3059/3059 3060/3060/3060 3058/3058/3058
f 3061/3061/3061 3063/3063/3063 3062/3062/3062
f 3063/3063/3063 3064/3064/3064 3062/3062/3062
f 3065/3065/3065 3067/3067/3067 3066/3066/3066
f 3067/3067/3067 3068/3068/3068 3066/3066/3066
f 3069/3069/3069 3071/3071/3071 3070/3070/3070
f 3071/3071/3071 3072/3072/3072 3070/3070/3070
o node_261_mesh_128_0
usemtl material_0
v 0.33746 0.973508 -0.445114
v 0.33746 0.973508 -0.729886
v 0.409214 0.80028 -0.445114
v 0.409214 0.80028 -0.729886
v 0.164233 0.901755 -0.729886
v 0.164233 0.901755 -0.445114
v 0.235986 0.728527 -0.729886
v 0.235986 0.728527 -0.445114
v 0.164233 0.901755 -0.729886
v 0.33746 0.973508 -0.729886
v 0.164233 0.901755 -0.445114
v 0.33746 0.973508 -0.445114
v 0.235986 0.728527 -0.445114
v 0.409214 0.80028 -0.445114
v 0.235986 0.728527 -0.729886
v 0.409214 0.80028 -0.729886
v 0.164233 0.901755 -0.445114
v 0.33746 0.973508 -0.445114
v 0.235986 0.728527 -0.445114
v 0.409214 0.80028 -0.445114
v 0.33746 0.973508 -0.729886
v 0.164233 0.901755 -0.729886
v 0.409214 0.80028 -0.729886
v 0.235986 0.728527 -0.729886
vt 0.584961 0.293945
vt 0.72168 0.293945
vt 0.584961 0.210938
vt 0.72168 0.210938
vt 0.790039 0.222656
vt 0.641602 0.222656
vt 0.790039 0.140625
vt 0.641602 0.140625
vt 0.777344 0.207031
vt 0.914063 0.207031
vt 0.777344 0.125
vt 0.914063 0.125
vt 0.765625 0.28125
vt 0.902344 0.28125
vt 0.765625 0.210938
vt 0.902344 0.210938
vt 0.703125 0.234375
vt 0.839844 0.234375
vt 0.703125 0.15625
vt 0.839844 0.15625
vt 0.667969 0.211914
vt 0.804688 0.211914
vt 0.667969 0.101563
vt 0.804688 0.101563
vn 0.92388 0.382683 0
vn 0.92388 0.382683 0
vn 0.92388 0.382683 0
vn 0.92388 0.382683 0
vn -0.92388 -0.382683 0
vn -0.92388 -0.382683 0
vn -0.92388 -0.382683 0
vn -0.92388 -0.382683 0
vn -0.382683 0.92388 0
vn -0.382683 0.92388 0
vn -0.382683 0.92388 0
vn -0.382683 0.92388 0
vn 0.382683 -0.92388 0
vn 0.382683 -0.92388 0
vn 0.382683 -0.92388 0
vn 0.382683 -0.92388 0
vn 0 0 1
vn 0 0 1
vn 0 0 1
vn 0 0 1
vn 0 0 -1
vn 0 0 -1
vn 0 0 -1
vn 0 0 -1
f 3073/3073/3073 3075/3075/3075 3074/3074/3074
f 3075/3075/3075 3076/3076/3076 3074/3074/3074
f 3077/3077/3077 3079/3079/3079 3078/3078/3078
f 3079/3079/3079 3080/3080/3080 3078/3078/3078
f 3081/3081/3081 3083/3083/3083 3082/3082/3082
f 3083/3083/3083 3084/3084/3084 3082/3082/3082
f 3085/3085/3085 3087/3087/3087 3086/3086/3086
f 3087/3087/3087 3088/3088/3088 3086/3086/3086
f 3089/3089/3089 3091/3091/3091 3090/3090/3090
f 3091/3091/3091 3092/3092/3092 3090/3090/3090
f 3093/3093/3093 3095/3095/3095 3094/3094/3094
f 3095/3095/3095 3096/3096/3096 3094/3094/3094
o node_263_mesh_129_0
usemtl material_0
v 0.2125 0.723438 -0.388864
v 0.2125 0.723438 -0.692386
v 0.2125 0.017187 -0.388864
v 0.2125 0.017187 -0.692386
v 0.0625 0.723438 -0.692386
v 0.0625 0.723438 -0.388864
v 0.0625 0.017187 -0.692386
v 0.0625 0.017187 -0.388864
v 0.0625 0.723438 -0.692386
v 0.2125 0.723438 -0.692386
v 0.0625 0.723438 -0.388864
v 0.2125 0.723438 -0.388864
v 0.0625 0.017187 -0.388864
v 0.2125 0.017187 -0.388864
v 0.0625 0.017187 -0.692386
v 0.2125 0.017187 -0.692386
v 0.0625 0.723438 -0.388864
v 0.2125 0.723438 -0.388864
v 0.0625 0.017187 -0.388864
v 0.2125 0.017187 -0.388864
v 0.2125 0.723438 -0.692386
v 0.0625 0.723438 -0.692386
v 0.2125 0.017187 -0.692386
v 0.0625 0.017187 -0.692386
vt 0.282227 0.293945
vt 0.418945 0.293945
vt 0.282227 0.179688
vt 0.418945 0.179688
vt 0.197266 0.222656
vt 0.345703 0.222656
vt 0.197266 0.140625
vt 0.345703 0.140625
vt 0.293945 0.207031
vt 0.430664 0.207031
vt 0.293945 0.125
vt 0.430664 0.125
vt 0.266602 0.28125
vt 0.40332 0.28125
vt 0.266602 0.210938
vt 0.40332 0.210938
vt 0.333008 0.234375
vt 0.469727 0.234375
vt 0.333008 0.125
vt 0.469727 0.125
vt 0.329102 0.211914
vt 0.46582 0.211914
vt 0.329102 0.070313
vt 0.46582 0.070313
vn 1 0 0
vn 1 0 0
vn 1 0 0
vn 1 0 0
vn -1 0 0
vn -1 0 0
vn -1 0 0
vn -1 0 0
vn 0 1 0
vn 0 1 0
vn 0 1 0
vn 0 1 0
vn 0 -1 0
vn 0 -1 0
vn 0 -1 0
vn 0 -1 0
vn 0 0 1
vn 0 0 1
vn 0 0 1
vn 0 0 1
vn 0 0 -1
vn 0 0 -1
vn 0 0 -1
vn 0 0 -1
f 3097/3097/3097 3099/3099/3099 3098/3098/3098
f 3099/3099/3099 3100/3100/3100 3098/3098/3098
f 3101/3101/3101 3103/3103/3103 3102/3102/3102
f 3103/3103/3103 3104/3104/3104 3102/3102/3102
f 3105/3105/3105 3107/3107/3107 3106/3106/3106
f 3107/3107/3107 3108/3108/3108 3106/3106/3106
f 3109/3109/3109 3111/3111/3111 3110/3110/3110
f 3111/3111/3111 3112/3112/3112 3110/3110/3110
f 3113/3113/3113 3115/3115/3115 3114/3114/3114
f 3115/3115/3115 3116/3116/3116 3114/3114/3114
f 3117/3117/3117 3119/3119/3119 3118/3118/3118
f 3119/3119/3119 3120/3120/3120 3118/3118/3118
o node_265_mesh_130_0
usemtl material_0
v 0.9375 0.723438 -0.388864
v 0.9375 0.723438 -0.692386
v 0.9375 0.017187 -0.388864
v 0.9375 0.017187 -0.692386
v 0.7875 0.723438 -0.692386
v 0.7875 0.723438 -0.388864
v 0.7875 0.017187 -0.692386
v 0.7875 0.017187 -0.388864
v 0.7875 0.723438 -0.692386
v 0.9375 0.723438 -0.692386
v 0.7875 0.723438 -0.388864
v 0.9375 0.723438 -0.388864
v 0.7875 0.017187 -0.388864
v 0.9375 0.017187 -0.388864
v 0.7875 0.017187 -0.692386
v 0.9375 0.017187 -0.692386
v 0.7875 0.723438 -0.388864
v 0.9375 0.723438 -0.388864
v 0.7875 0.017187 -0.388864
v 0.9375 0.017187 -0.388864
v 0.9375 0.723438 -0.692386
v 0.7875 0.723438 -0.692386
v 0.9375 0.017187 -0.692386
v 0.7875 0.017187 -0.692386
vt 0.22168 0.293945
vt 0.358398 0.293945
vt 0.22168 0.179688
vt 0.358398 0.179688
vt 0.422852 0.222656
vt 0.274414 0.222656
vt 0.422852 0.140625
vt 0.274414 0.140625
vt 0.410156 0.207031
vt 0.546875 0.207031
vt 0.410156 0.125
vt 0.546875 0.125
vt 0.394531 0.28125
vt 0.53125 0.28125
vt 0.394531 0.210938
vt 0.53125 0.210938
vt 0.335938 0.234375
vt 0.472656 0.234375
vt 0.335938 0.125
vt 0.472656 0.125
vt 0.304688 0.211914
vt 0.441406 0.211914
vt 0.304688 0.070313
vt 0.441406 0.070313
vn 1 0 0
vn 1 0 0
vn 1 0 0
vn 1 0 0
vn -1 0 0
vn -1 0 0
vn -1 0 0
vn -1 0 0
vn 0 1 0
vn 0 1 0
vn 0 1 0
vn 0 1 0
vn 0 -1 0
vn 0 -1 0
vn 0 -1 0
vn 0 -1 0
vn 0 0 1
vn 0 0 1
vn 0 0 1
vn 0 0 1
vn 0 0 -1
vn 0 0 -1
vn 0 0 -1
vn 0 0 -1
f 3121/3121/3121 3123/3123/3123 3122/3122/3122
f 3123/3123/3123 3124/3124/3124 3122/3122/3122
f 3125/3125/3125 3127/3127/3127 3126/3126/3126
f 3127/3127/3127 3128/3128/3128 3126/3126/3126
f 3129/3129/3129 3131/3131/3131 3130/3130/3130
f 3131/3131/3131 3132/3132/3132 3130/3130/3130
f 3133/3133/3133 3135/3135/3135 3134/3134/3134
f 3135/3135/3135 3136/3136/3136 3134/3134/3134
f 3137/3137/3137 3139/3139/3139 3138/3138/3138
f 3139/3139/3139 3140/3140/3140 3138/3138/3138
f 3141/3141/3141 3143/3143/3143 3142/3142/3142
f 3143/3143/3143 3144/3144/3144 3142/3142/3142
o node_267_mesh_131_0
usemtl material_0
v 0.65625 1.01875 -0.498239
v 0.65625 1.01875 -0.75
v 0.65625 0.825 -0.498239
v 0.65625 0.825 -0.75
v 0.34375 1.01875 -0.75
v 0.34375 1.01875 -0.498239
v 0.34375 0.825 -0.75
v 0.34375 0.825 -0.498239
v 0.34375 1.01875 -0.75
v 0.65625 1.01875 -0.75
v 0.34375 1.01875 -0.498239
v 0.65625 1.01875 -0.498239
v 0.34375 0.825 -0.498239
v 0.65625 0.825 -0.498239
v 0.34375 0.825 -0.75
v 0.65625 0.825 -0.75
v 0.34375 1.01875 -0.498239
v 0.65625 1.01875 -0.498239
v 0.34375 0.825 -0.498239
v 0.65625 0.825 -0.498239
v 0.65625 1.01875 -0.75
v 0.34375 1.01875 -0.75
v 0.65625 0.825 -0.75
v 0.34375 0.825 -0.75
vt 0.09668 0.40332
vt 0.233398 0.40332
vt 0.09668 0.320313
vt 0.233398 0.320313
vt 0.360352 0.449219
vt 0.211914 0.449219
vt 0.360352 0.367188
vt 0.211914 0.367188
vt 0.230469 0.386719
vt 0.367188 0.386719
vt 0.230469 0.304688
vt 0.367188 0.304688
vt 0.136719 0.421875
vt 0.273438 0.421875
vt 0.136719 0.351563
vt 0.273438 0.351563
vt 0.316406 0.429688
vt 0.453125 0.429688
vt 0.316406 0.351563
vt 0.453125 0.351563
vt 0.339844 0.418945
vt 0.476563 0.418945
vt 0.339844 0.308594
vt 0.476563 0.308594
vn 1 0 0
vn 1 0 0
vn 1 0 0
vn 1 0 0
vn -1 0 0
vn -1 0 0
vn -1 0 0
vn -1 0 0
vn 0 1 0
vn 0 1 0
vn 0 1 0
vn 0 1 0
vn 0 -1 0
vn 0 -1 0
vn 0 -1 0
vn 0 -1 0
vn 0 0 1
vn 0 0 1
vn 0 0 1
vn 0 0 1
vn 0 0 -1
vn 0 0 -1
vn 0 0 -1
vn 0 0 -1
f 3145/3145/3145 3147/3147/3147 3146/3146/3146
f 3147/3147/3147 3148/3148/3148 3146/3146/3146
f 3149/3149/3149 3151/3151/3151 3150/3150/3150
f 3151/3151/3151 3152/3152/3152 3150/3150/3150
f 3153/3153/3153 3155/3155/3155 3154/3154/3154
f 3155/3155/3155 3156/3156/3156 3154/3154/3154
f 3157/3157/3157 3159/3159/3159 3158/3158/3158
f 3159/3159/3159 3160/3160/3160 3158/3158/3158
f 3161/3161/3161 3163/3163/3163 3162/3162/3162
f 3163/3163/3163 3164/3164/3164 3162/3162/3162
f 3165/3165/3165 3167/3167/3167 3166/3166/3166
f 3167/3167/3167 3168/3168/3168 3166/3166/3166
o node_269_mesh_132_0
usemtl material_0
v 1.241449 0.25 -0.391755
v 1.302591 0.25 -0.539365
v 1.241449 0 -0.391755
v 1.302591 0 -0.539365
v 0.898394 0.25 -0.706789
v 0.837252 0.25 -0.559179
v 0.898394 0 -0.706789
v 0.837252 0 -0.559179
v 0.898394 0.25 -0.706789
v 1.302591 0.25 -0.539365
v 0.837252 0.25 -0.559179
v 1.241449 0.25 -0.391755
v 0.837252 0 -0.559179
v 1.241449 0 -0.391755
v 0.898394 0 -0.706789
v 1.302591 0 -0.539365
v 0.837252 0.25 -0.559179
v 1.241449 0.25 -0.391755
v 0.837252 0 -0.559179
v 1.241449 0 -0.391755
v 1.302591 0.25 -0.539365
v 0.898394 0.25 -0.706789
v 1.302591 0 -0.539365
v 0.898394 0 -0.706789
vt 0.432617 0.313477
vt 0.569336 0.313477
vt 0.432617 0.226563
vt 0.569336 0.226563
vt 0.335938 0.242188
vt 0.492188 0.242188
vt 0.335938 0.160156
vt 0.492188 0.160156
vt 0.432617 0.226563
vt 0.569336 0.226563
vt 0.432617 0.144531
vt 0.569336 0.144531
vt 0.424805 0.292969
vt 0.561523 0.292969
vt 0.424805 0.230469
vt 0.561523 0.230469
vt 0.50293 0.253906
vt 0.639648 0.253906
vt 0.50293 0.171875
vt 0.639648 0.171875
vt 0.487305 0.231445
vt 0.624023 0.231445
vt 0.487305 0.117188
vt 0.624023 0.117188
vn 0.92388 0 0.382683
vn 0.92388 0 0.382683
vn 0.92388 0 0.382683
vn 0.92388 0 0.382683
vn -0.92388 0 -0.382683
vn -0.92388 0 -0.382683
vn -0.92388 0 -0.382683
vn -0.92388 0 -0.382683
vn 0 1 0
vn 0 1 0
vn 0 1 0
vn 0 1 0
vn 0 -1 0
vn 0 -1 0
vn 0 -1 0
vn 0 -1 0
vn -0.382683 0 0.92388
vn -0.382683 0 0.92388
vn -0.382683 0 0.92388
vn -0.382683 0 0.92388
vn 0.382683 0 -0.92388
vn 0.382683 0 -0.92388
vn 0.382683 0 -0.92388
vn 0.382683 0 -0.92388
f 3169/3169/3169 3171/3171/3171 3170/3170/3170
f 3171/3171/3171 3172/3172/3172 3170/3170/3170
f 3173/3173/3173 3175/3175/3175 3174/3174/3174
f 3175/3175/3175 3176/3176/3176 3174/3174/3174
f 3177/3177/3177 3179/3179/3179 3178/3178/3178
f 3179/3179/3179 3180/3180/3180 3178/3178/3178
f 3181/3181/3181 3183/3183/3183 3182/3182/3182
f 3183/3183/3183 3184/3184/3184 3182/3182/3182
f 3185/3185/3185 3187/3187/3187 3186/3186/3186
f 3187/3187/3187 3188/3188/3188 3186/3186/3186
f 3189/3189/3189 3191/3191/3191 3190/3190/3190
f 3191/3191/3191 3192/3192/3192 3190/3190/3190
o node_271_mesh_133_0
usemtl material_0
v 0.15625 2.09375 0.545114
v 0.84375 2.09375 0.545114
v 0.15625 2.09375 0.545177
v 0.84375 2.09375 0.545177
v 0.15625 1.384375 0.545177
v 0.84375 1.384375 0.545177
v 0.15625 1.384375 0.545114
v 0.84375 1.384375 0.545114
vt 0.726563 0.71875
vt 0.863281 0.71875
vt 0.726563 0.636719
vt 0.863281 0.636719
vt 0.746094 0.785156
vt 0.882813 0.785156
vt 0.746094 0.722656
vt 0.882813 0.722656
vn 0 1 0
vn 0 1 0
vn 0 1 0
vn 0 1 0
vn 0 -1 0
vn 0 -1 0
vn 0 -1 0
vn 0 -1 0
f 3193/3193/3193 3195/3195/3195 3194/3194/3194
f 3195/3195/3195 3196/3196/3196 3194/3194/3194
f 3197/3197/3197 3199/3199/3199 3198/3198/3198
f 3199/3199/3199 3200/3200/3200 3198/3198/3198
o node_272_mesh_134_0
usemtl material_1
v 0.84375 2.09375 0.545177
v 0.84375 2.09375 0.545114
v 0.84375 1.384375 0.545177
v 0.84375 1.384375 0.545114
v 0.15625 2.09375 0.545114
v 0.15625 2.09375 0.545177
v 0.15625 1.384375 0.545114
v 0.15625 1.384375 0.545177
v 0.15625 2.09375 0.545177
v 0.84375 2.09375 0.545177
v 0.15625 1.384375 0.545177
v 0.84375 1.384375 0.545177
v 0.84375 2.09375 0.545114
v 0.15625 2.09375 0.545114
v 0.84375 1.384375 0.545114
v 0.15625 1.384375 0.545114
vt 0 0.75
vt 1 0.75
vt 0 0.626953
vt 1 0.626953
vt 1 0.75
vt 0 0.75
vt 1 0.625
vt 0 0.625
vt 0 0.75
vt 1 0.75
vt 0 0.626953
vt 1 0.626953
vt 0.007813 0.75
vt 1 0.75
vt 0.007813 0.625
vt 1 0.625
vn 1 0 0
vn 1 0 0
vn 1 0 0
vn 1 0 0
vn -1 0 0
vn -1 0 0
vn -1 0 0
vn -1 0 0
vn 0 0 1
vn 0 0 1
vn 0 0 1
vn 0 0 1
vn 0 0 -1
vn 0 0 -1
vn 0 0 -1
vn 0 0 -1
f 3201/3201/3201 3203/3203/3203 3202/3202/3202
f 3203/3203/3203 3204/3204/3204 3202/3202/3202
f 3205/3205/3205 3207/3207/3207 3206/3206/3206
f 3207/3207/3207 3208/3208/3208 3206/3206/3206
f 3209/3209/3209 3211/3211/3211 3210/3210/3210
f 3211/3211/3211 3212/3212/3212 3210/3210/3210
f 3213/3213/3213 3215/3215/3215 3214/3214/3214
f 3215/3215/3215 3216/3216/3216 3214/3214/3214
o node_274_mesh_135_0
usemtl material_0
v 1.302591 0.25 1.539365
v 1.241449 0.25 1.391755
v 1.302591 0 1.539365
v 1.241449 0 1.391755
v 0.606282 0.25 1.654849
v 0.667424 0.25 1.802459
v 0.606282 0 1.654849
v 0.667424 0 1.802459
v 0.606282 0.25 1.654849
v 1.241449 0.25 1.391755
v 0.667424 0.25 1.802459
v 1.302591 0.25 1.539365
v 0.667424 0 1.802459
v 1.302591 0 1.539365
v 0.606282 0 1.654849
v 1.241449 0 1.391755
v 0.667424 0.25 1.802459
v 1.302591 0.25 1.539365
v 0.667424 0 1.802459
v 1.302591 0 1.539365
v 1.241449 0.25 1.391755
v 0.606282 0.25 1.654849
v 1.241449 0 1.391755
v 0.606282 0 1.654849
vt 0.588867 0.536133
vt 0.725586 0.536133
vt 0.588867 0.449219
vt 0.725586 0.449219
vt 0.817383 0.464844
vt 0.661133 0.464844
vt 0.817383 0.382813
vt 0.661133 0.382813
vt 0.804688 0.449219
vt 0.941406 0.449219
vt 0.804688 0.367188
vt 0.941406 0.367188
vt 0.824219 0.515625
vt 0.960938 0.515625
vt 0.824219 0.453125
vt 0.960938 0.453125
vt 0.722656 0.476563
vt 0.859375 0.476563
vt 0.722656 0.394531
vt 0.859375 0.394531
vt 0.664063 0.454102
vt 0.800781 0.454102
vt 0.664063 0.339844
vt 0.800781 0.339844
vn 0.92388 0 -0.382683
vn 0.92388 0 -0.382683
vn 0.92388 0 -0.382683
vn 0.92388 0 -0.382683
vn -0.92388 0 0.382683
vn -0.92388 0 0.382683
vn -0.92388 0 0.382683
vn -0.92388 0 0.382683
vn 0 1 0
vn 0 1 0
vn 0 1 0
vn 0 1 0
vn 0 -1 0
vn 0 -1 0
vn 0 -1 0
vn 0 -1 0
vn 0.382683 0 0.92388
vn 0.382683 0 0.92388
vn 0.382683 0 0.92388
vn 0.382683 0 0.92388
vn -0.382683 0 -0.92388
vn -0.382683 0 -0.92388
vn -0.382683 0 -0.92388
vn -0.382683 0 -0.92388
f 3217/3217/3217 3219/3219/3219 3218/3218/3218
f 3219/3219/3219 3220/3220/3220 3218/3218/3218
f 3221/3221/3221 3223/3223/3223 3222/3222/3222
f 3223/3223/3223 3224/3224/3224 3222/3222/3222
f 3225/3225/3225 3227/3227/3227 3226/3226/3226
f 3227/3227/3227 3228/3228/3228 3226/3226/3226
f 3229/3229/3229 3231/3231/3231 3230/3230/3230
f 3231/3231/3231 3232/3232/3232 3230/3230/3230
f 3233/3233/3233 3235/3235/3235 3234/3234/3234
f 3235/3235/3235 3236/3236/3236 3234/3234/3234
f 3237/3237/3237 3239/3239/3239 3238/3238/3238
f 3239/3239/3239 3240/3240/3240 3238/3238/3238
o node_276_mesh_136_0
usemtl material_0
v 1.539365 0.25 1.302591
v 1.802459 0.25 0.667424
v 1.539365 0 1.302591
v 1.802459 0 0.667424
v 1.654849 0.25 0.606282
v 1.391755 0.25 1.241449
v 1.654849 0 0.606282
v 1.391755 0 1.241449
v 1.654849 0.25 0.606282
v 1.802459 0.25 0.667424
v 1.391755 0.25 1.241449
v 1.539365 0.25 1.302591
v 1.391755 0 1.241449
v 1.539365 0 1.302591
v 1.654849 0 0.606282
v 1.802459 0 0.667424
v 1.391755 0.25 1.241449
v 1.539365 0.25 1.302591
v 1.391755 0 1.241449
v 1.539365 0 1.302591
v 1.802459 0.25 0.667424
v 1.654849 0.25 0.606282
v 1.802459 0 0.667424
v 1.654849 0 0.606282
vt 0.331055 0.594727
vt 0.467773 0.594727
vt 0.331055 0.507813
vt 0.467773 0.507813
vt 0.55957 0.523438
vt 0.438477 0.523438
vt 0.55957 0.441406
vt 0.438477 0.441406
vt 0.546875 0.507813
vt 0.683594 0.507813
vt 0.546875 0.425781
vt 0.683594 0.425781
vt 0.53125 0.609375
vt 0.667969 0.609375
vt 0.53125 0.511719
vt 0.667969 0.511719
vt 0.5 0.535156
vt 0.636719 0.535156
vt 0.5 0.453125
vt 0.636719 0.453125
vt 0.441406 0.512695
vt 0.578125 0.512695
vt 0.441406 0.398438
vt 0.578125 0.398438
vn 0.92388 0 0.382683
vn 0.92388 0 0.382683
vn 0.92388 0 0.382683
vn 0.92388 0 0.382683
vn -0.92388 0 -0.382683
vn -0.92388 0 -0.382683
vn -0.92388 0 -0.382683
vn -0.92388 0 -0.382683
vn 0 1 0
vn 0 1 0
vn 0 1 0
vn 0 1 0
vn 0 -1 0
vn 0 -1 0
vn 0 -1 0
vn 0 -1 0
vn -0.382683 0 0.92388
vn -0.382683 0 0.92388
vn -0.382683 0 0.92388
vn -0.382683 0 0.92388
vn 0.382683 0 -0.92388
vn 0.382683 0 -0.92388
vn 0.382683 0 -0.92388
vn 0.382683 0 -0.92388
f 3241/3241/3241 3243/3243/3243 3242/3242/3242
f 3243/3243/3243 3244/3244/3244 3242/3242/3242
f 3245/3245/3245 3247/3247/3247 3246/3246/3246
f 3247/3247/3247 3248/3248/3248 3246/3246/3246
f 3249/3249/3249 3251/3251/3251 3250/3250/3250
f 3251/3251/3251 3252/3252/3252 3250/3250/3250
f 3253/3253/3253 3255/3255/3255 3254/3254/3254
f 3255/3255/3255 3256/3256/3256 3254/3254/3254
f 3257/3257/3257 3259/3259/3259 3258/3258/3258
f 3259/3259/3259 3260/3260/3260 3258/3258/3258
f 3261/3261/3261 3263/3263/3263 3262/3262/3262
f 3263/3263/3263 3264/3264/3264 3262/3262/3262
o node_278_mesh_137_0
usemtl material_0
v 1.802459 0.25 0.332576
v 1.539365 0.25 -0.302591
v 1.802459 0 0.332576
v 1.539365 0 -0.302591
v 1.391755 0.25 -0.241449
v 1.654849 0.25 0.393718
v 1.391755 0 -0.241449
v 1.654849 0 0.393718
v 1.391755 0.25 -0.241449
v 1.539365 0.25 -0.302591
v 1.654849 0.25 0.393718
v 1.802459 0.25 0.332576
v 1.654849 0 0.393718
v 1.802459 0 0.332576
v 1.391755 0 -0.241449
v 1.539365 0 -0.302591
v 1.654849 0.25 0.393718
v 1.802459 0.25 0.332576
v 1.654849 0 0.393718
v 1.802459 0 0.332576
v 1.539365 0.25 -0.302591
v 1.391755 0.25 -0.241449
v 1.539365 0 -0.302591
v 1.391755 0 -0.241449
vt 0.319336 0.399414
vt 0.456055 0.399414
vt 0.319336 0.3125
vt 0.456055 0.3125
vt 0.586914 0.261719
vt 0.46582 0.261719
vt 0.586914 0.179688
vt 0.46582 0.179688
vt 0.621094 0.253906
vt 0.757813 0.253906
vt 0.621094 0.171875
vt 0.757813 0.171875
vt 0.0625 0.410156
vt 0.199219 0.410156
vt 0.0625 0.3125
vt 0.199219 0.3125
vt 0.511719 0.359375
vt 0.648438 0.359375
vt 0.511719 0.277344
vt 0.648438 0.277344
vt 0.609375 0.180664
vt 0.746094 0.180664
vt 0.609375 0.066406
vt 0.746094 0.066406
vn 0.92388 0 -0.382683
vn 0.92388 0 -0.382683
vn 0.92388 0 -0.382683
vn 0.92388 0 -0.382683
vn -0.92388 0 0.382683
vn -0.92388 0 0.382683
vn -0.92388 0 0.382683
vn -0.92388 0 0.382683
vn 0 1 0
vn 0 1 0
vn 0 1 0
vn 0 1 0
vn 0 -1 0
vn 0 -1 0
vn 0 -1 0
vn 0 -1 0
vn 0.382683 0 0.92388
vn 0.382683 0 0.92388
vn 0.382683 0 0.92388
vn 0.382683 0 0.92388
vn -0.382683 0 -0.92388
vn -0.382683 0 -0.92388
vn -0.382683 0 -0.92388
vn -0.382683 0 -0.92388
f 3265/3265/3265 3267/3267/3267 3266/3266/3266
f 3267/3267/3267 3268/3268/3268 3266/3266/3266
f 3269/3269/3269 3271/3271/3271 3270/3270/3270
f 3271/3271/3271 3272/3272/3272 3270/3270/3270
f 3273/3273/3273 3275/3275/3275 3274/3274/3274
f 3275/3275/3275 3276/3276/3276 3274/3274/3274
f 3277/3277/3277 3279/3279/3279 3278/3278/3278
f 3279/3279/3279 3280/3280/3280 3278/3278/3278
f 3281/3281/3281 3283/3283/3283 3282/3282/3282
f 3283/3283/3283 3284/3284/3284 3282/3282/3282
f 3285/3285/3285 3287/3287/3287 3286/3286/3286
f 3287/3287/3287 3288/3288/3288 3286/3286/3286
o node_280_mesh_138_0
usemtl material_0
v 0.260387 1.875 -0.093166
v 0.147411 1.875 -0.206142
v 0.260387 1.6875 -0.093166
v 0.147411 1.6875 -0.206142
v -0.206142 1.875 0.147411
v -0.093166 1.875 0.260387
v -0.206142 1.6875 0.147411
v -0.093166 1.6875 0.260387
v -0.206142 1.875 0.147411
v 0.147411 1.875 -0.206142
v -0.093166 1.875 0.260387
v 0.260387 1.875 -0.093166
v -0.093166 1.6875 0.260387
v 0.260387 1.6875 -0.093166
v -0.206142 1.6875 0.147411
v 0.147411 1.6875 -0.206142
v -0.093166 1.875 0.260387
v 0.260387 1.875 -0.093166
v -0.093166 1.6875 0.260387
v 0.260387 1.6875 -0.093166
v 0.147411 1.875 -0.206142
v -0.206142 1.875 0.147411
v 0.147411 1.6875 -0.206142
v -0.206142 1.6875 0.147411
vt 0.170898 0.758789
vt 0.307617 0.758789
vt 0.170898 0.675781
vt 0.307617 0.675781
vt 0.070313 0.6875
vt 0.226563 0.6875
vt 0.070313 0.605469
vt 0.226563 0.605469
vt 0.166992 0.671875
vt 0.303711 0.671875
vt 0.166992 0.589844
vt 0.303711 0.589844
vt 0.163086 0.738281
vt 0.299805 0.738281
vt 0.163086 0.675781
vt 0.299805 0.675781
vt 0.245117 0.699219
vt 0.381836 0.699219
vt 0.245117 0.621094
vt 0.381836 0.621094
vt 0.225586 0.676758
vt 0.362305 0.676758
vt 0.225586 0.566406
vt 0.362305 0.566406
vn 0.707107 0 -0.707107
vn 0.707107 0 -0.707107
vn 0.707107 0 -0.707107
vn 0.707107 0 -0.707107
vn -0.707107 0 0.707107
vn -0.707107 0 0.707107
vn -0.707107 0 0.707107
vn -0.707107 0 0.707107
vn 0 1 0
vn 0 1 0
vn 0 1 0
vn 0 1 0
vn 0 -1 0
vn 0 -1 0
vn 0 -1 0
vn 0 -1 0
vn 0.707107 0 0.707107
vn 0.707107 0 0.707107
vn 0.707107 0 0.707107
vn 0.707107 0 0.707107
vn -0.707107 0 -0.707107
vn -0.707107 0 -0.707107
vn -0.707107 0 -0.707107
vn -0.707107 0 -0.707107
f 3289/3289/3289 3291/3291/3291 3290/3290/3290
f 3291/3291/3291 3292/3292/3292 3290/3290/3290
f 3293/3293/3293 3295/3295/3295 3294/3294/3294
f 3295/3295/3295 3296/3296/3296 3294/3294/3294
f 3297/3297/3297 3299/3299/3299 3298/3298/3298
f 3299/3299/3299 3300/3300/3300 3298/3298/3298
f 3301/3301/3301 3303/3303/3303 3302/3302/3302
f 3303/3303/3303 3304/3304/3304 3302/3302/3302
f 3305/3305/3305 3307/3307/3307 3306/3306/3306
f 3307/3307/3307 3308/3308/3308 3306/3306/3306
f 3309/3309/3309 3311/3311/3311 3310/3310/3310
f 3311/3311/3311 3312/3312/3312 3310/3310/3310
o node_282_mesh_139_0
usemtl material_0
v 0.203784 2.0625 0.643506
v 0.392018 2.0625 0.18907
v 0.203784 1.875 0.643506
v 0.392018 1.875 0.18907
v -0.012179 2.0625 0.021646
v -0.200413 2.0625 0.476082
v -0.012179 1.875 0.021646
v -0.200413 1.875 0.476082
v -0.012179 2.0625 0.021646
v 0.392018 2.0625 0.18907
v -0.200413 2.0625 0.476082
v 0.203784 2.0625 0.643506
v -0.200413 1.875 0.476082
v 0.203784 1.875 0.643506
v -0.012179 1.875 0.021646
v 0.392018 1.875 0.18907
v -0.200413 2.0625 0.476082
v 0.203784 2.0625 0.643506
v -0.200413 1.875 0.476082
v 0.203784 1.875 0.643506
v 0.392018 2.0625 0.18907
v -0.012179 2.0625 0.021646
v 0.392018 1.875 0.18907
v -0.012179 1.875 0.021646
vt 0.545898 0.696289
vt 0.682617 0.696289
vt 0.545898 0.613281
vt 0.682617 0.613281
vt 0.77832 0.625
vt 0.641602 0.625
vt 0.77832 0.542969
vt 0.641602 0.542969
vt 0.765625 0.609375
vt 0.902344 0.609375
vt 0.765625 0.527344
vt 0.902344 0.527344
vt 0.769531 0.695313
vt 0.90625 0.695313
vt 0.769531 0.613281
vt 0.90625 0.613281
vt 0.703125 0.636719
vt 0.839844 0.636719
vt 0.703125 0.558594
vt 0.839844 0.558594
vt 0.640625 0.614258
vt 0.777344 0.614258
vt 0.640625 0.503906
vt 0.777344 0.503906
vn 0.92388 0 0.382683
vn 0.92388 0 0.382683
vn 0.92388 0 0.382683
vn 0.92388 0 0.382683
vn -0.92388 0 -0.382683
vn -0.92388 0 -0.382683
vn -0.92388 0 -0.382683
vn -0.92388 0 -0.382683
vn 0 1 0
vn 0 1 0
vn 0 1 0
vn 0 1 0
vn 0 -1 0
vn 0 -1 0
vn 0 -1 0
vn 0 -1 0
vn -0.382683 0 0.92388
vn -0.382683 0 0.92388
vn -0.382683 0 0.92388
vn -0.382683 0 0.92388
vn 0.382683 0 -0.92388
vn 0.382683 0 -0.92388
vn 0.382683 0 -0.92388
vn 0.382683 0 -0.92388
f 3313/3313/3313 3315/3315/3315 3314/3314/3314
f 3315/3315/3315 3316/3316/3316 3314/3314/3314
f 3317/3317/3317 3319/3319/3319 3318/3318/3318
f 3319/3319/3319 3320/3320/3320 3318/3318/3318
f 3321/3321/3321 3323/3323/3323 3322/3322/3322
f 3323/3323/3323 3324/3324/3324 3322/3322/3322
f 3325/3325/3325 3327/3327/3327 3326/3326/3326
f 3327/3327/3327 3328/3328/3328 3326/3326/3326
f 3329/3329/3329 3331/3331/3331 3330/3330/3330
f 3331/3331/3331 3332/3332/3332 3330/3330/3330
f 3333/3333/3333 3335/3335/3335 3334/3334/3334
f 3335/3335/3335 3336/3336/3336 3334/3334/3334
o node_284_mesh_140_0
usemtl material_0
v 0.476082 2.0625 1.200413
v 0.643506 2.0625 0.796216
v 0.476082 1.875 1.200413
v 0.643506 1.875 0.796216
v 0.18907 2.0625 0.607982
v 0.021646 2.0625 1.012179
v 0.18907 1.875 0.607982
v 0.021646 1.875 1.012179
v 0.18907 2.0625 0.607982
v 0.643506 2.0625 0.796216
v 0.021646 2.0625 1.012179
v 0.476082 2.0625 1.200413
v 0.021646 1.875 1.012179
v 0.476082 1.875 1.200413
v 0.18907 1.875 0.607982
v 0.643506 1.875 0.796216
v 0.021646 2.0625 1.012179
v 0.476082 2.0625 1.200413
v 0.021646 1.875 1.012179
v 0.476082 1.875 1.200413
v 0.643506 2.0625 0.796216
v 0.18907 2.0625 0.607982
v 0.643506 1.875 0.796216
v 0.18907 1.875 0.607982
vt 0.50293 0.336914
vt 0.639648 0.336914
vt 0.50293 0.253906
vt 0.639648 0.253906
vt 0.735352 0.265625
vt 0.598633 0.265625
vt 0.735352 0.183594
vt 0.598633 0.183594
vt 0.722656 0.25
vt 0.859375 0.25
vt 0.722656 0.167969
vt 0.859375 0.167969
vt 0.726563 0.335938
vt 0.863281 0.335938
vt 0.726563 0.253906
vt 0.863281 0.253906
vt 0.660156 0.277344
vt 0.796875 0.277344
vt 0.660156 0.199219
vt 0.796875 0.199219
vt 0.597656 0.254883
vt 0.734375 0.254883
vt 0.597656 0.144531
vt 0.734375 0.144531
vn 0.92388 0 0.382683
vn 0.92388 0 0.382683
vn 0.92388 0 0.382683
vn 0.92388 0 0.382683
vn -0.92388 0 -0.382683
vn -0.92388 0 -0.382683
vn -0.92388 0 -0.382683
vn -0.92388 0 -0.382683
vn 0 1 0
vn 0 1 0
vn 0 1 0
vn 0 1 0
vn 0 -1 0
vn 0 -1 0
vn 0 -1 0
vn 0 -1 0
vn -0.382683 0 0.92388
vn -0.382683 0 0.92388
vn -0.382683 0 0.92388
vn -0.382683 0 0.92388
vn 0.382683 0 -0.92388
vn 0.382683 0 -0.92388
vn 0.382683 0 -0.92388
vn 0.382683 0 -0.92388
f 3337/3337/3337 3339/3339/3339 3338/3338/3338
f 3339/3339/3339 3340/3340/3340 3338/3338/3338
f 3341/3341/3341 3343/3343/3343 3342/3342/3342
f 3343/3343/3343 3344/3344/3344 3342/3342/3342
f 3345/3345/3345 3347/3347/3347 3346/3346/3346
f 3347/3347/3347 3348/3348/3348 3346/3346/3346
f 3349/3349/3349 3351/3351/3351 3350/3350/3350
f 3351/3351/3351 3352/3352/3352 3350/3350/3350
f 3353/3353/3353 3355/3355/3355 3354/3354/3354
f 3355/3355/3355 3356/3356/3356 3354/3354/3354
f 3357/3357/3357 3359/3359/3359 3358/3358/3358
f 3359/3359/3359 3360/3360/3360 3358/3358/3358
o node_286_mesh_141_0
usemtl material_0
v 0.392018 2.067188 0.81093
v 0.203784 2.067188 0.356494
v 0.392018 1.879688 0.81093
v 0.203784 1.879688 0.356494
v -0.200413 2.067188 0.523918
v -0.012179 2.067188 0.978354
v -0.200413 1.879688 0.523918
v -0.012179 1.879688 0.978354
v -0.200413 2.067188 0.523918
v 0.203784 2.067188 0.356494
v -0.012179 2.067188 0.978354
v 0.392018 2.067188 0.81093
v -0.012179 1.879688 0.978354
v 0.392018 1.879688 0.81093
v -0.200413 1.879688 0.523918
v 0.203784 1.879688 0.356494
v -0.012179 2.067188 0.978354
v 0.392018 2.067188 0.81093
v -0.012179 1.879688 0.978354
v 0.392018 1.879688 0.81093
v 0.203784 2.067188 0.356494
v -0.200413 2.067188 0.523918
v 0.203784 1.879688 0.356494
v -0.200413 1.879688 0.523918
vt 0.545898 0.727539
vt 0.682617 0.727539
vt 0.545898 0.644531
vt 0.682617 0.644531
vt 0.77832 0.65625
vt 0.641602 0.65625
vt 0.77832 0.574219
vt 0.641602 0.574219
vt 0.765625 0.640625
vt 0.902344 0.640625
vt 0.765625 0.558594
vt 0.902344 0.558594
vt 0.769531 0.726563
vt 0.90625 0.726563
vt 0.769531 0.644531
vt 0.90625 0.644531
vt 0.703125 0.667969
vt 0.839844 0.667969
vt 0.703125 0.589844
vt 0.839844 0.589844
vt 0.640625 0.645508
vt 0.777344 0.645508
vt 0.640625 0.535156
vt 0.777344 0.535156
vn 0.92388 0 -0.382683
vn 0.92388 0 -0.382683
vn 0.92388 0 -0.382683
vn 0.92388 0 -0.382683
vn -0.92388 0 0.382683
vn -0.92388 0 0.382683
vn -0.92388 0 0.382683
vn -0.92388 0 0.382683
vn 0 1 0
vn 0 1 0
vn 0 1 0
vn 0 1 0
vn 0 -1 0
vn 0 -1 0
vn 0 -1 0
vn 0 -1 0
vn 0.382683 0 0.92388
vn 0.382683 0 0.92388
vn 0.382683 0 0.92388
vn 0.382683 0 0.92388
vn -0.382683 0 -0.92388
vn -0.382683 0 -0.92388
vn -0.382683 0 -0.92388
vn -0.382683 0 -0.92388
f 3361/3361/3361 3363/3363/3363 3362/3362/3362
f 3363/3363/3363 3364/3364/3364 3362/3362/3362
f 3365/3365/3365 3367/3367/3367 3366/3366/3366
f 3367/3367/3367 3368/3368/3368 3366/3366/3366
f 3369/3369/3369 3371/3371/3371 3370/3370/3370
f 3371/3371/3371 3372/3372/3372 3370/3370/3370
f 3373/3373/3373 3375/3375/3375 3374/3374/3374
f 3375/3375/3375 3376/3376/3376 3374/3374/3374
f 3377/3377/3377 3379/3379/3379 3378/3378/3378
f 3379/3379/3379 3380/3380/3380 3378/3378/3378
f 3381/3381/3381 3383/3383/3383 3382/3382/3382
f 3383/3383/3383 3384/3384/3384 3382/3382/3382
o node_288_mesh_142_0
usemtl material_0
v 0.978354 2.073437 1.012179
v 0.81093 2.073437 0.607982
v 0.978354 1.885937 1.012179
v 0.81093 1.885937 0.607982
v 0.356494 2.073437 0.796216
v 0.523918 2.073437 1.200413
v 0.356494 1.885937 0.796216
v 0.523918 1.885937 1.200413
v 0.356494 2.073437 0.796216
v 0.81093 2.073437 0.607982
v 0.523918 2.073437 1.200413
v 0.978354 2.073437 1.012179
v 0.523918 1.885937 1.200413
v 0.978354 1.885937 1.012179
v 0.356494 1.885937 0.796216
v 0.81093 1.885937 0.607982
v 0.523918 2.073437 1.200413
v 0.978354 2.073437 1.012179
v 0.523918 1.885937 1.200413
v 0.978354 1.885937 1.012179
v 0.81093 2.073437 0.607982
v 0.356494 2.073437 0.796216
v 0.81093 1.885937 0.607982
v 0.356494 1.885937 0.796216
vt 0.62207 0.520508
vt 0.758789 0.520508
vt 0.62207 0.4375
vt 0.758789 0.4375
vt 0.505859 0.449219
vt 0.642578 0.449219
vt 0.505859 0.367188
vt 0.642578 0.367188
vt 0.602539 0.433594
vt 0.739258 0.433594
vt 0.602539 0.351563
vt 0.739258 0.351563
vt 0.594727 0.519531
vt 0.731445 0.519531
vt 0.594727 0.4375
vt 0.731445 0.4375
vt 0.692383 0.460938
vt 0.829102 0.460938
vt 0.692383 0.382813
vt 0.829102 0.382813
vt 0.657227 0.438477
vt 0.793945 0.438477
vt 0.657227 0.328125
vt 0.793945 0.328125
vn 0.92388 0 -0.382683
vn 0.92388 0 -0.382683
vn 0.92388 0 -0.382683
vn 0.92388 0 -0.382683
vn -0.92388 0 0.382683
vn -0.92388 0 0.382683
vn -0.92388 0 0.382683
vn -0.92388 0 0.382683
vn 0 1 0
vn 0 1 0
vn 0 1 0
vn 0 1 0
vn 0 -1 0
vn 0 -1 0
vn 0 -1 0
vn 0 -1 0
vn 0.382683 0 0.92388
vn 0.382683 0 0.92388
vn 0.382683 0 0.92388
vn 0.382683 0 0.92388
vn -0.382683 0 -0.92388
vn -0.382683 0 -0.92388
vn -0.382683 0 -0.92388
vn -0.382683 0 -0.92388
f 3385/3385/3385 3387/3387/3387 3386/3386/3386
f 3387/3387/3387 3388/3388/3388 3386/3386/3386
f 3389/3389/3389 3391/3391/3391 3390/3390/3390
f 3391/3391/3391 3392/3392/3392 3390/3390/3390
f 3393/3393/3393 3395/3395/3395 3394/3394/3394
f 3395/3395/3395 3396/3396/3396 3394/3394/3394
f 3397/3397/3397 3399/3399/3399 3398/3398/3398
f 3399/3399/3399 3400/3400/3400 3398/3398/3398
f 3401/3401/3401 3403/3403/3403 3402/3402/3402
f 3403/3403/3403 3404/3404/3404 3402/3402/3402
f 3405/3405/3405 3407/3407/3407 3406/3406/3406
f 3407/3407/3407 3408/3408/3408 3406/3406/3406
o node_290_mesh_143_0
usemtl material_0
v 1.012179 2.0625 0.978354
v 1.200413 2.0625 0.523918
v 1.012179 1.875 0.978354
v 1.200413 1.875 0.523918
v 0.796216 2.0625 0.356494
v 0.607982 2.0625 0.81093
v 0.796216 1.875 0.356494
v 0.607982 1.875 0.81093
v 0.796216 2.0625 0.356494
v 1.200413 2.0625 0.523918
v 0.607982 2.0625 0.81093
v 1.012179 2.0625 0.978354
v 0.607982 1.875 0.81093
v 1.012179 1.875 0.978354
v 0.796216 1.875 0.356494
v 1.200413 1.875 0.523918
v 0.607982 2.0625 0.81093
v 1.012179 2.0625 0.978354
v 0.607982 1.875 0.81093
v 1.012179 1.875 0.978354
v 1.200413 2.0625 0.523918
v 0.796216 2.0625 0.356494
v 1.200413 1.875 0.523918
v 0.796216 1.875 0.356494
vt 0.545898 0.571289
vt 0.682617 0.571289
vt 0.545898 0.488281
vt 0.682617 0.488281
vt 0.77832 0.5
vt 0.641602 0.5
vt 0.77832 0.417969
vt 0.641602 0.417969
vt 0.765625 0.484375
vt 0.902344 0.484375
vt 0.765625 0.402344
vt 0.902344 0.402344
vt 0.769531 0.570313
vt 0.90625 0.570313
vt 0.769531 0.488281
vt 0.90625 0.488281
vt 0.703125 0.511719
vt 0.839844 0.511719
vt 0.703125 0.433594
vt 0.839844 0.433594
vt 0.640625 0.489258
vt 0.777344 0.489258
vt 0.640625 0.378906
vt 0.777344 0.378906
vn 0.92388 0 0.382683
vn 0.92388 0 0.382683
vn 0.92388 0 0.382683
vn 0.92388 0 0.382683
vn -0.92388 0 -0.382683
vn -0.92388 0 -0.382683
vn -0.92388 0 -0.382683
vn -0.92388 0 -0.382683
vn 0 1 0
vn 0 1 0
vn 0 1 0
vn 0 1 0
vn 0 -1 0
vn 0 -1 0
vn 0 -1 0
vn 0 -1 0
vn -0.382683 0 0.92388
vn -0.382683 0 0.92388
vn -0.382683 0 0.92388
vn -0.382683 0 0.92388
vn 0.382683 0 -0.92388
vn 0.382683 0 -0.92388
vn 0.382683 0 -0.92388
vn 0.382683 0 -0.92388
f 3409/3409/3409 3411/3411/3411 3410/3410/3410
f 3411/3411/3411 3412/3412/3412 3410/3410/3410
f 3413/3413/3413 3415/3415/3415 3414/3414/3414
f 3415/3415/3415 3416/3416/3416 3414/3414/3414
f 3417/3417/3417 3419/3419/3419 3418/3418/3418
f 3419/3419/3419 3420/3420/3420 3418/3418/3418
f 3421/3421/3421 3423/3423/3423 3422/3422/3422
f 3423/3423/3423 3424/3424/3424 3422/3422/3422
f 3425/3425/3425 3427/3427/3427 3426/3426/3426
f 3427/3427/3427 3428/3428/3428 3426/3426/3426
f 3429/3429/3429 3431/3431/3431 3430/3430/3430
f 3431/3431/3431 3432/3432/3432 3430/3430/3430
o node_292_mesh_144_0
usemtl material_0
v 1.200413 2.067188 0.476082
v 1.012179 2.067188 0.021646
v 1.200413 1.879688 0.476082
v 1.012179 1.879688 0.021646
v 0.607982 2.067188 0.18907
v 0.796216 2.067188 0.643506
v 0.607982 1.879688 0.18907
v 0.796216 1.879688 0.643506
v 0.607982 2.067188 0.18907
v 1.012179 2.067188 0.021646
v 0.796216 2.067188 0.643506
v 1.200413 2.067188 0.476082
v 0.796216 1.879688 0.643506
v 1.200413 1.879688 0.476082
v 0.607982 1.879688 0.18907
v 1.012179 1.879688 0.021646
v 0.796216 2.067188 0.643506
v 1.200413 2.067188 0.476082
v 0.796216 1.879688 0.643506
v 1.200413 1.879688 0.476082
v 1.012179 2.067188 0.021646
v 0.607982 2.067188 0.18907
v 1.012179 1.879688 0.021646
v 0.607982 1.879688 0.18907
vt 0.420898 0.633789
vt 0.557617 0.633789
vt 0.420898 0.550781
vt 0.557617 0.550781
vt 0.65332 0.5625
vt 0.516602 0.5625
vt 0.65332 0.480469
vt 0.516602 0.480469
vt 0.640625 0.546875
vt 0.777344 0.546875
vt 0.640625 0.464844
vt 0.777344 0.464844
vt 0.644531 0.632813
vt 0.78125 0.632813
vt 0.644531 0.550781
vt 0.78125 0.550781
vt 0.578125 0.574219
vt 0.714844 0.574219
vt 0.578125 0.496094
vt 0.714844 0.496094
vt 0.515625 0.551758
vt 0.652344 0.551758
vt 0.515625 0.441406
vt 0.652344 0.441406
vn 0.92388 0 -0.382683
vn 0.92388 0 -0.382683
vn 0.92388 0 -0.382683
vn 0.92388 0 -0.382683
vn -0.92388 0 0.382683
vn -0.92388 0 0.382683
vn -0.92388 0 0.382683
vn -0.92388 0 0.382683
vn 0 1 0
vn 0 1 0
vn 0 1 0
vn 0 1 0
vn 0 -1 0
vn 0 -1 0
vn 0 -1 0
vn 0 -1 0
vn 0.382683 0 0.92388
vn 0.382683 0 0.92388
vn 0.382683 0 0.92388
vn 0.382683 0 0.92388
vn -0.382683 0 -0.92388
vn -0.382683 0 -0.92388
vn -0.382683 0 -0.92388
vn -0.382683 0 -0.92388
f 3433/3433/3433 3435/3435/3435 3434/3434/3434
f 3435/3435/3435 3436/3436/3436 3434/3434/3434
f 3437/3437/3437 3439/3439/3439 3438/3438/3438
f 3439/3439/3439 3440/3440/3440 3438/3438/3438
f 3441/3441/3441 3443/3443/3443 3442/3442/3442
f 3443/3443/3443 3444/3444/3444 3442/3442/3442
f 3445/3445/3445 3447/3447/3447 3446/3446/3446
f 3447/3447/3447 3448/3448/3448 3446/3446/3446
f 3449/3449/3449 3451/3451/3451 3450/3450/3450
f 3451/3451/3451 3452/3452/3452 3450/3450/3450
f 3453/3453/3453 3455/3455/3455 3454/3454/3454
f 3455/3455/3455 3456/3456/3456 3454/3454/3454
o node_294_mesh_145_0
usemtl material_0
v 0.81093 2.0625 0.392018
v 0.978354 2.0625 -0.012179
v 0.81093 1.875 0.392018
v 0.978354 1.875 -0.012179
v 0.523918 2.0625 -0.200413
v 0.356494 2.0625 0.203784
v 0.523918 1.875 -0.200413
v 0.356494 1.875 0.203784
v 0.523918 2.0625 -0.200413
v 0.978354 2.0625 -0.012179
v 0.356494 2.0625 0.203784
v 0.81093 2.0625 0.392018
v 0.356494 1.875 0.203784
v 0.81093 1.875 0.392018
v 0.523918 1.875 -0.200413
v 0.978354 1.875 -0.012179
v 0.356494 2.0625 0.203784
v 0.81093 2.0625 0.392018
v 0.356494 1.875 0.203784
v 0.81093 1.875 0.392018
v 0.978354 2.0625 -0.012179
v 0.523918 2.0625 -0.200413
v 0.978354 1.875 -0.012179
v 0.523918 1.875 -0.200413
vt 0.553711 0.540039
vt 0.69043 0.540039
vt 0.553711 0.457031
vt 0.69043 0.457031
vt 0.786133 0.46875
vt 0.649414 0.46875
vt 0.786133 0.386719
vt 0.649414 0.386719
vt 0.773438 0.453125
vt 0.910156 0.453125
vt 0.773438 0.371094
vt 0.910156 0.371094
vt 0.777344 0.539063
vt 0.914063 0.539063
vt 0.777344 0.457031
vt 0.914063 0.457031
vt 0.710938 0.480469
vt 0.847656 0.480469
vt 0.710938 0.402344
vt 0.847656 0.402344
vt 0.648438 0.458008
vt 0.785156 0.458008
vt 0.648438 0.347656
vt 0.785156 0.347656
vn 0.92388 0 0.382683
vn 0.92388 0 0.382683
vn 0.92388 0 0.382683
vn 0.92388 0 0.382683
vn -0.92388 0 -0.382683
vn -0.92388 0 -0.382683
vn -0.92388 0 -0.382683
vn -0.92388 0 -0.382683
vn 0 1 0
vn 0 1 0
vn 0 1 0
vn 0 1 0
vn 0 -1 0
vn 0 -1 0
vn 0 -1 0
vn 0 -1 0
vn -0.382683 0 0.92388
vn -0.382683 0 0.92388
vn -0.382683 0 0.92388
vn -0.382683 0 0.92388
vn 0.382683 0 -0.92388
vn 0.382683 0 -0.92388
vn 0.382683 0 -0.92388
vn 0.382683 0 -0.92388
f 3457/3457/3457 3459/3459/3459 3458/3458/3458
f 3459/3459/3459 3460/3460/3460 3458/3458/3458
f 3461/3461/3461 3463/3463/3463 3462/3462/3462
f 3463/3463/3463 3464/3464/3464 3462/3462/3462
f 3465/3465/3465 3467/3467/3467 3466/3466/3466
f 3467/3467/3467 3468/3468/3468 3466/3466/3466
f 3469/3469/3469 3471/3471/3471 3470/3470/3470
f 3471/3471/3471 3472/3472/3472 3470/3470/3470
f 3473/3473/3473 3475/3475/3475 3474/3474/3474
f 3475/3475/3475 3476/3476/3476 3474/3474/3474
f 3477/3477/3477 3479/3479/3479 3478/3478/3478
f 3479/3479/3479 3480/3480/3480 3478/3478/3478
o node_296_mesh_146_0
usemtl material_0
v 0.643506 2.073437 0.203784
v 0.476082 2.073437 -0.200413
v 0.643506 1.885937 0.203784
v 0.476082 1.885937 -0.200413
v 0.021646 2.073437 -0.012179
v 0.18907 2.073437 0.392018
v 0.021646 1.885937 -0.012179
v 0.18907 1.885937 0.392018
v 0.021646 2.073437 -0.012179
v 0.476082 2.073437 -0.200413
v 0.18907 2.073437 0.392018
v 0.643506 2.073437 0.203784
v 0.18907 1.885937 0.392018
v 0.643506 1.885937 0.203784
v 0.021646 1.885937 -0.012179
v 0.476082 1.885937 -0.200413
v 0.18907 2.073437 0.392018
v 0.643506 2.073437 0.203784
v 0.18907 1.885937 0.392018
v 0.643506 1.885937 0.203784
v 0.476082 2.073437 -0.200413
v 0.021646 2.073437 -0.012179
v 0.476082 1.885937 -0.200413
v 0.021646 1.885937 -0.012179
vt 0.46582 0.540039
vt 0.602539 0.540039
vt 0.46582 0.457031
vt 0.602539 0.457031
vt 0.349609 0.46875
vt 0.486328 0.46875
vt 0.349609 0.386719
vt 0.486328 0.386719
vt 0.446289 0.453125
vt 0.583008 0.453125
vt 0.446289 0.371094
vt 0.583008 0.371094
vt 0.438477 0.539063
vt 0.575195 0.539063
vt 0.438477 0.457031
vt 0.575195 0.457031
vt 0.536133 0.480469
vt 0.672852 0.480469
vt 0.536133 0.402344
vt 0.672852 0.402344
vt 0.500977 0.458008
vt 0.637695 0.458008
vt 0.500977 0.347656
vt 0.637695 0.347656
vn 0.92388 0 -0.382683
vn 0.92388 0 -0.382683
vn 0.92388 0 -0.382683
vn 0.92388 0 -0.382683
vn -0.92388 0 0.382683
vn -0.92388 0 0.382683
vn -0.92388 0 0.382683
vn -0.92388 0 0.382683
vn 0 1 0
vn 0 1 0
vn 0 1 0
vn 0 1 0
vn 0 -1 0
vn 0 -1 0
vn 0 -1 0
vn 0 -1 0
vn 0.382683 0 0.92388
vn 0.382683 0 0.92388
vn 0.382683 0 0.92388
vn 0.382683 0 0.92388
vn -0.382683 0 -0.92388
vn -0.382683 0 -0.92388
vn -0.382683 0 -0.92388
vn -0.382683 0 -0.92388
f 3481/3481/3481 3483/3483/3483 3482/3482/3482
f 3483/3483/3483 3484/3484/3484 3482/3482/3482
f 3485/3485/3485 3487/3487/3487 3486/3486/3486
f 3487/3487/3487 3488/3488/3488 3486/3486/3486
f 3489/3489/3489 3491/3491/3491 3490/3490/3490
f 3491/3491/3491 3492/3492/3492 3490/3490/3490
f 3493/3493/3493 3495/3495/3495 3494/3494/3494
f 3495/3495/3495 3496/3496/3496 3494/3494/3494
f 3497/3497/3497 3499/3499/3499 3498/3498/3498
f 3499/3499/3499 3500/3500/3500 3498/3498/3498
f 3501/3501/3501 3503/3503/3503 3502/3502/3502
f 3503/3503/3503 3504/3504/3504 3502/3502/3502
o node_298_mesh_147_0
usemtl material_0
v 0.256932 2.09375 0.788182
v 0.743068 2.09375 0.302046
v 0.256976 2.09375 0.788226
v 0.743112 2.09375 0.30209
v 0.256976 1.384375 0.788226
v 0.743112 1.384375 0.30209
v 0.256932 1.384375 0.788182
v 0.743068 1.384375 0.302046
vt 0.726563 0.71875
vt 0.863281 0.71875
vt 0.726563 0.636719
vt 0.863281 0.636719
vt 0.746094 0.785156
vt 0.882813 0.785156
vt 0.746094 0.722656
vt 0.882813 0.722656
vn 0 1 0
vn 0 1 0
vn 0 1 0
vn 0 1 0
vn 0 -1 0
vn 0 -1 0
vn 0 -1 0
vn 0 -1 0
f 3505/3505/3505 3507/3507/3507 3506/3506/3506
f 3507/3507/3507 3508/3508/3508 3506/3506/3506
f 3509/3509/3509 3511/3511/3511 3510/3510/3510
f 3511/3511/3511 3512/3512/3512 3510/3510/3510
o node_299_mesh_148_0
usemtl material_1
v 0.743112 2.09375 0.30209
v 0.743068 2.09375 0.302046
v 0.743112 1.384375 0.30209
v 0.743068 1.384375 0.302046
v 0.256932 2.09375 0.788182
v 0.256976 2.09375 0.788226
v 0.256932 1.384375 0.788182
v 0.256976 1.384375 0.788226
v 0.256976 2.09375 0.788226
v 0.743112 2.09375 0.30209
v 0.256976 1.384375 0.788226
v 0.743112 1.384375 0.30209
v 0.743068 2.09375 0.302046
v 0.256932 2.09375 0.788182
v 0.743068 1.384375 0.302046
v 0.256932 1.384375 0.788182
vt 0 0.75
vt 1 0.75
vt 0 0.626953
vt 1 0.626953
vt 1 0.75
vt 0 0.75
vt 1 0.625
vt 0 0.625
vt 0 0.75
vt 1 0.75
vt 0 0.626953
vt 1 0.626953
vt 0.007813 0.75
vt 1 0.75
vt 0.007813 0.625
vt 1 0.625
vn 0.707107 0 -0.707107
vn 0.707107 0 -0.707107
vn 0.707107 0 -0.707107
vn 0.707107 0 -0.707107
vn -0.707107 0 0.707107
vn -0.707107 0 0.707107
vn -0.707107 0 0.707107
vn -0.707107 0 0.707107
vn 0.707107 0 0.707107
vn 0.707107 0 0.707107
vn 0.707107 0 0.707107
vn 0.707107 0 0.707107
vn -0.707107 0 -0.707107
vn -0.707107 0 -0.707107
vn -0.707107 0 -0.707107
vn -0.707107 0 -0.707107
f 3513/3513/3513 3515/3515/3515 3514/3514/3514
f 3515/3515/3515 3516/3516/3516 3514/3514/3514
f 3517/3517/3517 3519/3519/3519 3518/3518/3518
f 3519/3519/3519 3520/3520/3520 3518/3518/3518
f 3521/3521/3521 3523/3523/3523 3522/3522/3522
f 3523/3523/3523 3524/3524/3524 3522/3522/3522
f 3525/3525/3525 3527/3527/3527 3526/3526/3526
f 3527/3527/3527 3528/3528/3528 3526/3526/3526
o node_301_mesh_149_0
usemtl material_0
v 0.5 2.09375 0.201364
v 0.500063 2.09375 0.201364
v 0.5 2.09375 0.888864
v 0.500063 2.09375 0.888864
v 0.5 1.384375 0.888864
v 0.500063 1.384375 0.888864
v 0.5 1.384375 0.201364
v 0.500063 1.384375 0.201364
vt 0.863281 0.71875
vt 0.863281 0.636719
vt 0.726563 0.71875
vt 0.726563 0.636719
vt 0.746094 0.722656
vt 0.746094 0.785156
vt 0.882813 0.722656
vt 0.882813 0.785156
vn 0 1 0
vn 0 1 0
vn 0 1 0
vn 0 1 0
vn 0 -1 0
vn 0 -1 0
vn 0 -1 0
vn 0 -1 0
f 3529/3529/3529 3531/3531/3531 3530/3530/3530
f 3531/3531/3531 3532/3532/3532 3530/3530/3530
f 3533/3533/3533 3535/3535/3535 3534/3534/3534
f 3535/3535/3535 3536/3536/3536 3534/3534/3534
o node_302_mesh_150_0
usemtl material_1
v 0.500063 2.09375 0.888864
v 0.500063 2.09375 0.201364
v 0.500063 1.384375 0.888864
v 0.500063 1.384375 0.201364
v 0.5 2.09375 0.201364
v 0.5 2.09375 0.888864
v 0.5 1.384375 0.201364
v 0.5 1.384375 0.888864
v 0.5 2.09375 0.888864
v 0.500063 2.09375 0.888864
v 0.5 1.384375 0.888864
v 0.500063 1.384375 0.888864
v 0.500063 2.09375 0.201364
v 0.5 2.09375 0.201364
v 0.500063 1.384375 0.201364
v 0.5 1.384375 0.201364
vt 0 0.75
vt 1 0.75
vt 0 0.626953
vt 1 0.626953
vt 0.007813 0.75
vt 1 0.75
vt 0.007813 0.625
vt 1 0.625
vt 1 0.75
vt 0 0.75
vt 1 0.625
vt 0 0.625
vt 0 0.75
vt 1 0.75
vt 0 0.626953
vt 1 0.626953
vn 1 0 0
vn 1 0 0
vn 1 0 0
vn 1 0 0
vn -1 0 0
vn -1 0 0
vn -1 0 0
vn -1 0 0
vn 0 0 1
vn 0 0 1
vn 0 0 1
vn 0 0 1
vn 0 0 -1
vn 0 0 -1
vn 0 0 -1
vn 0 0 -1
f 3537/3537/3537 3539/3539/3539 3538/3538/3538
f 3539/3539/3539 3540/3540/3540 3538/3538/3538
f 3541/3541/3541 3543/3543/3543 3542/3542/3542
f 3543/3543/3543 3544/3544/3544 3542/3542/3542
f 3545/3545/3545 3547/3547/3547 3546/3546/3546
f 3547/3547/3547 3548/3548/3548 3546/3546/3546
f 3549/3549/3549 3551/3551/3551 3550/3550/3550
f 3551/3551/3551 3552/3552/3552 3550/3550/3550
o node_304_mesh_151_0
usemtl material_0
v 0.256932 2.09375 0.302046
v 0.256976 2.09375 0.302002
v 0.743068 2.09375 0.788182
v 0.743112 2.09375 0.788138
v 0.743068 1.384375 0.788182
v 0.743112 1.384375 0.788138
v 0.256932 1.384375 0.302046
v 0.256976 1.384375 0.302002
vt 0.863281 0.71875
vt 0.863281 0.636719
vt 0.726563 0.71875
vt 0.726563 0.636719
vt 0.746094 0.722656
vt 0.746094 0.785156
vt 0.882813 0.722656
vt 0.882813 0.785156
vn 0 1 0
vn 0 1 0
vn 0 1 0
vn 0 1 0
vn 0 -1 0
vn 0 -1 0
vn 0 -1 0
vn 0 -1 0
f 3553/3553/3553 3555/3555/3555 3554/3554/3554
f 3555/3555/3555 3556/3556/3556 3554/3554/3554
f 3557/3557/3557 3559/3559/3559 3558/3558/3558
f 3559/3559/3559 3560/3560/3560 3558/3558/3558
o node_305_mesh_152_0
usemtl material_1
v 0.743112 2.09375 0.788138
v 0.256976 2.09375 0.302002
v 0.743112 1.384375 0.788138
v 0.256976 1.384375 0.302002
v 0.256932 2.09375 0.302046
v 0.743068 2.09375 0.788182
v 0.256932 1.384375 0.302046
v 0.743068 1.384375 0.788182
v 0.743068 2.09375 0.788182
v 0.743112 2.09375 0.788138
v 0.743068 1.384375 0.788182
v 0.743112 1.384375 0.788138
v 0.256976 2.09375 0.302002
v 0.256932 2.09375 0.302046
v 0.256976 1.384375 0.302002
v 0.256932 1.384375 0.302046
vt 0 0.75
vt 1 0.75
vt 0 0.626953
vt 1 0.626953
vt 0.007813 0.75
vt 1 0.75
vt 0.007813 0.625
vt 1 0.625
vt 1 0.75
vt 0 0.75
vt 1 0.625
vt 0 0.625
vt 0 0.75
vt 1 0.75
vt 0 0.626953
vt 1 0.626953
vn 0.707107 0 -0.707107
vn 0.707107 0 -0.707107
vn 0.707107 0 -0.707107
vn 0.707107 0 -0.707107
vn -0.707107 0 0.707107
vn -0.707107 0 0.707107
vn -0.707107 0 0.707107
vn -0.707107 0 0.707107
vn 0.707107 0 0.707107
vn 0.707107 0 0.707107
vn 0.707107 0 0.707107
vn 0.707107 0 0.707107
vn -0.707107 0 -0.707107
vn -0.707107 0 -0.707107
vn -0.707107 0 -0.707107
vn -0.707107 0 -0.707107
f 3561/3561/3561 3563/3563/3563 3562/3562/3562
f 3563/3563/3563 3564/3564/3564 3562/3562/3562
f 3565/3565/3565 3567/3567/3567 3566/3566/3566
f 3567/3567/3567 3568/3568/3568 3566/3566/3566
f 3569/3569/3569 3571/3571/3571 3570/3570/3570
f 3571/3571/3571 3572/3572/3572 3570/3570/3570
f 3573/3573/3573 3575/3575/3575 3574/3574/3574
f 3575/3575/3575 3576/3576/3576 3574/3574/3574
o node_307_mesh_153_0
usemtl material_0
v 0.587332 0.21875 -0.37858
v 0.539496 0.21875 -0.494065
v 0.587332 0.09375 -0.37858
v 0.539496 0.09375 -0.494065
v 0.193041 0.21875 -0.350558
v 0.240877 0.21875 -0.235074
v 0.193041 0.09375 -0.350558
v 0.240877 0.09375 -0.235074
v 0.193041 0.21875 -0.350558
v 0.539496 0.21875 -0.494065
v 0.240877 0.21875 -0.235074
v 0.587332 0.21875 -0.37858
v 0.240877 0.09375 -0.235074
v 0.587332 0.09375 -0.37858
v 0.193041 0.09375 -0.350558
v 0.539496 0.09375 -0.494065
v 0.240877 0.21875 -0.235074
v 0.587332 0.21875 -0.37858
v 0.240877 0.09375 -0.235074
v 0.587332 0.09375 -0.37858
v 0.539496 0.21875 -0.494065
v 0.193041 0.21875 -0.350558
v 0.539496 0.09375 -0.494065
v 0.193041 0.09375 -0.350558
vt 0 1
vt 0.007813 1
vt 0 0.992188
vt 0.007813 0.992188
vt 0 1
vt 0.007813 1
vt 0 0.992188
vt 0.007813 0.992188
vt 0 1
vt 0.023438 1
vt 0 0.992188
vt 0.023438 0.992188
vt 0 1
vt 0.023438 1
vt 0 0.992188
vt 0.023438 0.992188
vt 0 1
vt 0.023438 1
vt 0 0.992188
vt 0.023438 0.992188
vt 0 1
vt 0.101563 1
vt 0 0.945313
vt 0.101563 0.945313
vn 0.92388 0 -0.382683
vn 0.92388 0 -0.382683
vn 0.92388 0 -0.382683
vn 0.92388 0 -0.382683
vn -0.92388 0 0.382683
vn -0.92388 0 0.382683
vn -0.92388 0 0.382683
vn -0.92388 0 0.382683
vn 0 1 0
vn 0 1 0
vn 0 1 0
vn 0 1 0
vn 0 -1 0
vn 0 -1 0
vn 0 -1 0
vn 0 -1 0
vn 0.382683 0 0.92388
vn 0.382683 0 0.92388
vn 0.382683 0 0.92388
vn 0.382683 0 0.92388
vn -0.382683 0 -0.92388
vn -0.382683 0 -0.92388
vn -0.382683 0 -0.92388
vn -0.382683 0 -0.92388
f 3577/3577/3577 3579/3579/3579 3578/3578/3578
f 3579/3579/3579 3580/3580/3580 3578/3578/3578
f 3581/3581/3581 3583/3583/3583 3582/3582/3582
f 3583/3583/3583 3584/3584/3584 3582/3582/3582
f 3585/3585/3585 3587/3587/3587 3586/3586/3586
f 3587/3587/3587 3588/3588/3588 3586/3586/3586
f 3589/3589/3589 3591/3591/3591 3590/3590/3590
f 3591/3591/3591 3592/3592/3592 3590/3590/3590
f 3593/3593/3593 3595/3595/3595 3594/3594/3594
f 3595/3595/3595 3596/3596/3596 3594/3594/3594
f 3597/3597/3597 3599/3599/3599 3598/3598/3598
f 3599/3599/3599 3600/3600/3600 3598/3598/3598
o node_309_mesh_154_0
usemtl material_0
v 0.8125 0.34375 -0.25
v 0.8125 0.34375 -0.375
v 0.8125 0.21875 -0.25
v 0.8125 0.21875 -0.375
v 0.25 0.34375 -0.375
v 0.25 0.34375 -0.25
v 0.25 0.21875 -0.375
v 0.25 0.21875 -0.25
v 0.25 0.34375 -0.375
v 0.8125 0.34375 -0.375
v 0.25 0.34375 -0.25
v 0.8125 0.34375 -0.25
v 0.25 0.21875 -0.25
v 0.8125 0.21875 -0.25
v 0.25 0.21875 -0.375
v 0.8125 0.21875 -0.375
v 0.25 0.34375 -0.25
v 0.8125 0.34375 -0.25
v 0.25 0.21875 -0.25
v 0.8125 0.21875 -0.25
v 0.8125 0.34375 -0.375
v 0.25 0.34375 -0.375
v 0.8125 0.21875 -0.375
v 0.25 0.21875 -0.375
vt 0 1
vt 0.007813 1
vt 0 0.992188
vt 0.007813 0.992188
vt 0 1
vt 0.007813 1
vt 0 0.992188
vt 0.007813 0.992188
vt 0 1
vt 0.035156 1
vt 0 0.992188
vt 0.035156 0.992188
vt 0 1
vt 0.035156 1
vt 0 0.992188
vt 0.035156 0.992188
vt 0 1
vt 0.035156 1
vt 0 0.992188
vt 0.035156 0.992188
vt 0 1
vt 0.113281 1
vt 0 0.945313
vt 0.113281 0.945313
vn 1 0 0
vn 1 0 0
vn 1 0 0
vn 1 0 0
vn -1 0 0
vn -1 0 0
vn -1 0 0
vn -1 0 0
vn 0 1 0
vn 0 1 0
vn 0 1 0
vn 0 1 0
vn 0 -1 0
vn 0 -1 0
vn 0 -1 0
vn 0 -1 0
vn 0 0 1
vn 0 0 1
vn 0 0 1
vn 0 0 1
vn 0 0 -1
vn 0 0 -1
vn 0 0 -1
vn 0 0 -1
f 3601/3601/3601 3603/3603/3603 3602/3602/3602
f 3603/3603/3603 3604/3604/3604 3602/3602/3602
f 3605/3605/3605 3607/3607/3607 3606/3606/3606
f 3607/3607/3607 3608/3608/3608 3606/3606/3606
f 3609/3609/3609 3611/3611/3611 3610/3610/3610
f 3611/3611/3611 3612/3612/3612 3610/3610/3610
f 3613/3613/3613 3615/3615/3615 3614/3614/3614
f 3615/3615/3615 3616/3616/3616 3614/3614/3614
f 3617/3617/3617 3619/3619/3619 3618/3618/3618
f 3619/3619/3619 3620/3620/3620 3618/3618/3618
f 3621/3621/3621 3623/3623/3623 3622/3622/3622
f 3623/3623/3623 3624/3624/3624 3622/3622/3622
o node_311_mesh_155_0
usemtl material_0
v 0.874344 0.21875 -0.31433
v 0.92218 0.21875 -0.429815
v 0.874344 0.09375 -0.31433
v 0.92218 0.09375 -0.429815
v 0.287013 0.21875 -0.69291
v 0.239177 0.21875 -0.577425
v 0.287013 0.09375 -0.69291
v 0.239177 0.09375 -0.577425
v 0.287013 0.21875 -0.69291
v 0.92218 0.21875 -0.429815
v 0.239177 0.21875 -0.577425
v 0.874344 0.21875 -0.31433
v 0.239177 0.09375 -0.577425
v 0.874344 0.09375 -0.31433
v 0.287013 0.09375 -0.69291
v 0.92218 0.09375 -0.429815
v 0.239177 0.21875 -0.577425
v 0.874344 0.21875 -0.31433
v 0.239177 0.09375 -0.577425
v 0.874344 0.09375 -0.31433
v 0.92218 0.21875 -0.429815
v 0.287013 0.21875 -0.69291
v 0.92218 0.09375 -0.429815
v 0.287013 0.09375 -0.69291
vt 0 1
vt 0.007813 1
vt 0 0.992188
vt 0.007813 0.992188
vt 0 1
vt 0.007813 1
vt 0 0.992188
vt 0.007813 0.992188
vt 0 1
vt 0.042969 1
vt 0 0.992188
vt 0.042969 0.992188
vt 0 1
vt 0.042969 1
vt 0 0.992188
vt 0.042969 0.992188
vt 0 1
vt 0.042969 1
vt 0 0.992188
vt 0.042969 0.992188
vt 0 1
vt 0.121094 1
vt 0 0.945313
vt 0.121094 0.945313
vn 0.92388 0 0.382683
vn 0.92388 0 0.382683
vn 0.92388 0 0.382683
vn 0.92388 0 0.382683
vn -0.92388 0 -0.382683
vn -0.92388 0 -0.382683
vn -0.92388 0 -0.382683
vn -0.92388 0 -0.382683
vn 0 1 0
vn 0 1 0
vn 0 1 0
vn 0 1 0
vn 0 -1 0
vn 0 -1 0
vn 0 -1 0
vn 0 -1 0
vn -0.382683 0 0.92388
vn -0.382683 0 0.92388
vn -0.382683 0 0.92388
vn -0.382683 0 0.92388
vn 0.382683 0 -0.92388
vn 0.382683 0 -0.92388
vn 0.382683 0 -0.92388
vn 0.382683 0 -0.92388
f 3625/3625/3625 3627/3627/3627 3626/3626/3626
f 3627/3627/3627 3628/3628/3628 3626/3626/3626
f 3629/3629/3629 3631/3631/3631 3630/3630/3630
f 3631/3631/3631 3632/3632/3632 3630/3630/3630
f 3633/3633/3633 3635/3635/3635 3634/3634/3634
f 3635/3635/3635 3636/3636/3636 3634/3634/3634
f 3637/3637/3637 3639/3639/3639 3638/3638/3638
f 3639/3639/3639 3640/3640/3640 3638/3638/3638
f 3641/3641/3641 3643/3643/3643 3642/3642/3642
f 3643/3643/3643 3644/3644/3644 3642/3642/3642
f 3645/3645/3645 3647/3647/3647 3646/3646/3646
f 3647/3647/3647 3648/3648/3648 3646/3646/3646
o node_313_mesh_156_0
usemtl material_0
v 0.760559 0.30625 -0.450333
v 0.712724 0.30625 -0.565818
v 0.760559 0.21875 -0.450333
v 0.712724 0.21875 -0.565818
v 0.424011 0.30625 -0.446229
v 0.471847 0.30625 -0.330744
v 0.424011 0.21875 -0.446229
v 0.471847 0.21875 -0.330744
v 0.424011 0.30625 -0.446229
v 0.712724 0.30625 -0.565818
v 0.471847 0.30625 -0.330744
v 0.760559 0.30625 -0.450333
v 0.471847 0.21875 -0.330744
v 0.760559 0.21875 -0.450333
v 0.424011 0.21875 -0.446229
v 0.712724 0.21875 -0.565818
v 0.471847 0.30625 -0.330744
v 0.760559 0.30625 -0.450333
v 0.471847 0.21875 -0.330744
v 0.760559 0.21875 -0.450333
v 0.712724 0.30625 -0.565818
v 0.424011 0.30625 -0.446229
v 0.712724 0.21875 -0.565818
v 0.424011 0.21875 -0.446229
vt 0 1
vt 0.007813 1
vt 0 0.994531
vt 0.007813 0.994531
vt 0 1
vt 0.007813 1
vt 0 0.994531
vt 0.007813 0.994531
vt 0 1
vt 0.019531 1
vt 0 0.992188
vt 0.019531 0.992188
vt 0 1
vt 0.019531 1
vt 0 0.992188
vt 0.019531 0.992188
vt 0 1
vt 0.019531 1
vt 0 0.994531
vt 0.019531 0.994531
vt 0 1
vt 0.097656 1
vt 0 0.947656
vt 0.097656 0.947656
vn 0.92388 0 -0.382683
vn 0.92388 0 -0.382683
vn 0.92388 0 -0.382683
vn 0.92388 0 -0.382683
vn -0.92388 0 0.382683
vn -0.92388 0 0.382683
vn -0.92388 0 0.382683
vn -0.92388 0 0.382683
vn 0 1 0
vn 0 1 0
vn 0 1 0
vn 0 1 0
vn 0 -1 0
vn 0 -1 0
vn 0 -1 0
vn 0 -1 0
vn 0.382683 0 0.92388
vn 0.382683 0 0.92388
vn 0.382683 0 0.92388
vn 0.382683 0 0.92388
vn -0.382683 0 -0.92388
vn -0.382683 0 -0.92388
vn -0.382683 0 -0.92388
vn -0.382683 0 -0.92388
f 3649/3649/3649 3651/3651/3651 3650/3650/3650
f 3651/3651/3651 3652/3652/3652 3650/3650/3650
f 3653/3653/3653 3655/3655/3655 3654/3654/3654
f 3655/3655/3655 3656/3656/3656 3654/3654/3654
f 3657/3657/3657 3659/3659/3659 3658/3658/3658
f 3659/3659/3659 3660/3660/3660 3658/3658/3658
f 3661/3661/3661 3663/3663/3663 3662/3662/3662
f 3663/3663/3663 3664/3664/3664 3662/3662/3662
f 3665/3665/3665 3667/3667/3667 3666/3666/3666
f 3667/3667/3667 3668/3668/3668 3666/3666/3666
f 3669/3669/3669 3671/3671/3671 3670/3670/3670
f 3671/3671/3671 3672/3672/3672 3670/3670/3670
o node_315_mesh_157_0
usemtl material_0
v 0.638216 0.384495 -0.44112
v 0.638216 0.384495 -0.53487
v 0.668113 0.312317 -0.44112
v 0.668113 0.312317 -0.53487
v 0.003049 0.1214 -0.53487
v 0.003049 0.1214 -0.44112
v 0.032946 0.049222 -0.53487
v 0.032946 0.049222 -0.44112
v 0.003049 0.1214 -0.53487
v 0.638216 0.384495 -0.53487
v 0.003049 0.1214 -0.44112
v 0.638216 0.384495 -0.44112
v 0.032946 0.049222 -0.44112
v 0.668113 0.312317 -0.44112
v 0.032946 0.049222 -0.53487
v 0.668113 0.312317 -0.53487
v 0.003049 0.1214 -0.44112
v 0.638216 0.384495 -0.44112
v 0.032946 0.049222 -0.44112
v 0.668113 0.312317 -0.44112
v 0.638216 0.384495 -0.53487
v 0.003049 0.1214 -0.53487
v 0.668113 0.312317 -0.53487
v 0.032946 0.049222 -0.53487
vt 0 1
vt 0.005859 1
vt 0 0.995117
vt 0.005859 0.995117
vt 0 1
vt 0.005859 1
vt 0 0.995117
vt 0.005859 0.995117
vt 0 1
vt 0.042969 1
vt 0 0.994141
vt 0.042969 0.994141
vt 0 1
vt 0.042969 1
vt 0 0.994141
vt 0.042969 0.994141
vt 0 1
vt 0.042969 1
vt 0 0.995117
vt 0.042969 0.995117
vt 0 1
vt 0.121094 1
vt 0 0.948242
vt 0.121094 0.948242
vn 0.92388 0.382683 0
vn 0.92388 0.382683 0
vn 0.92388 0.382683 0
vn 0.92388 0.382683 0
vn -0.92388 -0.382683 0
vn -0.92388 -0.382683 0
vn -0.92388 -0.382683 0
vn -0.92388 -0.382683 0
vn -0.382683 0.92388 0
vn -0.382683 0.92388 0
vn -0.382683 0.92388 0
vn -0.382683 0.92388 0
vn 0.382683 -0.92388 0
vn 0.382683 -0.92388 0
vn 0.382683 -0.92388 0
vn 0.382683 -0.92388 0
vn 0 0 1
vn 0 0 1
vn 0 0 1
vn 0 0 1
vn 0 0 -1
vn 0 0 -1
vn 0 0 -1
vn 0 0 -1
f 3673/3673/3673 3675/3675/3675 3674/3674/3674
f 3675/3675/3675 3676/3676/3676 3674/3674/3674
f 3677/3677/3677 3679/3679/3679 3678/3678/3678
f 3679/3679/3679 3680/3680/3680 3678/3678/3678
f 3681/3681/3681 3683/3683/3683 3682/3682/3682
f 3683/3683/3683 3684/3684/3684 3682/3682/3682
f 3685/3685/3685 3687/3687/3687 3686/3686/3686
f 3687/3687/3687 3688/3688/3688 3686/3686/3686
f 3689/3689/3689 3691/3691/3691 3690/3690/3690
f 3691/3691/3691 3692/3692/3692 3690/3690/3690
f 3693/3693/3693 3695/3695/3695 3694/3694/3694
f 3695/3695/3695 3696/3696/3696 3694/3694/3694
o node_317_mesh_158_0
usemtl material_0
v 0.59888 0.4375 -0.383363
v 0.551045 0.4375 -0.498848
v 0.59888 0.34375 -0.383363
v 0.551045 0.34375 -0.498848
v 0.089105 0.4375 -0.307507
v 0.13694 0.4375 -0.192022
v 0.089105 0.34375 -0.307507
v 0.13694 0.34375 -0.192022
v 0.089105 0.4375 -0.307507
v 0.551045 0.4375 -0.498848
v 0.13694 0.4375 -0.192022
v 0.59888 0.4375 -0.383363
v 0.13694 0.34375 -0.192022
v 0.59888 0.34375 -0.383363
v 0.089105 0.34375 -0.307507
v 0.551045 0.34375 -0.498848
v 0.13694 0.4375 -0.192022
v 0.59888 0.4375 -0.383363
v 0.13694 0.34375 -0.192022
v 0.59888 0.34375 -0.383363
v 0.551045 0.4375 -0.498848
v 0.089105 0.4375 -0.307507
v 0.551045 0.34375 -0.498848
v 0.089105 0.34375 -0.307507
vt 0 1
vt 0.007813 1
vt 0 0.994141
vt 0.007813 0.994141
vt 0 1
vt 0.007813 1
vt 0 0.994141
vt 0.007813 0.994141
vt 0 1
vt 0.03125 1
vt 0 0.992188
vt 0.03125 0.992188
vt 0 1
vt 0.03125 1
vt 0 0.992188
vt 0.03125 0.992188
vt 0 1
vt 0.03125 1
vt 0 0.994141
vt 0.03125 0.994141
vt 0 1
vt 0.109375 1
vt 0 0.947266
vt 0.109375 0.947266
vn 0.92388 0 -0.382683
vn 0.92388 0 -0.382683
vn 0.92388 0 -0.382683
vn 0.92388 0 -0.382683
vn -0.92388 0 0.382683
vn -0.92388 0 0.382683
vn -0.92388 0 0.382683
vn -0.92388 0 0.382683
vn 0 1 0
vn 0 1 0
vn 0 1 0
vn 0 1 0
vn 0 -1 0
vn 0 -1 0
vn 0 -1 0
vn 0 -1 0
vn 0.382683 0 0.92388
vn 0.382683 0 0.92388
vn 0.382683 0 0.92388
vn 0.382683 0 0.92388
vn -0.382683 0 -0.92388
vn -0.382683 0 -0.92388
vn -0.382683 0 -0.92388
vn -0.382683 0 -0.92388
f 3697/3697/3697 3699/3699/3699 3698/3698/3698
f 3699/3699/3699 3700/3700/3700 3698/3698/3698
f 3701/3701/3701 3703/3703/3703 3702/3702/3702
f 3703/3703/3703 3704/3704/3704 3702/3702/3702
f 3705/3705/3705 3707/3707/3707 3706/3706/3706
f 3707/3707/3707 3708/3708/3708 3706/3706/3706
f 3709/3709/3709 3711/3711/3711 3710/3710/3710
f 3711/3711/3711 3712/3712/3712 3710/3710/3710
f 3713/3713/3713 3715/3715/3715 3714/3714/3714
f 3715/3715/3715 3716/3716/3716 3714/3714/3714
f 3717/3717/3717 3719/3719/3719 3718/3718/3718
f 3719/3719/3719 3720/3720/3720 3718/3718/3718
o node_319_mesh_159_0
usemtl material_0
v 0.660105 0.528125 -0.203711
v 0.70794 0.528125 -0.319196
v 0.660105 0.440625 -0.203711
v 0.70794 0.440625 -0.319196
v 0.263323 0.528125 -0.503362
v 0.215488 0.528125 -0.387877
v 0.263323 0.440625 -0.503362
v 0.215488 0.440625 -0.387877
v 0.263323 0.528125 -0.503362
v 0.70794 0.528125 -0.319196
v 0.215488 0.528125 -0.387877
v 0.660105 0.528125 -0.203711
v 0.215488 0.440625 -0.387877
v 0.660105 0.440625 -0.203711
v 0.263323 0.440625 -0.503362
v 0.70794 0.440625 -0.319196
v 0.215488 0.528125 -0.387877
v 0.660105 0.528125 -0.203711
v 0.215488 0.440625 -0.387877
v 0.660105 0.440625 -0.203711
v 0.70794 0.528125 -0.319196
v 0.263323 0.528125 -0.503362
v 0.70794 0.440625 -0.319196
v 0.263323 0.440625 -0.503362
vt 0 1
vt 0.007813 1
vt 0 0.994531
vt 0.007813 0.994531
vt 0 1
vt 0.007813 1
vt 0 0.994531
vt 0.007813 0.994531
vt 0 1
vt 0.030078 1
vt 0 0.992188
vt 0.030078 0.992188
vt 0 1
vt 0.030078 1
vt 0 0.992188
vt 0.030078 0.992188
vt 0 1
vt 0.030078 1
vt 0 0.994531
vt 0.030078 0.994531
vt 0 1
vt 0.108203 1
vt 0 0.947656
vt 0.108203 0.947656
vn 0.92388 0 0.382683
vn 0.92388 0 0.382683
vn 0.92388 0 0.382683
vn 0.92388 0 0.382683
vn -0.92388 0 -0.382683
vn -0.92388 0 -0.382683
vn -0.92388 0 -0.382683
vn -0.92388 0 -0.382683
vn 0 1 0
vn 0 1 0
vn 0 1 0
vn 0 1 0
vn 0 -1 0
vn 0 -1 0
vn 0 -1 0
vn 0 -1 0
vn -0.382683 0 0.92388
vn -0.382683 0 0.92388
vn -0.382683 0 0.92388
vn -0.382683 0 0.92388
vn 0.382683 0 -0.92388
vn 0.382683 0 -0.92388
vn 0.382683 0 -0.92388
vn 0.382683 0 -0.92388
f 3721/3721/3721 3723/3723/3723 3722/3722/3722
f 3723/3723/3723 3724/3724/3724 3722/3722/3722
f 3725/3725/3725 3727/3727/3727 3726/3726/3726
f 3727/3727/3727 3728/3728/3728 3726/3726/3726
f 3729/3729/3729 3731/3731/3731 3730/3730/3730
f 3731/3731/3731 3732/3732/3732 3730/3730/3730
f 3733/3733/3733 3735/3735/3735 3734/3734/3734
f 3735/3735/3735 3736/3736/3736 3734/3734/3734
f 3737/3737/3737 3739/3739/3739 3738/3738/3738
f 3739/3739/3739 3740/3740/3740 3738/3738/3738
f 3741/3741/3741 3743/3743/3743 3742/3742/3742
f 3743/3743/3743 3744/3744/3744 3742/3742/3742
o node_321_mesh_160_0
usemtl material_0
v 0.863126 0.315495 -0.335781
v 0.863126 0.315495 -0.460781
v 0.801254 0.253623 -0.335781
v 0.801254 0.253623 -0.460781
v 0.522831 0.65579 -0.460781
v 0.522831 0.65579 -0.335781
v 0.460959 0.593918 -0.460781
v 0.460959 0.593918 -0.335781
v 0.522831 0.65579 -0.460781
v 0.863126 0.315495 -0.460781
v 0.522831 0.65579 -0.335781
v 0.863126 0.315495 -0.335781
v 0.460959 0.593918 -0.335781
v 0.801254 0.253623 -0.335781
v 0.460959 0.593918 -0.460781
v 0.801254 0.253623 -0.460781
v 0.522831 0.65579 -0.335781
v 0.863126 0.315495 -0.335781
v 0.460959 0.593918 -0.335781
v 0.801254 0.253623 -0.335781
v 0.863126 0.315495 -0.460781
v 0.522831 0.65579 -0.460781
v 0.801254 0.253623 -0.460781
v 0.460959 0.593918 -0.460781
vt 0 1
vt 0.007813 1
vt 0 0.994531
vt 0.007813 0.994531
vt 0 1
vt 0.007813 1
vt 0 0.994531
vt 0.007813 0.994531
vt 0 1
vt 0.030078 1
vt 0 0.992188
vt 0.030078 0.992188
vt 0 1
vt 0.030078 1
vt 0 0.992188
vt 0.030078 0.992188
vt 0 1
vt 0.030078 1
vt 0 0.994531
vt 0.030078 0.994531
vt 0 1
vt 0.108203 1
vt 0 0.947656
vt 0.108203 0.947656
vn 0.707107 -0.707107 0
vn 0.707107 -0.707107 0
vn 0.707107 -0.707107 0
vn 0.707107 -0.707107 0
vn -0.707107 0.707107 0
vn -0.707107 0.707107 0
vn -0.707107 0.707107 0
vn -0.707107 0.707107 0
vn 0.707107 0.707107 0
vn 0.707107 0.707107 0
vn 0.707107 0.707107 0
vn 0.707107 0.707107 0
vn -0.707107 -0.707107 0
vn -0.707107 -0.707107 0
vn -0.707107 -0.707107 0
vn -0.707107 -0.707107 0
vn 0 0 1
vn 0 0 1
vn 0 0 1
vn 0 0 1
vn 0 0 -1
vn 0 0 -1
vn 0 0 -1
vn 0 0 -1
f 3745/3745/3745 3747/3747/3747 3746/3746/3746
f 3747/3747/3747 3748/3748/3748 3746/3746/3746
f 3749/3749/3749 3751/3751/3751 3750/3750/3750
f 3751/3751/3751 3752/3752/3752 3750/3750/3750
f 3753/3753/3753 3755/3755/3755 3754/3754/3754
f 3755/3755/3755 3756/3756/3756 3754/3754/3754
f 3757/3757/3757 3759/3759/3759 3758/3758/3758
f 3759/3759/3759 3760/3760/3760 3758/3758/3758
f 3761/3761/3761 3763/3763/3763 3762/3762/3762
f 3763/3763/3763 3764/3764/3764 3762/3762/3762
f 3765/3765/3765 3767/3767/3767 3766/3766/3766
f 3767/3767/3767 3768/3768/3768 3766/3766/3766
