# User-provided Metal Furnace model adapted for DomeSurvival
# Adapted coordinate scale for Minecraft: 2 blocks tall
mtllib shaft_furnace_large.mtl
o metal_furnace
v 0.83544344 0.69947362 0.73879078
v 0.91564686 0.55987030 0.62238279
v 0.90885052 0.77999940 0.62689409
v 0.76482739 0.61851827 0.79523690
v 0.71893697 0.55994389 0.81911325
v 0.83738973 0.55997676 0.74074544
v 0.44060998 0.55987064 0.81900001
v 0.42730393 0.60291447 0.81222816
v 0.39510450 0.61338327 0.79541366
v 0.32240113 0.55981932 0.74055933
v 0.46019808 0.88350212 0.82553603
v 0.51011942 0.91861727 0.83410426
v 0.44346514 0.97162646 0.81210702
v 0.56094002 0.90270213 0.84532810
v 0.51011942 0.91861727 0.83410426
v 0.51860435 0.89510380 0.80917617
v 0.57990986 0.97100166 0.83886900
v 0.57979115 1.07507384 0.22162798
v 0.48027507 1.07509334 0.24271056
v 0.57877956 1.07498011 0.48324434
v 0.81019457 1.07597402 0.38698868
v 0.76192442 1.07515211 0.30041344
v 0.39586122 1.07521642 0.66712688
v 0.48070250 1.07539137 0.72297244
v 0.67957992 1.07499877 0.24222213
v 0.31991751 1.07503940 0.48317080
v 0.34001990 1.07539481 0.58228260
v 0.83322306 1.07528605 0.48372984
v 0.57981937 1.07503546 0.74307165
v 0.67918433 1.07505380 0.72319367
v 0.76475900 1.07502658 0.66810581
v 0.39586371 1.07522079 0.29920833
v 0.82027678 1.07410629 0.58267472
v 0.34023318 1.07525661 0.38391876
v 0.33144615 0.81743565 0.73765556
v 0.56094002 0.90270213 0.84532810
v 0.69581072 0.89064616 0.82708669
v 0.83309101 0.88408313 0.73576612
v 0.83292617 0.97194213 0.73640976
v 0.89176020 1.01902196 0.61922803
v 0.39901967 0.83759601 0.79641790
v 0.76649593 0.83591524 0.79406978
v 0.77322827 0.70035208 0.79003767
v 0.39228620 0.69979148 0.79371094
v 0.46019808 0.88350212 0.82553603
v 0.46671798 0.87176873 0.80269806
v 0.51860435 0.89510380 0.80917617
v 0.51011942 0.91861727 0.83410426
v 0.56321828 0.88975096 0.82266727
v 0.34190566 0.99821741 0.73131778
v 0.71579733 0.97126266 0.81137934
v 0.72980742 0.60972378 0.81080407
v 1.02950176 0.97429082 0.47702613
v 1.06116875 1.00827921 0.53309961
v 1.03982845 1.00898873 0.47743075
v 1.02950176 0.97429082 0.47702613
v 1.06522789 1.01094024 0.43152416
v 1.05206517 0.97178380 0.43395023
v 1.10593912 0.97441426 0.41917828
v 1.11118553 1.01329730 0.41911443
v 1.14098577 0.95845136 0.44052766
v 1.15078456 1.01544955 0.43892037
v 1.14260813 0.95775620 0.51976002
v 1.11405347 1.01305847 0.54767037
v 1.10904143 0.97364529 0.54698416
v 1.04511943 0.96390552 0.52875121
v 1.08080962 0.93519047 0.41743555
v 1.08263312 0.93462950 0.54664200
v 1.04404561 0.91249058 0.41644413
v 1.04566912 0.91262522 0.54666843
v 0.97677665 1.90757753 0.32746119
v 0.94945835 1.94560534 0.34422875
v 0.98855590 1.94059733 0.31622704
v 0.97898026 1.97209208 0.32187171
v 0.95178519 1.98978884 0.33589291
v 0.91537406 1.91813895 0.36612348
v 0.94336950 1.89633939 0.34904056
v 0.92393784 1.98041394 0.35748571
v 0.90852268 1.95211873 0.36859863
v 1.03982845 1.00898873 0.47743075
v 1.15507798 1.01478736 0.52282805
v 1.00561434 0.46089162 0.77926034
v 1.01970762 0.47574650 0.78684010
v 1.01993206 0.35775356 0.78575782
v 1.01993206 0.35775356 0.78575782
v 0.91023495 0.35837664 0.78788793
v 0.92433364 0.37232413 0.77979827
v 1.01269036 0.13719889 0.79303447
v 1.01623207 0.13886383 0.82769048
v 1.02091433 0.12730069 0.78660502
v 0.91595685 0.13860526 0.90998306
v 0.90978277 0.12608498 0.91967422
v 0.94154720 0.13903408 0.91102183
v 1.01557009 0.34889801 0.82921382
v 1.01309010 0.35141831 0.79316297
v 1.01993206 0.35775356 0.78575782
v 0.90857326 0.35735141 0.91680207
v 0.91656121 0.34961287 0.91034200
v 0.94271593 0.34915803 0.91129166
v 0.91043717 0.13169800 0.20944290
v 0.91702104 0.13924732 0.20185611
v 0.91282056 0.13823679 0.16383041
v 0.91417339 0.35000903 0.16653531
v 0.91725020 0.35109020 0.20318429
v 0.90934241 0.35721080 0.20967769
v 1.02157171 0.35685721 0.08077875
v 1.01263754 0.35132543 0.08690099
v 0.98316313 0.34964413 0.09031389
v 0.98593584 0.14006425 0.09038128
v 1.01401658 0.13924879 0.09211287
v 1.02219775 0.12858235 0.07906643
v 0.15864968 0.13764340 0.08644045
v 0.18554294 0.14067526 0.08983198
v 0.15101231 0.13123702 0.08094487
v 0.26188830 0.13066441 0.20926381
v 0.25369216 0.14031298 0.16899302
v 0.25339247 0.13957495 0.20105665
v 0.18708736 0.34875884 0.09051768
v 0.15888706 0.35173922 0.08658527
v 0.15160188 0.35820876 0.08174888
v 0.26185381 0.35709255 0.21043353
v 0.25336358 0.34968062 0.20085194
v 0.25319756 0.34916883 0.16678843
v 0.26158211 0.12790370 0.91913852
v 0.25530570 0.13865335 0.91013704
v 0.22335875 0.13988369 0.91196502
v 0.14687353 0.12512897 0.85691409
v 0.14755072 0.07245740 0.91921728
v 0.19036709 0.13054725 0.92093357
v 0.19036709 0.13054725 0.92093357
v 0.21341235 0.14156762 0.83603610
v 0.14687353 0.12512897 0.85691409
v 0.15357848 0.13863106 0.82655764
v 0.22335875 0.13988369 0.91196502
v 0.19036709 0.13054725 0.92093357
v 0.14755072 0.07245740 0.91921728
v 0.14975557 0.01378209 0.91486515
v 0.19036709 0.13054725 0.92093357
v 0.14687353 0.12512897 0.85691409
v 0.15159701 0.13177238 0.78597319
v 0.15146500 0.01284039 0.78728383
v 0.22154959 0.35003982 0.91052066
v 0.25428277 0.35034077 0.90977573
v 0.26169320 0.35798419 0.91696886
v 0.15091894 0.35701182 0.78760662
v 0.15857093 0.35105912 0.79316884
v 0.15522415 0.34963393 0.82750301
v 0.15266321 0.52191361 0.82116642
v 0.16759497 0.52191362 0.89630142
v 0.26730006 0.52191359 0.70509403
v 1.00006971 0.52191362 0.89809580
v 0.80827912 0.52191360 0.79173978
v 0.92357729 0.52191362 0.91438835
v 0.15802842 0.52191350 0.18339115
v 0.28100652 0.52191352 0.27704440
v 0.16346763 0.52191349 0.10698018
v 1.00859736 0.52191350 0.18338386
v 1.00185235 0.52191349 0.10707705
v 0.88701636 0.52191352 0.28117750
v -0.12355842 0.00867153 0.60573596
v -0.02424419 0.00533808 0.64474213
v -0.05794905 0.03756814 0.67182481
v 0.03679662 0.00443550 0.62504892
v 0.04897415 0.02836514 0.63931655
v -0.02231944 0.64015573 0.50459148
v -0.00357278 0.62270579 0.51418940
v -0.02097938 0.60932465 0.51592922
v -0.02138905 0.64197636 0.59087999
v -0.03378034 0.62476535 0.59261385
v -0.00975484 0.60415013 0.56707251
v -0.00515402 0.65111373 0.50343791
v 0.00464730 0.62040000 0.57315079
v -0.03996103 0.62263728 0.50621422
v 0.00595442 0.64844725 0.58726300
v -0.14777770 0.00019191 0.52148719
v -0.10922626 0.01541657 0.46177247
v -0.06602485 0.00000000 0.51588061
v -0.04537055 0.00539448 0.44581767
v 0.01404994 0.00305771 0.47385252
v 0.04930831 0.00643718 0.53681809
v 0.03679662 0.00443550 0.62504892
v -0.02424419 0.00533808 0.64474213
v -0.12355842 0.00867153 0.60573596
v -0.15114473 0.03374156 0.61615215
v 0.50897262 1.16315569 0.50820470
v 0.62180129 1.11170390 0.53081626
v 0.47275744 1.11135702 0.51724638
v 0.45105083 1.11117691 0.37296780
v 0.45789416 1.13501492 0.34837106
v 0.48311937 1.11036865 0.31137612
v 0.62947766 1.11121005 0.30326992
v 0.54817339 1.17589025 0.39725810
v 0.55142738 1.11208843 0.45822530
v 0.73088638 1.10699757 0.47693612
v 0.71607186 1.10752098 0.42649872
v 0.71939780 1.13162318 0.44042206
v 0.64435529 1.10722160 0.44250247
v 0.66859216 1.10684815 0.51466990
v 0.66733453 1.14523053 0.46058653
v 0.78305954 1.11329760 0.27992948
v 0.57981895 1.11329759 0.19574381
v 0.85000202 1.11329764 0.51538241
v 0.37657835 1.11329760 0.27992948
v 0.29239267 1.11329763 0.48317009
v 0.47951136 1.16297474 0.62096600
v 0.53433627 1.17825568 0.62113136
v 0.50281598 1.18414257 0.57557639
v 0.62180129 1.11170390 0.53081626
v 0.50897262 1.16315569 0.50820470
v 0.50281598 1.18414257 0.57557639
v 0.44795780 1.11120097 0.62763395
v 0.47951136 1.16297474 0.62096600
v 0.50281598 1.18414257 0.57557639
v -0.05849135 0.71246048 0.55796365
v -0.05498239 0.71696527 0.54794780
v -0.06201830 0.70854109 0.54090255
v -0.06732205 0.70526504 0.55105348
v 0.94409108 0.55958079 0.48317372
v 0.93305970 0.78921776 0.48646687
v 0.91562048 0.55987088 0.34397124
v 0.83717058 0.55977590 0.22582127
v 0.83762696 0.79485754 0.23910489
v 0.90604717 0.78704750 0.34367266
v 0.71902857 0.55987036 0.14734231
v 0.57982118 0.55958135 0.11889863
v 0.58569995 0.79767286 0.11713462
v 0.72629373 0.81200640 0.14895426
v 0.44060684 0.55987076 0.14734566
v 0.32239989 0.55985216 0.22571406
v 0.32158884 0.77736009 0.23181745
v 0.44101160 0.78211497 0.14999523
v 0.57982118 0.55958135 0.11889863
v 0.58569995 0.79767286 0.11713462
v 0.24398899 0.55987079 0.34396415
v 0.21541594 0.55985140 0.48319355
v 0.22181043 0.77184413 0.49183939
v 0.25227297 0.77658624 0.33590351
v 0.24396156 0.55989600 0.62238490
v 0.24877659 0.77414857 0.62105111
v 0.34940630 1.05126169 0.71435644
v 0.45320658 1.05135999 0.78855671
v 0.46750675 1.11898162 0.75399364
v 0.37300137 1.11845766 0.69001787
v 0.57980380 1.05170634 0.81324136
v 0.57970660 1.11975860 0.77848333
v 0.70719912 1.05327978 0.79012234
v 0.69285636 1.12075713 0.75656619
v 0.81716357 1.05379654 0.72060849
v 0.78900318 1.12076005 0.69280527
v 0.88070663 1.05136829 0.60947442
v 0.84668216 1.11725510 0.59464630
v 0.89207971 1.04652298 0.48425098
v 0.86025688 1.11235068 0.48394584
v 0.86819776 1.04775343 0.36325456
v 0.84057005 1.11517052 0.37406733
v 0.80863508 1.05182217 0.25221220
v 0.78772864 1.11943654 0.27475679
v 0.70559139 1.05150338 0.18089991
v 0.69341004 1.12120486 0.20821677
v 0.57990986 1.05244820 0.15336337
v 0.57968820 1.12069571 0.18608977
v 0.44007186 0.61287039 0.79183446
v 0.42730393 0.60291447 0.81222816
v 0.58084014 0.60685500 0.84580599
v 0.57912048 0.61221675 0.82106265
v 0.39510450 0.61338327 0.79541366
v 0.41142045 0.61926537 0.77702230
v 0.57990986 1.05244820 0.15336337
v 0.45437844 1.05152872 0.17963280
v 0.46679979 1.12006834 0.21070471
v 0.57968820 1.12069571 0.18608977
v 0.34657242 1.05242597 0.24935855
v 0.37098815 1.11975205 0.27448048
v 0.57981455 0.55958226 0.84744936
v 0.58084014 0.60685500 0.84580599
v 0.27651484 1.05192136 0.35793707
v 0.30910570 1.11914117 0.37107823
v 0.25396982 1.05050551 0.48336440
v 0.28938561 1.11723532 0.48304291
v 0.27767412 1.05132185 0.60842208
v 0.31269402 1.11676483 0.59386340
v 0.46016334 1.20347794 0.77096116
v 0.46048554 1.16398650 0.76814184
v 0.57997524 1.16378541 0.79278675
v 0.57994628 1.20379841 0.79538097
v 0.37686127 1.15549402 0.68631277
v 0.46898924 1.15321594 0.75071751
v 0.69091957 1.15302938 0.75155579
v 0.78738068 1.15054965 0.69110843
v 0.57983230 1.15334108 0.77343949
v 0.84992742 1.14760082 0.59482928
v 0.85902943 1.14592030 0.48464051
v 0.84431192 1.15857040 0.37380925
v 0.78575643 1.16308156 0.27621678
v 0.69065609 1.16130011 0.21204258
v 0.57934654 1.16025220 0.18730786
v 0.46632284 1.15752079 0.21221790
v 0.37090161 1.15859963 0.27513833
v 0.57934654 1.16025220 0.18730786
v 0.31065135 1.15786628 0.37358243
v 0.29355416 1.15706805 0.48309767
v 0.31508144 1.15628011 0.59282822
v 0.36157740 1.20245733 0.70234245
v 0.36231760 1.16506381 0.70012234
v 0.70005822 1.20632998 0.77347241
v 0.69908537 1.16391197 0.77045538
v 0.80173159 1.16101207 0.70481094
v 0.79980496 1.20072817 0.70495528
v 0.57997524 1.16378541 0.79278675
v 0.46048554 1.16398650 0.76814184
v 0.69908537 1.16391197 0.77045538
v 0.39437387 1.20552533 0.66855750
v 0.36157740 1.20245733 0.70234245
v 0.46016334 1.20347794 0.77096116
v 0.47867504 1.20352544 0.72768628
v 0.68052100 1.20410868 0.72872856
v 0.70005822 1.20632998 0.77347241
v 0.79980496 1.20072817 0.70495528
v 0.76865831 1.19985069 0.67231965
v 0.85433409 1.18676613 0.59816759
v 0.86025245 1.16170058 0.59977615
v 0.87120267 1.16180620 0.48542022
v 0.86685745 1.18542876 0.48416968
v 0.80173159 1.16101207 0.70481094
v 0.86025245 1.16170058 0.59977615
v 0.57989336 1.20281511 0.74968511
v 0.57994628 1.20379841 0.79538097
v 0.82171720 1.19419314 0.58223602
v 0.85433409 1.18676613 0.59816759
v 0.86685745 1.18542876 0.48416968
v 0.83522170 1.19626429 0.48155336
v 0.86006665 1.19997817 0.36194447
v 0.85693070 1.16987378 0.36827049
v 0.79779096 1.17300026 0.26284160
v 0.80089258 1.20509792 0.26212219
v 0.87120267 1.16180620 0.48542022
v 0.85693070 1.16987378 0.36827049
v 0.81948494 1.20654137 0.38103476
v 0.86006665 1.19997817 0.36194447
v 0.80089258 1.20509792 0.26212219
v 0.76739629 1.20777359 0.29814625
v 0.70035610 1.20669945 0.19221108
v 0.70369034 1.17542422 0.19233842
v 0.57986047 1.17252229 0.16842940
v 0.57982405 1.20524414 0.16978894
v 0.79779096 1.17300026 0.26284160
v 0.70369034 1.17542422 0.19233842
v 0.68282826 1.21002518 0.23808590
v 0.70035610 1.20669945 0.19221108
v 0.57982405 1.20524414 0.16978894
v 0.58088499 1.20373336 0.21825350
v 0.46053679 1.20412667 0.19458973
v 0.45838669 1.16879988 0.19319421
v 0.35693969 1.17025768 0.26042846
v 0.35931466 1.20381392 0.26264197
v 0.57986047 1.17252229 0.16842940
v 0.45838669 1.16879988 0.19319421
v 0.57986047 1.17252229 0.16842940
v 0.47770500 1.20314303 0.23716179
v 0.46053679 1.20412667 0.19458973
v 0.35931466 1.20381392 0.26264197
v 0.39142989 1.20349018 0.29525647
v 0.29257242 1.20344491 0.36410350
v 0.29145557 1.17030520 0.36671965
v 0.27358566 1.16845225 0.48349569
v 0.27208566 1.20241768 0.48340756
v 0.35693969 1.17025768 0.26042846
v 0.29145557 1.17030520 0.36671965
v 0.33705687 1.20433107 0.38272734
v 0.29257242 1.20344491 0.36410350
v 0.27208566 1.20241768 0.48340756
v 0.31855932 1.20661158 0.48318022
v 0.29738344 1.20251855 0.59984287
v 0.29731187 1.16718902 0.60070219
v 0.27358566 1.16845225 0.48349569
v 0.29731187 1.16718902 0.60070219
v 0.33755891 1.20472079 0.58352840
v 0.29738344 1.20251855 0.59984287
v 0.36231760 1.16506381 0.70012234
v 0.21032316 0.47641090 0.63626337
v 0.21355883 0.55239206 0.63492781
v 0.18201129 0.55189649 0.48305921
v 0.17873403 0.47649755 0.48317436
v 0.21541594 0.55985140 0.48319355
v 0.18201129 0.55189649 0.48305921
v 0.21355883 0.55239206 0.63492781
v 0.24396156 0.55989600 0.62238490
v 0.24398899 0.55987079 0.34396415
v 0.21174286 0.55360759 0.33047595
v 0.29630999 0.47653340 0.76668157
v 0.29809782 0.55112461 0.76431623
v 0.21034022 0.47642370 0.33032691
v 0.21174286 0.55360759 0.33047595
v 0.29894742 0.55104738 0.20180056
v 0.29678207 0.47649816 0.19970724
v 0.32239989 0.55985216 0.22571406
v 0.29894742 0.55104738 0.20180056
v 0.44060998 0.55987064 0.81900001
v 0.42751878 0.55257869 0.84958059
v 0.57992427 0.55097614 0.88112390
v 0.57981455 0.55958226 0.84744936
v 0.42673056 0.47641363 0.85266871
v 0.42751878 0.55257869 0.84958059
v 0.57989336 1.20281511 0.74968511
v 0.57981937 1.07503546 0.74307165
v 0.48070250 1.07539137 0.72297244
v 0.47867504 1.20352544 0.72768628
v 0.33755891 1.20472079 0.58352840
v 0.34001990 1.07539481 0.58228260
v 0.31991751 1.07503940 0.48317080
v 0.31855932 1.20661158 0.48318022
v 0.39437387 1.20552533 0.66855750
v 0.39586122 1.07521642 0.66712688
v 0.82171720 1.19419314 0.58223602
v 0.82027678 1.07410629 0.58267472
v 0.76475900 1.07502658 0.66810581
v 0.76865831 1.19985069 0.67231965
v 0.83522170 1.19626429 0.48155336
v 0.83322306 1.07528605 0.48372984
v 0.68052100 1.20410868 0.72872856
v 0.67918433 1.07505380 0.72319367
v 0.57981937 1.07503546 0.74307165
v 0.57989336 1.20281511 0.74968511
v 0.33705687 1.20433107 0.38272734
v 0.34023318 1.07525661 0.38391876
v 0.39586371 1.07522079 0.29920833
v 0.39142989 1.20349018 0.29525647
v 0.47770500 1.20314303 0.23716179
v 0.48027507 1.07509334 0.24271056
v 0.57979115 1.07507384 0.22162798
v 0.58088499 1.20373336 0.21825350
v 0.68282826 1.21002518 0.23808590
v 0.67957992 1.07499877 0.24222213
v 0.76192442 1.07515211 0.30041344
v 0.76739629 1.20777359 0.29814625
v 0.81948494 1.20654137 0.38103476
v 0.81019457 1.07597402 0.38698868
v 0.90450771 0.99817846 0.48285116
v 0.86817377 0.99755488 0.35071197
v 0.81555616 0.99555531 0.23998122
v 0.71103148 0.99864218 0.16387367
v 0.57518734 1.00261079 0.13697820
v 0.44863658 1.00518730 0.16234374
v 0.57518734 1.00261079 0.13697820
v 0.33265714 1.00090292 0.23930738
v 0.26098515 1.00536183 0.35346354
v 0.23667411 1.00136098 0.48670073
v 0.25950344 0.99799831 0.61400180
v 0.57982530 0.47649579 0.88425653
v 0.57992427 0.55097614 0.88112390
v 0.32240113 0.55981932 0.74055933
v 0.29809782 0.55112461 0.76431623
v 0.71893697 0.55994389 0.81911325
v 0.73206430 0.55398242 0.85062031
v 0.86063748 0.55268494 0.76399538
v 0.83738973 0.55997676 0.74074544
v 0.73266331 0.47642595 0.85265127
v 0.73206430 0.55398242 0.85062031
v 0.86328439 0.47649835 0.76620922
v 0.86063748 0.55268494 0.76399538
v 0.91564686 0.55987030 0.62238279
v 0.94669113 0.55250851 0.63514159
v 0.97732378 0.55083756 0.48284292
v 0.94409108 0.55958079 0.48317372
v 0.94929610 0.47642370 0.63601965
v 0.94669113 0.55250851 0.63514159
v 0.98090125 0.47649741 0.48317419
v 0.97732378 0.55083756 0.48284292
v 0.91562048 0.55987088 0.34397124
v 0.94597890 0.55068798 0.33088002
v 0.86079027 0.55121115 0.20263805
v 0.83717058 0.55977590 0.22582127
v 0.94931303 0.47641076 0.33008346
v 0.94597890 0.55068798 0.33088002
v 0.86332719 0.47653339 0.19966439
v 0.86079027 0.55121115 0.20263805
v 0.71902857 0.55987036 0.14734231
v 0.73173728 0.55260490 0.11752011
v 0.57914388 0.55109681 0.08637887
v 0.57982118 0.55958135 0.11889863
v 0.73291035 0.47641055 0.11367789
v 0.73173728 0.55260490 0.11752011
v 0.57982396 0.47649593 0.08208200
v 0.57914388 0.55109681 0.08637887
v 0.44060684 0.55987076 0.14734566
v 0.42831174 0.55098820 0.11735530
v 0.42697140 0.47642362 0.11369484
v 0.42831174 0.55098820 0.11735530
v 0.57914388 0.55109681 0.08637887
v 0.57982396 0.47649593 0.08208200
v 0.68173395 0.87810629 0.80481406
v 0.69581072 0.89064616 0.82708669
v 0.75023833 0.83353203 0.77757163
v 0.76649593 0.83591524 0.79406978
v 0.75504595 0.70074326 0.77236557
v 0.77322827 0.70035208 0.79003767
v 0.74893756 0.61922040 0.77486396
v 0.76482739 0.61851827 0.79523690
v 0.39901967 0.83759601 0.79641790
v 0.41004375 0.83244115 0.77324991
v 0.39228620 0.69979148 0.79371094
v 0.40452629 0.70025725 0.77199363
v 0.72980742 0.60972378 0.81080407
v 0.72400111 0.61312395 0.78873076
v 0.21034022 0.47642370 0.33032691
v 0.29678207 0.47649816 0.19970724
v 0.33085511 0.47649378 0.23382539
v 0.25481844 0.47642835 0.34872210
v 0.42697140 0.47642362 0.11369484
v 0.57982396 0.47649593 0.08208200
v 0.57982660 0.47649186 0.13035899
v 0.44537324 0.47642828 0.15816648
v 0.94929610 0.47642370 0.63601965
v 0.86328439 0.47649835 0.76620922
v 0.82916629 0.47649395 0.73213627
v 0.90482463 0.47642835 0.61761792
v 0.98090125 0.47649741 0.48317419
v 0.93262537 0.47649311 0.48317079
v 0.94931303 0.47641076 0.33008346
v 0.90483952 0.47641696 0.34850796
v 0.29630999 0.47653340 0.76668157
v 0.21032316 0.47641090 0.63626337
v 0.25480344 0.47641705 0.61783226
v 0.33043984 0.47652484 0.73255174
v 0.86332719 0.47653339 0.19966439
v 0.82920391 0.47652476 0.23378770
v 0.17873403 0.47649755 0.48317436
v 0.22701669 0.47649325 0.48317094
v 0.42673056 0.47641363 0.85266871
v 0.44516139 0.47641948 0.80818842
v 0.57982530 0.47649579 0.88425653
v 0.57982780 0.47649175 0.83597403
v 0.73291035 0.47641055 0.11367789
v 0.71448569 0.47641671 0.15815157
v 0.73266331 0.47642595 0.85265127
v 0.71426838 0.47643029 0.80817309
v 0.75507867 0.61527438 0.79848847
v 0.75507867 0.61527438 0.77834985
v 0.75507867 0.83935255 0.77834982
v 0.75507867 0.83935255 0.79848843
v 0.40500465 0.61548801 0.77845399
v 0.40500465 0.61548801 0.79859263
v 0.40500465 0.83956632 0.79859259
v 0.40500465 0.83956631 0.77845395
v 0.66775501 0.88958771 0.81900671
v 0.57981895 0.88958771 0.81900671
v 0.57981895 0.88958771 0.83914528
v 0.66775501 0.88958771 0.83914528
v 0.49188294 0.88958771 0.81900671
v 0.49188294 0.88958771 0.83914528
v 0.67285386 0.61527439 0.83794998
v 0.57981895 0.61527439 0.83794998
v 0.57981895 0.61527439 0.81781134
v 0.67285386 0.61527439 0.81781134
v 0.48678410 0.61527439 0.83794998
v 0.48678410 0.61527439 0.81781134
v 0.40500465 0.83956632 0.79859259
v 0.40500465 0.83956631 0.77845395
v 0.75507867 0.61527438 0.77834985
v 0.75507867 0.61527438 0.79848847
v 0.40500465 0.61548801 0.77845399
v 0.40500465 0.61548801 0.79859263
v 0.75507867 0.83935255 0.79848843
v 0.75507867 0.83935255 0.77834982
v 0.51041549 0.63179147 0.83802766
v 0.48678410 0.61527439 0.83794998
v 0.57981895 0.61527439 0.83794998
v 0.55129491 0.63179147 0.83802766
v 0.57981895 0.88958771 0.83914528
v 0.55129927 0.87412039 0.83906767
v 0.49188294 0.88958771 0.83914528
v 0.51397796 0.87412039 0.83906767
v 0.60834300 0.63179147 0.83802766
v 0.67285386 0.61527439 0.83794998
v 0.64922247 0.63179147 0.83802766
v 0.66775501 0.88958771 0.83914528
v 0.64566268 0.87412039 0.83906767
v 0.60833864 0.87412039 0.83906767
v 0.43410497 0.63179146 0.81266131
v 0.40500465 0.61548801 0.79859263
v 0.46780028 0.63179147 0.83083527
v 0.47198404 0.84845113 0.83191243
v 0.40500465 0.83956632 0.79859259
v 0.43414639 0.83063525 0.81255699
v 0.69183763 0.63179147 0.83083527
v 0.75507867 0.61527438 0.79848847
v 0.72553293 0.63179146 0.81266131
v 0.75507867 0.83935255 0.79848843
v 0.72549156 0.83063525 0.81255699
v 0.68765731 0.84845113 0.83191243
v 0.55329132 0.63179147 0.81788902
v 0.57981895 0.61527439 0.81781134
v 0.48678410 0.61527439 0.81781134
v 0.50840736 0.63179147 0.81788902
v 0.49188294 0.88958771 0.81900671
v 0.51194425 0.87412039 0.81892901
v 0.57981895 0.88958771 0.81900671
v 0.55332690 0.87412039 0.81892901
v 0.65123338 0.63179147 0.81788902
v 0.67285386 0.61527439 0.81781134
v 0.60634663 0.63179147 0.81788902
v 0.60631105 0.87412039 0.81892901
v 0.66775501 0.88958771 0.81900671
v 0.64769083 0.87412039 0.81892901
v 0.72588826 0.63179146 0.79330224
v 0.75507867 0.61527438 0.77834985
v 0.68920382 0.63179146 0.80991660
v 0.68507747 0.84716456 0.81106127
v 0.75507867 0.83935255 0.77834982
v 0.72579629 0.83111143 0.79311018
v 0.47043409 0.63179146 0.80991660
v 0.40500465 0.61548801 0.77845399
v 0.43374964 0.63179146 0.79330224
v 0.40500465 0.83956631 0.77845395
v 0.43384166 0.83111143 0.79311018
v 0.47456045 0.84716456 0.81106127
v 0.55332690 0.87412039 0.81892901
v 0.55329132 0.63179147 0.81788902
v 0.55129491 0.63179147 0.83802766
v 0.55129927 0.87412039 0.83906767
v 0.51194425 0.87412039 0.81892901
v 0.55332690 0.87412039 0.81892901
v 0.55129927 0.87412039 0.83906767
v 0.51397796 0.87412039 0.83906767
v 0.50840736 0.63179147 0.81788902
v 0.51194425 0.87412039 0.81892901
v 0.51397796 0.87412039 0.83906767
v 0.51041549 0.63179147 0.83802766
v 0.55329132 0.63179147 0.81788902
v 0.50840736 0.63179147 0.81788902
v 0.51041549 0.63179147 0.83802766
v 0.55129491 0.63179147 0.83802766
v 0.64769083 0.87412039 0.81892901
v 0.65123338 0.63179147 0.81788902
v 0.64922247 0.63179147 0.83802766
v 0.64566268 0.87412039 0.83906767
v 0.60631105 0.87412039 0.81892901
v 0.64769083 0.87412039 0.81892901
v 0.64566268 0.87412039 0.83906767
v 0.60833864 0.87412039 0.83906767
v 0.60634663 0.63179147 0.81788902
v 0.60631105 0.87412039 0.81892901
v 0.60833864 0.87412039 0.83906767
v 0.60834300 0.63179147 0.83802766
v 0.65123338 0.63179147 0.81788902
v 0.60634663 0.63179147 0.81788902
v 0.60834300 0.63179147 0.83802766
v 0.64922247 0.63179147 0.83802766
v 0.72579629 0.83111143 0.79311018
v 0.72588826 0.63179146 0.79330224
v 0.72553293 0.63179146 0.81266131
v 0.72549156 0.83063525 0.81255699
v 0.68507747 0.84716456 0.81106127
v 0.72579629 0.83111143 0.79311018
v 0.72549156 0.83063525 0.81255699
v 0.68765731 0.84845113 0.83191243
v 0.68920382 0.63179146 0.80991660
v 0.68507747 0.84716456 0.81106127
v 0.68765731 0.84845113 0.83191243
v 0.69183763 0.63179147 0.83083527
v 0.72588826 0.63179146 0.79330224
v 0.68920382 0.63179146 0.80991660
v 0.69183763 0.63179147 0.83083527
v 0.72553293 0.63179146 0.81266131
v 0.47456045 0.84716456 0.81106127
v 0.47043409 0.63179146 0.80991660
v 0.46780028 0.63179147 0.83083527
v 0.47198404 0.84845113 0.83191243
v 0.43384166 0.83111143 0.79311018
v 0.47456045 0.84716456 0.81106127
v 0.47198404 0.84845113 0.83191243
v 0.43414639 0.83063525 0.81255699
v 0.43374964 0.63179146 0.79330224
v 0.43384166 0.83111143 0.79311018
v 0.43414639 0.83063525 0.81255699
v 0.43410497 0.63179146 0.81266131
v 0.47043409 0.63179146 0.80991660
v 0.43374964 0.63179146 0.79330224
v 0.43410497 0.63179146 0.81266131
v 0.46780028 0.63179147 0.83083527
v 0.57528297 0.90344711 0.81953456
v 0.57332270 0.59885830 0.81545749
v 0.77013821 0.60008308 0.76221045
v 0.76989274 0.90302888 0.76789107
v 0.38067319 0.90386541 0.75893444
v 0.37650710 0.59763363 0.75646099
v 1.07178625 1.01505836 0.43786747
v 1.04825014 1.01384129 0.48003190
v 1.03670234 1.16715558 0.47857609
v 1.06007507 1.16894535 0.43716839
v 1.11042623 1.01782478 0.42802310
v 1.09765271 1.17177727 0.42705480
v 1.14529297 1.01984871 0.44573709
v 1.13433005 1.17407318 0.44558512
v 1.15956160 1.02115531 0.48172865
v 1.14909564 1.17537083 0.48210210
v 1.14760763 1.01969132 0.51896723
v 1.13649715 1.17401169 0.51910173
v 1.11135480 1.01806373 0.53910695
v 1.10152778 1.17204289 0.53970641
v 1.06610271 1.01513973 0.52462138
v 1.05581063 1.16829176 0.52601207
v 0.90102722 0.92861914 0.51578765
v 0.99960784 0.94183229 0.51276627
v 0.99982453 0.95162292 0.47788522
v 0.90120888 0.94301055 0.48037318
v 1.00100816 0.94108038 0.44783366
v 0.90337114 0.93190932 0.44452964
v 1.00531240 0.90531782 0.42321585
v 0.90573211 0.89634918 0.42442594
v 1.00765909 0.86133400 0.43609891
v 0.91147716 0.85287486 0.43889154
v 1.00928150 0.83712129 0.48128814
v 0.90908629 0.83413304 0.48061248
v 0.90908629 0.83413304 0.48061248
v 1.00928150 0.83712129 0.48128814
v 1.00527535 0.86153563 0.52594224
v 0.90610881 0.85564448 0.52192947
v 1.00191767 0.90507111 0.53626371
v 0.90318787 0.89471513 0.53277336
v 1.04825014 1.01384129 0.48003190
v 1.03982845 1.00898873 0.47743075
v 1.06116875 1.00827921 0.53309961
v 1.06610271 1.01513973 0.52462138
v 1.07178625 1.01505836 0.43786747
v 1.06522789 1.01094024 0.43152416
v 1.11042623 1.01782478 0.42802310
v 1.11118553 1.01329730 0.41911443
v 1.14529297 1.01984871 0.44573709
v 1.15078456 1.01544955 0.43892037
v 1.16791660 1.01580787 0.47975156
v 1.15386343 0.95269820 0.47954252
v 1.15956160 1.02115531 0.48172865
v 1.16791660 1.01580787 0.47975156
v 1.14760763 1.01969132 0.51896723
v 1.15507798 1.01478736 0.52282805
v 1.11135480 1.01806373 0.53910695
v 1.11405347 1.01305847 0.54767037
v 1.10535154 0.90326599 0.43807909
v 1.11287529 0.89271017 0.47907600
v 1.10584646 0.90316266 0.52058405
v 1.05669852 0.86877378 0.43466243
v 1.06313489 0.84979994 0.48035714
v 1.05822924 0.86796934 0.52635804
v 1.00430123 0.94894726 0.51737437
v 1.00230576 0.96012965 0.48091067
v 0.99960784 0.94183229 0.51276627
v 1.00430123 0.94894726 0.51737437
v 1.00230576 0.96012965 0.48091067
v 0.99982453 0.95162292 0.47788522
v 1.00230576 0.96012965 0.48091067
v 1.00558939 0.94830144 0.44063635
v 1.00558939 0.94830144 0.44063635
v 1.00100816 0.94108038 0.44783366
v 1.01185578 0.90586180 0.41584707
v 1.01185578 0.90586180 0.41584707
v 1.00531240 0.90531782 0.42321585
v 1.01383331 0.85535732 0.43121285
v 1.01383331 0.85535732 0.43121285
v 1.00765909 0.86133400 0.43609891
v 1.01645855 0.83198291 0.48241055
v 1.01645855 0.83198291 0.48241055
v 1.00928150 0.83712129 0.48128814
v 1.01220886 0.85612589 0.53207548
v 1.01220886 0.85612589 0.53207548
v 1.00527535 0.86153563 0.52594224
v 1.00881883 0.90423370 0.54596042
v 1.00881883 0.90423370 0.54596042
v 1.00191767 0.90507111 0.53626371
v 1.05316771 1.21287443 0.52592838
v 1.04576440 1.31672851 0.52736730
v 1.02499927 1.31532460 0.48166325
v 1.03379496 1.21084810 0.47985794
v 1.03379496 1.21084810 0.47985794
v 1.02499927 1.31532460 0.48166325
v 1.04699717 1.31678610 0.43830483
v 1.05561743 1.21212598 0.43772640
v 1.08850092 1.31992421 0.42627174
v 1.09725766 1.21530335 0.42805189
v 1.12404174 1.32234535 0.44523752
v 1.13329004 1.21748193 0.44683991
v 1.13844383 1.32334434 0.47643799
v 1.14573915 1.21875963 0.47998978
v 1.12772693 1.32251411 0.51723526
v 1.13305235 1.21880741 0.51816192
v 1.09114823 1.32004653 0.54019081
v 1.09862474 1.21591346 0.53868246
v 1.05048685 1.17286701 0.53294490
v 1.04674162 1.20906099 0.52906404
v 1.02624768 1.20599351 0.47680017
v 1.02865841 1.17115788 0.47774241
v 1.03379496 1.21084810 0.47985794
v 1.02624768 1.20599351 0.47680017
v 1.04674162 1.20906099 0.52906404
v 1.05316771 1.21287443 0.52592838
v 1.05581063 1.16829176 0.52601207
v 1.05048685 1.17286701 0.53294490
v 1.02865841 1.17115788 0.47774241
v 1.03670234 1.16715558 0.47857609
v 1.05250298 1.20808150 0.43158214
v 1.05441904 1.17511089 0.43128332
v 1.05561743 1.21212598 0.43772640
v 1.05250298 1.20808150 0.43158214
v 1.05441904 1.17511089 0.43128332
v 1.06007507 1.16894535 0.43716839
v 1.09787343 1.21018164 0.42019862
v 1.10015175 1.17696828 0.41887971
v 1.09725766 1.21530335 0.42805189
v 1.09787343 1.21018164 0.42019862
v 1.10015175 1.17696828 0.41887971
v 1.09765271 1.17177727 0.42705480
v 1.10015175 1.17696828 0.41887971
v 1.09787343 1.21018164 0.42019862
v 1.13866065 1.21349301 0.44218480
v 1.14073434 1.17906851 0.44112273
v 1.13329004 1.21748193 0.44683991
v 1.13866065 1.21349301 0.44218480
v 1.14073434 1.17906851 0.44112273
v 1.13433005 1.17407318 0.44558512
v 1.15273798 1.21590609 0.48028538
v 1.15629657 1.18013432 0.47978353
v 1.14573915 1.21875963 0.47998978
v 1.15273798 1.21590609 0.48028538
v 1.15629657 1.18013432 0.47978353
v 1.14909564 1.17537083 0.48210210
v 1.14064204 1.21463212 0.52283805
v 1.14383443 1.18066989 0.52276568
v 1.13305235 1.21880741 0.51816192
v 1.14064204 1.21463212 0.52283805
v 1.14383443 1.18066989 0.52276568
v 1.13649715 1.17401169 0.51910173
v 1.09816385 1.21260156 0.54570071
v 1.10231539 1.17677581 0.54772421
v 1.09862474 1.21591346 0.53868246
v 1.09816385 1.21260156 0.54570071
v 1.10231539 1.17677581 0.54772421
v 1.10152778 1.17204289 0.53970641
v 1.00456941 1.32155201 0.56746086
v 1.00125046 1.36061947 0.56539593
v 0.96554546 1.35771159 0.48078840
v 0.96729314 1.31839979 0.48012743
v 0.98021033 1.36476035 0.48282348
v 0.96554546 1.35771159 0.48078840
v 1.00125046 1.36061947 0.56539593
v 1.01086185 1.36636004 0.55586383
v 1.04576440 1.31672851 0.52736730
v 1.00456941 1.32155201 0.56746086
v 0.96729314 1.31839979 0.48012743
v 1.02499927 1.31532460 0.48166325
v 1.00505228 1.36170979 0.40122981
v 1.00773269 1.32170441 0.39779515
v 1.01183469 1.36780948 0.41169960
v 1.00505228 1.36170979 0.40122981
v 1.00773269 1.32170441 0.39779515
v 1.04699717 1.31678610 0.43830483
v 1.08461508 1.36597839 0.37006819
v 1.08852808 1.32598569 0.37095201
v 1.08293241 1.37148040 0.38476016
v 1.08461508 1.36597839 0.37006819
v 1.08852808 1.32598569 0.37095201
v 1.08850092 1.31992421 0.42627174
v 1.16025513 1.36955645 0.40435541
v 1.16380619 1.33123547 0.40572495
v 1.15053402 1.37641387 0.41464986
v 1.16025513 1.36955645 0.40435541
v 1.16380619 1.33123547 0.40572495
v 1.12404174 1.32234535 0.44523752
v 1.16380619 1.33123547 0.40572495
v 1.16025513 1.36955645 0.40435541
v 1.19252463 1.37113070 0.47924490
v 1.19423052 1.33267218 0.48050952
v 1.17788773 1.37835548 0.48029330
v 1.19252463 1.37113070 0.47924490
v 1.19423052 1.33267218 0.48050952
v 1.13844383 1.32334434 0.47643799
v 1.16462579 1.37087769 0.55769965
v 1.16545643 1.32982787 0.55801873
v 1.15524522 1.37683096 0.54700411
v 1.16462579 1.37087769 0.55769965
v 1.16545643 1.32982787 0.55801873
v 1.12772693 1.32251411 0.51723526
v 1.08662035 1.36527652 0.59578479
v 1.08831246 1.32472088 0.59624182
v 1.08739395 1.37241409 0.58161143
v 1.08662035 1.36527652 0.59578479
v 1.08831246 1.32472088 0.59624182
v 1.09114823 1.32004653 0.54019081
v 1.08739395 1.37241409 0.58161143
v 1.06991645 1.60379347 0.57641700
v 1.00070670 1.59922469 0.55069391
v 1.01086185 1.36636004 0.55586383
v 0.97015989 1.59837725 0.48317633
v 0.98021033 1.36476035 0.48282348
v 1.01183469 1.36780948 0.41169960
v 1.00259379 1.59803373 0.41607920
v 1.06739313 1.60214059 0.39098944
v 1.08293241 1.37148040 0.38476016
v 1.15524522 1.37683096 0.54700411
v 1.13324324 1.60683206 0.54425264
v 1.17788773 1.37835548 0.48029330
v 1.15410400 1.60846770 0.47904857
v 1.15053402 1.37641387 0.41464986
v 1.12877044 1.60586922 0.41843419
v 1.08293241 1.37148040 0.38476016
v 1.06739313 1.60214059 0.39098944
v 0.97015989 1.59837725 0.48317633
v 1.00070670 1.59922469 0.55069391
v 1.01830930 1.63540059 0.53023421
v 0.99706378 1.63388368 0.48105563
v 1.06739313 1.60214059 0.39098944
v 1.00259379 1.59803373 0.41607920
v 1.02024641 1.63542840 0.43536522
v 1.06411813 1.63527579 0.41967380
v 1.06991645 1.60379347 0.57641700
v 1.13324324 1.60683206 0.54425264
v 1.11036566 1.63852532 0.52459969
v 1.06637789 1.63828178 0.54465971
v 1.15410400 1.60846770 0.47904857
v 1.12774727 1.63872383 0.47993978
v 1.12877044 1.60586922 0.41843419
v 1.10881694 1.63724733 0.43775137
v 1.06739313 1.60214059 0.39098944
v 1.06411813 1.63527579 0.41967380
v 0.98578868 1.76602757 0.48339343
v 0.99706378 1.63388368 0.48105563
v 1.01830930 1.63540059 0.53023421
v 1.01239196 1.76825419 0.52758133
v 1.06637789 1.63828178 0.54465971
v 1.05728787 1.76984057 0.53807677
v 1.05507633 1.77232789 0.42085917
v 1.06411813 1.63527579 0.41967380
v 1.02024641 1.63542840 0.43536522
v 1.00888286 1.76772402 0.43477621
v 1.00888286 1.76772402 0.43477621
v 1.02024641 1.63542840 0.43536522
v 1.11036566 1.63852532 0.52459969
v 1.09232286 1.77127061 0.51702859
v 1.12774727 1.63872383 0.47993978
v 1.10596952 1.77279850 0.48066710
v 1.10881694 1.63724733 0.43775137
v 1.09189817 1.77446996 0.44351478
v 0.96559483 1.84110086 0.45960016
v 0.98574995 1.87097537 0.49651586
v 1.02432625 1.88856029 0.49714455
v 1.03692842 1.83833682 0.39582401
v 0.98925200 1.82600718 0.41344283
v 0.98925200 1.82600718 0.41344283
v 1.05759088 1.89342047 0.47849720
v 1.07313237 1.88345124 0.44905798
v 1.06949486 1.86390009 0.41472398
v 0.93757736 1.88036285 0.41844319
v 0.94166925 1.92611678 0.43583502
v 0.96959185 1.95726358 0.42795343
v 1.01041762 1.87051415 0.36221193
v 0.96860745 1.85622147 0.38529190
v 0.96860745 1.85622147 0.38529190
v 1.00247999 1.96396201 0.40649746
v 1.02915072 1.94880027 0.38203313
v 1.03392529 1.91105216 0.36308419
v 0.89875561 1.91037205 0.36147526
v 0.88952444 1.95330648 0.36321476
v 0.90913335 1.98894478 0.34936394
v 0.97324292 1.89883027 0.31088661
v 0.93268335 1.88670304 0.33645678
v 0.93268335 1.88670304 0.33645678
v 0.94398593 2.00000000 0.32221498
v 0.97876575 1.97989016 0.30248103
v 0.98929556 1.93881951 0.29564450
v 0.94398593 2.00000000 0.32221498
v 0.94368540 1.99285578 0.32384424
v 0.91378708 1.98208700 0.34621708
v 0.90913335 1.98894478 0.34936394
v 0.93268335 1.88670304 0.33645678
v 0.93352329 1.89663983 0.33501338
v 0.96656460 1.90704809 0.31324439
v 0.97324292 1.89883027 0.31088661
v 0.88952444 1.95330648 0.36321476
v 0.89782328 1.95160435 0.35551116
v 0.90538202 1.91750333 0.35222306
v 0.89875561 1.91037205 0.36147526
v 0.98086425 1.93966499 0.30005857
v 0.98929556 1.93881951 0.29564450
v 0.97876575 1.97989016 0.30248103
v 0.97207290 1.97405263 0.30652039
v 0.90538202 1.91750333 0.35222306
v 0.91537406 1.91813895 0.36612348
v 0.94336950 1.89633939 0.34904056
v 0.93352329 1.89663983 0.33501338
v 0.91378708 1.98208700 0.34621708
v 0.92393784 1.98041394 0.35748571
v 0.90852268 1.95211873 0.36859863
v 0.89782328 1.95160435 0.35551116
v 0.98086425 1.93966499 0.30005857
v 0.98855590 1.94059733 0.31622704
v 0.97898026 1.97209208 0.32187171
v 0.97207290 1.97405263 0.30652039
v 0.94368540 1.99285578 0.32384424
v 0.95178519 1.98978884 0.33589291
v 0.97677665 1.90757753 0.32746119
v 0.96656460 1.90704809 0.31324439
v 1.04825014 1.01384129 0.48003190
v 1.03670234 1.16715558 0.47857609
v 0.26222273 0.01316802 0.78834704
v 0.15146500 0.01284039 0.78728383
v 0.15159701 0.13177238 0.78597319
v 0.26119668 0.13111444 0.78733686
v 0.26130382 0.01343969 0.91587689
v 0.26222273 0.01316802 0.78834704
v 0.26119668 0.13111444 0.78733686
v 0.26158211 0.12790370 0.91913852
v 0.25530570 0.13865335 0.91013704
v 0.26158211 0.12790370 0.91913852
v 0.26119668 0.13111444 0.78733686
v 0.25404214 0.13684620 0.79315658
v 0.25404214 0.13684620 0.79315658
v 0.26119668 0.13111444 0.78733686
v 0.15159701 0.13177238 0.78597319
v 0.15877752 0.13745228 0.79297583
v 0.25404214 0.13684620 0.79315658
v 0.15877752 0.13745228 0.79297583
v 0.15857093 0.35105912 0.79316884
v 0.25402335 0.35148438 0.79299267
v 0.25530570 0.13865335 0.91013704
v 0.25404214 0.13684620 0.79315658
v 0.25402335 0.35148438 0.79299267
v 0.25428277 0.35034077 0.90977573
v 0.26233353 0.47555146 0.91650441
v 0.15018743 0.47785783 0.91770731
v 0.14940944 0.35587614 0.91704198
v 0.26169320 0.35798419 0.91696886
v 0.15018743 0.47785783 0.91770731
v 0.26233353 0.47555146 0.91650441
v 0.26116413 0.47636878 0.78647648
v 0.15122780 0.47598721 0.78632734
v 0.15018743 0.47785783 0.91770731
v 0.15122780 0.47598721 0.78632734
v 0.15091894 0.35701182 0.78760662
v 0.14940944 0.35587614 0.91704198
v 0.15857093 0.35105912 0.79316884
v 0.15091894 0.35701182 0.78760662
v 0.26113703 0.35764105 0.78681821
v 0.25402335 0.35148438 0.79299267
v 0.25402335 0.35148438 0.79299267
v 0.26113703 0.35764105 0.78681821
v 0.26169320 0.35798419 0.91696886
v 0.25428277 0.35034077 0.90977573
v 0.90975246 0.01318752 0.78765023
v 0.91048204 0.12781769 0.78838165
v 1.02091433 0.12730069 0.78660502
v 1.02145291 0.01249725 0.78685383
v 0.90867576 0.01215033 0.91611697
v 0.90978277 0.12608498 0.91967422
v 0.91048204 0.12781769 0.78838165
v 0.90975246 0.01318752 0.78765023
v 1.02196498 0.01143466 0.91774279
v 1.02273309 0.12829934 0.91961085
v 0.90978277 0.12608498 0.91967422
v 0.90867576 0.01215033 0.91611697
v 1.02145291 0.01249725 0.78685383
v 1.02091433 0.12730069 0.78660502
v 1.02273309 0.12829934 0.91961085
v 1.02196498 0.01143466 0.91774279
v 0.91595685 0.13860526 0.90998306
v 0.91747484 0.13690199 0.79312895
v 0.91048204 0.12781769 0.78838165
v 0.90978277 0.12608498 0.91967422
v 0.91747484 0.13690199 0.79312895
v 1.01269036 0.13719889 0.79303447
v 1.02091433 0.12730069 0.78660502
v 0.91048204 0.12781769 0.78838165
v 0.91747484 0.13690199 0.79312895
v 0.91739051 0.35144187 0.79310283
v 1.01309010 0.35141831 0.79316297
v 1.01269036 0.13719889 0.79303447
v 0.91595685 0.13860526 0.90998306
v 0.91656121 0.34961287 0.91034200
v 0.91739051 0.35144187 0.79310283
v 0.91747484 0.13690199 0.79312895
v 0.90868504 0.47575388 0.91555803
v 0.90857326 0.35735141 0.91680207
v 1.02135245 0.35665909 0.91680810
v 1.02046137 0.47581259 0.91668622
v 1.02046137 0.47581259 0.91668622
v 1.01970762 0.47574650 0.78684010
v 0.90910796 0.47462234 0.78660897
v 0.90868504 0.47575388 0.91555803
v 1.02046137 0.47581259 0.91668622
v 1.02135245 0.35665909 0.91680810
v 1.01993206 0.35775356 0.78575782
v 1.01970762 0.47574650 0.78684010
v 1.01309010 0.35141831 0.79316297
v 0.91739051 0.35144187 0.79310283
v 0.91023495 0.35837664 0.78788793
v 1.01993206 0.35775356 0.78575782
v 0.91739051 0.35144187 0.79310283
v 0.91656121 0.34961287 0.91034200
v 0.90857326 0.35735141 0.91680207
v 0.91023495 0.35837664 0.78788793
v 1.01309010 0.35141831 0.79316297
v 1.01557009 0.34889801 0.82921382
v 1.01623207 0.13886383 0.82769048
v 1.01269036 0.13719889 0.79303447
v 0.90119904 0.46228600 0.79996791
v 0.90910796 0.47462234 0.78660897
v 0.91023495 0.35837664 0.78788793
v 0.90201173 0.37476349 0.80315332
v 0.90857326 0.35735141 0.91680207
v 0.90197280 0.37161320 0.90113734
v 0.90868504 0.47575388 0.91555803
v 0.90049691 0.46261154 0.90203970
v 0.90049691 0.46261154 0.90203970
v 0.90868504 0.47575388 0.91555803
v 0.90910796 0.47462234 0.78660897
v 0.90119904 0.46228600 0.79996791
v 0.27026086 0.46260168 0.80022313
v 0.26116413 0.47636878 0.78647648
v 0.26233353 0.47555146 0.91650441
v 0.27259446 0.46189731 0.90120331
v 0.27259446 0.46189731 0.90120331
v 0.26233353 0.47555146 0.91650441
v 0.26169320 0.35798419 0.91696886
v 0.26968165 0.37275504 0.90101566
v 0.26968165 0.37275504 0.90101566
v 0.26169320 0.35798419 0.91696886
v 0.26113703 0.35764105 0.78681821
v 0.26952308 0.37220786 0.80263550
v 0.26952308 0.37220786 0.80263550
v 0.26113703 0.35764105 0.78681821
v 0.26116413 0.47636878 0.78647648
v 0.27026086 0.46260168 0.80022313
v 0.26132077 0.01351338 0.20929839
v 0.26188830 0.13066441 0.20926381
v 0.15093742 0.13010029 0.21015502
v 0.15133885 0.01306265 0.21034977
v 0.26056899 0.01313922 0.08189428
v 0.26105585 0.12945416 0.08260433
v 0.26188830 0.13066441 0.20926381
v 0.26132077 0.01351338 0.20929839
v 0.15162218 0.01279404 0.08112307
v 0.15101231 0.13123702 0.08094487
v 0.26105585 0.12945416 0.08260433
v 0.26056899 0.01313922 0.08189428
v 0.15133885 0.01306265 0.21034977
v 0.15093742 0.13010029 0.21015502
v 0.15101231 0.13123702 0.08094487
v 0.15162218 0.01279404 0.08112307
v 0.25339247 0.13957495 0.20105665
v 0.15823296 0.13727835 0.20292650
v 0.15093742 0.13010029 0.21015502
v 0.26188830 0.13066441 0.20926381
v 0.15823296 0.13727835 0.20292650
v 0.15864968 0.13764340 0.08644045
v 0.15101231 0.13123702 0.08094487
v 0.15093742 0.13010029 0.21015502
v 0.15823296 0.13727835 0.20292650
v 0.15804588 0.35094658 0.20337406
v 0.15888706 0.35173922 0.08658527
v 0.15864968 0.13764340 0.08644045
v 0.25339247 0.13957495 0.20105665
v 0.25336358 0.34968062 0.20085194
v 0.15804588 0.35094658 0.20337406
v 0.15823296 0.13727835 0.20292650
v 0.26342670 0.47498989 0.07974457
v 0.26122010 0.35892159 0.08195099
v 0.15160188 0.35820876 0.08174888
v 0.15013063 0.47549261 0.08106047
v 0.15013063 0.47549261 0.08106047
v 0.15040789 0.47550752 0.21087768
v 0.26228612 0.47528853 0.20991023
v 0.26342670 0.47498989 0.07974457
v 0.15013063 0.47549261 0.08106047
v 0.15160188 0.35820876 0.08174888
v 0.15199644 0.35744904 0.21026069
v 0.15040789 0.47550752 0.21087768
v 0.15804588 0.35094658 0.20337406
v 0.25336358 0.34968062 0.20085194
v 0.26185381 0.35709255 0.21043353
v 0.15199644 0.35744904 0.21026069
v 0.15888706 0.35173922 0.08658527
v 0.15804588 0.35094658 0.20337406
v 0.15199644 0.35744904 0.21026069
v 0.15160188 0.35820876 0.08174888
v 0.90976976 0.01396805 0.20955013
v 1.01854726 0.01422951 0.20971276
v 1.02129870 0.13318564 0.20873651
v 0.91043717 0.13169800 0.20944290
v 0.90955480 0.01440607 0.08192167
v 0.90976976 0.01396805 0.20955013
v 0.91043717 0.13169800 0.20944290
v 0.90997440 0.12752090 0.08091075
v 1.02012039 0.01272973 0.08241775
v 0.90955480 0.01440607 0.08192167
v 0.90997440 0.12752090 0.08091075
v 1.02219775 0.12858235 0.07906643
v 1.01854726 0.01422951 0.20971276
v 1.02012039 0.01272973 0.08241775
v 1.02219775 0.12858235 0.07906643
v 1.02129870 0.13318564 0.20873651
v 0.91702104 0.13924732 0.20185611
v 0.91043717 0.13169800 0.20944290
v 1.02129870 0.13318564 0.20873651
v 1.01331990 0.13789426 0.20349270
v 1.01331990 0.13789426 0.20349270
v 1.02129870 0.13318564 0.20873651
v 1.02219775 0.12858235 0.07906643
v 1.01401658 0.13924879 0.09211287
v 1.01331990 0.13789426 0.20349270
v 1.01401658 0.13924879 0.09211287
v 1.01263754 0.35132543 0.08690099
v 1.01319078 0.35071308 0.20281677
v 0.91702104 0.13924732 0.20185611
v 1.01331990 0.13789426 0.20349270
v 1.01319078 0.35071308 0.20281677
v 0.91725020 0.35109020 0.20318429
v 0.91040287 0.47394589 0.08177753
v 1.02068138 0.47593910 0.08011157
v 1.02157171 0.35685721 0.08077875
v 0.90867241 0.35683319 0.08057159
v 1.02068138 0.47593910 0.08011157
v 0.91040287 0.47394589 0.08177753
v 0.90901231 0.47525396 0.21156077
v 1.02040000 0.47727798 0.21109972
v 1.02068138 0.47593910 0.08011157
v 1.02040000 0.47727798 0.21109972
v 1.02092138 0.35693128 0.21100341
v 1.02157171 0.35685721 0.08077875
v 1.01319078 0.35071308 0.20281677
v 1.02092138 0.35693128 0.21100341
v 0.90934241 0.35721080 0.20967769
v 0.91725020 0.35109020 0.20318429
v 1.01263754 0.35132543 0.08690099
v 1.02157171 0.35685721 0.08077875
v 1.02092138 0.35693128 0.21100341
v 1.01319078 0.35071308 0.20281677
v 0.90128058 0.46261280 0.19477492
v 0.90179119 0.37002615 0.19440626
v 0.90934241 0.35721080 0.20967769
v 0.90901231 0.47525396 0.21156077
v 0.90282542 0.37212546 0.09510037
v 0.90867241 0.35683319 0.08057159
v 0.90225452 0.46159400 0.09477679
v 0.91040287 0.47394589 0.08177753
v 0.90225452 0.46159400 0.09477679
v 0.90128058 0.46261280 0.19477492
v 0.90901231 0.47525396 0.21156077
v 0.91040287 0.47394589 0.08177753
v 0.26938804 0.46236695 0.19500534
v 0.26959398 0.46181121 0.09468923
v 0.26342670 0.47498989 0.07974457
v 0.26228612 0.47528853 0.20991023
v 0.26959398 0.46181121 0.09468923
v 0.26860386 0.37189297 0.09471649
v 0.26122010 0.35892159 0.08195099
v 0.26342670 0.47498989 0.07974457
v 0.26911784 0.36983995 0.19446080
v 0.26185381 0.35709255 0.21043353
v 0.26911784 0.36983995 0.19446080
v 0.26185381 0.35709255 0.21043353
v 0.51350221 0.36721172 0.19370479
v 0.90179119 0.37002615 0.19440626
v 0.90128058 0.46261280 0.19477492
v 0.51156395 0.45227486 0.19461748
v 0.51307089 0.36808995 0.10135280
v 0.90282542 0.37212546 0.09510037
v 0.90179119 0.37002615 0.19440626
v 0.51350221 0.36721172 0.19370479
v 0.51123785 0.45198140 0.10023319
v 0.90225452 0.46159400 0.09477679
v 0.90282542 0.37212546 0.09510037
v 0.51307089 0.36808995 0.10135280
v 0.51156395 0.45227486 0.19461748
v 0.90128058 0.46261280 0.19477492
v 0.90225452 0.46159400 0.09477679
v 0.51123785 0.45198140 0.10023319
v 0.16560450 0.46108150 0.21891443
v 0.15040789 0.47550752 0.21087768
v 0.15199644 0.35744904 0.21026069
v 0.16584866 0.37239941 0.21869676
v 0.16584866 0.37239941 0.21869676
v 0.15199644 0.35744904 0.21026069
v 0.26185381 0.35709255 0.21043353
v 0.24768143 0.37196690 0.21788186
v 0.24768143 0.37196690 0.21788186
v 0.26185381 0.35709255 0.21043353
v 0.26228612 0.47528853 0.20991023
v 0.24727588 0.46158241 0.21839432
v 0.24727588 0.46158241 0.21839432
v 0.26228612 0.47528853 0.20991023
v 0.15040789 0.47550752 0.21087768
v 0.16560450 0.46108150 0.21891443
v 0.16589470 0.46082812 0.77950193
v 0.15122780 0.47598721 0.78632734
v 0.26116413 0.47636878 0.78647648
v 0.24699931 0.46096385 0.78012623
v 0.26113703 0.35764105 0.78681821
v 0.24770104 0.37164480 0.77939185
v 0.24770104 0.37164480 0.77939185
v 0.26113703 0.35764105 0.78681821
v 0.15091894 0.35701182 0.78760662
v 0.16600810 0.37274514 0.77989017
v 0.92433364 0.37232413 0.77979827
v 0.91023495 0.35837664 0.78788793
v 0.90910796 0.47462234 0.78660897
v 0.92454853 0.46084159 0.77972228
v 1.01970762 0.47574650 0.78684010
v 1.00561434 0.46089162 0.77926034
v 1.00564203 0.46114128 0.21896648
v 1.02040000 0.47727798 0.21109972
v 0.90901231 0.47525396 0.21156077
v 0.92445421 0.46157159 0.21908829
v 0.92445421 0.46157159 0.21908829
v 0.90901231 0.47525396 0.21156077
v 0.90934241 0.35721080 0.20967769
v 0.92429907 0.37177734 0.21871905
v 0.92429907 0.37177734 0.21871905
v 0.90934241 0.35721080 0.20967769
v 1.02092138 0.35693128 0.21100341
v 1.00599498 0.37224561 0.21874285
v 1.00599498 0.37224561 0.21874285
v 1.02092138 0.35693128 0.21100341
v 1.02040000 0.47727798 0.21109972
v 1.00564203 0.46114128 0.21896648
v 1.00599498 0.37224561 0.21874285
v 1.00564203 0.46114128 0.21896648
v 1.00283897 0.44874458 0.49409263
v 1.00183268 0.36702619 0.49339399
v 0.92429907 0.37177734 0.21871905
v 1.00599498 0.37224561 0.21874285
v 1.00183268 0.36702619 0.49339399
v 0.92942947 0.36817155 0.49307455
v 0.92445421 0.46157159 0.21908829
v 0.92429907 0.37177734 0.21871905
v 0.92942947 0.36817155 0.49307455
v 0.92804048 0.44754655 0.49378562
v 1.00564203 0.46114128 0.21896648
v 0.92445421 0.46157159 0.21908829
v 0.92804048 0.44754655 0.49378562
v 1.00283897 0.44874458 0.49409263
v 0.24727588 0.46158241 0.21839432
v 0.16560450 0.46108150 0.21891443
v 0.16844758 0.45641391 0.52723621
v 0.24281285 0.45571213 0.52701360
v 0.24768143 0.37196690 0.21788186
v 0.24727588 0.46158241 0.21839432
v 0.24281285 0.45571213 0.52701360
v 0.24217331 0.37546949 0.52695637
v 0.16584866 0.37239941 0.21869676
v 0.24768143 0.37196690 0.21788186
v 0.24217331 0.37546949 0.52695637
v 0.16981373 0.37603855 0.52722171
v 0.16560450 0.46108150 0.21891443
v 0.16584866 0.37239941 0.21869676
v 0.16981373 0.37603855 0.52722171
v 0.16844758 0.45641391 0.52723621
v 0.90197280 0.37161320 0.90113734
v 0.90049691 0.46261154 0.90203970
v 0.76332887 0.43096019 0.89370176
v 0.80240279 0.36314243 0.89924481
v 0.90049691 0.46261154 0.90203970
v 0.90119904 0.46228600 0.79996791
v 0.76985271 0.42969200 0.80629762
v 0.76332887 0.43096019 0.89370176
v 0.76985271 0.42969200 0.80629762
v 0.90119904 0.46228600 0.79996791
v 0.90201173 0.37476349 0.80315332
v 0.80981935 0.36329274 0.80866139
v 0.80240279 0.36314243 0.89924481
v 0.80981935 0.36329274 0.80866139
v 0.90201173 0.37476349 0.80315332
v 0.90197280 0.37161320 0.90113734
v 0.80981935 0.36329274 0.80866139
v 0.80240279 0.36314243 0.89924481
v 0.76332887 0.43096019 0.89370176
v 0.76985271 0.42969200 0.80629762
v 0.27259446 0.46189731 0.90120331
v 0.26968165 0.37275504 0.90101566
v 0.74615942 0.28118373 0.89815505
v 0.72512363 0.36331753 0.89992434
v 0.72512363 0.36331753 0.89992434
v 0.72385242 0.36433754 0.80532044
v 0.27026086 0.46260168 0.80022313
v 0.27259446 0.46189731 0.90120331
v 0.27026086 0.46260168 0.80022313
v 0.72385242 0.36433754 0.80532044
v 0.75122513 0.28529585 0.80672983
v 0.26952308 0.37220786 0.80263550
v 0.75122513 0.28529585 0.80672983
v 0.74615942 0.28118373 0.89815505
v 0.26968165 0.37275504 0.90101566
v 0.26952308 0.37220786 0.80263550
v 0.74615942 0.28118373 0.89815505
v 0.75122513 0.28529585 0.80672983
v 0.72385242 0.36433754 0.80532044
v 0.72512363 0.36331753 0.89992434
v 0.24770104 0.37164480 0.77939185
v 0.16600810 0.37274514 0.77989017
v 0.24699931 0.46096385 0.78012623
v 0.24770104 0.37164480 0.77939185
v 0.16589470 0.46082812 0.77950193
v 0.24699931 0.46096385 0.78012623
v 0.16600810 0.37274514 0.77989017
v 0.16589470 0.46082812 0.77950193
v 1.01993206 0.35775356 0.78575782
v 0.92433364 0.37232413 0.77979827
v 0.92433364 0.37232413 0.77979827
v 0.92454853 0.46084159 0.77972228
v 1.00561434 0.46089162 0.77926034
v 1.01993206 0.35775356 0.78575782
v 0.92454853 0.46084159 0.77972228
v 1.00561434 0.46089162 0.77926034
v 0.26860386 0.37189297 0.09471649
v 0.26911784 0.36983995 0.19446080
v 0.26959398 0.46181121 0.09468923
v 0.26860386 0.37189297 0.09471649
v 0.26911784 0.36983995 0.19446080
v 0.26938804 0.46236695 0.19500534
v 0.26938804 0.46236695 0.19500534
v 0.26959398 0.46181121 0.09468923
v 1.01071877 0.13665379 0.91000956
v 1.02273309 0.12829934 0.91961085
v 0.91656121 0.34961287 0.91034200
v 0.91595685 0.13860526 0.90998306
v 0.94154720 0.13903408 0.91102183
v 0.94271593 0.34915803 0.91129166
v 1.02273309 0.12829934 0.91961085
v 1.01071877 0.13665379 0.91000956
v 1.01071877 0.13665379 0.91000956
v 1.01623207 0.13886383 0.82769048
v 0.94985709 0.13930799 0.83808672
v 0.94154720 0.13903408 0.91102183
v 0.94985709 0.13930799 0.83808672
v 1.01623207 0.13886383 0.82769048
v 1.01557009 0.34889801 0.82921382
v 0.94989742 0.34841882 0.83790556
v 0.94154720 0.13903408 0.91102183
v 0.94985709 0.13930799 0.83808672
v 0.94989742 0.34841882 0.83790556
v 0.94271593 0.34915803 0.91129166
v 1.01557009 0.34889801 0.82921382
v 1.01223908 0.35145926 0.91025501
v 0.94271593 0.34915803 0.91129166
v 0.94989742 0.34841882 0.83790556
v 1.01223908 0.35145926 0.91025501
v 1.02135245 0.35665909 0.91680810
v 1.01223908 0.35145926 0.91025501
v 1.02135245 0.35665909 0.91680810
v 0.90997440 0.12752090 0.08091075
v 0.92098801 0.13597279 0.09043764
v 0.92098801 0.13597279 0.09043764
v 0.90997440 0.12752090 0.08091075
v 0.91702104 0.13924732 0.20185611
v 0.91725020 0.35109020 0.20318429
v 0.91417339 0.35000903 0.16653531
v 0.91282056 0.13823679 0.16383041
v 0.90867241 0.35683319 0.08057159
v 0.91620584 0.35158885 0.09008918
v 0.91417339 0.35000903 0.16653531
v 0.91620584 0.35158885 0.09008918
v 0.98316313 0.34964413 0.09031389
v 0.98097760 0.34806747 0.15943304
v 0.91620584 0.35158885 0.09008918
v 0.90867241 0.35683319 0.08057159
v 1.01263754 0.35132543 0.08690099
v 1.01401658 0.13924879 0.09211287
v 0.98593584 0.14006425 0.09038128
v 0.98316313 0.34964413 0.09031389
v 0.98593584 0.14006425 0.09038128
v 0.92098801 0.13597279 0.09043764
v 0.91282056 0.13823679 0.16383041
v 0.97947271 0.14064510 0.15754548
v 0.91282056 0.13823679 0.16383041
v 0.91417339 0.35000903 0.16653531
v 0.98097760 0.34806747 0.15943304
v 0.97947271 0.14064510 0.15754548
v 0.98316313 0.34964413 0.09031389
v 0.98593584 0.14006425 0.09038128
v 0.97947271 0.14064510 0.15754548
v 0.98097760 0.34806747 0.15943304
v 0.25336358 0.34968062 0.20085194
v 0.25339247 0.13957495 0.20105665
v 0.25369216 0.14031298 0.16899302
v 0.25319756 0.34916883 0.16678843
v 0.25369216 0.14031298 0.16899302
v 0.19389892 0.14174390 0.16202838
v 0.19216090 0.34886571 0.16390181
v 0.25319756 0.34916883 0.16678843
v 0.19216090 0.34886571 0.16390181
v 0.19389892 0.14174390 0.16202838
v 0.18554294 0.14067526 0.08983198
v 0.18708736 0.34875884 0.09051768
v 0.18554294 0.14067526 0.08983198
v 0.15864968 0.13764340 0.08644045
v 0.25153824 0.13691169 0.09354983
v 0.26105585 0.12945416 0.08260433
v 0.25319756 0.34916883 0.16678843
v 0.19216090 0.34886571 0.16390181
v 0.18708736 0.34875884 0.09051768
v 0.25431517 0.35139037 0.09162478
v 0.26122010 0.35892159 0.08195099
v 0.25431517 0.35139037 0.09162478
v 0.19389892 0.14174390 0.16202838
v 0.25369216 0.14031298 0.16899302
v 0.25153824 0.13691169 0.09354983
v 0.18554294 0.14067526 0.08983198
v 0.25153824 0.13691169 0.09354983
v 0.26105585 0.12945416 0.08260433
v 0.25431517 0.35139037 0.09162478
v 0.26122010 0.35892159 0.08195099
v 0.15159701 0.13177238 0.78597319
v 0.14687353 0.12512897 0.85691409
v 0.15357848 0.13863106 0.82655764
v 0.15877752 0.13745228 0.79297583
v 0.15522415 0.34963393 0.82750301
v 0.15857093 0.35105912 0.79316884
v 0.15357848 0.13863106 0.82655764
v 0.21341235 0.14156762 0.83603610
v 0.21592899 0.34918828 0.83513107
v 0.15522415 0.34963393 0.82750301
v 0.21592899 0.34918828 0.83513107
v 0.21341235 0.14156762 0.83603610
v 0.22335875 0.13988369 0.91196502
v 0.22154959 0.35003982 0.91052066
v 0.22335875 0.13988369 0.91196502
v 0.25530570 0.13865335 0.91013704
v 0.25428277 0.35034077 0.90977573
v 0.22154959 0.35003982 0.91052066
v 0.26158211 0.12790370 0.91913852
v 0.26130382 0.01343969 0.91587689
v 0.14975557 0.01378209 0.91486515
v 0.14755072 0.07245740 0.91921728
v 0.14940944 0.35587614 0.91704198
v 0.15707357 0.35197614 0.90761577
v 0.22154959 0.35003982 0.91052066
v 0.15707357 0.35197614 0.90761577
v 0.15522415 0.34963393 0.82750301
v 0.21592899 0.34918828 0.83513107
v 0.15522415 0.34963393 0.82750301
v 0.15707357 0.35197614 0.90761577
v 0.14940944 0.35587614 0.91704198
v 0.15091894 0.35701182 0.78760662
v 0.24408736 0.47146657 0.91259398
v 0.35872428 0.47146655 0.79652162
v 0.35872428 0.52191360 0.79652162
v 0.24408736 0.52191362 0.91259397
v 0.26730006 0.47146653 0.70509403
v 0.15266321 0.47146655 0.82116982
v 0.15266321 0.52191361 0.82116642
v 0.26730006 0.52191359 0.70509403
v 0.24408736 0.52191362 0.91259397
v 0.35872428 0.52191360 0.79652162
v 0.15266321 0.52191361 0.82116642
v 0.15266321 0.47146655 0.82116982
v 0.16759497 0.47146657 0.89630143
v 0.16759497 0.52191362 0.89630142
v 0.16759497 0.47146657 0.89630143
v 0.24408736 0.47146657 0.91259398
v 0.24408736 0.52191362 0.91259397
v 0.16759497 0.52191362 0.89630142
v 0.92357729 0.47146657 0.91438836
v 0.92357729 0.52191362 0.91438835
v 0.80827912 0.52191360 0.79173978
v 0.80827912 0.47146655 0.79173979
v 0.89719444 0.47146653 0.70365851
v 0.89719444 0.52191359 0.70365851
v 1.01500147 0.52191361 0.82296081
v 1.01500147 0.47146655 0.82296423
v 1.01500147 0.52191361 0.82296081
v 0.89719444 0.52191359 0.70365851
v 1.01500147 0.47146655 0.82296423
v 1.01500147 0.52191361 0.82296081
v 1.00006971 0.52191362 0.89809580
v 1.00006971 0.47146657 0.89809581
v 1.00006971 0.47146657 0.89809581
v 1.00006971 0.52191362 0.89809580
v 0.92357729 0.52191362 0.91438835
v 0.92357729 0.47146657 0.91438836
v 0.23732906 0.47146643 0.08126980
v 0.23732906 0.52191349 0.08126979
v 0.35801070 0.52191350 0.18025900
v 0.35801070 0.47146645 0.18025901
v 0.28100652 0.47146646 0.27704441
v 0.28100652 0.52191352 0.27704440
v 0.15802842 0.52191350 0.18339115
v 0.15802797 0.47146645 0.18338782
v 0.35801070 0.52191350 0.18025900
v 0.23732906 0.52191349 0.08126979
v 0.15802797 0.47146645 0.18338782
v 0.15802842 0.52191350 0.18339115
v 0.16346763 0.52191349 0.10698018
v 0.16346763 0.47146644 0.10698019
v 0.16346763 0.47146644 0.10698019
v 0.16346763 0.52191349 0.10698018
v 0.23732906 0.52191349 0.08126979
v 0.23732906 0.47146643 0.08126980
v 0.92756199 0.47146643 0.08263347
v 0.80869573 0.47146645 0.18342510
v 0.80869573 0.52191350 0.18342510
v 0.92756199 0.52191349 0.08263346
v 0.88701636 0.47146647 0.28117751
v 1.00859771 0.47146645 0.18338046
v 1.00859736 0.52191350 0.18338386
v 0.88701636 0.52191352 0.28117750
v 0.92756199 0.52191349 0.08263346
v 0.80869573 0.52191350 0.18342510
v 1.00859771 0.47146645 0.18338046
v 1.00185235 0.47146644 0.10707706
v 1.00185235 0.52191349 0.10707705
v 1.00859736 0.52191350 0.18338386
v 1.00185235 0.47146644 0.10707706
v 0.92756199 0.47146643 0.08263347
v 0.92756199 0.52191349 0.08263346
v 1.00185235 0.52191349 0.10707705
v 0.25097080 0.52232352 0.16117165
v 0.24753414 0.52232351 0.12731789
v 0.24753414 0.54110128 0.12731789
v 0.25097080 0.54110128 0.16117165
v 0.22538839 0.52232352 0.17851967
v 0.25097080 0.52232352 0.16117165
v 0.25097080 0.54110128 0.16117165
v 0.22538839 0.54110128 0.17851967
v 0.19191142 0.54110128 0.16625558
v 0.22538839 0.54110128 0.17851967
v 0.21744095 0.54110127 0.11532885
v 0.18926128 0.54110128 0.13313327
v 0.25097080 0.54110128 0.16117165
v 0.24753414 0.54110128 0.12731789
v 0.19191142 0.52232352 0.16625559
v 0.22538839 0.52232352 0.17851967
v 0.22538839 0.54110128 0.17851967
v 0.19191142 0.54110128 0.16625558
v 0.18926128 0.52232352 0.13313327
v 0.19191142 0.52232352 0.16625559
v 0.19191142 0.54110128 0.16625558
v 0.18926128 0.54110128 0.13313327
v 0.21744095 0.52232351 0.11532885
v 0.18926128 0.52232352 0.13313327
v 0.18926128 0.54110128 0.13313327
v 0.21744095 0.54110127 0.11532885
v 0.24753414 0.52232351 0.12731789
v 0.21744095 0.52232351 0.11532885
v 0.21744095 0.54110127 0.11532885
v 0.24753414 0.54110128 0.12731789
v 0.23885401 0.52232372 0.82248316
v 0.20495512 0.52232372 0.81952689
v 0.20495512 0.54110148 0.81952691
v 0.23885401 0.54110148 0.82248316
v 0.25111083 0.52232372 0.85085898
v 0.23885401 0.52232372 0.82248316
v 0.23885401 0.54110148 0.82248316
v 0.25111083 0.54110148 0.85085898
v 0.23280138 0.54110149 0.88145084
v 0.25111083 0.54110148 0.85085898
v 0.18754896 0.54110148 0.84684621
v 0.19976796 0.54110149 0.87785870
v 0.23885401 0.54110148 0.82248316
v 0.20495512 0.54110148 0.81952691
v 0.23280143 0.52232373 0.88145093
v 0.25111083 0.52232372 0.85085898
v 0.25111083 0.54110148 0.85085898
v 0.23280138 0.54110149 0.88145084
v 0.19976791 0.52232373 0.87785879
v 0.23280143 0.52232373 0.88145093
v 0.23280138 0.54110149 0.88145084
v 0.19976796 0.54110149 0.87785870
v 0.18754905 0.52232372 0.84684621
v 0.19976791 0.52232373 0.87785879
v 0.19976796 0.54110149 0.87785870
v 0.18754896 0.54110148 0.84684621
v 0.20495512 0.52232372 0.81952689
v 0.18754905 0.52232372 0.84684621
v 0.18754896 0.54110148 0.84684621
v 0.20495512 0.54110148 0.81952691
v 0.98139032 0.52232363 0.84317380
v 0.95793318 0.52232363 0.81852343
v 0.95793309 0.54110139 0.81852343
v 0.98139032 0.54110139 0.84317380
v 0.97180020 0.52232364 0.87255810
v 0.98139032 0.52232363 0.84317380
v 0.98139032 0.54110139 0.84317380
v 0.97180020 0.54110140 0.87255810
v 0.93782839 0.54110140 0.88337532
v 0.97180020 0.54110140 0.87255810
v 0.92680441 0.54110139 0.82748525
v 0.91544079 0.54110140 0.85882122
v 0.98139032 0.54110139 0.84317380
v 0.95793309 0.54110139 0.81852343
v 0.93782850 0.52232364 0.88337533
v 0.97180020 0.52232364 0.87255810
v 0.97180020 0.54110140 0.87255810
v 0.93782839 0.54110140 0.88337532
v 0.91544079 0.52232363 0.85882123
v 0.93782850 0.52232364 0.88337533
v 0.93782839 0.54110140 0.88337532
v 0.91544079 0.54110140 0.85882122
v 0.92680432 0.52232363 0.82748525
v 0.91544079 0.52232363 0.85882123
v 0.91544079 0.54110140 0.85882122
v 0.92680441 0.54110139 0.82748525
v 0.95793318 0.52232363 0.81852343
v 0.92680432 0.52232363 0.82748525
v 0.92680441 0.54110139 0.82748525
v 0.95793309 0.54110139 0.81852343
v 0.97542140 0.52232347 0.13220056
v 0.94651268 0.52232347 0.11425184
v 0.94651260 0.54110127 0.11425188
v 0.97542140 0.54110128 0.13220054
v 0.97354021 0.52232348 0.16305282
v 0.97542140 0.52232347 0.13220056
v 0.97542140 0.54110128 0.13220054
v 0.97354021 0.54110128 0.16305282
v 0.94338742 0.54110129 0.18207649
v 0.97354021 0.54110128 0.16305282
v 0.91864402 0.54110128 0.13076382
v 0.91553803 0.54110128 0.16395161
v 0.97542140 0.54110128 0.13220054
v 0.94651260 0.54110127 0.11425188
v 0.94338749 0.52232348 0.18207643
v 0.97354021 0.52232348 0.16305282
v 0.97354021 0.54110128 0.16305282
v 0.94338742 0.54110129 0.18207649
v 0.91553792 0.52232348 0.16395161
v 0.94338749 0.52232348 0.18207643
v 0.94338742 0.54110129 0.18207649
v 0.91553803 0.54110128 0.16395161
v 0.91864402 0.52232347 0.13076382
v 0.91553792 0.52232348 0.16395161
v 0.91553803 0.54110128 0.16395161
v 0.91864402 0.54110128 0.13076382
v 0.94651268 0.52232347 0.11425184
v 0.91864402 0.52232347 0.13076382
v 0.91864402 0.54110128 0.13076382
v 0.94651260 0.54110127 0.11425188
v 0.01731305 0.41421052 0.60430343
v -0.04856937 0.41393694 0.64121300
v -0.04836965 0.40534748 0.69109686
v 0.05509559 0.40378360 0.64175141
v -0.16358121 0.40587656 0.63777642
v -0.12436956 0.41283138 0.60722513
v -0.14064771 0.41174000 0.53798923
v -0.19101575 0.40275004 0.53480093
v -0.14416553 0.40036970 0.44700309
v -0.10953954 0.41109786 0.48416325
v -0.15535950 0.34212729 0.63347686
v -0.18194723 0.34124728 0.53648696
v -0.17100721 0.02564670 0.51954242
v -0.05682729 0.34354098 0.68441740
v 0.04703836 0.34050209 0.63506770
v -0.05493103 0.33982632 0.42655137
v 0.02560465 0.34012822 0.45336233
v 0.02268309 0.03401555 0.45732420
v -0.04829485 0.03698292 0.43484550
v 0.07363402 0.34131596 0.53521425
v 0.07063633 0.03141283 0.53607351
v 0.07363402 0.34131596 0.53521425
v 0.07063633 0.03141283 0.53607351
v -0.16358121 0.40587656 0.63777642
v -0.19101575 0.40275004 0.53480093
v -0.19423052 0.35045532 0.53470296
v -0.16794824 0.35069886 0.64151129
v -0.13829375 0.33898220 0.45956729
v -0.18194723 0.34124728 0.53648696
v -0.19423052 0.35045532 0.53470296
v -0.14572387 0.34906009 0.44805741
v -0.04836965 0.40534748 0.69109686
v -0.05772625 0.35292004 0.69568268
v -0.15535950 0.34212729 0.63347686
v -0.16794824 0.35069886 0.64151129
v 0.05509559 0.40378360 0.64175141
v 0.05714415 0.35183283 0.64348987
v -0.05682729 0.34354098 0.68441740
v -0.05772625 0.35292004 0.69568268
v -0.14416553 0.40036970 0.44700309
v -0.05494760 0.40011915 0.41454989
v -0.05403189 0.34778315 0.41301534
v -0.14572387 0.34906009 0.44805741
v 0.04703836 0.34050209 0.63506770
v 0.05714415 0.35183283 0.64348987
v 0.03572417 0.40033563 0.44503581
v 0.03445635 0.35088968 0.44431347
v -0.05493103 0.33982632 0.42655137
v -0.05403189 0.34778315 0.41301534
v 0.08226917 0.40305660 0.53504039
v 0.08564626 0.34900708 0.53445894
v 0.02560465 0.34012822 0.45336233
v 0.03445635 0.35088968 0.44431347
v 0.08226917 0.40305660 0.53504039
v 0.08564626 0.34900708 0.53445894
v 0.07363402 0.34131596 0.53521425
v 0.08564626 0.34900708 0.53445894
v -0.06042594 0.62809071 0.51529556
v -0.04343015 0.61627770 0.51230132
v -0.04844290 0.52266749 0.51211838
v -0.07048174 0.52337037 0.51783465
v 0.07363402 0.34131596 0.53521425
v 0.08564626 0.34900708 0.53445894
v -0.10922626 0.01541657 0.46177247
v -0.14777770 0.00019191 0.52148719
v -0.11358420 0.04329050 0.45183576
v -0.04537055 0.00539448 0.44581767
v 0.04930831 0.00643718 0.53681809
v 0.01404994 0.00305771 0.47385252
v 0.04930831 0.00643718 0.53681809
v -0.02697409 0.60460055 0.52044884
v -0.02829939 0.52202744 0.52039865
v -0.01511566 0.59169250 0.54269830
v -0.01526628 0.52161565 0.53927489
v -0.01511566 0.59169250 0.54269830
v -0.01591280 0.59879688 0.56550639
v -0.01601197 0.52164406 0.56624993
v -0.01526628 0.52161565 0.53927489
v -0.03785646 0.61863039 0.58806376
v -0.04061805 0.52243122 0.58695970
v -0.07300852 0.64284537 0.56991180
v -0.07878393 0.52364379 0.57024888
v -0.07716382 0.64268756 0.53906769
v -0.08541957 0.52385032 0.54258422
v -0.10609466 0.42101041 0.48594975
v -0.05398168 0.42414781 0.46600237
v -0.06089738 0.41092194 0.46488136
v -0.10953954 0.41109786 0.48416325
v -0.09033071 0.44014454 0.54634516
v -0.07736505 0.44000805 0.52269132
v -0.10609466 0.42101041 0.48594975
v -0.13743023 0.42528855 0.53677413
v -0.00120960 0.42412042 0.48435427
v -0.00104073 0.41125322 0.48130775
v -0.08318455 0.44032272 0.57359353
v -0.11739453 0.43105134 0.60256707
v 0.02924744 0.42571962 0.53577061
v 0.03589336 0.41182185 0.53725197
v -0.04605491 0.43921651 0.58915823
v -0.04758422 0.43218521 0.63105705
v 0.02924744 0.42571962 0.53577061
v 0.01284615 0.43174252 0.59971828
v 0.01731305 0.41421052 0.60430343
v 0.03589336 0.41182185 0.53725197
v -0.01921070 0.43937355 0.56943495
v 0.01284615 0.43174252 0.59971828
v -0.04758422 0.43218521 0.63105705
v -0.04856937 0.41393694 0.64121300
v -0.01762255 0.43903340 0.53783716
v 0.02924744 0.42571962 0.53577061
v -0.11739453 0.43105134 0.60256707
v -0.12436956 0.41283138 0.60722513
v -0.03022042 0.43926963 0.52139238
v -0.00120960 0.42412042 0.48435427
v -0.13743023 0.42528855 0.53677413
v -0.14064771 0.41174000 0.53798923
v -0.05280727 0.43981294 0.51345816
v -0.05398168 0.42414781 0.46600237
v -0.03805799 0.65738110 0.51315218
v -0.06090145 0.63638510 0.51139808
v -0.04343015 0.61627770 0.51230132
v -0.06042594 0.62809071 0.51529556
v -0.06090145 0.63638510 0.51139808
v -0.03996103 0.62263728 0.50621422
v -0.02697409 0.60460055 0.52044884
v -0.02097938 0.60932465 0.51592922
v 0.00191619 0.60897627 0.54519771
v -0.00974221 0.59896212 0.54357262
v -0.01511566 0.59169250 0.54269830
v -0.00974221 0.59896212 0.54357262
v 0.00191619 0.60897627 0.54519771
v -0.00974221 0.59896212 0.54357262
v -0.01591280 0.59879688 0.56550639
v -0.00975484 0.60415013 0.56707251
v -0.03785646 0.61863039 0.58806376
v -0.03378034 0.62476535 0.59261385
v -0.04297648 0.67298105 0.56566646
v -0.07255383 0.65065444 0.57245692
v -0.07300852 0.64284537 0.56991180
v -0.07255383 0.65065444 0.57245692
v -0.04473958 0.67357386 0.53650388
v -0.07637839 0.65033561 0.53778403
v -0.07716382 0.64268756 0.53906769
v -0.07637839 0.65033561 0.53778403
v -0.00447644 0.67724850 0.51036811
v -0.00017385 0.67498219 0.51251503
v -0.00091572 0.65116682 0.50647704
v -0.00515402 0.65111373 0.50343791
v -0.00447644 0.67724850 0.51036811
v -0.00001410 0.62693310 0.51687507
v -0.00357278 0.62270579 0.51418940
v 0.00484289 0.61518341 0.54458516
v 0.00191619 0.60897627 0.54519771
v 0.00762965 0.62795176 0.57240370
v 0.00464730 0.62040000 0.57315079
v 0.00916973 0.66081944 0.58222866
v 0.00595442 0.64844725 0.58726300
v 0.00289315 0.69003369 0.56956835
v 0.00700263 0.68782773 0.56531060
v 0.00289315 0.69003369 0.56956835
v -0.00203709 0.69588743 0.53467999
v 0.00326967 0.69167266 0.53480262
v -0.00203709 0.69588743 0.53467999
v 0.18380975 0.67084367 0.48659540
v 0.18241324 0.64350853 0.48100331
v 0.09300601 0.64421487 0.49634835
v 0.09342791 0.66935084 0.50198273
v 0.18220936 0.62261401 0.49264885
v 0.09450745 0.62099790 0.50724822
v 0.18653881 0.61154253 0.51852869
v 0.09761281 0.60999421 0.53279868
v 0.19087145 0.62465217 0.54683566
v 0.10095591 0.62362191 0.56074317
v 0.19345083 0.65611497 0.55603719
v 0.10148695 0.65521565 0.56946224
v 0.19223432 0.68072893 0.54152824
v 0.09948381 0.68109274 0.55450610
v 0.18790177 0.68748275 0.50955949
v 0.09594525 0.68679086 0.52483606
v 0.18790177 0.68748275 0.50955949
v 0.09594525 0.68679086 0.52483606
v 0.22735923 0.67465449 0.47111533
v 0.22868266 0.64088351 0.46553474
v 0.18763120 0.64247592 0.47051520
v 0.18736998 0.67428980 0.47695207
v 0.18241324 0.64350853 0.48100331
v 0.18380975 0.67084367 0.48659540
v 0.18736998 0.67428980 0.47695207
v 0.18763120 0.64247592 0.47051520
v 0.22718102 0.61285319 0.48158795
v 0.18821573 0.61484127 0.48716980
v 0.18220936 0.62261401 0.49264885
v 0.18821573 0.61484127 0.48716980
v 0.22680732 0.60100337 0.51388672
v 0.19136678 0.60262050 0.52043320
v 0.18653881 0.61154253 0.51852869
v 0.19136678 0.60262050 0.52043320
v 0.23560516 0.61722617 0.54852435
v 0.19691960 0.61823640 0.55287971
v 0.19087145 0.62465217 0.54683566
v 0.19691960 0.61823640 0.55287971
v 0.23873394 0.65375445 0.56159781
v 0.19881449 0.65409175 0.56316511
v 0.19345083 0.65611497 0.55603719
v 0.19881449 0.65409175 0.56316511
v 0.23458708 0.68816423 0.54524482
v 0.19765696 0.68644731 0.54688838
v 0.19223432 0.68072893 0.54152824
v 0.19765696 0.68644731 0.54688838
v 0.22638712 0.69791073 0.50429544
v 0.19371267 0.69383723 0.50778425
v 0.18790177 0.68748275 0.50955949
v 0.19371267 0.69383723 0.50778425
v 0.22638712 0.69791073 0.50429544
v 0.19371267 0.69383723 0.50778425
v 0.08226917 0.40305660 0.53504039
v 0.03589336 0.41182185 0.53725197
v -0.00104073 0.41125322 0.48130775
v 0.03572417 0.40033563 0.44503581
v -0.05494760 0.40011915 0.41454989
v -0.06089738 0.41092194 0.46488136
v -0.00001410 0.62693310 0.51687507
v -0.00091572 0.65116682 0.50647704
v 0.00484289 0.61518341 0.54458516
v 0.00762965 0.62795176 0.57240370
v 0.00916973 0.66081944 0.58222866
v 0.00700263 0.68782773 0.56531060
v 0.00326967 0.69167266 0.53480262
v -0.00017385 0.67498219 0.51251503
v 0.00326967 0.69167266 0.53480262
v -0.07736505 0.44000805 0.52269132
v -0.09033071 0.44014454 0.54634516
v -0.08318455 0.44032272 0.57359353
v -0.04605491 0.43921651 0.58915823
v -0.01921070 0.43937355 0.56943495
v -0.01762255 0.43903340 0.53783716
v -0.01762255 0.43903340 0.53783716
v -0.03022042 0.43926963 0.52139238
v -0.05280727 0.43981294 0.51345816
v -0.13829375 0.33898220 0.45956729
v 0.45789416 1.13501492 0.34837106
v 0.45105083 1.11117691 0.37296780
v 0.55142738 1.11208843 0.45822530
v 0.54817339 1.17589025 0.39725810
v 0.45789416 1.13501492 0.34837106
v 0.54817339 1.17589025 0.39725810
v 0.62947766 1.11121005 0.30326992
v 0.48311937 1.11036865 0.31137612
v 0.71939780 1.13162318 0.44042206
v 0.66733453 1.14523053 0.46058653
v 0.66859216 1.10684815 0.51466990
v 0.73088638 1.10699757 0.47693612
v 0.71939780 1.13162318 0.44042206
v 0.71607186 1.10752098 0.42649872
v 0.64435529 1.10722160 0.44250247
v 0.66733453 1.14523053 0.46058653
v 0.58738824 1.11329768 0.77059637
v 0.78305954 1.11329767 0.68641066
v 0.37657835 1.11329767 0.68641066
v 0.53433627 1.17825568 0.62113136
v 0.66227975 1.10969551 0.65834471
v 0.50897262 1.16315569 0.50820470
v 0.47275744 1.11135702 0.51724638
v 0.47951136 1.16297474 0.62096600
v 0.44795780 1.11120097 0.62763395
v 0.66227975 1.10969551 0.65834471
v 0.53433627 1.17825568 0.62113136
v 0.05667874 0.77490808 0.62256674
v -0.00501360 0.72029642 0.57188734
v -0.01077155 0.72868023 0.57052526
v 0.05084191 0.78220961 0.62116598
v -0.05927803 0.69144884 0.52514630
v -0.07651062 0.68232582 0.55579141
v -0.08140430 0.69068933 0.55505598
v -0.06335228 0.70046747 0.52552213
v 0.04118940 0.77836259 0.63801772
v 0.05084191 0.78220961 0.62116598
v -0.01077155 0.72868023 0.57052526
v -0.02089054 0.72497647 0.59011627
v -0.07651062 0.68232582 0.55579141
v -0.05927803 0.69144884 0.52514630
v -0.00501360 0.72029642 0.57188734
v -0.01440994 0.71637828 0.59127951
v 0.04118940 0.77836259 0.63801772
v 0.04726586 0.77089950 0.64001979
v 0.05667874 0.77490808 0.62256674
v 0.05084191 0.78220961 0.62116598
v -0.07651062 0.68232582 0.55579141
v -0.01440994 0.71637828 0.59127951
v -0.02089054 0.72497647 0.59011627
v -0.08140430 0.69068933 0.55505598
v -0.06335228 0.70046747 0.52552213
v -0.08140430 0.69068933 0.55505598
v -0.05927803 0.69144884 0.52514630
v -0.06335228 0.70046747 0.52552213
v 0.05667874 0.77490808 0.62256674
v 0.04726586 0.77089950 0.64001979
v 0.04726586 0.77089950 0.64001979
v 0.04118940 0.77836259 0.63801772
v -0.04678425 0.66762142 0.55182734
v -0.03612757 0.67414646 0.55975283
v -0.05849135 0.71246048 0.55796365
v -0.06732205 0.70526504 0.55105348
v -0.03612757 0.67414646 0.55975283
v -0.02952844 0.67707795 0.54758813
v -0.05498239 0.71696527 0.54794780
v -0.05849135 0.71246048 0.55796365
v -0.02952844 0.67707795 0.54758813
v -0.04007974 0.67101384 0.54008897
v -0.06201830 0.70854109 0.54090255
v -0.05498239 0.71696527 0.54794780
v -0.04007974 0.67101384 0.54008897
v -0.04678425 0.66762142 0.55182734
v -0.06732205 0.70526504 0.55105348
v -0.06201830 0.70854109 0.54090255
vt 0.71484375 0.95117188
vt 0.75976562 0.99414062
vt 0.75390625 0.92382812
vt 0.68359375 0.97851562
vt 0.66796875 0.99804688
vt 0.71484375 0.99609375
vt 0.57617188 0.99804688
vt 0.57226562 0.98437500
vt 0.56054688 0.98046875
vt 0.53320312 0.99609375
vt 0.58398438 0.89453125
vt 0.59960938 0.88476562
vt 0.57812500 0.86718750
vt 0.24804688 0.52539062
vt 0.23046875 0.52539062
vt 0.23437500 0.53710938
vt 0.62109375 0.86718750
vt 0.19921875 0.55859375
vt 0.16601562 0.55859375
vt 0.17968750 0.64257812
vt 0.26171875 0.62695312
vt 0.25195312 0.59570312
vt 0.10937500 0.68945312
vt 0.13281250 0.71289062
vt 0.22851562 0.57226562
vt 0.09765625 0.62500000
vt 0.09765625 0.65820312
vt 0.26171875 0.66015625
vt 0.16406250 0.72656250
vt 0.19726562 0.72656250
vt 0.22656250 0.71484375
vt 0.13476562 0.57031250
vt 0.25000000 0.69140625
vt 0.11132812 0.59375000
vt 0.53515625 0.91406250
vt 0.61523438 0.88867188
vt 0.65820312 0.89257812
vt 0.71289062 0.89257812
vt 0.70898438 0.86523438
vt 0.75000000 0.84765625
vt 0.56250000 0.91015625
vt 0.68359375 0.90820312
vt 0.68750000 0.95117188
vt 0.55859375 0.95312500
vt 0.25000000 0.77734375
vt 0.25000000 0.76757812
vt 0.23046875 0.76953125
vt 0.23046875 0.78125000
vt 0.25000000 0.53320312
vt 0.53710938 0.85742188
vt 0.66601562 0.86718750
vt 0.67187500 0.98046875
vt 0.53515625 0.27539062
vt 0.55468750 0.25585938
vt 0.53320312 0.26171875
vt 0.66406250 0.28515625
vt 0.65039062 0.26171875
vt 0.64648438 0.27929688
vt 0.63085938 0.26367188
vt 0.63476562 0.25195312
vt 0.61523438 0.26367188
vt 0.61914062 0.24609375
vt 0.58984375 0.26171875
vt 0.57226562 0.24804688
vt 0.57617188 0.25976562
vt 0.55468750 0.27539062
vt 0.62890625 0.28125000
vt 0.57421875 0.27539062
vt 0.62890625 0.29687500
vt 0.57031250 0.29101562
vt 0.57617188 0.11914062
vt 0.59179688 0.12695312
vt 0.58593750 0.11132812
vt 0.59765625 0.11132812
vt 0.60546875 0.12109375
vt 0.58593750 0.14257812
vt 0.57617188 0.13476562
vt 0.60546875 0.13281250
vt 0.59765625 0.14257812
vt 0.66796875 0.26953125
vt 0.58984375 0.24218750
vt 0.00781250 0.48242188
vt 0.00195312 0.48828125
vt 0.04687500 0.48828125
vt 0.17382812 0.90234375
vt 0.17382812 0.94531250
vt 0.17968750 0.93945312
vt 0.08007812 0.89843750
vt 0.09375000 0.89843750
vt 0.07812500 0.89257812
vt 0.47460938 0.55468750
vt 0.46875000 0.55078125
vt 0.47460938 0.56445312
vt 0.40820312 0.57031250
vt 0.40820312 0.55468750
vt 0.40429688 0.55273438
vt 0.17382812 0.85546875
vt 0.17773438 0.85156250
vt 0.17773438 0.84179688
vt 0.41406250 0.99804688
vt 0.41015625 0.99414062
vt 0.39843750 0.99414062
vt 0.62695312 0.77148438
vt 0.64062500 0.77148438
vt 0.64257812 0.76757812
vt 0.52343750 0.14648438
vt 0.52734375 0.14843750
vt 0.53710938 0.15039062
vt 0.88085938 0.58398438
vt 0.88085938 0.59570312
vt 0.88671875 0.59765625
vt 0.43945312 0.60156250
vt 0.44140625 0.59179688
vt 0.43554688 0.60546875
vt 0.09960938 0.80664062
vt 0.11718750 0.80078125
vt 0.10156250 0.80078125
vt 0.99023438 0.98242188
vt 0.99218750 0.99218750
vt 0.99414062 0.99609375
vt 0.40625000 0.50585938
vt 0.41015625 0.50976562
vt 0.42382812 0.50976562
vt 0.19335938 0.99804688
vt 0.19140625 0.99218750
vt 0.17968750 0.99218750
vt 0.78320312 0.42187500
vt 0.76757812 0.44921875
vt 0.79492188 0.44921875
vt 0.96093750 0.02343750
vt 0.92968750 0.00976562
vt 0.93359375 0.03710938
vt 0.92187500 0.03125000
vt 0.95898438 0.00976562
vt 0.16601562 0.99804688
vt 0.32617188 0.55078125
vt 0.34960938 0.55078125
vt 0.30468750 0.53515625
vt 0.71289062 0.75585938
vt 0.71093750 0.78320312
vt 0.75585938 0.78320312
vt 0.89453125 0.55664062
vt 0.89453125 0.54492188
vt 0.89062500 0.54101562
vt 0.97265625 0.97851562
vt 0.97070312 0.97460938
vt 0.95703125 0.97851562
vt 0.72656250 0.15625000
vt 0.71093750 0.17968750
vt 0.78710938 0.15625000
vt 0.87695312 0.17968750
vt 0.95312500 0.15625000
vt 0.89257812 0.15429688
vt 0.52929688 0.16601562
vt 0.47070312 0.16796875
vt 0.54687500 0.18945312
vt 0.64453125 0.15625000
vt 0.62890625 0.17968750
vt 0.70507812 0.15625000
vt 0.86914062 0.61523438
vt 0.87500000 0.57617188
vt 0.85742188 0.58398438
vt 0.87890625 0.55273438
vt 0.86718750 0.55078125
vt 0.18945312 0.85546875
vt 0.19335938 0.84765625
vt 0.18554688 0.84570312
vt 0.18750000 0.90234375
vt 0.17968750 0.90429688
vt 0.18554688 0.91992188
vt 0.19726562 0.85546875
vt 0.19140625 0.91601562
vt 0.18164062 0.85546875
vt 0.19726562 0.90429688
vt 0.72851562 0.49218750
vt 0.70507812 0.49804688
vt 0.71679688 0.51953125
vt 0.69140625 0.51757812
vt 0.69335938 0.54101562
vt 0.71093750 0.56054688
vt 0.74218750 0.56835938
vt 0.75390625 0.54882812
vt 0.75390625 0.51171875
vt 0.85546875 0.61718750
vt 0.10546875 0.73046875
vt 0.08593750 0.68750000
vt 0.08593750 0.74414062
vt 0.00195312 0.94921875
vt 0.01171875 0.93945312
vt 0.00195312 0.92187500
vt 0.22851562 0.01171875
vt 0.27539062 0.03906250
vt 0.29492188 0.01171875
vt 0.54882812 0.77343750
vt 0.53125000 0.76562500
vt 0.53125000 0.77539062
vt 0.70507812 0.76562500
vt 0.67968750 0.77929688
vt 0.70507812 0.78320312
vt 0.65820312 0.56054688
vt 0.57421875 0.56054688
vt 0.71875000 0.63281250
vt 0.51757812 0.62109375
vt 0.51757812 0.70507812
vt 0.26367188 0.77734375
vt 0.28320312 0.78710938
vt 0.28320312 0.76562500
vt 0.12890625 0.54687500
vt 0.12890625 0.49414062
vt 0.10156250 0.49414062
vt 0.84960938 0.37695312
vt 0.82617188 0.37695312
vt 0.81250000 0.39257812
vt 0.97851562 0.97460938
vt 0.97851562 0.97851562
vt 0.98437500 0.97851562
vt 0.98437500 0.97460938
vt 0.80468750 0.99218750
vt 0.79882812 0.91796875
vt 0.85156250 0.98632812
vt 0.89843750 0.98242188
vt 0.88281250 0.90820312
vt 0.84570312 0.91406250
vt 0.94140625 0.97460938
vt 0.98632812 0.96679688
vt 0.97460938 0.89453125
vt 0.92773438 0.89648438
vt 0.30273438 0.97851562
vt 0.34960938 0.98437500
vt 0.35742188 0.91601562
vt 0.31054688 0.90820312
vt 0.25585938 0.97460938
vt 0.26367188 0.89648438
vt 0.39257812 0.98828125
vt 0.43945312 0.99218750
vt 0.44726562 0.92578125
vt 0.39648438 0.91992188
vt 0.48437500 0.99414062
vt 0.48828125 0.92578125
vt 0.53515625 0.83789062
vt 0.57812500 0.83984375
vt 0.57812500 0.81250000
vt 0.53515625 0.81250000
vt 0.62109375 0.83984375
vt 0.62109375 0.81250000
vt 0.66406250 0.83789062
vt 0.66406250 0.81054688
vt 0.70898438 0.83789062
vt 0.70703125 0.80859375
vt 0.75195312 0.83593750
vt 0.75000000 0.80859375
vt 0.79296875 0.83398438
vt 0.79101562 0.80859375
vt 0.83593750 0.83007812
vt 0.83203125 0.80468750
vt 0.87695312 0.82421875
vt 0.87304688 0.79687500
vt 0.91796875 0.82031250
vt 0.91601562 0.79296875
vt 0.96093750 0.81250000
vt 0.95703125 0.78906250
vt 0.34179688 0.71679688
vt 0.34765625 0.72265625
vt 0.36523438 0.67382812
vt 0.35742188 0.67382812
vt 0.33984375 0.73242188
vt 0.33593750 0.72460938
vt 0.28125000 0.81445312
vt 0.32226562 0.82226562
vt 0.32617188 0.79492188
vt 0.28906250 0.79101562
vt 0.36523438 0.82617188
vt 0.36914062 0.80078125
vt 0.62109375 0.99804688
vt 0.62304688 0.98242188
vt 0.41015625 0.83007812
vt 0.41210938 0.80468750
vt 0.44921875 0.83593750
vt 0.45117188 0.80859375
vt 0.49218750 0.83789062
vt 0.49218750 0.81054688
vt 0.30859375 0.62304688
vt 0.29296875 0.62500000
vt 0.29492188 0.66210938
vt 0.30859375 0.66601562
vt 0.53515625 0.79882812
vt 0.57812500 0.79882812
vt 0.66406250 0.79882812
vt 0.70703125 0.79882812
vt 0.62109375 0.80078125
vt 0.75000000 0.79882812
vt 0.79101562 0.79687500
vt 0.83007812 0.78906250
vt 0.87109375 0.78320312
vt 0.91406250 0.77929688
vt 0.95312500 0.77734375
vt 0.32812500 0.78125000
vt 0.37109375 0.78515625
vt 0.28906250 0.77734375
vt 0.41210938 0.79101562
vt 0.45312500 0.79492188
vt 0.49414062 0.79687500
vt 0.28906250 0.58007812
vt 0.27734375 0.58789062
vt 0.29296875 0.70703125
vt 0.28125000 0.70117188
vt 0.25390625 0.72851562
vt 0.26367188 0.73828125
vt 0.62109375 0.79296875
vt 0.57812500 0.79101562
vt 0.66406250 0.79101562
vt 0.07812500 0.94726562
vt 0.06835938 0.96093750
vt 0.10351562 0.97656250
vt 0.10742188 0.96289062
vt 0.17382812 0.95117188
vt 0.18164062 0.96484375
vt 0.21093750 0.93750000
vt 0.19921875 0.92773438
vt 0.21875000 0.74804688
vt 0.21875000 0.73828125
vt 0.17968750 0.73437500
vt 0.17773438 0.74218750
vt 0.70703125 0.78906250
vt 0.75000000 0.79101562
vt 0.14257812 0.96289062
vt 0.14453125 0.97851562
vt 0.21093750 0.89648438
vt 0.22265625 0.90039062
vt 0.22070312 0.86328125
vt 0.20898438 0.86328125
vt 0.13476562 0.73437500
vt 0.14062500 0.72460938
vt 0.10937500 0.69921875
vt 0.10156250 0.70703125
vt 0.78906250 0.79101562
vt 0.83007812 0.78320312
vt 0.19921875 0.83203125
vt 0.21093750 0.82421875
vt 0.18554688 0.79492188
vt 0.17773438 0.80859375
vt 0.08203125 0.66601562
vt 0.09375000 0.66406250
vt 0.09179688 0.62695312
vt 0.08203125 0.62500000
vt 0.87109375 0.77539062
vt 0.91210938 0.76953125
vt 0.14648438 0.79296875
vt 0.15039062 0.77734375
vt 0.10937500 0.77734375
vt 0.11328125 0.79296875
vt 0.09765625 0.58398438
vt 0.10742188 0.58984375
vt 0.13476562 0.56445312
vt 0.12695312 0.55273438
vt 0.95312500 0.76953125
vt 0.32812500 0.77343750
vt 0.28906250 0.76953125
vt 0.08007812 0.80468750
vt 0.07226562 0.79101562
vt 0.04296875 0.82031250
vt 0.05468750 0.82812500
vt 0.16796875 0.53320312
vt 0.17187500 0.54492188
vt 0.21093750 0.54492188
vt 0.21289062 0.53320312
vt 0.37109375 0.77734375
vt 0.41406250 0.78320312
vt 0.04296875 0.85937500
vt 0.02734375 0.85546875
vt 0.02734375 0.89453125
vt 0.04296875 0.89257812
vt 0.25585938 0.54882812
vt 0.24804688 0.56250000
vt 0.45312500 0.78710938
vt 0.49414062 0.78906250
vt 0.05468750 0.92382812
vt 0.04101562 0.93164062
vt 0.53515625 0.79101562
vt 0.25781250 0.49804688
vt 0.25781250 0.47265625
vt 0.20703125 0.47070312
vt 0.20507812 0.49609375
vt 0.64453125 0.54296875
vt 0.64648438 0.53125000
vt 0.59570312 0.53125000
vt 0.59765625 0.54296875
vt 0.68750000 0.56054688
vt 0.69335938 0.55078125
vt 0.30859375 0.50000000
vt 0.30859375 0.47656250
vt 0.15625000 0.49218750
vt 0.15820312 0.46484375
vt 0.10546875 0.46289062
vt 0.10546875 0.48632812
vt 0.72070312 0.59375000
vt 0.73046875 0.58789062
vt 0.52148438 0.59179688
vt 0.51367188 0.58593750
vt 0.49218750 0.63281250
vt 0.50390625 0.63476562
vt 0.35937500 0.50195312
vt 0.35937500 0.47656250
vt 0.66601562 0.45507812
vt 0.66210938 0.41406250
vt 0.62890625 0.41796875
vt 0.63476562 0.45898438
vt 0.56640625 0.46484375
vt 0.56250000 0.42187500
vt 0.52929688 0.42382812
vt 0.53320312 0.46679688
vt 0.59960938 0.46289062
vt 0.59570312 0.41992188
vt 0.23046875 0.46093750
vt 0.23242188 0.42187500
vt 0.19726562 0.41992188
vt 0.19531250 0.46093750
vt 0.26171875 0.46484375
vt 0.26367188 0.42578125
vt 0.16210938 0.45898438
vt 0.16601562 0.41796875
vt 0.13281250 0.41406250
vt 0.12695312 0.45507812
vt 0.49804688 0.46875000
vt 0.49609375 0.42578125
vt 0.46289062 0.42773438
vt 0.46484375 0.46875000
vt 0.43164062 0.47070312
vt 0.42968750 0.42773438
vt 0.39648438 0.42773438
vt 0.39648438 0.47070312
vt 0.36328125 0.47265625
vt 0.36328125 0.42773438
vt 0.32812500 0.42773438
vt 0.32617188 0.47070312
vt 0.29687500 0.47070312
vt 0.29882812 0.42773438
vt 0.79492188 0.84960938
vt 0.83984375 0.84570312
vt 0.88085938 0.84375000
vt 0.92187500 0.83789062
vt 0.96484375 0.82812500
vt 0.32031250 0.83789062
vt 0.27929688 0.83203125
vt 0.36328125 0.84375000
vt 0.40820312 0.84765625
vt 0.44921875 0.85156250
vt 0.49023438 0.85546875
vt 0.41210938 0.50195312
vt 0.41210938 0.47656250
vt 0.55468750 0.55859375
vt 0.54882812 0.54882812
vt 0.50390625 0.68164062
vt 0.49218750 0.68359375
vt 0.51171875 0.73046875
vt 0.52148438 0.72460938
vt 0.46289062 0.50195312
vt 0.46289062 0.47656250
vt 0.51562500 0.50000000
vt 0.51367188 0.47656250
vt 0.55273438 0.75781250
vt 0.54687500 0.76757812
vt 0.59375000 0.78710938
vt 0.59570312 0.77539062
vt 0.56640625 0.49804688
vt 0.56445312 0.47265625
vt 0.61523438 0.49609375
vt 0.61328125 0.47070312
vt 0.64257812 0.77539062
vt 0.64453125 0.78710938
vt 0.69140625 0.76757812
vt 0.68554688 0.75781250
vt 0.66796875 0.49218750
vt 0.66601562 0.46875000
vt 0.71875000 0.48828125
vt 0.71679688 0.46289062
vt 0.71875000 0.72656250
vt 0.72851562 0.73242188
vt 0.74804688 0.68554688
vt 0.73632812 0.68359375
vt 0.76953125 0.48242188
vt 0.76757812 0.45703125
vt 0.82031250 0.47656250
vt 0.81835938 0.45117188
vt 0.73632812 0.63671875
vt 0.74804688 0.63476562
vt 0.05273438 0.48242188
vt 0.05468750 0.45703125
vt 0.00585938 0.45117188
vt 0.00195312 0.47656250
vt 0.28906250 0.54101562
vt 0.29296875 0.53320312
vt 0.31054688 0.55468750
vt 0.31835938 0.55273438
vt 0.33789062 0.59375000
vt 0.34375000 0.58984375
vt 0.34960938 0.61718750
vt 0.35742188 0.61132812
vt 0.27539062 0.76562500
vt 0.27148438 0.75781250
vt 0.31445312 0.74414062
vt 0.31054688 0.73828125
vt 0.36132812 0.62500000
vt 0.35351562 0.62500000
vt 0.23828125 0.79882812
vt 0.20507812 0.76367188
vt 0.19335938 0.77539062
vt 0.22656250 0.80664062
vt 0.15625000 0.74218750
vt 0.10351562 0.74218750
vt 0.10742188 0.75585938
vt 0.15429688 0.75781250
vt 0.01953125 0.94140625
vt 0.05468750 0.97656250
vt 0.06445312 0.96484375
vt 0.03320312 0.93359375
vt 0.00195312 0.89453125
vt 0.01757812 0.89257812
vt 0.00195312 0.84179688
vt 0.01757812 0.84570312
vt 0.23828125 0.94531250
vt 0.25781250 0.89843750
vt 0.24218750 0.89453125
vt 0.22656250 0.93359375
vt 0.02148438 0.79687500
vt 0.03320312 0.80664062
vt 0.25781250 0.84570312
vt 0.24414062 0.84765625
vt 0.20312500 0.97851562
vt 0.19335938 0.96679688
vt 0.15429688 0.99804688
vt 0.15234375 0.98437500
vt 0.05664062 0.76171875
vt 0.06640625 0.77343750
vt 0.10351562 0.99804688
vt 0.10546875 0.98242188
vt 0.05664062 0.91796875
vt 0.06445312 0.91796875
vt 0.06445312 0.83398438
vt 0.05664062 0.83398438
vt 0.30078125 0.00976562
vt 0.30078125 0.01757812
vt 0.38476562 0.01757812
vt 0.38476562 0.00976562
vt 0.31445312 0.62695312
vt 0.31445312 0.66015625
vt 0.32031250 0.66015625
vt 0.32031250 0.62695312
vt 0.31445312 0.69335938
vt 0.32031250 0.69335938
vt 0.33593750 0.69531250
vt 0.33593750 0.66015625
vt 0.32812500 0.66015625
vt 0.32812500 0.69531250
vt 0.33593750 0.62695312
vt 0.32812500 0.62695312
vt 0.30468750 0.73046875
vt 0.29882812 0.73046875
vt 0.31445312 0.72656250
vt 0.32031250 0.72656250
vt 0.31445312 0.59570312
vt 0.32031250 0.59570312
vt 0.30468750 0.58984375
vt 0.29882812 0.58984375
vt 0.44726562 0.51953125
vt 0.45703125 0.51367188
vt 0.42187500 0.51367188
vt 0.43164062 0.51953125
vt 0.42187500 0.61523438
vt 0.43164062 0.60937500
vt 0.45507812 0.61523438
vt 0.44726562 0.60937500
vt 0.41210938 0.51953125
vt 0.38671875 0.51367188
vt 0.39648438 0.51953125
vt 0.38867188 0.61523438
vt 0.39843750 0.60937500
vt 0.41210938 0.60937500
vt 0.47851562 0.51953125
vt 0.49023438 0.51367188
vt 0.46484375 0.51953125
vt 0.46289062 0.59960938
vt 0.49023438 0.59765625
vt 0.47851562 0.59375000
vt 0.37890625 0.51953125
vt 0.35351562 0.51367188
vt 0.36523438 0.51953125
vt 0.35351562 0.59570312
vt 0.36523438 0.59375000
vt 0.38085938 0.59960938
vt 0.16406250 0.86914062
vt 0.16992188 0.87890625
vt 0.16992188 0.84375000
vt 0.16406250 0.85156250
vt 0.06835938 0.84570312
vt 0.07421875 0.85351562
vt 0.06835938 0.87890625
vt 0.07421875 0.86914062
vt 0.16406250 0.90625000
vt 0.16992188 0.91406250
vt 0.16406250 0.88867188
vt 0.07421875 0.88867188
vt 0.06835938 0.91210938
vt 0.07421875 0.90429688
vt 0.16406250 0.93554688
vt 0.16992188 0.94726562
vt 0.16406250 0.91992188
vt 0.08398438 0.91796875
vt 0.08789062 0.94726562
vt 0.08984375 0.93554688
vt 0.16406250 0.83789062
vt 0.16992188 0.81054688
vt 0.16406250 0.82226562
vt 0.08593750 0.81054688
vt 0.08984375 0.82226562
vt 0.08398438 0.83984375
vt 0.03906250 0.01953125
vt 0.12890625 0.01953125
vt 0.12890625 0.01171875
vt 0.03906250 0.01171875
vt 0.22851562 0.83984375
vt 0.22851562 0.82421875
vt 0.22070312 0.82421875
vt 0.22070312 0.83984375
vt 0.22265625 0.00976562
vt 0.13281250 0.00976562
vt 0.13281250 0.01757812
vt 0.22265625 0.01757812
vt 0.15820312 0.85742188
vt 0.14062500 0.85742188
vt 0.14062500 0.86523438
vt 0.15625000 0.86523438
vt 0.99023438 0.51171875
vt 0.99023438 0.60156250
vt 0.99804688 0.60156250
vt 0.99804688 0.51171875
vt 0.98828125 0.93164062
vt 0.98828125 0.94726562
vt 0.99609375 0.94726562
vt 0.99609375 0.93164062
vt 0.95703125 0.32226562
vt 0.86718750 0.32226562
vt 0.86718750 0.33007812
vt 0.95703125 0.33007812
vt 0.07421875 0.99023438
vt 0.05664062 0.99023438
vt 0.05859375 0.99804688
vt 0.07421875 0.99804688
vt 0.58593750 0.90625000
vt 0.66015625 0.90625000
vt 0.66015625 0.89843750
vt 0.58593750 0.89843750
vt 0.01953125 0.79101562
vt 0.01953125 0.77539062
vt 0.01171875 0.77734375
vt 0.01171875 0.79492188
vt 0.38867188 0.01757812
vt 0.46875000 0.01757812
vt 0.46875000 0.00976562
vt 0.38867188 0.00976562
vt 0.21679688 0.82031250
vt 0.21875000 0.80664062
vt 0.21093750 0.80078125
vt 0.21093750 0.81640625
vt 0.55273438 0.00976562
vt 0.47265625 0.00976562
vt 0.47265625 0.01757812
vt 0.55273438 0.01757812
vt 0.13281250 0.90039062
vt 0.15039062 0.90039062
vt 0.15234375 0.89257812
vt 0.13671875 0.89257812
vt 0.28710938 0.99804688
vt 0.36132812 0.99804688
vt 0.36132812 0.99023438
vt 0.28710938 0.99023438
vt 0.17968750 0.78710938
vt 0.19335938 0.78515625
vt 0.18945312 0.77929688
vt 0.17382812 0.77929688
vt 0.48437500 0.69726562
vt 0.37109375 0.69726562
vt 0.37109375 0.77148438
vt 0.48437500 0.77148438
vt 0.48437500 0.62109375
vt 0.37109375 0.61914062
vt 0.59765625 0.41406250
vt 0.61328125 0.41406250
vt 0.61328125 0.36132812
vt 0.59765625 0.36132812
vt 0.58593750 0.41406250
vt 0.58593750 0.36132812
vt 0.57031250 0.41406250
vt 0.57031250 0.36132812
vt 0.55664062 0.41406250
vt 0.55664062 0.36132812
vt 0.54296875 0.41406250
vt 0.54296875 0.36132812
vt 0.52929688 0.41406250
vt 0.52929688 0.36132812
vt 0.51367188 0.41406250
vt 0.51367188 0.36132812
vt 0.07617188 0.21484375
vt 0.07421875 0.18164062
vt 0.06054688 0.18164062
vt 0.06250000 0.21484375
vt 0.05078125 0.18164062
vt 0.04882812 0.21484375
vt 0.03515625 0.18164062
vt 0.03515625 0.21484375
vt 0.01953125 0.18164062
vt 0.01953125 0.21484375
vt 0.00195312 0.18359375
vt 0.00390625 0.21679688
vt 0.11914062 0.21679688
vt 0.12109375 0.18359375
vt 0.10351562 0.18359375
vt 0.10156250 0.21679688
vt 0.08789062 0.18164062
vt 0.08789062 0.21484375
vt 0.48046875 0.04101562
vt 0.48437500 0.04101562
vt 0.47265625 0.02539062
vt 0.47070312 0.02929688
vt 0.47656250 0.05664062
vt 0.48046875 0.05859375
vt 0.46289062 0.06250000
vt 0.46484375 0.06640625
vt 0.45312500 0.06054688
vt 0.45117188 0.06445312
vt 0.60351562 0.24218750
vt 0.60156250 0.26367188
vt 0.44531250 0.05078125
vt 0.44140625 0.05273438
vt 0.44531250 0.03906250
vt 0.44140625 0.03710938
vt 0.45507812 0.02929688
vt 0.45312500 0.02539062
vt 0.61328125 0.28320312
vt 0.60156250 0.28320312
vt 0.58984375 0.28320312
vt 0.61328125 0.30273438
vt 0.59960938 0.30273438
vt 0.58593750 0.29882812
vt 0.54687500 0.29101562
vt 0.53320312 0.28906250
vt 0.59765625 0.17773438
vt 0.60156250 0.17773438
vt 0.59179688 0.16796875
vt 0.58789062 0.16992188
vt 0.66601562 0.29492188
vt 0.65234375 0.29687500
vt 0.57617188 0.16601562
vt 0.57812500 0.16992188
vt 0.63671875 0.30664062
vt 0.56250000 0.17578125
vt 0.56445312 0.17968750
vt 0.61718750 0.31640625
vt 0.56250000 0.19726562
vt 0.56640625 0.19531250
vt 0.59765625 0.31835938
vt 0.57617188 0.20898438
vt 0.57812500 0.20703125
vt 0.57812500 0.31445312
vt 0.59570312 0.20703125
vt 0.59179688 0.20507812
vt 0.56445312 0.30273438
vt 0.60546875 0.19335938
vt 0.60156250 0.19140625
vt 0.96484375 0.33398438
vt 0.96484375 0.37109375
vt 0.98242188 0.37109375
vt 0.98242188 0.33398438
vt 0.86523438 0.33398438
vt 0.86328125 0.37109375
vt 0.87890625 0.37109375
vt 0.88085938 0.33398438
vt 0.89648438 0.37109375
vt 0.89648438 0.33398438
vt 0.90820312 0.37109375
vt 0.91015625 0.33398438
vt 0.91992188 0.37109375
vt 0.92187500 0.33398438
vt 0.93359375 0.37109375
vt 0.93554688 0.33593750
vt 0.94921875 0.37109375
vt 0.94921875 0.33398438
vt 0.13281250 0.04687500
vt 0.13476562 0.06054688
vt 0.15234375 0.06054688
vt 0.15625000 0.04882812
vt 0.70117188 0.38671875
vt 0.69921875 0.38476562
vt 0.69921875 0.40429688
vt 0.70117188 0.40429688
vt 0.85937500 0.16015625
vt 0.85742188 0.16406250
vt 0.87695312 0.16406250
vt 0.87500000 0.16210938
vt 0.16992188 0.06250000
vt 0.17187500 0.05078125
vt 0.71484375 0.37500000
vt 0.71289062 0.37304688
vt 0.88867188 0.15039062
vt 0.88476562 0.14843750
vt 0.18750000 0.06250000
vt 0.18750000 0.05078125
vt 0.72851562 0.37890625
vt 0.73046875 0.37500000
vt 0.88671875 0.13281250
vt 0.88476562 0.13671875
vt 0.05273438 0.05078125
vt 0.05468750 0.06250000
vt 0.07031250 0.06054688
vt 0.06835938 0.04882812
vt 0.73828125 0.38867188
vt 0.74023438 0.38671875
vt 0.87500000 0.12304688
vt 0.87500000 0.12695312
vt 0.08398438 0.06054688
vt 0.08203125 0.04882812
vt 0.73828125 0.40039062
vt 0.74023438 0.40234375
vt 0.86132812 0.12304688
vt 0.86132812 0.12695312
vt 0.09960938 0.06054688
vt 0.09765625 0.04687500
vt 0.72851562 0.41210938
vt 0.73046875 0.41406250
vt 0.84765625 0.13281250
vt 0.85156250 0.13476562
vt 0.11523438 0.06054688
vt 0.11523438 0.04687500
vt 0.71484375 0.41406250
vt 0.71289062 0.41601562
vt 0.84570312 0.14843750
vt 0.84960938 0.14843750
vt 0.98242188 0.72656250
vt 0.99609375 0.72460938
vt 0.99609375 0.69335938
vt 0.98242188 0.69335938
vt 0.57226562 0.21289062
vt 0.57031250 0.21875000
vt 0.60156250 0.21875000
vt 0.59960938 0.21484375
vt 0.83593750 0.22656250
vt 0.82812500 0.24414062
vt 0.86132812 0.24414062
vt 0.85156250 0.22656250
vt 0.99609375 0.66406250
vt 0.98242188 0.66210938
vt 0.55468750 0.19335938
vt 0.55078125 0.19531250
vt 0.88085938 0.22070312
vt 0.86328125 0.21289062
vt 0.99804688 0.63476562
vt 0.98437500 0.63476562
vt 0.55664062 0.16796875
vt 0.55273438 0.16601562
vt 0.87890625 0.19140625
vt 0.86132812 0.19921875
vt 0.99804688 0.60742188
vt 0.98437500 0.60546875
vt 0.57617188 0.15234375
vt 0.57421875 0.14648438
vt 0.85742188 0.17187500
vt 0.85156250 0.18945312
vt 0.98437500 0.84179688
vt 0.99804688 0.84179688
vt 0.99804688 0.81445312
vt 0.98437500 0.81445312
vt 0.59960938 0.15234375
vt 0.60156250 0.14648438
vt 0.83007812 0.17187500
vt 0.83984375 0.18945312
vt 0.99804688 0.78515625
vt 0.98437500 0.78515625
vt 0.61718750 0.16796875
vt 0.62304688 0.16601562
vt 0.81054688 0.19140625
vt 0.82812500 0.19921875
vt 0.99609375 0.75585938
vt 0.98242188 0.75585938
vt 0.61914062 0.19335938
vt 0.62304688 0.19531250
vt 0.80859375 0.22070312
vt 0.82617188 0.21289062
vt 0.89648438 0.66601562
vt 0.97460938 0.66601562
vt 0.97460938 0.64062500
vt 0.89648438 0.63867188
vt 0.97656250 0.61523438
vt 0.89648438 0.61328125
vt 0.89843750 0.58593750
vt 0.97656250 0.58789062
vt 0.97851562 0.56640625
vt 0.90039062 0.56054688
vt 0.89648438 0.69335938
vt 0.97460938 0.68945312
vt 0.89648438 0.71679688
vt 0.97460938 0.71289062
vt 0.89843750 0.74023438
vt 0.97656250 0.73632812
vt 0.90039062 0.76562500
vt 0.97851562 0.75781250
vt 0.80859375 0.36132812
vt 0.79101562 0.38085938
vt 0.80468750 0.38867188
vt 0.81640625 0.37500000
vt 0.85546875 0.35742188
vt 0.83203125 0.35351562
vt 0.83398438 0.36914062
vt 0.84960938 0.37109375
vt 0.78710938 0.40625000
vt 0.79492188 0.42968750
vt 0.80664062 0.41992188
vt 0.80273438 0.40429688
vt 0.81054688 0.44335938
vt 0.81835938 0.43164062
vt 0.83203125 0.45117188
vt 0.83203125 0.43750000
vt 0.85546875 0.44726562
vt 0.84960938 0.43359375
vt 0.96679688 0.42773438
vt 0.97460938 0.38085938
vt 0.95507812 0.37890625
vt 0.94921875 0.42382812
vt 0.93359375 0.37695312
vt 0.93359375 0.42187500
vt 0.88476562 0.43554688
vt 0.86718750 0.39062500
vt 0.85156250 0.39648438
vt 0.86718750 0.44140625
vt 0.98437500 0.43164062
vt 0.99023438 0.38281250
vt 0.91601562 0.37695312
vt 0.92187500 0.42187500
vt 0.90039062 0.37890625
vt 0.90820312 0.42382812
vt 0.88476562 0.38281250
vt 0.89843750 0.42968750
vt 0.96484375 0.45898438
vt 0.94921875 0.45898438
vt 0.93554688 0.46093750
vt 0.89062500 0.46484375
vt 0.86914062 0.46679688
vt 0.98242188 0.45898438
vt 0.92382812 0.46093750
vt 0.91406250 0.46289062
vt 0.90429688 0.46289062
vt 0.96875000 0.48046875
vt 0.95312500 0.48632812
vt 0.93945312 0.49023438
vt 0.88867188 0.48437500
vt 0.86914062 0.48242188
vt 0.98437500 0.47460938
vt 0.92773438 0.49023438
vt 0.91601562 0.49023438
vt 0.90234375 0.48828125
vt 0.97460938 0.50781250
vt 0.96289062 0.51953125
vt 0.94531250 0.52539062
vt 0.88476562 0.50976562
vt 0.86523438 0.50781250
vt 0.99023438 0.49804688
vt 0.92968750 0.52929688
vt 0.91210938 0.52539062
vt 0.90039062 0.51953125
vt 0.66992188 0.13867188
vt 0.67187500 0.13671875
vt 0.67187500 0.12500000
vt 0.66992188 0.12304688
vt 0.70507812 0.12304688
vt 0.70117188 0.12500000
vt 0.70117188 0.13867188
vt 0.70507812 0.14062500
vt 0.67968750 0.11132812
vt 0.68164062 0.11523438
vt 0.69335938 0.11523438
vt 0.69335938 0.11132812
vt 0.69335938 0.14648438
vt 0.69335938 0.15039062
vt 0.67968750 0.15039062
vt 0.68164062 0.14648438
vt 0.50195312 0.78320312
vt 0.50390625 0.77734375
vt 0.49414062 0.76953125
vt 0.48828125 0.77343750
vt 0.52734375 0.76953125
vt 0.52148438 0.76757812
vt 0.51367188 0.77539062
vt 0.51757812 0.78125000
vt 0.50000000 0.74218750
vt 0.50390625 0.74804688
vt 0.51367188 0.74804688
vt 0.51562500 0.74218750
vt 0.52734375 0.75390625
vt 0.52148438 0.75585938
vt 0.49609375 0.75781250
vt 0.48828125 0.75390625
vt 0.49804688 0.41406250
vt 0.49609375 0.36132812
vt 0.62109375 0.10156250
vt 0.62109375 0.05859375
vt 0.57617188 0.05859375
vt 0.57617188 0.10156250
vt 0.10546875 0.08398438
vt 0.05664062 0.08203125
vt 0.05468750 0.12695312
vt 0.10546875 0.12695312
vt 0.36914062 0.58789062
vt 0.37304688 0.59179688
vt 0.37304688 0.54101562
vt 0.36914062 0.54296875
vt 0.53320312 0.35351562
vt 0.53125000 0.35742188
vt 0.57421875 0.35742188
vt 0.57031250 0.35351562
vt 0.08398438 0.17578125
vt 0.08398438 0.13867188
vt 0.00195312 0.13867188
vt 0.00195312 0.17578125
vt 0.38085938 0.21679688
vt 0.38085938 0.17187500
vt 0.29882812 0.17187500
vt 0.29882812 0.21679688
vt 0.51367188 0.11328125
vt 0.51367188 0.07031250
vt 0.46679688 0.07031250
vt 0.46875000 0.11328125
vt 0.99804688 0.12890625
vt 0.99804688 0.08593750
vt 0.94726562 0.08593750
vt 0.94726562 0.12890625
vt 0.46484375 0.11718750
vt 0.41406250 0.11914062
vt 0.41406250 0.16406250
vt 0.46484375 0.16406250
vt 0.57617188 0.23242188
vt 0.57421875 0.23632812
vt 0.61718750 0.23632812
vt 0.61328125 0.23242188
vt 0.58789062 0.55078125
vt 0.58593750 0.55468750
vt 0.63671875 0.55468750
vt 0.63281250 0.55078125
vt 0.89062500 0.10156250
vt 0.93554688 0.10156250
vt 0.93554688 0.05859375
vt 0.89062500 0.05859375
vt 0.66601562 0.15039062
vt 0.66601562 0.10546875
vt 0.61523438 0.10546875
vt 0.61523438 0.15039062
vt 0.04687500 0.04296875
vt 0.00195312 0.04296875
vt 0.00390625 0.08593750
vt 0.04687500 0.08593750
vt 0.46875000 0.11718750
vt 0.46875000 0.16210938
vt 0.51953125 0.16210938
vt 0.51953125 0.11718750
vt 0.34570312 0.69531250
vt 0.34375000 0.65039062
vt 0.33984375 0.64843750
vt 0.33984375 0.69921875
vt 0.40625000 0.07226562
vt 0.40625000 0.10937500
vt 0.41015625 0.11132812
vt 0.41015625 0.06835938
vt 0.52539062 0.25781250
vt 0.44335938 0.25781250
vt 0.44335938 0.29492188
vt 0.52539062 0.29492188
vt 0.20898438 0.17187500
vt 0.12695312 0.17187500
vt 0.12695312 0.21679688
vt 0.20898438 0.21679688
vt 0.76562500 0.11132812
vt 0.81054688 0.11132812
vt 0.81054688 0.06835938
vt 0.76562500 0.06835938
vt 0.29882812 0.11914062
vt 0.34960938 0.11914062
vt 0.34960938 0.07617188
vt 0.29882812 0.07617188
vt 0.71093750 0.10742188
vt 0.71093750 0.15234375
vt 0.76171875 0.15234375
vt 0.76171875 0.10742188
vt 0.63671875 0.34765625
vt 0.59960938 0.34765625
vt 0.59570312 0.35156250
vt 0.63867188 0.35156250
vt 0.99414062 0.44921875
vt 0.99414062 0.49414062
vt 0.99804688 0.49609375
vt 0.99804688 0.44726562
vt 0.87890625 0.68359375
vt 0.89257812 0.68359375
vt 0.89257812 0.60156250
vt 0.87890625 0.60156250
vt 0.28710938 0.16406250
vt 0.29296875 0.16796875
vt 0.28906250 0.12304688
vt 0.28320312 0.13085938
vt 0.23828125 0.12304688
vt 0.24414062 0.12890625
vt 0.23437500 0.16796875
vt 0.24023438 0.16406250
vt 0.09570312 0.76562500
vt 0.08984375 0.77148438
vt 0.13867188 0.77148438
vt 0.13476562 0.76562500
vt 0.14453125 0.95703125
vt 0.15039062 0.95117188
vt 0.09960938 0.95117188
vt 0.10546875 0.95703125
vt 0.13085938 0.93164062
vt 0.13476562 0.92382812
vt 0.08984375 0.92382812
vt 0.09570312 0.93164062
vt 0.09570312 0.82617188
vt 0.08984375 0.83203125
vt 0.14062500 0.83203125
vt 0.13476562 0.82617188
vt 0.09570312 0.85742188
vt 0.08984375 0.86523438
vt 0.13476562 0.86523438
vt 0.12890625 0.85742188
vt 0.71484375 0.06054688
vt 0.66992188 0.06054688
vt 0.66992188 0.10351562
vt 0.71484375 0.10351562
vt 0.57226562 0.14257812
vt 0.57226562 0.09765625
vt 0.52343750 0.09765625
vt 0.52343750 0.14257812
vt 0.76171875 0.10351562
vt 0.76171875 0.05859375
vt 0.71875000 0.05859375
vt 0.71875000 0.10351562
vt 0.05078125 0.13476562
vt 0.05078125 0.08984375
vt 0.00195312 0.08984375
vt 0.00195312 0.13476562
vt 0.99804688 0.44140625
vt 0.99804688 0.40429688
vt 0.99414062 0.40039062
vt 0.99414062 0.44335938
vt 0.21484375 0.55078125
vt 0.17187500 0.55078125
vt 0.16992188 0.55468750
vt 0.21875000 0.55468750
vt 0.21289062 0.21679688
vt 0.29492188 0.21679688
vt 0.29492188 0.17187500
vt 0.21289062 0.17187500
vt 0.99804688 0.21484375
vt 0.99804688 0.13281250
vt 0.96093750 0.13281250
vt 0.96093750 0.21484375
vt 0.16601562 0.10937500
vt 0.21093750 0.10937500
vt 0.21093750 0.06640625
vt 0.16601562 0.06640625
vt 0.11132812 0.12695312
vt 0.16210938 0.12695312
vt 0.16210938 0.08398438
vt 0.11132812 0.08398438
vt 0.94335938 0.15039062
vt 0.94335938 0.10546875
vt 0.89453125 0.10546875
vt 0.89453125 0.15039062
vt 0.74414062 0.57421875
vt 0.74414062 0.61132812
vt 0.74804688 0.61523438
vt 0.74804688 0.57226562
vt 0.40039062 0.50585938
vt 0.35742188 0.50585938
vt 0.35351562 0.50976562
vt 0.40234375 0.50976562
vt 0.40039062 0.11328125
vt 0.40039062 0.07031250
vt 0.35351562 0.07031250
vt 0.35351562 0.11328125
vt 0.46289062 0.07031250
vt 0.41406250 0.07031250
vt 0.41406250 0.11523438
vt 0.46289062 0.11328125
vt 0.56445312 0.09375000
vt 0.56445312 0.05078125
vt 0.52148438 0.05078125
vt 0.51953125 0.09375000
vt 0.27148438 0.07226562
vt 0.22265625 0.07226562
vt 0.22265625 0.11523438
vt 0.27148438 0.11718750
vt 0.27539062 0.98242188
vt 0.27343750 0.98632812
vt 0.31640625 0.98632812
vt 0.31250000 0.98437500
vt 0.72851562 0.64648438
vt 0.72460938 0.64453125
vt 0.72460938 0.69335938
vt 0.73046875 0.68750000
vt 0.38476562 0.16992188
vt 0.38476562 0.21289062
vt 0.46679688 0.21484375
vt 0.46679688 0.16992188
vt 0.16992188 0.16796875
vt 0.16992188 0.13085938
vt 0.08789062 0.13085938
vt 0.08789062 0.16796875
vt 0.98437500 0.08007812
vt 0.98437500 0.03906250
vt 0.93945312 0.03906250
vt 0.93945312 0.08203125
vt 0.83593750 0.07617188
vt 0.83593750 0.11914062
vt 0.88671875 0.11914062
vt 0.88671875 0.07617188
vt 0.35937500 0.16406250
vt 0.41015625 0.16406250
vt 0.41015625 0.11718750
vt 0.35937500 0.11718750
vt 0.38281250 0.25390625
vt 0.37890625 0.25781250
vt 0.42187500 0.25781250
vt 0.41992188 0.25390625
vt 0.55078125 0.54101562
vt 0.55273438 0.53710938
vt 0.50195312 0.53710938
vt 0.50390625 0.54101562
vt 0.34570312 0.12695312
vt 0.34179688 0.16210938
vt 0.34765625 0.16796875
vt 0.35351562 0.12304688
vt 0.30273438 0.16210938
vt 0.29882812 0.16796875
vt 0.30078125 0.12695312
vt 0.29492188 0.12304688
vt 0.20898438 0.76171875
vt 0.24804688 0.76171875
vt 0.25390625 0.75585938
vt 0.20507812 0.75585938
vt 0.88671875 0.04687500
vt 0.85742188 0.02343750
vt 0.84960938 0.02343750
vt 0.88671875 0.05664062
vt 0.43945312 0.02343750
vt 0.41406250 0.04687500
vt 0.41406250 0.05468750
vt 0.44726562 0.02343750
vt 0.38281250 0.02343750
vt 0.37500000 0.02343750
vt 0.91210938 0.02343750
vt 0.91992188 0.02343750
vt 0.15039062 0.37500000
vt 0.00195312 0.37695312
vt 0.00195312 0.41210938
vt 0.15039062 0.40820312
vt 0.00390625 0.61914062
vt 0.00195312 0.76953125
vt 0.04101562 0.76953125
vt 0.04101562 0.61914062
vt 0.39843750 0.34375000
vt 0.24804688 0.33984375
vt 0.24804688 0.37304688
vt 0.39843750 0.37500000
vt 0.34179688 0.41796875
vt 0.49218750 0.41796875
vt 0.49218750 0.37890625
vt 0.34179688 0.38085938
vt 0.50781250 0.67968750
vt 0.51367188 0.68554688
vt 0.51367188 0.64062500
vt 0.50781250 0.64648438
vt 0.28906250 0.63671875
vt 0.28320312 0.63085938
vt 0.28320312 0.67382812
vt 0.28906250 0.66796875
vt 0.52539062 0.77929688
vt 0.51953125 0.78515625
vt 0.56445312 0.78515625
vt 0.55859375 0.77929688
vt 0.24609375 0.97070312
vt 0.25195312 0.97656250
vt 0.25195312 0.93359375
vt 0.24609375 0.93945312
vt 0.83398438 0.16210938
vt 0.83984375 0.16796875
vt 0.84375000 0.12500000
vt 0.83593750 0.13085938
vt 0.79882812 0.11718750
vt 0.80273438 0.12500000
vt 0.79492188 0.13085938
vt 0.78906250 0.12500000
vt 0.79296875 0.16796875
vt 0.79882812 0.16210938
vt 0.49414062 0.59570312
vt 0.49414062 0.60351562
vt 0.52343750 0.56640625
vt 0.51562500 0.56640625
vt 0.49414062 0.53906250
vt 0.49414062 0.54687500
vt 0.26757812 0.83007812
vt 0.26171875 0.82421875
vt 0.26171875 0.86718750
vt 0.26757812 0.86132812
vt 0.47265625 0.78125000
vt 0.47851562 0.77539062
vt 0.43359375 0.77539062
vt 0.43945312 0.78125000
vt 0.04687500 0.89257812
vt 0.05273438 0.89843750
vt 0.05273438 0.85546875
vt 0.04687500 0.86132812
vt 0.00781250 0.78125000
vt 0.00195312 0.77539062
vt 0.00195312 0.82226562
vt 0.00781250 0.81640625
vt 0.54882812 0.33203125
vt 0.54882812 0.29882812
vt 0.44335938 0.30273438
vt 0.44335938 0.33398438
vt 0.06054688 0.29882812
vt 0.06054688 0.33007812
vt 0.16796875 0.32812500
vt 0.16796875 0.30078125
vt 0.08203125 0.52929688
vt 0.04882812 0.52929688
vt 0.04687500 0.63671875
vt 0.07617188 0.63671875
vt 0.22265625 0.26367188
vt 0.22265625 0.29492188
vt 0.33007812 0.29296875
vt 0.33007812 0.26562500
vt 0.21875000 0.29492188
vt 0.21875000 0.26367188
vt 0.10156250 0.26562500
vt 0.10156250 0.29296875
vt 0.00195312 0.33593750
vt 0.00195312 0.37109375
vt 0.11914062 0.36914062
vt 0.11914062 0.33789062
vt 0.88867188 0.27929688
vt 0.88867188 0.24804688
vt 0.77148438 0.25000000
vt 0.76953125 0.27734375
vt 0.76757812 0.28320312
vt 0.76757812 0.31640625
vt 0.88476562 0.31445312
vt 0.88476562 0.28515625
vt 0.85546875 0.07226562
vt 0.85937500 0.03906250
vt 0.80468750 0.03906250
vt 0.81445312 0.06640625
vt 0.61914062 0.41210938
vt 0.65820312 0.41015625
vt 0.65429688 0.35742188
vt 0.61914062 0.35742188
vt 0.85742188 0.50585938
vt 0.85742188 0.45312500
vt 0.82421875 0.46093750
vt 0.82812500 0.49804688
vt 0.08593750 0.45507812
vt 0.12109375 0.45312500
vt 0.12304688 0.41601562
vt 0.08593750 0.41601562
vt 0.00195312 0.33007812
vt 0.03710938 0.33007812
vt 0.03710938 0.30078125
vt 0.00195312 0.30078125
vt 0.61914062 0.21093750
vt 0.62695312 0.24414062
vt 0.81054688 0.24023438
vt 0.79687500 0.21093750
vt 0.18359375 0.25976562
vt 0.18359375 0.22265625
vt 0.00585938 0.22070312
vt 0.00585938 0.25976562
vt 0.37890625 0.25000000
vt 0.55859375 0.25000000
vt 0.57617188 0.22265625
vt 0.38671875 0.21679688
vt 0.37500000 0.25781250
vt 0.37304688 0.22265625
vt 0.18750000 0.22265625
vt 0.18750000 0.25976562
vt 0.28320312 0.29882812
vt 0.28320312 0.33398438
vt 0.31640625 0.33593750
vt 0.31640625 0.29882812
vt 0.67187500 0.24804688
vt 0.67187500 0.27929688
vt 0.21875000 0.37109375
vt 0.21875000 0.33593750
vt 0.00195312 0.26367188
vt 0.00195312 0.29492188
vt 0.98437500 0.31640625
vt 0.98437500 0.28320312
vt 0.27929688 0.33593750
vt 0.27734375 0.29882812
vt 0.04882812 0.74609375
vt 0.08203125 0.74609375
vt 0.33203125 0.29882812
vt 0.33007812 0.33789062
vt 0.43945312 0.29492188
vt 0.43945312 0.26367188
vt 0.00195312 0.52539062
vt 0.04101562 0.52539062
vt 0.49218750 0.33984375
vt 0.49218750 0.37304688
vt 0.24414062 0.37695312
vt 0.24414062 0.41210938
vt 0.25000000 0.41796875
vt 0.25000000 0.37890625
vt 0.12500000 0.89843750
vt 0.12890625 0.89257812
vt 0.98828125 0.29687500
vt 0.98828125 0.37695312
vt 0.99804688 0.37695312
vt 0.99804688 0.29687500
vt 0.46875000 0.59375000
vt 0.47265625 0.58984375
vt 0.62695312 0.10156250
vt 0.65820312 0.10156250
vt 0.65234375 0.07617188
vt 0.62500000 0.07421875
vt 0.65820312 0.52734375
vt 0.65820312 0.50195312
vt 0.57812500 0.50195312
vt 0.57812500 0.52734375
vt 0.67187500 0.28320312
vt 0.67187500 0.31054688
vt 0.75195312 0.31054688
vt 0.75195312 0.28320312
vt 0.27929688 0.14062500
vt 0.24804688 0.14062500
vt 0.24609375 0.16796875
vt 0.27539062 0.16601562
vt 0.40820312 0.60156250
vt 0.40429688 0.60351562
vt 0.17773438 0.81640625
vt 0.17382812 0.81250000
vt 0.88671875 0.55468750
vt 0.88281250 0.55859375
vt 0.36914062 0.99218750
vt 0.36523438 0.99804688
vt 0.71484375 0.05468750
vt 0.79687500 0.05468750
vt 0.79687500 0.03906250
vt 0.71484375 0.03906250
vt 0.59375000 0.76757812
vt 0.59765625 0.77148438
vt 0.76953125 0.03515625
vt 0.79882812 0.03515625
vt 0.79882812 0.00976562
vt 0.77343750 0.00976562
vt 0.56250000 0.15039062
vt 0.56640625 0.14648438
vt 0.69726562 0.02343750
vt 0.61523438 0.02343750
vt 0.61523438 0.03515625
vt 0.69726562 0.03515625
vt 0.70117188 0.00976562
vt 0.70312500 0.03515625
vt 0.73242188 0.03515625
vt 0.72656250 0.00976562
vt 0.13476562 0.52734375
vt 0.21679688 0.52734375
vt 0.21679688 0.50195312
vt 0.13671875 0.50195312
vt 0.08203125 0.41796875
vt 0.00195312 0.41796875
vt 0.00195312 0.44531250
vt 0.08203125 0.44531250
vt 0.98437500 0.84570312
vt 0.98437500 0.92578125
vt 0.99804688 0.92578125
vt 0.99804688 0.84570312
vt 0.98632812 0.55664062
vt 0.98632812 0.53320312
vt 0.90625000 0.53320312
vt 0.90625000 0.55664062
vt 0.49414062 0.53320312
vt 0.57421875 0.53320312
vt 0.57421875 0.50585938
vt 0.49414062 0.50585938
vt 0.91015625 0.98437500
vt 0.91015625 0.99609375
vt 0.44140625 0.56640625
vt 0.43554688 0.56250000
vt 0.96679688 0.00976562
vt 0.96679688 0.03320312
vt 0.99609375 0.03515625
vt 0.99609375 0.00976562
vt 0.99609375 0.95312500
vt 0.99218750 0.95507812
vt 0.76562500 0.03320312
vt 0.76953125 0.00976562
vt 0.74023438 0.00976562
vt 0.73828125 0.03515625
vt 0.14453125 0.80078125
vt 0.14843750 0.80664062
vt 0.45117188 0.50976562
vt 0.45507812 0.50585938
vt 0.62500000 0.04101562
vt 0.62500000 0.06835938
vt 0.63085938 0.05664062
vt 0.62890625 0.04296875
vt 0.71093750 0.05468750
vt 0.71093750 0.04101562
vt 0.21484375 0.04296875
vt 0.21679688 0.06640625
vt 0.29492188 0.06640625
vt 0.29492188 0.04296875
vt 0.00195312 0.52148438
vt 0.08203125 0.52148438
vt 0.08203125 0.49218750
vt 0.00195312 0.49218750
vt 0.14062500 0.07812500
vt 0.14062500 0.06640625
vt 0.05859375 0.06640625
vt 0.05859375 0.07812500
vt 0.30468750 0.50781250
vt 0.34960938 0.50781250
vt 0.75585938 0.73437500
vt 0.73632812 0.73242188
vt 0.89062500 0.58398438
vt 0.89453125 0.58203125
vt 0.68750000 0.49804688
vt 0.66210938 0.50000000
vt 0.66210938 0.53125000
vt 0.68554688 0.52734375
vt 0.60351562 0.05078125
vt 0.57421875 0.05078125
vt 0.57031250 0.05468750
vt 0.61914062 0.05468750
vt 0.17773438 0.03906250
vt 0.23632812 0.03906250
vt 0.23632812 0.02148438
vt 0.17773438 0.02148438
vt 0.66015625 0.91601562
vt 0.66015625 0.97460938
vt 0.67773438 0.97460938
vt 0.67773438 0.91601562
vt 0.72656250 0.20507812
vt 0.78710938 0.20507812
vt 0.81445312 0.11523438
vt 0.83203125 0.11523438
vt 0.83203125 0.08593750
vt 0.81445312 0.08593750
vt 0.49609375 0.35742188
vt 0.52539062 0.35742188
vt 0.52539062 0.33984375
vt 0.49609375 0.33984375
vt 0.97851562 0.27734375
vt 0.99609375 0.27734375
vt 0.99609375 0.21875000
vt 0.97851562 0.21875000
vt 0.35937500 0.04296875
vt 0.35937500 0.02539062
vt 0.30078125 0.02539062
vt 0.30078125 0.04296875
vt 0.89453125 0.20312500
vt 0.95312500 0.20312500
vt 0.58593750 0.02539062
vt 0.58593750 0.00781250
vt 0.55664062 0.00781250
vt 0.55664062 0.02539062
vt 0.90039062 0.02734375
vt 0.90039062 0.00976562
vt 0.87109375 0.00976562
vt 0.87109375 0.02734375
vt 0.11132812 0.04101562
vt 0.11132812 0.02343750
vt 0.05273438 0.02343750
vt 0.05273438 0.04101562
vt 0.17382812 0.04101562
vt 0.17382812 0.02343750
vt 0.11523438 0.02343750
vt 0.11523438 0.04101562
vt 0.47070312 0.21484375
vt 0.53125000 0.21484375
vt 0.78320312 0.12304688
vt 0.76562500 0.12304688
vt 0.76562500 0.15234375
vt 0.78320312 0.15234375
vt 0.24023438 0.34179688
vt 0.22265625 0.34179688
vt 0.22265625 0.37109375
vt 0.24023438 0.37109375
vt 0.61132812 0.02929688
vt 0.55273438 0.02929688
vt 0.55273438 0.04687500
vt 0.61132812 0.04687500
vt 0.54882812 0.02929688
vt 0.49023438 0.02929688
vt 0.49023438 0.04687500
vt 0.54882812 0.04687500
vt 0.64453125 0.20507812
vt 0.70507812 0.20312500
vt 0.27539062 0.08789062
vt 0.27539062 0.11718750
vt 0.29296875 0.11718750
vt 0.29296875 0.08789062
vt 0.80468750 0.03320312
vt 0.83398438 0.03320312
vt 0.83398438 0.01562500
vt 0.80468750 0.01562500
vt 0.25781250 0.79492188
vt 0.25781250 0.80859375
vt 0.26562500 0.80859375
vt 0.26562500 0.79492188
vt 0.15625000 0.76367188
vt 0.14453125 0.76367188
vt 0.14453125 0.77148438
vt 0.15625000 0.77148438
vt 0.85351562 0.21875000
vt 0.85351562 0.20312500
vt 0.83203125 0.21484375
vt 0.84179688 0.22265625
vt 0.84375000 0.19726562
vt 0.83398438 0.20117188
vt 0.27343750 0.74218750
vt 0.28710938 0.74218750
vt 0.28710938 0.73437500
vt 0.27343750 0.73437500
vt 0.98437500 0.51757812
vt 0.97265625 0.51757812
vt 0.97265625 0.52539062
vt 0.98437500 0.52539062
vt 0.67578125 0.57421875
vt 0.68750000 0.57421875
vt 0.68750000 0.56640625
vt 0.67578125 0.56640625
vt 0.50195312 0.57617188
vt 0.50195312 0.56445312
vt 0.49414062 0.56445312
vt 0.49414062 0.57617188
vt 0.31640625 0.75390625
vt 0.31640625 0.76757812
vt 0.32421875 0.76757812
vt 0.32421875 0.75390625
vt 0.28320312 0.56054688
vt 0.28320312 0.54882812
vt 0.27539062 0.54882812
vt 0.27539062 0.56054688
vt 0.70703125 0.38671875
vt 0.70703125 0.40234375
vt 0.72851562 0.39062500
vt 0.71875000 0.38281250
vt 0.71679688 0.40820312
vt 0.72851562 0.40429688
vt 0.26953125 0.74414062
vt 0.25585938 0.74414062
vt 0.25585938 0.75195312
vt 0.26953125 0.75195312
vt 0.70117188 0.59179688
vt 0.70117188 0.60351562
vt 0.70898438 0.60351562
vt 0.70898438 0.59179688
vt 0.52148438 0.54687500
vt 0.52148438 0.55859375
vt 0.52929688 0.55859375
vt 0.52929688 0.54687500
vt 0.69726562 0.58984375
vt 0.69726562 0.57812500
vt 0.68945312 0.57812500
vt 0.68945312 0.58984375
vt 0.29882812 0.76562500
vt 0.31250000 0.76562500
vt 0.31250000 0.75781250
vt 0.29882812 0.75781250
vt 0.09179688 0.58593750
vt 0.09179688 0.57421875
vt 0.08398438 0.57421875
vt 0.08398438 0.58593750
vt 0.79687500 0.34765625
vt 0.78125000 0.34765625
vt 0.79296875 0.36914062
vt 0.80078125 0.35937500
vt 0.77539062 0.35742188
vt 0.77929688 0.36718750
vt 0.75390625 0.72070312
vt 0.74023438 0.72070312
vt 0.74023438 0.72851562
vt 0.75390625 0.72851562
vt 0.32031250 0.59179688
vt 0.32031250 0.58007812
vt 0.31250000 0.58007812
vt 0.31250000 0.59179688
vt 0.74609375 0.70507812
vt 0.74609375 0.71679688
vt 0.75390625 0.71679688
vt 0.75390625 0.70507812
vt 0.34960938 0.57812500
vt 0.34960938 0.56640625
vt 0.34179688 0.56640625
vt 0.34179688 0.57812500
vt 0.51171875 0.77148438
vt 0.51171875 0.75781250
vt 0.50390625 0.75781250
vt 0.50390625 0.77148438
vt 0.71289062 0.60546875
vt 0.71289062 0.61718750
vt 0.72070312 0.61718750
vt 0.72070312 0.60546875
vt 0.30859375 0.57617188
vt 0.30859375 0.56054688
vt 0.28710938 0.57226562
vt 0.29687500 0.58007812
vt 0.29882812 0.55468750
vt 0.28710938 0.55859375
vt 0.35937500 0.70507812
vt 0.35937500 0.71875000
vt 0.36718750 0.71875000
vt 0.36718750 0.70507812
vt 0.88476562 0.69335938
vt 0.88476562 0.70507812
vt 0.89257812 0.70507812
vt 0.89257812 0.69335938
vt 0.34765625 0.64257812
vt 0.34765625 0.63085938
vt 0.33984375 0.63085938
vt 0.33984375 0.64257812
vt 0.48242188 0.61523438
vt 0.49414062 0.61523438
vt 0.49414062 0.60742188
vt 0.48242188 0.60742188
vt 0.69140625 0.38671875
vt 0.70703125 0.36328125
vt 0.70117188 0.34765625
vt 0.67382812 0.38085938
vt 0.74804688 0.34765625
vt 0.73632812 0.36328125
vt 0.75195312 0.38476562
vt 0.76953125 0.37890625
vt 0.76757812 0.41210938
vt 0.75000000 0.40429688
vt 0.75195312 0.60937500
vt 0.75195312 0.65039062
vt 0.85937500 0.64843750
vt 0.75585938 0.56640625
vt 0.76562500 0.52343750
vt 0.75976562 0.71679688
vt 0.76367188 0.74609375
vt 0.87304688 0.72851562
vt 0.86718750 0.70312500
vt 0.77148438 0.78515625
vt 0.88476562 0.75976562
vt 0.77539062 0.48828125
vt 0.88476562 0.51757812
vt 0.68359375 0.33593750
vt 0.72070312 0.33593750
vt 0.72265625 0.31835938
vt 0.68359375 0.31640625
vt 0.76171875 0.43554688
vt 0.73437500 0.44921875
vt 0.73437500 0.45507812
vt 0.76757812 0.43945312
vt 0.63867188 0.33789062
vt 0.63867188 0.32031250
vt 0.70117188 0.44726562
vt 0.69726562 0.45312500
vt 0.59765625 0.34375000
vt 0.59570312 0.32421875
vt 0.67187500 0.41796875
vt 0.66796875 0.41992188
vt 0.75585938 0.33789062
vt 0.78906250 0.34179688
vt 0.79101562 0.32226562
vt 0.75781250 0.32031250
vt 0.66992188 0.37890625
vt 0.66406250 0.37500000
vt 0.82421875 0.34570312
vt 0.82421875 0.32812500
vt 0.77734375 0.40429688
vt 0.78320312 0.40625000
vt 0.85937500 0.34960938
vt 0.86132812 0.33007812
vt 0.77343750 0.37695312
vt 0.77929688 0.37500000
vt 0.55859375 0.34960938
vt 0.55468750 0.32812500
vt 0.75585938 0.34765625
vt 0.75781250 0.34375000
vt 0.91601562 0.21093750
vt 0.91015625 0.21484375
vt 0.90820312 0.24804688
vt 0.91601562 0.24804688
vt 0.69140625 0.34765625
vt 0.68554688 0.34375000
vt 0.87109375 0.67578125
vt 0.87304688 0.64843750
vt 0.86132812 0.67968750
vt 0.87890625 0.70117188
vt 0.89453125 0.75195312
vt 0.88476562 0.72656250
vt 0.89453125 0.52343750
vt 0.90234375 0.21875000
vt 0.90039062 0.24804688
vt 0.89257812 0.22265625
vt 0.89257812 0.24804688
vt 0.97070312 0.22460938
vt 0.96289062 0.22265625
vt 0.96289062 0.25000000
vt 0.97265625 0.25000000
vt 0.95117188 0.21484375
vt 0.95312500 0.25000000
vt 0.93750000 0.20703125
vt 0.93750000 0.25000000
vt 0.92578125 0.20703125
vt 0.92773438 0.25000000
vt 0.26757812 0.67382812
vt 0.25781250 0.68945312
vt 0.26367188 0.68945312
vt 0.27148438 0.67382812
vt 0.21289062 0.13671875
vt 0.21289062 0.14648438
vt 0.22656250 0.15625000
vt 0.23242188 0.13476562
vt 0.24414062 0.70703125
vt 0.25000000 0.70898438
vt 0.20703125 0.12890625
vt 0.21679688 0.11523438
vt 0.23046875 0.72460938
vt 0.23437500 0.72656250
vt 0.19531250 0.12890625
vt 0.18945312 0.11328125
vt 0.23046875 0.56835938
vt 0.25000000 0.58203125
vt 0.25585938 0.57812500
vt 0.23437500 0.56250000
vt 0.18750000 0.13671875
vt 0.17382812 0.13085938
vt 0.26562500 0.60156250
vt 0.27148438 0.59960938
vt 0.19140625 0.15039062
vt 0.17578125 0.15429688
vt 0.27148438 0.62695312
vt 0.27734375 0.62695312
vt 0.19726562 0.15039062
vt 0.19140625 0.16796875
vt 0.27148438 0.65234375
vt 0.27539062 0.65234375
vt 0.20507812 0.15234375
vt 0.21289062 0.16796875
vt 0.18750000 0.86328125
vt 0.17773438 0.86132812
vt 0.25976562 0.81445312
vt 0.25195312 0.81054688
vt 0.25000000 0.81250000
vt 0.25781250 0.81835938
vt 0.26757812 0.81445312
vt 0.26757812 0.81835938
vt 0.19140625 0.83593750
vt 0.18554688 0.83593750
vt 0.27539062 0.80859375
vt 0.27734375 0.81054688
vt 0.19140625 0.92773438
vt 0.18554688 0.92968750
vt 0.27539062 0.80078125
vt 0.27929688 0.80078125
vt 0.26953125 0.79101562
vt 0.27148438 0.78710938
vt 0.18750000 0.88671875
vt 0.17382812 0.88671875
vt 0.25390625 0.78906250
vt 0.25195312 0.78710938
vt 0.18750000 0.87695312
vt 0.17382812 0.87500000
vt 0.25000000 0.79882812
vt 0.24609375 0.79882812
vt 0.20117188 0.86523438
vt 0.02929688 0.03125000
vt 0.01953125 0.03710938
vt 0.02148438 0.03906250
vt 0.02929688 0.03320312
vt 0.01171875 0.03710938
vt 0.00976562 0.03906250
vt 0.00390625 0.02929688
vt 0.00195312 0.03125000
vt 0.00585938 0.01953125
vt 0.00195312 0.01757812
vt 0.01562500 0.01171875
vt 0.01171875 0.00976562
vt 0.20507812 0.89062500
vt 0.02343750 0.01171875
vt 0.02539062 0.00976562
vt 0.20507812 0.87695312
vt 0.03125000 0.02148438
vt 0.03320312 0.01953125
vt 0.64453125 0.91015625
vt 0.63476562 0.91015625
vt 0.63476562 0.94335938
vt 0.64257812 0.94335938
vt 0.62500000 0.91015625
vt 0.62500000 0.94335938
vt 0.61718750 0.91015625
vt 0.61718750 0.94335938
vt 0.60351562 0.91015625
vt 0.60546875 0.94335938
vt 0.59375000 0.91015625
vt 0.59375000 0.94335938
vt 0.58203125 0.91015625
vt 0.58203125 0.94335938
vt 0.57031250 0.91015625
vt 0.57226562 0.94335938
vt 0.65429688 0.91015625
vt 0.65429688 0.94335938
vt 0.39257812 0.05078125
vt 0.38281250 0.04882812
vt 0.38281250 0.06445312
vt 0.39062500 0.06640625
vt 0.32617188 0.15429688
vt 0.31640625 0.15429688
vt 0.31640625 0.15820312
vt 0.33007812 0.15820312
vt 0.36914062 0.04882812
vt 0.36914062 0.06445312
vt 0.33203125 0.14843750
vt 0.33593750 0.15039062
vt 0.35742188 0.05078125
vt 0.35546875 0.06445312
vt 0.33398438 0.13867188
vt 0.33789062 0.13671875
vt 0.34375000 0.04882812
vt 0.34375000 0.06445312
vt 0.32812500 0.12890625
vt 0.33007812 0.12695312
vt 0.33203125 0.04882812
vt 0.33203125 0.06445312
vt 0.31640625 0.12890625
vt 0.31640625 0.12500000
vt 0.31640625 0.05078125
vt 0.31640625 0.06445312
vt 0.30859375 0.13476562
vt 0.30664062 0.13281250
vt 0.30078125 0.05468750
vt 0.30273438 0.06640625
vt 0.31054688 0.14648438
vt 0.30664062 0.14843750
vt 0.40625000 0.05468750
vt 0.40429688 0.06640625
vt 0.68164062 0.41992188
vt 0.69531250 0.41015625
vt 0.71679688 0.42382812
vt 0.70898438 0.44140625
vt 0.74609375 0.43750000
vt 0.73828125 0.41992188
vt 0.62695312 0.97656250
vt 0.63476562 0.97656250
vt 0.61718750 0.97460938
vt 0.60546875 0.97656250
vt 0.59179688 0.97656250
vt 0.58203125 0.97656250
vt 0.57031250 0.97656250
vt 0.64453125 0.97656250
vt 0.65429688 0.97656250
vt 0.91796875 0.27929688
vt 0.92773438 0.27929688
vt 0.93750000 0.27929688
vt 0.95117188 0.27929688
vt 0.96289062 0.27929688
vt 0.97460938 0.27929688
vt 0.89257812 0.27734375
vt 0.90039062 0.27734375
vt 0.90820312 0.27734375
vt 0.75585938 0.68359375
vt 0.36718750 0.72460938
vt 0.35351562 0.72265625
vt 0.33398438 0.76953125
vt 0.36718750 0.76757812
vt 0.00195312 0.95507812
vt 0.00195312 0.99804688
vt 0.05468750 0.99804688
vt 0.02148438 0.95312500
vt 0.82421875 0.15820312
vt 0.82421875 0.13476562
vt 0.79882812 0.13085938
vt 0.80664062 0.15820312
vt 0.50000000 0.71289062
vt 0.48828125 0.71289062
vt 0.48828125 0.74023438
vt 0.50585938 0.73242188
vt 0.66601562 0.76171875
vt 0.72070312 0.70117188
vt 0.57812500 0.76367188
vt 0.08789062 0.50976562
vt 0.08593750 0.56640625
vt 0.81445312 0.41992188
vt 0.83984375 0.41796875
vt 0.21289062 0.97656250
vt 0.20117188 0.99804688
vt 0.28320312 0.99804688
vt 0.23046875 0.97070312
vt 0.89648438 0.99414062
vt 0.85937500 0.99023438
vt 0.85937500 0.99414062
vt 0.89648438 0.99804688
vt 0.23828125 0.95507812
vt 0.23828125 0.96875000
vt 0.24218750 0.96875000
vt 0.24218750 0.95507812
vt 0.97070312 0.83593750
vt 0.97851562 0.83593750
vt 0.97851562 0.79882812
vt 0.96875000 0.79882812
vt 0.22265625 0.50781250
vt 0.22265625 0.52148438
vt 0.25195312 0.51953125
vt 0.25195312 0.51171875
vt 0.90429688 0.99023438
vt 0.90039062 0.99023438
vt 0.90039062 0.99804688
vt 0.90429688 0.99804688
vt 0.23046875 0.91015625
vt 0.23242188 0.88085938
vt 0.22851562 0.88085938
vt 0.22656250 0.91015625
vt 0.97851562 0.76953125
vt 0.96484375 0.76953125
vt 0.83007812 0.99414062
vt 0.83007812 0.99804688
vt 0.28906250 0.51953125
vt 0.28906250 0.51171875
vt 0.23046875 0.84375000
vt 0.22656250 0.84375000
vt 0.14062500 0.92578125
vt 0.14062500 0.93164062
vt 0.15820312 0.93164062
vt 0.15820312 0.92578125
vt 0.33398438 0.74218750
vt 0.32812500 0.74218750
vt 0.32812500 0.75976562
vt 0.33203125 0.75976562
vt 0.98046875 0.84570312
vt 0.97460938 0.84570312
vt 0.97460938 0.86132812
vt 0.98046875 0.86328125
vt 0.33203125 0.55664062
vt 0.33203125 0.56250000
vt 0.34765625 0.56250000
vt 0.34765625 0.55664062
vn 0.73853017 0.01469973 0.67406017
vn 0.92644232 0.02823126 0.37537665
vn 0.93161761 0.04841586 0.36020069
vn 0.56248558 -0.02337586 0.82647658
vn 0.32805127 0.05509236 0.94305207
vn 0.72323241 -0.00100099 0.69060400
vn -0.34011416 0.02064952 0.94015741
vn -0.37568078 0.02959248 0.92627655
vn -0.56484390 -0.04427709 0.82400905
vn -0.72832961 0.00531203 0.68520636
vn -0.46422417 0.08765636 0.88136955
vn -0.20026831 0.13908574 0.96981842
vn -0.41038104 0.18309036 0.89334502
vn -0.16585340 -0.84509515 0.50823896
vn -0.35748682 -0.73705307 0.57354682
vn -0.32575664 -0.77326931 0.54400108
vn 0.01957205 0.19019662 0.98155091
vn 0.00047587 0.99999982 0.00036008
vn 0.00084775 0.99999963 0.00012354
vn 0.00028114 0.99999993 0.00022712
vn -0.00399808 0.99999175 0.00071358
vn -0.00398419 0.99998741 -0.00305033
vn 0.00065454 0.99999958 -0.00063397
vn 0.00145537 0.99999831 -0.00112010
vn -0.00039042 0.99999992 -0.00008586
vn 0.00022924 0.99999973 -0.00069999
vn 0.00114116 0.99999832 -0.00143609
vn -0.00122075 0.99995254 0.00966592
vn 0.00169749 0.99999854 -0.00021980
vn -0.00006475 0.99999996 -0.00028000
vn 0.00323602 0.99998861 -0.00350697
vn 0.00124143 0.99999923 0.00007388
vn 0.00266955 0.99999378 0.00230442
vn 0.00063933 0.99999902 0.00124824
vn -0.73876541 0.05758172 0.67149833
vn -0.00465271 0.11328511 0.99355163
vn 0.36335840 0.11870731 0.92405587
vn 0.71563259 0.02277747 0.69810542
vn 0.71468762 0.13906400 0.68547998
vn 0.91374175 0.25392173 0.31717466
vn -0.67167131 0.35333181 0.65116379
vn 0.60564773 0.11561058 0.78728967
vn 0.63847543 0.00052428 0.76964203
vn -0.63924886 0.02191611 0.76868757
vn 0.32102348 -0.78178829 0.53455683
vn 0.30148353 -0.81036638 0.50240822
vn 0.31970897 -0.68207026 0.65769776
vn 0.32291357 -0.63115202 0.70524744
vn -0.12220970 -0.86693280 0.48321043
vn -0.69860093 0.19192089 0.68929174
vn 0.37827351 0.16661583 0.91057582
vn 0.32010031 0.08028018 0.94397611
vn -0.71012088 0.61493912 0.34289680
vn -0.59061233 0.13437170 0.79568921
vn -0.89957314 0.26366767 0.34820615
vn -0.67270188 0.62955314 -0.38876087
vn -0.54612288 0.13390721 -0.82693329
vn -0.49111144 0.35058461 -0.79743338
vn 0.15769514 -0.04482770 -0.98646983
vn 0.15469958 -0.03684202 -0.98727438
vn 0.72385007 -0.28246720 -0.62948658
vn 0.74265414 -0.14610194 -0.65354346
vn 0.75746942 -0.33043271 0.56307574
vn 0.20872486 -0.07151036 0.97535645
vn 0.21220404 -0.09510885 0.97258612
vn -0.49331510 0.40929661 0.76753925
vn 0.11456790 -0.06363224 -0.99137537
vn 0.12910555 -0.09911537 0.98666504
vn 0.02597242 -0.02519636 -0.99934507
vn 0.03645634 -0.03880891 0.99858140
vn -0.56315177 -0.04063295 -0.82535389
vn -0.54794983 -0.06032680 -0.83433307
vn -0.58574399 -0.04960498 -0.80897671
vn -0.55542922 -0.07960899 -0.82774440
vn -0.55162500 -0.12649281 -0.82444492
vn -0.52332128 -0.02945744 -0.85162615
vn -0.53467701 -0.01643961 -0.84489658
vn -0.54887911 -0.08574357 -0.83149249
vn -0.51652572 -0.04746775 -0.85495497
vn -0.84991451 0.25830459 -0.45926469
vn 0.79233764 -0.20056224 0.57617346
vn 0.46627275 0.00900086 -0.88459522
vn 0.46627275 0.00900086 -0.88459522
vn 0.46627275 0.00900086 -0.88459522
vn -0.01972358 -0.48663289 -0.87338388
vn -0.01972358 -0.48663289 -0.87338388
vn -0.01972358 -0.48663289 -0.87338388
vn 0.72947009 0.67559098 -0.10700573
vn 0.88045448 0.47367020 -0.02089164
vn 0.78356655 0.61560889 -0.08395925
vn -0.04212293 0.62445939 0.77992059
vn -0.03051282 0.60598321 0.79489202
vn -0.01318541 0.59233542 0.80558357
vn 0.95795868 -0.28435023 0.03821139
vn 0.61762422 -0.78046255 -0.09704908
vn 0.68777670 -0.72275479 -0.06774014
vn -0.02789320 -0.63528615 0.77177294
vn -0.03866672 -0.66358659 0.74709954
vn -0.00548809 -0.58633515 0.81004998
vn -0.77744201 0.62790227 0.03636842
vn -0.72091181 0.69031131 0.06129004
vn -0.96296562 -0.25523401 -0.08690689
vn -0.89342735 -0.44850169 -0.02517536
vn -0.57274420 -0.81655081 0.07217243
vn -0.62603734 -0.77787592 0.05464717
vn -0.02949593 -0.74927240 -0.66160476
vn -0.04071436 -0.71108918 -0.70192201
vn -0.02104660 -0.75472299 -0.65570591
vn -0.00885650 0.69567607 -0.71830103
vn 0.06051155 0.79102854 -0.60877928
vn 0.03138190 0.75008979 -0.66059101
vn 0.02629088 0.63262639 -0.77401075
vn 0.02560464 0.65561363 -0.75466229
vn 0.02442315 0.63651185 -0.77088013
vn 0.73561684 0.67738386 0.00435505
vn 0.83992899 0.54112267 -0.04129836
vn 0.71299066 0.70080290 0.02279506
vn 0.06065482 -0.45641284 -0.88769832
vn 0.09053694 -0.36279250 -0.92746141
vn 0.03563459 -0.60458005 -0.79574690
vn 0.67109677 -0.74136663 0.00215564
vn 0.65235452 -0.75786953 0.00820730
vn 0.69958195 -0.71449526 -0.00903398
vn 0.06071649 0.64822092 0.75902776
vn 0.06818285 0.66361812 0.74495778
vn 0.04585544 0.61681775 0.78576914
vn -0.72561647 0.52157046 0.44882625
vn -0.72561647 0.52157046 0.44882625
vn -0.72561647 0.52157046 0.44882625
vn -0.24025828 0.96881914 0.06054279
vn -0.20063953 0.96831420 0.14869900
vn -0.17183180 0.96244691 0.21016605
vn -0.10591468 0.91703345 0.38448892
vn -0.25796748 0.96457628 0.05518491
vn 0.04258405 0.60977129 0.79143261
vn 0.05736661 -0.07170402 0.99577488
vn 0.01499745 -0.04705743 0.99877959
vn 0.02772081 -0.06149428 0.99772241
vn -0.99912165 -0.01876005 -0.03746974
vn -0.99779294 0.00037573 -0.06640112
vn -0.99926047 -0.02080934 -0.03233397
vn -0.04760409 -0.47337536 0.87957355
vn 0.02272220 -0.69674846 0.71695557
vn 0.01017082 -0.69093086 0.72284929
vn -0.57021793 -0.81660571 -0.08947974
vn -0.57021793 -0.81660571 -0.08947974
vn -0.57021793 -0.81660571 -0.08947974
vn -0.00000000 1.00000000 -0.00000016
vn -0.00000000 1.00000000 -0.00000016
vn -0.00000000 1.00000000 -0.00000016
vn 0.00000000 1.00000000 -0.00000016
vn 0.00000000 1.00000000 -0.00000016
vn 0.00000000 1.00000000 -0.00000016
vn 0.00000000 1.00000000 -0.00000016
vn 0.00000000 1.00000000 -0.00000016
vn 0.00000000 1.00000000 -0.00000016
vn 0.00000000 1.00000000 -0.00000016
vn 0.00000000 1.00000000 -0.00000016
vn 0.00000000 1.00000000 -0.00000016
vn -0.48698837 -0.73814058 0.46689485
vn 0.07030658 -0.61068047 0.78874986
vn -0.13333913 -0.34807632 0.92793510
vn 0.60531857 -0.62326770 0.49510283
vn 0.69736243 -0.29611190 0.65268935
vn -0.05458070 -0.03683593 -0.99782968
vn 0.33115974 -0.51226505 -0.79241261
vn 0.36139981 -0.54097938 -0.75942839
vn 0.06365301 0.15844377 0.98531409
vn 0.16016485 -0.01588500 0.98696246
vn 0.56597365 -0.64983553 0.50733383
vn -0.10386267 0.05817507 -0.99288882
vn 0.35916495 -0.57464611 0.73537908
vn 0.00279682 -0.03464457 -0.99939578
vn 0.02442962 0.09248364 0.99541447
vn -0.00568693 -0.99879551 -0.04873584
vn -0.09994088 -0.97508807 -0.19802797
vn -0.02808965 -0.99866903 -0.04325673
vn -0.08124159 -0.99163482 -0.10030045
vn 0.03150539 -0.99942307 -0.01268582
vn 0.05581471 -0.99844103 -0.00048432
vn 0.02514969 -0.99954043 0.01692375
vn -0.02134241 -0.99860546 0.04828700
vn -0.03354734 -0.99664151 0.07470122
vn -0.74978192 -0.38614116 0.53732865
vn 0.08874881 -0.23116730 -0.96885774
vn 0.08874881 -0.23116730 -0.96885774
vn 0.08874881 -0.23116730 -0.96885774
vn -0.86755140 -0.21412643 -0.44889246
vn -0.86755140 -0.21412643 -0.44889246
vn -0.86755140 -0.21412643 -0.44889246
vn 0.80818479 0.42789378 0.40465325
vn 0.80818479 0.42789378 0.40465325
vn 0.80818479 0.42789378 0.40465325
vn 0.95911536 0.03020679 -0.28139878
vn 0.95911536 0.03020679 -0.28139878
vn 0.95911536 0.03020679 -0.28139878
vn -0.87330357 0.38747947 0.29529738
vn -0.87330357 0.38747947 0.29529738
vn -0.87330357 0.38747947 0.29529738
vn -0.00000000 1.00000000 -0.00000016
vn 0.00000000 1.00000000 -0.00000016
vn 0.00000000 1.00000000 -0.00000016
vn 0.00000000 1.00000000 -0.00000016
vn -0.00000000 1.00000000 -0.00000016
vn -0.25721974 0.91964018 0.29681634
vn -0.25721974 0.91964018 0.29681634
vn -0.25721974 0.91964018 0.29681634
vn 0.46846659 0.86875266 -0.16064831
vn 0.44156029 0.86729881 -0.22982012
vn 0.47040844 0.85836263 -0.20476692
vn -0.84559404 0.49711667 -0.19453982
vn -0.84709198 0.48965645 -0.20657141
vn -0.83666095 0.50683459 -0.20764672
vn -0.69812809 0.71569089 -0.02009272
vn -0.77325563 0.63393496 0.01421951
vn -0.68539605 0.72772423 -0.02548913
vn -0.60285338 0.79572826 -0.05817508
vn 0.99898428 0.04505601 0.00060972
vn 0.99519213 0.09755721 -0.00867280
vn 0.92414364 0.03680289 -0.38026844
vn 0.71508241 0.01822267 -0.69880261
vn 0.74421926 0.06649528 -0.66461724
vn 0.92715955 0.09615545 -0.36211780
vn 0.38388758 -0.00947713 -0.92333120
vn 0.20019923 -0.01220154 -0.97967923
vn 0.21220743 0.04723493 -0.97608241
vn 0.43314675 0.06430685 -0.89902643
vn -0.38562080 0.01500490 -0.92253534
vn -0.70475064 0.01690691 -0.70925362
vn -0.71354447 0.03843870 -0.69955468
vn -0.39971443 0.03330896 -0.91603433
vn -0.20805710 0.00689799 -0.97809236
vn -0.21882510 0.03568048 -0.97511152
vn -0.92620214 0.02382948 -0.37627350
vn -0.99950954 0.03095646 -0.00473060
vn -0.99903139 0.04333649 0.00763141
vn -0.92218533 0.04406174 -0.38423012
vn -0.92161933 0.02771446 0.38710428
vn -0.91771019 0.03890468 0.39534091
vn -0.66181810 0.38218286 0.64492872
vn -0.36499810 0.39039639 0.84520237
vn -0.38298594 0.30622170 0.87152168
vn -0.67866836 0.30795446 0.66676330
vn -0.00691004 0.37811249 0.92573387
vn -0.00749947 0.31312827 0.94968123
vn 0.34063673 0.37600862 0.86173321
vn 0.35464284 0.32785074 0.87563826
vn 0.66960531 0.38311693 0.63627836
vn 0.68801672 0.30957338 0.65635152
vn 0.86667502 0.41800969 0.27229085
vn 0.92464758 0.21761185 0.31252510
vn 0.93848923 0.34088489 -0.05509489
vn 0.96774023 0.24822616 -0.04315799
vn 0.91037180 0.25412854 -0.32656067
vn 0.93275863 0.17898623 -0.31293013
vn 0.72114089 0.31042477 -0.61934827
vn 0.72823151 0.23582202 -0.64348026
vn 0.37868947 0.35364914 -0.85529327
vn 0.37462723 0.25937455 -0.89015689
vn 0.19719594 0.35679575 -0.91313228
vn 0.20340681 0.23881943 -0.94952143
vn -0.03581148 0.91993447 0.39043322
vn -0.02209744 0.90379857 0.42738724
vn -0.00376362 0.97578126 0.21871619
vn -0.00137700 0.97729675 0.21187063
vn 0.47485275 0.62301845 0.62158095
vn 0.46886465 0.63122214 0.61783861
vn -0.19459170 0.37480803 -0.90645078
vn -0.34853801 0.39987512 -0.84771525
vn -0.37773200 0.24546557 -0.89278508
vn -0.20823111 0.23694542 -0.94894503
vn -0.65262758 0.38849844 -0.65049690
vn -0.68880578 0.24811242 -0.68116578
vn 0.00835089 0.04376355 0.99900701
vn 0.01896296 0.03891728 0.99906249
vn -0.85581422 0.39350585 -0.33576057
vn -0.89838680 0.27025339 -0.34621418
vn -0.91593222 0.40129633 0.00542418
vn -0.95510187 0.29550957 0.02131939
vn -0.84422888 0.41090786 0.34413998
vn -0.88824513 0.29845850 0.34920355
vn -0.39027914 -0.06790912 0.91818873
vn -0.39529676 -0.06830126 0.91601060
vn -0.00794619 -0.06549869 0.99782102
vn -0.00669513 -0.06584495 0.99780740
vn -0.62382980 -0.50559336 0.59599642
vn -0.34675184 -0.48960061 0.80003400
vn 0.32098720 -0.47897491 0.81703748
vn 0.59413869 -0.52469230 0.60966975
vn -0.00618741 -0.47792299 0.87837995
vn 0.87041764 -0.39988318 0.28716994
vn 0.95155393 -0.30328709 -0.05061686
vn 0.82314097 -0.48099549 -0.30179842
vn 0.62718323 -0.51772129 -0.58189849
vn 0.33951666 -0.47084442 -0.81426898
vn 0.19238427 -0.48199069 -0.85479429
vn -0.32833100 -0.51846798 -0.78955032
vn -0.61062618 -0.52840721 -0.58984870
vn -0.17481994 -0.49236609 -0.85265094
vn -0.81714005 -0.48964337 -0.30418993
vn -0.87486246 -0.48415151 0.01459417
vn -0.80399113 -0.50264827 0.31771526
vn -0.71955860 -0.05567883 0.69219599
vn -0.72280135 -0.04930419 0.68929479
vn 0.36643536 -0.06452215 0.92820365
vn 0.36706107 -0.07330558 0.92730387
vn 0.74131751 0.02307819 0.67075760
vn 0.72979224 0.04584880 0.68212988
vn -0.00341192 -0.88012487 0.47473000
vn -0.19660620 -0.87452012 0.44335151
vn 0.16295276 -0.88341856 0.43933819
vn -0.04577123 0.99832992 0.03524709
vn -0.04986621 0.99797476 0.03949351
vn -0.00132490 0.99994946 0.00996575
vn 0.00906577 0.99995681 0.00204579
vn -0.00215938 0.99887877 -0.04729199
vn -0.00238741 0.99893094 -0.04616581
vn 0.04279540 0.99664420 -0.06977750
vn 0.05710058 0.99675015 -0.05682137
vn 0.93487419 0.23453943 0.26646109
vn 0.93875611 0.21798822 0.26686720
vn 0.98276675 0.18480099 0.00425575
vn 0.98734380 0.15851889 -0.00489656
vn 0.33093608 -0.87439286 0.35484987
vn 0.74218769 -0.62689387 0.23698419
vn -0.00616683 0.99970180 -0.02362787
vn -0.00882061 0.99979024 -0.01848436
vn 0.21628253 0.97565440 0.03633685
vn 0.18832437 0.98199031 0.01513176
vn 0.30607305 0.94926260 0.07224824
vn 0.30414117 0.94950846 0.07701841
vn 0.93428358 -0.15523196 -0.32096299
vn 0.95635902 -0.13481608 -0.25923357
vn 0.73814143 -0.09432433 -0.66801957
vn 0.73980987 -0.07532300 -0.66858641
vn 0.78705184 -0.61520745 -0.04548837
vn 0.57538587 -0.77963201 -0.24719433
vn 0.15885661 0.98706705 0.02152252
vn 0.17846371 0.98382584 0.01540863
vn 0.06090471 0.99766652 -0.03085672
vn 0.05157214 0.99822758 -0.02969868
vn 0.37563169 0.03844550 -0.92597126
vn 0.40286579 0.02761938 -0.91484224
vn -0.01201466 0.03949296 -0.99914761
vn -0.00859639 0.04245170 -0.99906154
vn 0.34935747 -0.87395554 -0.33786251
vn 0.21866827 -0.85522205 -0.46987172
vn 0.02434371 0.99852048 -0.04862342
vn 0.02764459 0.99789026 -0.05874357
vn -0.02507330 0.99954661 0.01667066
vn -0.03571877 0.99887743 0.03111360
vn -0.37942408 0.06191429 -0.92314895
vn -0.38943363 0.05912437 -0.91915491
vn -0.71696835 0.09376380 -0.69077112
vn -0.71624904 0.08710228 -0.69238754
vn 0.12349319 -0.83357681 -0.53842281
vn -0.17553435 -0.87666443 -0.44793658
vn -0.09600486 -0.83859879 -0.53622302
vn 0.00385438 0.99979785 0.01973313
vn 0.00392418 0.99973854 0.02252676
vn 0.00560964 0.99995967 0.00701427
vn 0.00324011 0.99999234 0.00219779
vn -0.92835760 -0.00373925 -0.37166945
vn -0.93873605 0.01365086 -0.34436651
vn -0.99909903 -0.03845731 0.01794886
vn -0.99910985 -0.03945771 0.01491970
vn -0.36079430 -0.86601693 -0.34618226
vn -0.48593456 -0.85459031 -0.18314749
vn -0.02496198 0.99962738 -0.01104504
vn -0.01491570 0.99988369 -0.00318135
vn -0.07999699 0.99678627 -0.00419664
vn -0.08511412 0.99632673 -0.00941462
vn -0.92404526 0.00499922 0.38225041
vn -0.92122340 0.00691644 0.38897251
vn -0.49526498 -0.86874194 -0.00020562
vn -0.45255500 -0.87381116 0.17789893
vn -0.04553230 0.99857475 0.02784398
vn -0.05010236 0.99839874 0.02626245
vn -0.32332800 -0.90071792 0.29011417
vn -0.92258123 0.04567203 0.38309000
vn -0.92285831 0.04489285 0.38251428
vn -0.99902719 0.04378184 0.00527528
vn -0.99919772 0.03983065 0.00417612
vn -0.23104441 0.97294261 -0.00107473
vn -0.22744130 0.97379169 0.00043744
vn -0.20500358 0.97477317 0.08826553
vn -0.20571113 0.97456578 0.08890712
vn -0.16855521 0.98366192 -0.06323270
vn -0.16971991 0.98323838 -0.06661412
vn -0.70697985 0.04048731 0.70607384
vn -0.70836247 0.03930866 0.70475346
vn -0.92177684 0.02090279 -0.38715698
vn -0.92144020 0.02102841 -0.38795072
vn -0.70393796 0.03684255 -0.70930528
vn -0.70488943 0.04202883 -0.70807095
vn -0.16984019 0.96844517 -0.18239587
vn -0.17335774 0.96691666 -0.18713436
vn -0.07841590 0.97631653 0.20163575
vn -0.08021179 0.97620794 0.20145501
vn -0.00780820 0.96943294 0.24523215
vn -0.00899238 0.97000838 0.24290508
vn -0.38214511 0.04140245 0.92317439
vn -0.38356855 0.04132684 0.92258726
vn 0.20661095 0.04407220 -0.97743008
vn 0.19865818 0.05054269 -0.97876471
vn 0.38356697 0.04329735 -0.92249755
vn 0.39699686 0.03299149 -0.91722683
vn 0.92461895 0.01818011 -0.38045930
vn 0.92384117 0.01961438 -0.38227317
vn 0.99990334 0.01337651 0.00379232
vn 0.99988768 0.01492485 0.00137108
vn 0.71654960 0.01747637 -0.69731718
vn 0.71145324 0.02279109 -0.70236376
vn -0.94114688 0.02039910 -0.33738172
vn -0.93754982 0.01071951 -0.34768581
vn -0.71247622 0.03567710 -0.70078869
vn -0.71325538 0.04481757 -0.69946990
vn -0.99967269 0.01617916 0.01981783
vn -0.99886636 0.03427148 0.03303714
vn -0.37288478 0.04557959 -0.92675749
vn -0.37473074 0.04462793 -0.92605897
vn -0.19951852 0.04689771 -0.97877115
vn -0.20424643 0.05071597 -0.97760487
vn 0.93109325 0.03201008 0.36337408
vn 0.92575986 0.02157879 0.37749575
vn 0.71317535 0.04033912 0.69982403
vn 0.71956310 0.04688547 0.69284248
vn 0.38255361 0.04124589 0.92301219
vn 0.38868925 0.04700024 0.92016935
vn -0.00240610 0.03277722 0.99945979
vn -0.01341132 0.02858395 0.99950142
vn -0.39766697 0.03731595 0.91677069
vn -0.39469524 0.03544027 0.91812834
vn -0.74155719 0.04238338 0.66954954
vn -0.73243769 0.05392968 0.67869479
vn -0.92448615 0.06714948 0.37525499
vn -0.92604956 0.07087976 0.37068621
vn 0.98308428 0.16606264 -0.07725604
vn 0.92512642 0.13497232 -0.35485714
vn 0.74057467 0.17152109 -0.64971508
vn 0.40021553 0.20183030 -0.89391949
vn 0.19884541 0.19310554 -0.96081775
vn -0.37105238 0.21575796 -0.90319911
vn -0.19439597 0.20715865 -0.95879899
vn -0.70590903 0.18352405 -0.68411356
vn -0.91535493 0.19348841 -0.35311129
vn -0.98062431 0.19585688 0.00400598
vn -0.90595206 0.19289876 0.37688318
vn -0.00001535 0.04207292 0.99911454
vn -0.00007025 0.03996512 0.99920107
vn -0.17614461 0.96935553 0.17123939
vn -0.17627456 0.96926397 0.17162352
vn 0.07017857 0.98458824 0.16019039
vn 0.06901559 0.98408606 0.16374209
vn 0.15175224 0.97701421 0.14971469
vn 0.15295475 0.97631849 0.15299364
vn 0.38147397 0.02913538 0.92392031
vn 0.38304131 0.02971723 0.92325308
vn 0.70922601 0.04248201 0.70370004
vn 0.70849946 0.04359777 0.70436336
vn 0.20252035 0.97619925 0.07759202
vn 0.20043027 0.97672037 0.07645277
vn 0.25142178 0.96787191 -0.00332330
vn 0.25534170 0.96684997 -0.00132089
vn 0.92222580 0.03750974 0.38482801
vn 0.92173655 0.03776699 0.38597329
vn 0.99892859 0.04625910 -0.00133012
vn 0.99884200 0.04804117 -0.00259080
vn 0.24737638 0.96379792 -0.09949122
vn 0.24688607 0.96380637 -0.10062086
vn 0.18128825 0.96777764 -0.17475984
vn 0.17808609 0.96862486 -0.17335290
vn 0.92308048 0.04554508 -0.38190061
vn 0.92212867 0.04652414 -0.38407581
vn 0.70498638 0.05110922 -0.70737689
vn 0.70484932 0.05191219 -0.70745498
vn 0.08038623 0.97529738 -0.20575005
vn 0.08197160 0.97523258 -0.20543144
vn -0.00314593 0.96824435 -0.24998597
vn -0.00067568 0.96740268 -0.25324216
vn 0.38226826 0.05260616 -0.92255275
vn 0.38316392 0.05323120 -0.92214524
vn 0.19988542 0.05649682 -0.97818911
vn 0.19906802 0.05816057 -0.97825829
vn -0.09927294 0.96462314 -0.24422754
vn -0.09936127 0.96469709 -0.24389928
vn -0.38255879 0.05257698 -0.92243397
vn -0.38216712 0.05050154 -0.92271225
vn -0.20188431 0.05367284 -0.97793760
vn -0.20225689 0.05447653 -0.97781617
vn -0.12796335 -0.82746012 0.54674960
vn -0.15744105 -0.82362298 0.54484631
vn -0.57615189 -0.48087223 0.66091671
vn -0.60517004 -0.44436565 0.66053644
vn -0.69682084 0.01042225 0.71716950
vn -0.70677310 0.01507711 0.70727962
vn -0.54882299 0.69058546 0.47104676
vn -0.59960232 0.62688975 0.49747995
vn 0.71544117 -0.52468285 0.46135869
vn 0.76103313 -0.43921130 0.47741178
vn 0.87120289 -0.00639690 0.49088146
vn 0.86276552 -0.00142825 0.50560224
vn -0.06668098 0.98335507 0.16901614
vn -0.07549673 0.98299849 0.16737445
vn 0.00008933 -1.00000000 0.00003666
vn -0.00006489 -1.00000000 -0.00006339
vn -0.00006472 -1.00000000 -0.00006357
vn 0.00008982 -1.00000000 0.00003558
vn 0.00003063 -1.00000000 0.00009205
vn -0.00004251 -1.00000000 -0.00008438
vn -0.00004248 -1.00000000 -0.00008423
vn 0.00002973 -1.00000000 0.00009233
vn -0.00009008 -1.00000000 -0.00003463
vn 0.00005851 -1.00000000 0.00007028
vn 0.00005856 -1.00000000 0.00007011
vn -0.00009039 -1.00000000 -0.00003382
vn 0.00008886 -1.00000000 0.00004215
vn 0.00008888 -1.00000000 0.00004214
vn -0.00016390 -0.99999998 -0.00005920
vn -0.00016407 -0.99999998 -0.00005960
vn -0.00011904 -0.99999998 0.00013181
vn 0.00016283 -0.99999998 0.00005908
vn 0.00016307 -0.99999998 0.00005936
vn -0.00011899 -0.99999998 0.00013181
vn 0.00012703 -0.99999998 -0.00012577
vn 0.00012721 -0.99999998 -0.00012581
vn -0.00008887 -1.00000000 -0.00004170
vn -0.00008898 -1.00000000 -0.00004159
vn -0.00006680 -0.99999999 -0.00015906
vn -0.00006710 -0.99999999 -0.00015916
vn 0.00003998 -1.00000000 0.00008370
vn 0.00003981 -1.00000000 0.00008375
vn 0.00006372 -0.99999998 0.00016502
vn 0.00006400 -0.99999998 0.00016527
vn -0.00002825 -1.00000000 -0.00008587
vn -0.00002713 -1.00000000 -0.00008622
vn 1.00000000 0.00000000 0.00000000
vn 1.00000000 0.00000000 0.00000000
vn 1.00000000 0.00000000 0.00000000
vn 1.00000000 0.00000000 0.00000000
vn -1.00000000 0.00000000 0.00000000
vn -1.00000000 0.00000000 0.00000000
vn -1.00000000 0.00000000 0.00000000
vn -1.00000000 0.00000000 0.00000000
vn 0.28602683 0.95822161 -0.00000016
vn 0.00000000 1.00000000 -0.00000016
vn 0.00000000 1.00000000 -0.00000016
vn 0.22202175 0.97504171 -0.00000016
vn -0.28627563 0.95814731 -0.00000016
vn -0.22208674 0.97502691 -0.00000016
vn -0.00000000 -1.00000000 0.00000016
vn 0.00000000 -1.00000000 0.00000016
vn 0.00000000 -1.00000000 0.00000016
vn -0.00000000 -1.00000000 0.00000016
vn -0.00108859 -0.99999941 0.00000016
vn -0.00146932 -0.99999892 0.00000016
vn -0.49896856 0.86662009 -0.00000014
vn -0.49896856 0.86662009 -0.00000014
vn -0.00000000 -1.00000000 0.00000016
vn -0.00000000 -1.00000000 0.00000016
vn -0.00261226 -0.99999659 0.00000016
vn -0.00261226 -0.99999659 0.00000016
vn 0.49865052 0.86680313 -0.00000014
vn 0.49865052 0.86680313 -0.00000014
vn -0.00013483 -0.00450987 0.99998982
vn -0.20478675 -0.02405199 0.97851106
vn 0.00000816 -0.00445323 0.99999008
vn 0.00007506 -0.00454764 0.99998966
vn 0.00000865 -0.00454613 0.99998967
vn -0.00017276 -0.00469911 0.99998894
vn -0.16738691 0.01216247 0.98581626
vn 0.00019616 -0.00471551 0.99998886
vn -0.00010585 -0.00451997 0.99998978
vn 0.19883694 -0.02584604 0.97969171
vn 0.00009992 -0.00453927 0.99998969
vn 0.16954504 0.00958057 0.98547587
vn -0.00023206 -0.00468620 0.99998899
vn 0.00014324 -0.00472641 0.99998882
vn -0.43686021 -0.01127924 0.89945869
vn -0.43464084 -0.00070590 0.90060360
vn -0.41374018 -0.08519151 0.90640028
vn -0.39595661 0.02506636 0.91792704
vn -0.43740762 0.00386302 0.89925506
vn -0.43748131 -0.02138488 0.89897318
vn 0.39493459 -0.04594293 0.91755976
vn 0.43900208 -0.00158043 0.89848465
vn 0.45578330 0.05316041 0.88850186
vn 0.42868439 0.00403585 0.90344530
vn 0.43274032 0.01193857 0.90143956
vn 0.41310749 0.03986012 0.90980953
vn -0.00011557 0.00451716 -0.99998979
vn 0.00000767 0.00446085 -0.99999005
vn 0.22425482 0.00095797 -0.97453007
vn 0.00011288 0.00453616 -0.99998971
vn 0.17296013 -0.00089114 -0.98492842
vn -0.00026282 0.00468250 -0.99998900
vn 0.00000816 0.00456185 -0.99998959
vn 0.00015919 0.00472537 -0.99998882
vn -0.00015038 0.00450593 -0.99998984
vn -0.22102207 0.00167562 -0.97526737
vn 0.00008307 0.00454551 -0.99998967
vn -0.00019035 0.00469736 -0.99998895
vn -0.17463287 0.00144362 -0.98463256
vn 0.00022392 0.00471281 -0.99998887
vn -0.44167811 0.02414696 -0.89684858
vn -0.44872308 0.01464403 -0.89355087
vn -0.42163898 -0.01581491 -0.90662586
vn -0.42396639 -0.00723861 -0.90564900
vn -0.44198225 -0.01489682 -0.89690009
vn -0.43873025 -0.04917702 -0.89727219
vn 0.43184059 0.00244961 -0.90194662
vn 0.44812743 0.01578615 -0.89383030
vn 0.43189930 0.05775877 -0.90007051
vn 0.44974488 -0.01596077 -0.89301444
vn 0.44327106 -0.02069478 -0.89614870
vn 0.41392969 0.00153580 -0.91030756
vn -0.99497762 0.00045425 -0.10009660
vn -0.99512205 0.00056949 -0.09864976
vn -0.99511404 0.00056305 -0.09873062
vn -0.99496949 0.00044781 -0.10017744
vn 0.00000000 -1.00000000 0.00000016
vn 0.00000000 -1.00000000 0.00000016
vn 0.00000000 -1.00000000 0.00000016
vn 0.00000000 -1.00000000 0.00000016
vn 0.99495830 -0.01419520 -0.09927983
vn 0.99484090 -0.01408898 -0.10046438
vn 0.99484753 -0.01409495 -0.10039782
vn 0.99496485 -0.01420117 -0.09921324
vn 0.00000000 1.00000000 -0.00000016
vn 0.00000000 1.00000000 -0.00000016
vn 0.00000000 1.00000000 -0.00000016
vn 0.00000000 1.00000000 -0.00000016
vn -0.99487152 -0.01418102 -0.10014772
vn -0.99495244 -0.01411861 -0.09934938
vn -0.99494794 -0.01412209 -0.09939395
vn -0.99486698 -0.01418450 -0.10019229
vn 0.00000000 -1.00000000 0.00000016
vn 0.00000000 -1.00000000 0.00000016
vn 0.00000000 -1.00000000 0.00000016
vn 0.00000000 -1.00000000 0.00000016
vn 0.99511427 0.00044843 -0.09872883
vn 0.99496965 0.00057602 -0.10017513
vn 0.99497783 0.00056885 -0.10009392
vn 0.99512233 0.00044126 -0.09864760
vn 0.00000000 1.00000000 -0.00000016
vn 0.00000000 1.00000000 -0.00000016
vn 0.00000000 1.00000000 -0.00000016
vn 0.00000000 1.00000000 -0.00000016
vn -0.99987449 -0.00023275 -0.01584141
vn -0.99983148 -0.00047903 -0.01835159
vn -0.99983452 -0.00046275 -0.01818572
vn -0.99987714 -0.00021628 -0.01567361
vn -0.37986626 -0.92208847 0.07385444
vn -0.37749873 -0.92556898 -0.02857911
vn -0.37863318 -0.92554383 0.00235140
vn -0.37980415 -0.91923492 0.10371097
vn 0.99198037 0.01975467 -0.12483867
vn 0.99209210 0.01966643 -0.12396167
vn 0.99208446 0.01967248 -0.12402181
vn 0.99197301 0.01976046 -0.12489625
vn -0.00000000 1.00000000 -0.00000016
vn -0.00000000 1.00000000 -0.00000016
vn -0.00000000 1.00000000 -0.00000016
vn -0.00000000 1.00000000 -0.00000016
vn -0.99210129 0.01976722 -0.12387207
vn -0.99197473 0.01966915 -0.12489700
vn -0.99198308 0.01967560 -0.12482964
vn -0.99210929 0.01977345 -0.12380700
vn 0.40535706 -0.91410347 0.01002503
vn 0.32713954 -0.93983761 0.09841231
vn 0.35644064 -0.93197708 0.06609683
vn 0.43786150 -0.89857897 -0.02886413
vn 0.99983460 -0.00023396 -0.01818586
vn 0.99987695 -0.00047669 -0.01567998
vn 0.99987439 -0.00046095 -0.01584250
vn 0.99983157 -0.00021790 -0.01835160
vn 0.00000000 1.00000000 -0.00000016
vn 0.00000000 1.00000000 -0.00000016
vn 0.00000000 1.00000000 -0.00000016
vn 0.00000000 1.00000000 -0.00000016
vn -0.01953651 -0.01433775 0.99970633
vn -0.01771006 -0.01092107 0.99978352
vn 0.25942887 -0.01583226 0.96563244
vn 0.25641475 -0.01791348 0.96640084
vn -0.29347167 -0.00821274 0.95593249
vn -0.28710878 -0.00383097 0.95789032
vn -0.60549930 -0.05044898 -0.79424524
vn -0.87015997 -0.07017288 -0.48774726
vn -0.86805512 -0.06862901 -0.49170150
vn -0.60877921 -0.05150156 -0.79166625
vn 0.11304624 0.00463282 -0.99357893
vn 0.09935023 0.00171567 -0.99505105
vn 0.73688562 0.05199838 -0.67401465
vn 0.73372437 0.05072548 -0.67755108
vn 0.99709178 0.06851928 -0.03336311
vn 0.99713469 0.06971748 -0.02935774
vn 0.77047524 0.05292366 0.63526923
vn 0.77148925 0.05198889 0.63411473
vn 0.10274745 0.00571487 0.99469106
vn 0.12032354 0.00120802 0.99273400
vn -0.67903351 -0.04962362 0.73242815
vn -0.66891084 -0.05193403 0.74152623
vn -0.06032046 0.72727780 0.68368738
vn -0.10501180 0.80114065 0.58919112
vn -0.10446868 0.99408383 -0.02972585
vn -0.08101758 0.99545137 0.05012699
vn -0.05973728 0.79487359 -0.60382732
vn -0.06731548 0.77817825 -0.62442552
vn -0.01053921 0.14723148 -0.98904591
vn -0.02781132 0.10278136 -0.99431510
vn 0.03905182 -0.62455474 -0.78000406
vn 0.02233257 -0.67075048 -0.74134678
vn 0.05407871 -0.88883562 -0.45502389
vn 0.02996465 -0.91241919 -0.40815847
vn 0.03057610 -0.88278699 0.46877737
vn 0.02289089 -0.87632387 0.48117822
vn 0.00041766 -0.61124110 0.79144434
vn 0.01230739 -0.62423218 0.78114193
vn -0.05839920 0.16540379 0.98449536
vn -0.02788165 0.10131169 0.99446395
vn -0.50936154 0.86025296 0.02270815
vn -0.48707836 0.87276785 -0.03210850
vn -0.40776801 0.81448464 0.41272269
vn -0.45750219 0.80211615 0.38379870
vn -0.27763499 0.90974085 -0.30869143
vn -0.29798706 0.90994033 -0.28846544
vn 0.00525838 0.89291719 -0.45019023
vn -0.00443458 0.89134097 -0.45331182
vn 0.32206396 0.89227266 -0.31642426
vn 0.30029039 0.89149510 -0.33920816
vn 0.97739518 -0.20669979 -0.04442817
vn 0.91864395 -0.39457888 -0.02002011
vn 0.53950369 0.84176969 0.01896186
vn 0.52723628 0.84922366 -0.02900131
vn 0.37325881 0.84951230 0.37283603
vn 0.38736712 0.86238514 0.32594260
vn -0.01577738 0.85803254 0.51335294
vn 0.02198698 0.86669998 0.49834498
vn 0.57354211 -0.52817445 -0.62616387
vn 0.73614133 -0.67660881 -0.01721785
vn 0.61980781 -0.54055568 0.56889176
vn 0.36288233 -0.62342789 -0.69257064
vn 0.49728261 -0.86726119 -0.02383335
vn 0.38288105 -0.64485305 0.66148820
vn -0.42000611 0.71186872 0.56288346
vn -0.40962481 0.86563872 0.28788386
vn -0.87934849 0.34241243 0.33090777
vn -0.86683654 0.36354480 0.34121781
vn -0.95123702 0.30819858 -0.01271881
vn -0.94790890 0.30914855 -0.07678470
vn -0.46873553 0.83452781 -0.28956922
vn -0.36886311 0.65121547 -0.66321822
vn -0.91232468 0.24346909 -0.32922102
vn -0.90535523 0.28811897 -0.31196052
vn 0.02953424 0.06387952 -0.99752049
vn -0.76411918 0.01634097 -0.64486809
vn -0.74889655 0.07316482 -0.65863561
vn 0.26319012 -0.64978823 -0.71309622
vn -0.77947401 -0.45378929 -0.43185130
vn -0.76714570 -0.42022724 -0.48466126
vn 0.33995096 -0.94033583 0.01420811
vn -0.59980473 -0.80013497 -0.00427977
vn -0.58282476 -0.80994405 -0.06561966
vn 0.22460483 -0.64113738 0.73382255
vn -0.75434356 -0.46502928 0.46337195
vn -0.76744975 -0.43083632 0.47476409
vn -0.08881641 0.03851793 0.99530298
vn -0.80954742 -0.00186454 0.58705152
vn -0.81276110 0.07777565 0.57738232
vn -0.65787746 -0.06256955 0.75052135
vn -0.64666563 -0.05693763 0.76064556
vn -0.91025424 -0.07427805 0.40733279
vn -0.91723792 -0.08394923 0.38939329
vn -0.88598604 -0.06942304 -0.45848574
vn -0.88887293 -0.06700105 -0.45322817
vn -0.63681803 -0.04671429 -0.76959767
vn -0.61328530 -0.05540870 -0.78791562
vn 0.10734859 0.00107257 -0.99422087
vn 0.13122490 -0.00438974 -0.99134291
vn 0.72054987 0.05148776 -0.69148890
vn 0.74500870 0.04523924 -0.66551893
vn 0.99317800 0.07686159 -0.08769122
vn 0.99798128 0.05856511 -0.02456598
vn 0.80152045 0.05651847 0.59529038
vn 0.77812698 0.04163961 0.62672526
vn 0.13873185 -0.00062540 0.99032979
vn 0.13130288 -0.00463712 0.99133145
vn -0.65382364 0.01388887 0.75651949
vn -0.69384182 -0.00501251 0.72010999
vn -0.99432803 -0.07139981 -0.07882784
vn -0.99616942 -0.06519786 -0.05827289
vn -0.53919695 0.84209033 0.01226854
vn -0.52593850 0.84798098 -0.06570355
vn -0.38788554 0.87361906 0.29382741
vn -0.32333417 0.86711610 0.37889929
vn -0.29070438 -0.88620070 0.36074822
vn -0.26521663 -0.88548544 0.38154380
vn -0.44083021 -0.89578102 -0.05696564
vn -0.44792462 -0.89294573 -0.04484937
vn -0.60557112 -0.03358134 -0.79508233
vn -0.61261392 -0.02274562 -0.79005495
vn -0.36697533 0.85347714 -0.37000794
vn -0.33980617 0.85254029 -0.39712318
vn -0.34106298 -0.79966667 -0.49417532
vn -0.33484081 -0.79778258 -0.50142257
vn -0.25503380 0.01040201 -0.96687618
vn -0.26247699 0.02030453 -0.96472460
vn 0.03176997 0.84042045 -0.54100290
vn 0.01055102 0.83925312 -0.54363856
vn 0.12504687 -0.84963169 -0.51233706
vn 0.08395359 -0.85132303 -0.51788116
vn 0.47265431 0.06254332 -0.87902573
vn 0.46919759 0.06715170 -0.88053636
vn 0.75982427 0.06812982 -0.64654884
vn 0.74579261 0.07261708 -0.66220854
vn 0.33882120 0.86996991 -0.35826325
vn 0.32667990 0.87351353 -0.36090769
vn 0.42605261 -0.84389110 -0.32607818
vn 0.40751771 -0.84165495 -0.35432507
vn 0.99485430 0.09250849 -0.04131717
vn 0.99336777 0.09920965 -0.05811986
vn 0.38342154 0.92258783 -0.04265689
vn 0.38187469 0.92380078 -0.02763773
vn 0.54719776 -0.83656274 -0.02715514
vn 0.55917146 -0.82867409 0.02503069
vn 0.77199964 0.07167754 0.63156859
vn 0.78296785 0.08566422 0.61613552
vn 0.30128643 0.90133699 0.31115611
vn 0.31611519 0.90327728 0.29010575
vn 0.52772244 -0.77591771 0.34563092
vn 0.49963899 -0.77550052 0.38595313
vn 0.08727054 0.05345979 0.99474917
vn 0.11964380 0.08043911 0.98955288
vn 0.02721604 0.90268222 0.42944627
vn -0.02071810 0.90152561 0.43222949
vn 0.12978952 -0.85370792 0.50431882
vn 0.11863886 -0.86034495 0.49571300
vn -0.67009722 -0.01635839 0.74209307
vn -0.69254634 -0.02435415 0.72096216
vn -0.99862226 -0.04533016 -0.02643415
vn -0.99857380 -0.04230547 -0.03256702
vn -0.43276343 0.90138833 0.01465936
vn -0.43689134 0.89947227 -0.00869401
vn -0.29989772 0.91884441 0.25648842
vn -0.29037585 0.91912451 0.26625552
vn -0.01159802 -0.99425292 0.10642661
vn -0.02143686 -0.99613240 0.08520972
vn -0.05394027 -0.99853804 -0.00349642
vn -0.05439165 -0.99850962 -0.00448127
vn -0.68676139 0.01488426 -0.72673052
vn -0.66138155 0.00277790 -0.75004449
vn -0.34787874 0.89198574 -0.28868982
vn -0.32600606 0.89427192 -0.30659058
vn -0.02407446 -0.99510869 -0.09580773
vn -0.01728108 -0.99541596 -0.09406606
vn 0.03393623 -0.00154457 -0.99942281
vn 0.06320000 -0.01805870 -0.99783748
vn -0.05934056 0.93203357 -0.35748025
vn -0.04150789 0.93069620 -0.36343044
vn 0.06980412 -0.99095012 -0.11465268
vn 0.08345873 -0.99074607 -0.10703679
vn 0.41700529 0.01028177 -0.90884590
vn 0.41897356 0.00637471 -0.90797606
vn 0.29110698 0.90290602 -0.31625535
vn 0.28648189 0.89962108 -0.32956037
vn 0.14468823 -0.98640251 -0.07794493
vn 0.14544832 -0.98656147 -0.07443963
vn 0.91856432 0.05902419 -0.39083979
vn 0.91553254 0.07068693 -0.39598424
vn 0.99826319 0.04983953 -0.03141053
vn 0.99917931 0.03899594 -0.01095554
vn 0.44158754 0.89714785 -0.01123341
vn 0.43822620 0.89858690 -0.02234686
vn 0.16613121 -0.98605684 -0.00960868
vn 0.16627336 -0.98598176 -0.01389769
vn 0.74623095 0.02499857 0.66521759
vn 0.73405806 0.02204932 0.67872866
vn 0.28820012 0.92059118 0.26353857
vn 0.26365675 0.92050792 0.28835793
vn 0.13281095 -0.98966064 0.05415773
vn 0.14092956 -0.98873482 0.05042140
vn 0.06278328 0.01193008 0.99795588
vn 0.05678011 0.01720043 0.99823853
vn -0.01572404 0.89496710 0.44585496
vn -0.04620468 0.89534425 0.44297156
vn 0.05575500 -0.99493443 0.08364724
vn 0.07415561 -0.99259108 0.09624907
vn 0.06872631 0.03192169 0.99712472
vn 0.05149386 0.02617785 0.99833016
vn -0.68079243 -0.01805934 0.73225373
vn -0.67962790 -0.01717475 0.73335595
vn -0.99916748 -0.03891115 -0.01225837
vn -0.99918161 -0.03873034 -0.01166535
vn -0.68784471 -0.01476364 -0.72570772
vn -0.68237623 -0.01790498 -0.73078184
vn -0.35986223 0.00286251 -0.93300106
vn -0.35438658 0.00137894 -0.93509799
vn 0.75338050 0.07999369 0.65270118
vn 0.75323615 0.08216376 0.65259821
vn 0.99436625 0.10034015 -0.03417032
vn 0.99374205 0.10276722 -0.04376802
vn 0.71042106 0.07863818 -0.69936968
vn 0.70997327 0.07821872 -0.69987127
vn 0.40137865 0.05287201 -0.91438489
vn 0.40501638 0.05193765 -0.91283307
vn -0.80199107 0.59721980 -0.01178299
vn -0.56546443 0.59699371 0.56907688
vn -0.54977727 0.61517218 0.56507357
vn -0.79753660 0.60176224 -0.04263299
vn -0.29748721 0.58474582 -0.75470105
vn -0.57038979 0.57284798 -0.58864309
vn -0.55310801 0.58692942 -0.59125746
vn -0.26328309 0.61640498 -0.74210977
vn 0.01325937 0.66605034 0.74578893
vn 0.53246730 0.68913570 0.49149828
vn 0.53485760 0.68376688 0.49637708
vn 0.02667279 0.67861902 0.73400598
vn 0.74388459 0.66747881 -0.03328285
vn 0.75343567 0.65705930 -0.02465275
vn 0.50840585 0.66218855 -0.55048144
vn 0.51146925 0.66313469 -0.54649025
vn 0.27258862 0.63783008 -0.72032509
vn 0.26140059 0.64638544 -0.71683721
vn -0.98377044 -0.14706703 0.10279592
vn -0.99550687 -0.08880789 -0.03285152
vn -0.65157424 -0.03577959 0.75774061
vn -0.56141652 0.05869679 0.82544908
vn 0.08064619 0.04645566 0.99565961
vn 0.15426664 0.20923528 0.96562022
vn 0.17819164 -0.14392563 -0.97341315
vn 0.04526517 0.03497120 -0.99836270
vn -0.32611351 -0.01718222 -0.94517446
vn -0.26004801 -0.22385070 -0.93929010
vn -0.86723966 -0.26056056 -0.42426826
vn -0.88796963 -0.07828998 -0.45318939
vn 0.73472088 0.12365015 0.66700515
vn 0.72746056 0.26380786 0.63340867
vn 0.98667926 0.15956755 -0.03165810
vn 0.97433728 0.22332161 0.02818360
vn 0.69252836 0.12428926 -0.71060302
vn 0.79166677 0.07627141 -0.60617357
vn -0.93556631 -0.28849136 0.20368705
vn -0.55265328 0.24706229 0.79594886
vn 0.07328078 0.54585596 0.83466831
vn 0.29795188 -0.42315164 -0.85566779
vn -0.16085434 -0.57980834 -0.79871657
vn -0.80908397 -0.52427939 -0.26554519
vn 0.59572361 0.60358499 0.52990428
vn 0.90107542 0.43234706 0.03375072
vn 0.86041146 0.05694355 -0.50640848
vn -0.85264169 -0.45509946 0.25668390
vn -0.67872961 0.27866234 0.67946554
vn -0.15195867 0.77031487 0.61929280
vn 0.32887446 -0.62815103 -0.70517223
vn -0.07111758 -0.79899579 -0.59711642
vn -0.68277360 -0.72372042 -0.10024452
vn 0.36795685 0.87357230 0.31855798
vn 0.77904319 0.61857904 -0.10223341
vn 0.83295354 0.00441720 -0.55332530
vn -0.81301579 -0.47992404 0.32966382
vn -0.71335275 0.28422131 0.64058263
vn -0.25116882 0.80970033 0.53037684
vn 0.32984087 -0.69464397 -0.63927675
vn -0.05584100 -0.86492487 -0.49878528
vn -0.60201380 -0.79806939 -0.02578057
vn 0.26269653 0.93966816 0.21912163
vn 0.70819657 0.68047169 -0.18819114
vn 0.82331610 0.00639961 -0.56754705
vn -0.55903910 -0.15364085 -0.81478204
vn -0.55295966 -0.15410733 -0.81883243
vn -0.57001077 -0.01642801 -0.82147297
vn -0.58440449 -0.00258665 -0.81145838
vn -0.57392800 -0.07646815 -0.81532771
vn -0.58001573 -0.08635412 -0.81001526
vn -0.48824282 -0.14400872 -0.86074412
vn -0.48507458 -0.14788898 -0.86187673
vn -0.69044856 -0.01157598 -0.72328887
vn -0.67355864 -0.00369673 -0.73912455
vn -0.70038381 -0.21671886 -0.68007019
vn -0.70441733 -0.19604191 -0.68217578
vn -0.46757286 -0.04794289 -0.88265344
vn -0.47296284 -0.05059497 -0.87962850
vn -0.52370635 -0.00551357 -0.85188101
vn -0.51706396 0.00822227 -0.85590727
vn 0.66093696 0.56661030 -0.49205193
vn 0.64778634 0.57223561 -0.50291078
vn 0.11475003 0.99104400 -0.06829510
vn 0.13573802 0.98739703 -0.08137742
vn 0.40447979 -0.79179897 -0.45765762
vn 0.37527302 -0.80079417 -0.46679639
vn 0.75497652 -0.17805672 -0.63111509
vn 0.77372019 -0.15558837 -0.61412484
vn -0.90606621 0.09336114 0.41270779
vn -0.89077538 0.08202940 0.44697919
vn -0.74106545 -0.61560795 0.26804636
vn -0.74314517 -0.61836806 0.25564857
vn -0.20938527 -0.97298980 -0.09720420
vn -0.22848866 -0.96905951 -0.09336275
vn -0.52865577 0.76942242 0.35848600
vn -0.53600133 0.77945544 0.32427118
vn -0.92555291 -0.06569878 0.37287463
vn -0.92499154 -0.06611819 0.37419117
vn 0.01093898 -0.00980964 -0.99989205
vn 0.00963100 -0.01102964 -0.99989279
vn 0.01106560 -0.00969153 -0.99989181
vn 0.01239011 -0.00845604 -0.99988748
vn 0.99999454 0.00280999 0.00173890
vn 0.99993581 0.00876030 0.00718629
vn 0.99999059 0.00358275 0.00244635
vn 0.99999280 -0.00234620 -0.00298144
vn 0.85353650 0.52095594 0.00896349
vn 0.85989602 0.51037287 0.00991829
vn 0.64324466 0.76549063 -0.01613704
vn 0.61575590 0.78771218 -0.01881995
vn 0.01269262 0.72245345 -0.69130305
vn 0.01295309 0.72032582 -0.69351491
vn 0.00673642 0.76898789 -0.63922786
vn 0.00612374 0.77354645 -0.63371002
vn 0.00089955 0.00045816 -0.99999949
vn 0.00190311 0.00090542 -0.99999778
vn -0.00084703 -0.00032027 -0.99999959
vn -0.00184216 -0.00076378 -0.99999801
vn 0.99996617 0.00158227 -0.00807172
vn 0.99994165 0.00007928 -0.01080212
vn 0.99998229 0.00329923 -0.00495247
vn 0.99998598 0.00482848 -0.00217413
vn 0.00586055 -0.00103809 0.99998229
vn 0.01061189 -0.00552164 0.99992845
vn 0.00544660 -0.00064748 0.99998496
vn 0.00057705 0.00394739 0.99999204
vn 0.00986134 0.99994685 -0.00300685
vn 0.02062642 0.99976865 0.00609877
vn 0.00737698 0.99995974 -0.00510792
vn -0.00345114 0.99989231 -0.01426406
vn -0.99994074 0.00458015 -0.00987664
vn -0.99996521 0.00251036 -0.00795422
vn -0.99994342 0.00438197 -0.00969258
vn -0.99991192 0.00644068 -0.01160466
vn -0.00120201 -0.68458466 -0.72893237
vn -0.00131760 -0.68363900 -0.72981914
vn 0.00156947 -0.70690597 -0.70730579
vn 0.00185851 -0.70919494 -0.70500999
vn 0.65683261 -0.75403561 -0.00110283
vn 0.65401550 -0.75648072 -0.00080036
vn 0.71679523 -0.69724021 -0.00779011
vn 0.72186953 -0.69197844 -0.00837990
vn -0.01148990 0.00203391 -0.99993192
vn -0.01605527 0.00648195 -0.99985010
vn -0.01167331 0.00221260 -0.99992942
vn -0.00714322 -0.00220072 -0.99997207
vn -0.99994362 0.00829782 -0.00662615
vn -0.99993772 0.00987780 -0.00519536
vn -0.99994419 0.00801639 -0.00688100
vn -0.99994472 0.00641744 -0.00832890
vn -0.00687853 -0.02357159 0.99969849
vn 0.00087439 -0.01598849 0.99987179
vn -0.00668005 -0.02337749 0.99970439
vn -0.01453884 -0.03106217 0.99941171
vn 0.99995722 -0.00046361 -0.00923825
vn 0.99989518 0.00466106 -0.01370782
vn 0.99996347 -0.00138511 -0.00843450
vn 0.99997095 -0.00650908 -0.00396500
vn -0.89261691 0.45081594 0.00019490
vn -0.78739480 0.61614967 -0.01920966
vn -0.79920928 0.60080335 -0.01731632
vn -0.89654990 0.44294146 0.00107054
vn -0.01150009 0.47426044 -0.88030948
vn -0.00252700 0.54324877 -0.83956798
vn -0.00351894 0.53580210 -0.84433627
vn -0.01199400 0.47035641 -0.88239503
vn -0.00055986 0.00040813 -0.99999976
vn 0.00062831 -0.00012147 -0.99999980
vn 0.00019673 0.00007090 -0.99999998
vn -0.00099409 0.00060167 -0.99999932
vn -0.99993826 0.00064384 -0.01109288
vn -0.99997116 0.00287601 -0.00702855
vn -0.99995828 0.00182000 -0.00895137
vn -0.99991563 -0.00039460 -0.01298359
vn -0.00521807 0.00555967 0.99997093
vn 0.00001106 0.01050632 0.99994481
vn -0.00485696 0.00590130 0.99997079
vn -0.01009328 0.00094733 0.99994861
vn -0.00482913 0.99997576 -0.00501612
vn -0.01016276 0.99994826 -0.00044997
vn -0.00576210 0.99997451 -0.00421743
vn -0.00043668 0.99996139 -0.00877616
vn 0.99995226 0.00489501 -0.00845642
vn 0.99991407 0.00746673 -0.01077521
vn 0.99995635 0.00456058 -0.00815488
vn 0.99998123 0.00195538 -0.00580586
vn -0.01641031 -0.74668305 -0.66497753
vn 0.00035445 -0.60078532 -0.79941033
vn -0.00148443 -0.61795897 -0.78620895
vn -0.01706826 -0.75191059 -0.65904411
vn -0.69087111 -0.72282822 -0.01471313
vn -0.70238907 -0.71161179 -0.01606997
vn -0.70146434 -0.71252582 -0.01596039
vn -0.69034022 -0.72333652 -0.01465100
vn 0.99740205 0.00305250 -0.07197108
vn 0.99765302 0.00364030 -0.06837537
vn 0.99517178 -0.00123150 -0.09814082
vn 0.99482565 -0.00179545 -0.10158106
vn -0.85759269 -0.01480732 -0.51411625
vn -0.85469987 -0.01399570 -0.51893376
vn -0.93719078 -0.24918432 -0.24409142
vn -0.93859395 -0.23905063 -0.24878945
vn -0.95448968 -0.21374905 0.20799232
vn -0.95267419 -0.23095784 0.19766223
vn -0.86173067 -0.01468552 0.50715342
vn -0.84688342 -0.01900537 0.53143887
vn -0.84527478 0.53427974 -0.00746396
vn -0.84526140 0.53430094 -0.00746075
vn -0.84546537 0.53397744 -0.00750963
vn -0.84550381 0.53391645 -0.00751884
vn 0.83343444 0.55259817 -0.00472230
vn 0.83617698 0.54844460 -0.00407276
vn 0.79936853 0.60071301 -0.01240305
vn 0.79173230 0.61070692 -0.01403662
vn 0.83605079 -0.00446999 0.54863385
vn 0.82958129 -0.00231243 0.55838118
vn 0.89136802 -0.02484345 0.45259901
vn 0.90475230 -0.03045795 0.42484773
vn 0.87770696 -0.47919247 -0.00225191
vn 0.87846925 -0.47779238 -0.00249424
vn 0.86828895 -0.49605830 0.00068497
vn 0.86599358 -0.50005320 0.00138544
vn 0.88031159 -0.00294878 -0.47438676
vn 0.88409408 -0.00154682 -0.46730639
vn 0.83626847 -0.01790757 -0.54802771
vn 0.82353284 -0.02184924 -0.56684766
vn 0.00881747 0.00100104 0.99996062
vn 0.00803091 0.00025628 0.99996772
vn 0.00876100 0.00094757 0.99996117
vn 0.00955214 0.00169668 0.99995294
vn 0.99997059 -0.00447856 -0.00622543
vn 0.99997007 -0.00414570 -0.00653255
vn 0.99997064 -0.00451610 -0.00619079
vn 0.99997093 -0.00484603 -0.00588636
vn 0.01091630 0.00245629 -0.99993740
vn 0.01505513 -0.00142682 -0.99988565
vn 0.01127019 0.00212428 -0.99993423
vn 0.00705924 0.00607467 -0.99995663
vn -0.99999008 -0.00424397 -0.00135230
vn -0.99999393 -0.00343088 -0.00060976
vn -0.99998951 -0.00434560 -0.00144511
vn -0.99998435 -0.00515227 -0.00218178
vn 0.00218764 0.68022912 0.73299629
vn -0.00335380 0.71126564 0.70291532
vn -0.00262403 0.70725353 0.70695514
vn 0.00244787 0.67873925 0.73437528
vn -0.69635276 0.71767724 0.00567629
vn -0.64270450 0.76611416 0.00010169
vn -0.64715861 0.76235518 0.00055152
vn -0.69835949 0.71572293 0.00589186
vn -0.99998870 0.00048422 -0.00472954
vn -0.99997365 -0.00086047 -0.00720824
vn -0.99998166 -0.00023329 -0.00605214
vn -0.99999300 0.00111117 -0.00357386
vn 0.02149433 -0.00126538 0.99976817
vn 0.02646391 0.00097763 0.99964929
vn 0.02462511 0.00014765 0.99969675
vn 0.01969590 -0.00207701 0.99980386
vn -0.00512891 -0.01225023 -0.99991181
vn 0.00196725 -0.01904359 -0.99981672
vn -0.00473140 -0.01263082 -0.99990903
vn -0.01164039 -0.00601514 -0.99991416
vn 0.00330180 0.99999372 -0.00129014
vn 0.00195638 0.99999808 -0.00011903
vn 0.00307691 0.99999467 -0.00109438
vn 0.00441101 0.99998773 -0.00225564
vn -0.99991253 -0.01297044 0.00258960
vn -0.99991706 -0.01252580 0.00299590
vn -0.99991194 -0.01302599 0.00253883
vn -0.99990705 -0.01346557 0.00213714
vn -0.00294879 -0.73233819 0.68093472
vn 0.00557114 -0.79333730 0.60875684
vn 0.00472002 -0.78754940 0.61623345
vn -0.00344196 -0.72859929 0.68493155
vn -0.66586340 -0.74606896 -0.00265443
vn -0.73732004 -0.67547113 -0.00989501
vn -0.73129399 -0.68199955 -0.00925786
vn -0.66312080 -0.74850858 -0.00238899
vn 0.00224648 0.00472295 0.99998632
vn -0.00151479 0.00824150 0.99996489
vn 0.00261846 0.00437496 0.99998700
vn 0.00635990 0.00087477 0.99997939
vn -0.99998570 0.00465122 0.00264118
vn -0.99998247 0.00567045 0.00170369
vn -0.99998540 0.00477877 0.00252386
vn -0.99998695 0.00374049 0.00347886
vn -0.00584969 -0.01873857 -0.99980731
vn 0.00435076 -0.00895278 -0.99995046
vn -0.00620980 -0.01908400 -0.99979860
vn -0.01615482 -0.02862213 -0.99945975
vn 0.99973983 -0.02050831 0.00998393
vn 0.99976683 -0.01756351 0.01256222
vn 0.99974346 -0.02019279 0.01026019
vn 0.99970406 -0.02305945 0.00774995
vn -0.00493187 0.71207318 0.70208793
vn -0.00506110 0.71103850 0.70313487
vn -0.00149307 0.73900541 0.67369784
vn -0.00092307 0.74335769 0.66889349
vn 0.53736152 0.84298883 -0.02474735
vn 0.52100298 0.85313796 -0.02667409
vn 0.77839254 0.62771950 0.00856077
vn 0.80062292 0.59904243 0.01229307
vn 0.99998497 0.00472055 0.00278886
vn 0.99995776 0.00665801 0.00633569
vn 0.99999606 0.00246325 -0.00134339
vn 0.99998845 0.00059159 -0.00476959
vn -0.01136951 0.00062803 0.99993517
vn -0.01694789 0.00316533 0.99985136
vn -0.00182562 -0.00371256 0.99999144
vn 0.00380601 -0.00627361 0.99997308
vn -0.00687456 0.00200292 -0.99997436
vn -0.01500169 -0.00571419 -0.99987114
vn -0.00626469 0.00258198 -0.99997704
vn 0.00183263 0.01026964 -0.99994559
vn -0.01821825 0.99978133 -0.01026578
vn -0.01822559 0.99978113 -0.01027201
vn -0.01821659 0.99978138 -0.01026437
vn -0.01820936 0.99978157 -0.01025823
vn 0.99997547 0.00599720 0.00361920
vn 0.99998841 0.00433058 0.00210387
vn 0.99997707 0.00582128 0.00345925
vn 0.99995940 0.00750422 0.00498942
vn -0.00889051 -0.78974587 0.61336972
vn -0.00923608 -0.79207900 0.61034872
vn -0.00127037 -0.73559253 0.67742307
vn -0.00023394 -0.72782925 0.68575835
vn 0.53205841 -0.84670325 0.00273161
vn 0.52797224 -0.84925590 0.00311966
vn 0.62190188 -0.78307111 -0.00613978
vn 0.63131011 -0.77549790 -0.00710987
vn -0.90505616 -0.00910643 0.42519456
vn -0.93485564 -0.27375502 0.22605998
vn -0.93535914 -0.24403993 0.25602302
vn -0.90556158 -0.00929803 0.42411292
vn -0.96153674 -0.16682895 -0.21820907
vn -0.96091663 -0.18819710 -0.20302973
vn -0.84412993 -0.00732528 -0.53608862
vn -0.85888401 -0.00309641 -0.51216078
vn -0.84174934 0.53967603 -0.01441630
vn -0.84481789 0.53487910 -0.01367764
vn -0.84425087 0.53577012 -0.01381468
vn -0.84157021 0.53995417 -0.01445919
vn 0.94042633 0.25401741 0.22599440
vn 0.90593991 0.42340601 -0.00048578
vn 0.90186076 0.43202630 0.00066925
vn 0.94139066 0.22782397 0.24875665
vn 0.91350562 -0.02406871 -0.40611350
vn 0.92636209 -0.26239695 -0.27018718
vn 0.92902892 -0.26681945 -0.25634478
vn 0.91611886 -0.02502279 -0.40012509
vn 0.86058612 -0.50908657 -0.01491301
vn 0.86294439 -0.50509750 -0.01426524
vn 0.91006650 -0.00176218 0.41445852
vn 0.91073721 -0.00150264 0.41298362
vn 0.00128114 -0.01019201 0.99994724
vn -0.00177760 -0.00399159 0.99999045
vn -0.00154785 -0.00492542 0.99998667
vn 0.00127227 -0.01014648 0.99994771
vn -0.00387244 -0.99993847 -0.01039560
vn 0.01001379 -0.99972870 -0.02102975
vn 0.00960812 -0.99976691 -0.01933432
vn -0.00343596 -0.99993518 -0.01085489
vn 0.00375917 -0.01256275 -0.99991402
vn -0.01386189 -0.00370481 -0.99989706
vn -0.01413528 -0.00504606 -0.99988736
vn 0.00348959 -0.01189677 -0.99992314
vn 0.00830038 0.99995860 -0.00372981
vn -0.02651183 0.99959396 -0.01044229
vn -0.02622290 0.99961277 -0.00930992
vn 0.00856868 0.99995746 -0.00341343
vn -0.47850424 -0.01048579 0.87802263
vn -0.47561029 -0.01099646 0.87958736
vn -0.50928776 -0.00498721 0.86058184
vn -0.51735876 -0.00352487 0.85576135
vn -0.00223582 -0.48586013 0.87403371
vn -0.00296003 -0.48934923 0.87208289
vn 0.00463026 -0.45239093 0.89180772
vn 0.00658900 -0.44271366 0.89663883
vn 0.46897071 0.00185313 0.88321177
vn 0.46702993 0.00220670 0.88423875
vn 0.48933541 -0.00188326 0.87209363
vn 0.49395013 -0.00273675 0.86948593
vn 0.00797769 0.51739828 0.85570753
vn 0.00840497 0.51963588 0.85434648
vn 0.00371854 0.49491066 0.86893590
vn 0.00255853 0.48872849 0.87243218
vn -0.22438047 0.20955228 -0.95170439
vn -0.22191231 0.21574680 -0.95089865
vn 0.20776411 0.20681901 -0.95606484
vn 0.22353005 0.19187224 -0.95562511
vn 0.47824562 0.00856067 -0.87818440
vn 0.49249349 0.01102435 -0.87024630
vn -0.00422884 -0.46810656 -0.88366190
vn -0.00361899 -0.47121367 -0.88201167
vn -0.23569972 -0.24013673 -0.94168997
vn -0.24278144 -0.22845652 -0.94279626
vn -0.48132467 -0.01328774 -0.87644167
vn -0.48692812 -0.01432926 -0.87332450
vn -0.23445337 0.21989699 -0.94693027
vn -0.21004623 0.23919806 -0.94797936
vn -0.00483859 0.45591511 -0.89001011
vn -0.00534683 0.45851924 -0.88866840
vn -0.00372714 0.44453232 0.89575506
vn -0.00430623 0.44138257 0.89730869
vn 0.00204723 0.47561801 0.87964954
vn 0.00388447 0.48538589 0.87429140
vn -0.45417830 -0.01455942 0.89079183
vn -0.44919844 -0.01550646 0.89329744
vn -0.50322402 -0.00505425 0.86414122
vn -0.51544576 -0.00263317 0.85691816
vn -0.01039767 -0.51357310 0.85798284
vn -0.01145606 -0.51881296 0.85481102
vn -0.00049418 -0.46368042 0.88600238
vn 0.00231480 -0.44924605 0.89340507
vn 0.46199274 0.00117623 0.88688293
vn 0.46135032 0.00128866 0.88721712
vn 0.46886644 -0.00002946 0.88326907
vn 0.47069308 -0.00035072 0.88229694
vn 0.99993686 0.00095079 0.01119696
vn 0.99993850 0.00394404 0.01036538
vn 0.99993962 -0.01073391 0.00235318
vn 0.99998875 0.00395310 -0.00262274
vn 0.00218483 -0.99983719 -0.01791125
vn 0.00573627 -0.99980467 -0.01891317
vn -0.01377858 -0.99965210 -0.02249054
vn -0.02944772 -0.99941300 -0.01750661
vn -0.99984473 -0.00185598 0.01752328
vn -0.99982344 0.00165042 0.01871820
vn -0.99987766 -0.01552318 -0.00192470
vn -0.99987545 -0.01562040 -0.00225633
vn 0.00171079 0.99875329 0.04988929
vn 0.00536972 0.99868834 0.05091926
vn -0.01404966 0.99990128 -0.00021240
vn -0.01469998 0.99989174 -0.00065037
vn -0.00367709 0.99986850 0.01579436
vn -0.00603563 0.99986637 0.01519234
vn 0.00816613 0.99996653 0.00051270
vn 0.00836669 0.99996483 0.00057301
vn 0.99988318 0.00241719 0.01509253
vn 0.99988436 0.00444172 0.01454410
vn 0.99997635 -0.00686305 0.00045144
vn 0.99998045 -0.00625007 0.00017450
vn -0.00556102 -0.99992029 0.01133549
vn -0.00517297 -0.99992345 0.01123945
vn -0.00765290 -0.99996947 -0.00158066
vn -0.00842875 -0.99996349 -0.00140840
vn -0.99991202 -0.00510152 0.01224432
vn -0.99991313 -0.00278460 0.01288343
vn -0.99987227 -0.01573319 -0.00281398
vn -0.99987905 -0.01533044 -0.00261870
vn -0.04821517 0.01249616 0.99875880
vn -0.05817791 -0.01084245 0.99824735
vn -0.04130466 0.02863738 0.99873611
vn -0.02468382 0.06730227 0.99742725
vn -0.23442191 0.97202919 -0.01433941
vn -0.24106123 0.97049827 -0.00475339
vn -0.23011888 0.97294603 -0.02052632
vn -0.22295727 0.97434220 -0.03077871
vn -0.04515257 -0.05152880 -0.99765025
vn -0.03901331 -0.03670531 -0.99856431
vn -0.04278794 -0.04581754 -0.99803304
vn -0.05128081 -0.06634055 -0.99647840
vn 0.10394424 -0.99450428 -0.01252363
vn 0.12396557 -0.99225009 0.00850319
vn 0.10342827 -0.99455112 -0.01306416
vn 0.08532750 -0.99583949 -0.03198332
vn -0.85792232 -0.50986362 -0.06331169
vn -0.86172570 -0.50232719 -0.07138776
vn -0.85854008 -0.50865985 -0.06460727
vn -0.85452353 -0.51635359 -0.05628948
vn 0.00474940 -0.00442162 0.99997895
vn 0.00556407 -0.00228682 0.99998191
vn -0.00081085 -0.01898973 0.99981935
vn -0.00197618 -0.02204242 0.99975508
vn 0.21180328 0.97728797 0.00689843
vn 0.21163563 0.97731836 0.00769357
vn 0.21269637 0.97711474 0.00265142
vn 0.21285469 0.97708202 0.00189653
vn 0.00411765 -0.02551572 -0.99966594
vn 0.00797184 -0.01506767 -0.99985470
vn 0.00726334 -0.01698863 -0.99982930
vn 0.00367781 -0.02670776 -0.99963652
vn -0.18735837 -0.98117838 -0.04675292
vn -0.18876485 -0.98050548 -0.05456035
vn -0.17895602 -0.98385614 -0.00135593
vn -0.17760437 -0.98408511 0.00575970
vn 0.95810858 0.28528439 0.02531340
vn 0.94245116 0.32757151 0.06695310
vn 0.95645037 0.29032567 0.03022742
vn 0.96862707 0.24830366 -0.01033844
vn -0.01254233 -0.99982957 -0.01354686
vn -0.01354757 -0.99982062 -0.01323622
vn 0.99977380 0.00487183 -0.02070316
vn 0.99973073 0.00803332 -0.02176996
vn 0.00047018 0.99979756 -0.02011495
vn -0.00151366 0.99978419 -0.02071904
vn -0.99992838 -0.00442431 -0.01111990
vn -0.99994815 -0.00133180 -0.01009597
vn -0.12921791 -0.99160527 0.00466041
vn -0.15137227 -0.98840847 0.01162470
vn -0.99991221 -0.00097028 -0.01321445
vn -0.99992114 0.00241692 -0.01232372
vn 0.99286185 0.10880268 -0.04886017
vn 0.98937351 0.13375444 -0.05700704
vn -0.00331468 0.99906005 -0.04322082
vn -0.00085903 0.99909400 -0.04254917
vn -0.01185542 -0.99976860 -0.01794956
vn -0.01081509 -0.99973091 -0.02052156
vn 0.02612767 -0.00319866 -0.99965350
vn 0.02712667 -0.00060183 -0.99963182
vn 0.00170408 -0.00691236 0.99997466
vn 0.00135614 -0.00588905 0.99998174
vn 0.04097386 0.99914806 -0.00492950
vn 0.04076956 0.99915370 -0.00545148
vn 0.53793716 0.84094532 0.05860531
vn 0.59835794 0.79969277 0.04959088
vn -0.03663302 -0.00112043 0.99932816
vn -0.04053233 -0.00158359 0.99917697
vn -0.04020393 -0.00154458 0.99919030
vn -0.03630409 -0.00108136 0.99934020
vn 0.02579149 0.73617532 0.67629926
vn 0.03591408 0.77572527 0.63004800
vn 0.02356739 0.99957863 0.01694496
vn 0.01100734 0.99955920 0.02757266
vn 0.02142968 0.99959444 0.01875449
vn 0.03450240 0.99937507 0.00768416
vn 0.15014220 -0.00522018 0.98865063
vn 0.15469514 -0.00667776 0.98793969
vn 0.13586061 -0.00065452 0.99072775
vn 0.13119922 0.00083355 0.99135567
vn 0.99395262 -0.00129619 0.10980211
vn 0.99357190 -0.00009353 0.11320274
vn 0.99489542 -0.00447303 0.10081220
vn 0.99522446 -0.00566071 0.09744859
vn 0.02090316 -0.99954553 0.02172060
vn 0.03355486 -0.99889362 0.03294847
vn 0.02287052 -0.99946298 0.02346661
vn 0.00874220 -0.99990208 0.01092739
vn 0.52696473 -0.84982348 -0.01040281
vn 0.50239343 -0.86454637 -0.01266549
vn 0.03549265 -0.80630302 0.59043689
vn 0.02934770 -0.77337916 0.63326407
vn -0.04206844 0.75169515 -0.65816765
vn -0.04935526 0.77478202 -0.63029904
vn -0.62053263 0.78372036 -0.02686357
vn -0.59550302 0.80299592 -0.02395208
vn -0.99426370 0.00447506 0.10686287
vn -0.99649564 0.00055355 0.08364287
vn -0.99624721 0.00104363 0.08654718
vn -0.99395627 0.00494883 0.10966510
vn -0.57589654 -0.81750488 0.00537967
vn -0.58879009 -0.80827504 0.00420578
vn -0.03028015 -0.99928539 -0.02262327
vn -0.02895337 -0.99935119 -0.02142205
vn -0.03014798 -0.99929209 -0.02250361
vn -0.03157022 -0.99921834 -0.02379127
vn -0.00007468 -0.86996212 -0.49311855
vn 0.00107297 -0.87548011 -0.48325297
vn -0.09972768 -0.00378683 -0.99500756
vn 0.06083200 -0.02412720 -0.99785638
vn 0.04566931 -0.02222481 -0.99870935
vn -0.11491948 -0.00183978 -0.99337311
vn -0.05093208 0.99836724 -0.02586070
vn -0.06285927 0.99730782 -0.03776003
vn -0.04988234 0.99844681 -0.02481374
vn -0.03725765 0.99923089 -0.01222693
vn -0.09646926 0.01047721 -0.99528082
vn -0.10532519 0.01337334 -0.99434791
vn -0.10317910 0.01267134 -0.99458208
vn -0.09422257 0.00974277 -0.99550348
vn -0.99900811 0.00335675 -0.04440182
vn -0.99532608 -0.01319879 -0.09566496
vn -0.99653059 -0.00901888 -0.08273724
vn -0.99947749 0.00753744 -0.03143129
vn 0.99999160 0.00210445 -0.00351646
vn 0.99995628 0.00014661 0.00934952
vn 0.99996862 0.00036511 0.00791376
vn 0.99998527 0.00231626 -0.00490846
vn 0.10330774 0.00619882 -0.99463013
vn 0.11592587 0.00995638 -0.99320797
vn 0.05958109 -0.00678942 -0.99820038
vn 0.04728950 -0.01043122 -0.99882676
vn 0.99687791 -0.00362668 -0.07887504
vn 0.99330920 0.00937627 -0.11510398
vn 0.99445101 0.00576043 -0.10504286
vn 0.99759361 -0.00717700 -0.06895998
vn 0.12611728 0.00066795 -0.99201511
vn 0.12506082 0.00053246 -0.99214893
vn 0.07768084 0.85405561 -0.51434881
vn 0.06832112 0.82299842 -0.56392006
vn 0.02135165 -0.99968576 -0.01313348
vn 0.00491331 -0.99998731 0.00111662
vn 0.02452995 -0.99957282 -0.01588898
vn 0.03957292 -0.99879773 -0.02893215
vn 0.03548892 -0.78268718 -0.62140270
vn 0.04121389 -0.80244544 -0.59530053
vn 0.04231608 0.99849659 -0.03484117
vn 0.02923639 0.99852031 -0.04585220
vn 0.04542599 0.99844797 -0.03222009
vn 0.05812948 0.99807748 -0.02150124
vn 0.62253326 0.78247797 -0.01343741
vn 0.60844064 0.79351488 -0.01158102
vn 0.72728936 -0.68620375 -0.01321381
vn 0.72842757 -0.68499285 -0.01334415
vn -0.66624902 0.73996722 -0.09252432
vn -0.91526868 0.40217076 -0.02327945
vn -0.95370584 0.29020590 -0.07890309
vn -0.82513107 0.54625819 -0.14408579
vn -0.99472119 0.00003952 -0.10261458
vn -0.99527885 -0.00087486 -0.09705276
vn -0.15079613 0.00440215 0.98855508
vn -0.15675596 0.00620514 0.98761787
vn -0.13042313 -0.00174889 0.99145688
vn -0.12470212 -0.00347278 0.99218815
vn -0.99621756 -0.00349080 0.08682389
vn -0.99141437 0.01258456 0.13015057
vn -0.99301850 0.00795356 0.11769030
vn -0.99719312 -0.00807292 0.07443600
vn 0.05390684 0.00246644 0.99854292
vn 0.05720149 0.00198044 0.99836069
vn 0.02601410 0.00657634 0.99963994
vn 0.02268640 0.00706611 0.99971766
vn 0.00750759 -0.04476384 0.99896939
vn -0.00915328 -0.02845988 0.99955303
vn -0.99930963 -0.03384273 -0.01532742
vn -0.99915543 -0.03608797 -0.01964908
vn 0.01750634 -0.91878437 0.39437140
vn 0.01450266 -0.90717201 0.42050995
vn -0.02205695 -0.99950330 0.02250880
vn -0.03135194 -0.99906010 0.02993270
vn -0.01914713 -0.99961291 0.02018459
vn -0.00884244 -0.99988946 0.01195319
vn -0.81759807 -0.57564340 -0.01296432
vn -0.41751882 -0.90794756 0.03618364
vn -0.47723994 -0.87825274 0.03023514
vn -0.82730016 -0.56157101 -0.01457543
vn 0.71149250 0.00000011 0.70269369
vn 0.71149250 0.00000011 0.70269369
vn 0.71149250 0.00000011 0.70269369
vn 0.71149250 0.00000011 0.70269369
vn -0.71149480 -0.00000913 -0.70269136
vn -0.71150310 -0.00004733 -0.70268295
vn -0.71150114 -0.00003832 -0.70268494
vn -0.71149284 -0.00000011 -0.70269334
vn 0.00000000 1.00000000 -0.00000016
vn 0.00000000 1.00000000 -0.00000016
vn -0.98081798 0.00000827 0.19492585
vn -0.98081736 0.00001313 0.19492899
vn -0.98081842 0.00000489 0.19492367
vn -0.98081904 0.00000003 0.19492053
vn -0.20832256 0.00000016 0.97806018
vn -0.20832256 0.00000016 0.97806018
vn -0.20832256 0.00000016 0.97806018
vn -0.20832256 0.00000016 0.97806018
vn -0.72860243 0.00000011 0.68493686
vn -0.72860243 0.00000011 0.68493686
vn -0.72860243 0.00000011 0.68493686
vn -0.72860243 0.00000011 0.68493686
vn 0.71155371 -0.00000896 -0.70263171
vn 0.71155184 -0.00000011 -0.70263360
vn 0.71156002 -0.00003880 -0.70262532
vn 0.71156189 -0.00004764 -0.70262343
vn 0.00000000 1.00000000 -0.00000016
vn 0.00000000 1.00000000 -0.00000016
vn 0.98081841 0.00000833 0.19492369
vn 0.98081904 0.00001322 0.19492053
vn 0.98081797 0.00000492 0.19492589
vn 0.98081735 0.00000003 0.19492904
vn 0.20832250 0.00000016 0.97806019
vn 0.20832250 0.00000016 0.97806019
vn 0.20832250 0.00000016 0.97806019
vn 0.20832250 0.00000016 0.97806019
vn 0.63419552 -0.00000013 -0.77317271
vn 0.63419552 -0.00000013 -0.77317271
vn 0.63419552 -0.00000013 -0.77317271
vn 0.63419552 -0.00000013 -0.77317271
vn -0.60586411 -0.00000940 0.79556815
vn -0.60586164 0.00000013 0.79557003
vn -0.60587148 -0.00003778 0.79556253
vn -0.60587396 -0.00004731 0.79556065
vn -0.00000000 1.00000000 -0.00000016
vn -0.00000000 1.00000000 -0.00000016
vn -0.99747580 0.00000847 -0.07100723
vn -0.99747603 0.00001346 -0.07100395
vn -0.99747564 0.00000498 -0.07100952
vn -0.99747540 -0.00000001 -0.07101280
vn -0.32874248 -0.00000015 -0.94441960
vn -0.32874248 -0.00000015 -0.94441960
vn -0.32874248 -0.00000015 -0.94441960
vn -0.32874248 -0.00000015 -0.94441960
vn -0.64673643 -0.00000012 -0.76271357
vn -0.64673643 -0.00000012 -0.76271357
vn -0.64673643 -0.00000012 -0.76271357
vn -0.64673643 -0.00000012 -0.76271357
vn 0.62676194 -0.00000949 0.77921080
vn 0.62677168 -0.00004817 0.77920296
vn 0.62676926 -0.00003856 0.77920491
vn 0.62675952 0.00000013 0.77921275
vn 0.00000000 1.00000000 -0.00000016
vn 0.00000000 1.00000000 -0.00000016
vn 0.99611579 0.00000814 -0.08805307
vn 0.99611531 -0.00000001 -0.08805842
vn 0.99611559 0.00000479 -0.08805527
vn 0.99611606 0.00001294 -0.08804992
vn 0.31254442 -0.00000015 -0.94990314
vn 0.31254442 -0.00000015 -0.94990314
vn 0.31254442 -0.00000015 -0.94990314
vn 0.31254442 -0.00000015 -0.94990314
vn 0.99488683 -0.00000002 -0.10099603
vn 0.99488683 -0.00000002 -0.10099603
vn 0.99488683 -0.00000002 -0.10099603
vn 0.99488683 -0.00000002 -0.10099603
vn 0.56124729 0.00000013 0.82764816
vn 0.56124729 0.00000013 0.82764816
vn 0.56124729 0.00000013 0.82764816
vn 0.56124729 0.00000013 0.82764816
vn 0.00000000 1.00000000 -0.00000016
vn -0.00000000 1.00000000 -0.00000016
vn -0.00000000 1.00000000 -0.00000016
vn 0.00000000 1.00000000 -0.00000016
vn -0.00000000 1.00000000 -0.00000016
vn -0.00000000 1.00000000 -0.00000016
vn -0.34398760 0.00000015 0.93897419
vn -0.34398760 0.00000015 0.93897419
vn -0.34398760 0.00000015 0.93897419
vn -0.34398760 0.00000015 0.93897419
vn -0.99681442 0.00000001 0.07975598
vn -0.99681442 0.00000001 0.07975598
vn -0.99681442 0.00000001 0.07975598
vn -0.99681442 0.00000001 0.07975598
vn -0.53413736 -0.00000014 -0.84539771
vn -0.53413736 -0.00000014 -0.84539771
vn -0.53413736 -0.00000014 -0.84539771
vn -0.53413736 -0.00000014 -0.84539771
vn 0.37010670 -0.00000015 -0.92898925
vn 0.37010670 -0.00000015 -0.92898925
vn 0.37010670 -0.00000015 -0.92898925
vn 0.37010670 -0.00000015 -0.92898925
vn 0.08687848 0.00000022 -0.99621892
vn 0.08687892 0.00000101 -0.99621888
vn 0.08687871 0.00000064 -0.99621890
vn 0.08687827 -0.00000016 -0.99621893
vn 0.91801965 -0.00000006 -0.39653490
vn 0.91801965 -0.00000006 -0.39653490
vn 0.91801965 -0.00000006 -0.39653490
vn 0.91801965 -0.00000006 -0.39653490
vn 0.00000000 1.00000000 -0.00000016
vn -0.00000000 1.00000000 -0.00000016
vn 0.00000000 1.00000000 -0.00000016
vn 0.00000000 1.00000000 -0.00000016
vn -0.00000000 1.00000000 -0.00000016
vn -0.00000000 1.00000000 -0.00000016
vn 0.85805790 0.00000316 0.51355296
vn 0.85805873 0.00000008 0.51355157
vn 0.85805836 0.00000146 0.51355219
vn 0.85805752 0.00000453 0.51355358
vn -0.10810512 0.00000494 0.99413947
vn -0.10810492 0.00000460 0.99413949
vn -0.10810502 0.00000477 0.99413948
vn -0.10810521 0.00000511 0.99413946
vn -0.93038892 -0.00000162 0.36657394
vn -0.93039008 0.00000399 0.36657100
vn -0.93038952 0.00000127 0.36657243
vn -0.93038836 -0.00000433 0.36657536
vn -0.84336609 -0.00000100 -0.53733940
vn -0.84336705 -0.00000407 -0.53733790
vn -0.84336657 -0.00000252 -0.53733866
vn -0.84336561 0.00000055 -0.53734016
vn 0.72442162 0.00000099 -0.68935717
vn 0.72442251 0.00000331 -0.68935625
vn 0.72442209 0.00000221 -0.68935668
vn 0.72442120 -0.00000011 -0.68935761
vn 0.95065078 0.00000005 0.31026295
vn 0.95065078 0.00000005 0.31026295
vn 0.95065078 0.00000005 0.31026295
vn 0.95065078 0.00000005 0.31026295
vn -0.00000000 1.00000000 -0.00000016
vn -0.00000000 1.00000000 -0.00000016
vn 0.00000000 1.00000000 -0.00000016
vn 0.00000000 1.00000000 -0.00000016
vn 0.00000000 1.00000000 -0.00000016
vn 0.00000000 1.00000000 -0.00000016
vn 0.30340801 0.00000139 0.95286074
vn 0.30340863 0.00000016 0.95286054
vn 0.30340835 0.00000071 0.95286063
vn 0.30340773 0.00000195 0.95286082
vn -0.73895469 -0.00000132 0.67375512
vn -0.73895358 -0.00000425 0.67375634
vn -0.73895412 -0.00000282 0.67375575
vn -0.73895524 0.00000011 0.67375452
vn -0.94009475 0.00000293 -0.34091328
vn -0.94009532 -0.00000006 -0.34091169
vn -0.94009504 0.00000139 -0.34091246
vn -0.94009447 0.00000438 -0.34091404
vn -0.27665835 -0.00000059 -0.96096834
vn -0.27665738 0.00000115 -0.96096862
vn -0.27665787 0.00000028 -0.96096848
vn -0.27665884 -0.00000146 -0.96096820
vn 0.52747521 0.00000062 -0.84957042
vn 0.52747696 0.00000436 -0.84956933
vn 0.52747614 0.00000259 -0.84956985
vn 0.52747439 -0.00000114 -0.84957093
vn 0.99814624 0.00000003 0.06086117
vn 0.99814624 0.00000008 0.06086119
vn 0.99814624 0.00000006 0.06086118
vn 0.99814624 0.00000001 0.06086115
vn -0.00000000 1.00000000 -0.00000016
vn -0.00000000 1.00000000 -0.00000016
vn -0.00000000 1.00000000 -0.00000016
vn -0.00000000 1.00000000 -0.00000016
vn -0.00000000 1.00000000 -0.00000016
vn 0.00000000 1.00000000 -0.00000016
vn 0.53358788 -0.00000063 0.84574462
vn 0.53358754 0.00000014 0.84574484
vn 0.53358770 -0.00000020 0.84574474
vn 0.53358804 -0.00000097 0.84574453
vn -0.54546901 0.00000070 0.83813099
vn -0.54546643 -0.00000476 0.83813267
vn -0.54546769 -0.00000210 0.83813185
vn -0.54547027 0.00000335 0.83813017
vn -0.99564908 0.00000190 -0.09318212
vn -0.99564887 0.00000586 -0.09318434
vn -0.99564897 0.00000394 -0.09318327
vn -0.99564918 -0.00000002 -0.09318105
vn -0.50973896 -0.00000039 -0.86032912
vn -0.50973883 -0.00000014 -0.86032920
vn -0.50973889 -0.00000027 -0.86032916
vn -0.50973902 -0.00000052 -0.86032908
vn 0.15796587 0.98195617 0.10396567
vn 0.01001091 0.98609177 0.16589997
vn 0.00985339 0.98524804 0.17084848
vn 0.15470873 0.98100102 0.11705638
vn -0.12075977 0.98964091 0.07763983
vn -0.12002980 0.98992459 0.07511427
vn -0.17429736 0.98353325 -0.04777847
vn -0.17027378 0.98437943 -0.04476579
vn -0.12582969 0.97858988 -0.16287647
vn -0.12733047 0.97789657 -0.16584708
vn -0.77193008 -0.05451306 0.63336583
vn -0.99127573 -0.05144346 -0.12135074
vn -0.90921956 -0.35768031 -0.21303658
vn -0.02436983 -0.05033814 0.99843487
vn 0.75735615 -0.00974556 0.65292932
vn -0.03188328 -0.02638065 -0.99914339
vn 0.62955883 -0.01385851 -0.77682921
vn 0.58435894 -0.26119947 -0.76830949
vn 0.01918422 -0.18883294 -0.98182182
vn 0.86250161 -0.00974583 -0.50596046
vn 0.83053457 -0.27515998 -0.48425130
vn 0.96910173 0.00566643 0.24659628
vn 0.93563575 -0.30999873 0.16877957
vn -0.76424707 0.09823412 0.63739820
vn -0.99156187 0.05504581 -0.11736704
vn -0.98940205 0.06660995 -0.12902209
vn -0.77058908 0.11204538 0.62740601
vn -0.40968476 -0.80163520 -0.43536123
vn -0.58716255 -0.80646882 -0.06962887
vn -0.59320790 -0.80186043 -0.07158385
vn -0.38519361 -0.80536016 -0.45057840
vn 0.04384969 0.07099649 0.99651227
vn -0.05734483 0.10292134 0.99303513
vn -0.36981865 -0.86140271 0.34816596
vn -0.39063479 -0.86185517 0.32343489
vn 0.76589854 0.04540994 0.64135588
vn 0.76877859 0.05345796 0.63727680
vn -0.00219652 -0.76839135 0.63997649
vn -0.01765554 -0.77341760 0.63365093
vn -0.65573316 0.00952039 -0.75493271
vn -0.01105442 0.02462649 -0.99963560
vn -0.00608778 0.02424413 -0.99968753
vn -0.66260675 0.01105216 -0.74888594
vn 0.48692705 -0.76128451 0.42819147
vn 0.48882715 -0.75780877 0.43217344
vn 0.64812436 0.00725092 -0.76149999
vn 0.63132330 -0.00000016 -0.77551976
vn -0.02838519 -0.85924860 -0.51077013
vn -0.00291611 -0.85537976 -0.51799321
vn 0.88589296 0.06029986 -0.45995391
vn 0.88171906 0.03836901 -0.47021199
vn 0.41248301 -0.76707906 -0.49137306
vn 0.42724510 -0.76478610 -0.48224874
vn 0.96676704 0.05459391 0.24976188
vn 0.96624318 0.05767104 0.25109393
vn 0.50717430 -0.80662019 -0.30354258
vn 0.50066075 -0.81153289 -0.30125269
vn -0.61942005 0.04612123 -0.78370379
vn 0.03210153 0.00437623 -0.99947503
vn 0.06749481 -0.01088684 -0.99766023
vn -0.59730912 0.02176633 -0.80171568
vn 0.54022461 -0.83027436 0.13711990
vn 0.55450953 -0.81971245 0.14349449
vn -0.49034056 -0.38602880 -0.78137564
vn -0.72531212 -0.67298142 -0.14497702
vn -0.51720539 -0.16154233 -0.84047764
vn 0.11111484 -0.31689114 -0.94193073
vn 0.70375598 -0.61174375 -0.36124382
vn 0.55781557 -0.49556656 -0.66577442
vn 0.75852959 -0.64497795 0.09293174
vn 0.61333934 -0.00001661 -0.78981951
vn 0.62697218 -0.01700924 -0.77885594
vn 0.88721003 0.02060936 -0.46090521
vn 0.82953674 -0.00999098 -0.55836276
vn 0.99942931 -0.00144125 0.03374872
vn 0.86754835 -0.01502272 0.49712592
vn 0.90109302 -0.01360659 0.43341232
vn 0.99933869 -0.02001106 0.03036022
vn -0.07455020 0.00460749 0.99720662
vn 0.15643952 0.00915641 0.98764510
vn -0.86099784 0.05696617 0.50540832
vn -0.76906339 0.04997841 0.63721555
vn -0.97965786 0.07145485 -0.18752250
vn -0.98612216 0.05419791 -0.15692569
vn -0.57483465 0.33270537 -0.74757760
vn 0.05503305 0.08025988 -0.99525359
vn -0.14677231 0.16112385 -0.97595953
vn -0.61772495 0.32519575 -0.71600531
vn -0.30761840 0.94921755 -0.06600724
vn -0.25501685 0.93109058 -0.26083853
vn -0.23272031 0.93130539 -0.28019911
vn -0.26693879 0.95682096 -0.11505363
vn 0.62653160 0.20159811 -0.75287207
vn 0.57889225 0.17242824 -0.79696441
vn -0.17697027 0.97557690 0.13012012
vn -0.17557574 0.98014926 0.09209013
vn 0.80649364 0.33363778 -0.48811253
vn 0.81172960 0.30400403 -0.49867485
vn 0.02738627 0.98396238 0.17626125
vn 0.00203577 0.98681884 0.16181604
vn 0.88099959 0.41702418 0.22345148
vn 0.75106876 0.34751989 0.56136052
vn 0.74447134 0.35124921 0.56779082
vn 0.86940884 0.43976137 0.22525144
vn 0.17312977 0.98238416 0.07033807
vn 0.16903637 0.98262534 0.07664302
vn 0.04518872 0.47600094 0.87828303
vn 0.01025896 0.47820075 0.87819064
vn 0.26117477 0.95881746 -0.11161012
vn 0.26771630 0.95854393 -0.09757823
vn -0.67710093 0.40496235 0.61444270
vn -0.70291377 0.42674665 0.56903386
vn 0.19191160 0.95172759 -0.23955067
vn 0.18676633 0.95068214 -0.24763239
vn -0.96389782 0.22949033 -0.13503768
vn -0.96594488 0.23688419 -0.10409792
vn 0.00444756 0.95133155 -0.30813715
vn -0.02731518 0.94588524 -0.32334963
vn -0.37468664 0.48605882 -0.78952945
vn -0.34188916 0.45688528 -0.82119890
vn -0.27478159 -0.57516217 -0.77050864
vn -0.64403016 -0.33969092 -0.68544528
vn -0.74340801 -0.32698244 -0.58346124
vn -0.31289541 -0.55858546 -0.76816583
vn 0.07801909 -0.74256186 -0.66521794
vn 0.11184815 -0.71048198 -0.69476999
vn 0.62750267 -0.66474501 -0.40540656
vn 0.58578846 -0.68609723 -0.43141914
vn 0.76523972 -0.61296170 -0.19668789
vn 0.79027769 -0.60221021 -0.11315494
vn 0.65441900 -0.73250356 0.18754813
vn 0.62875529 -0.75924824 0.16795501
vn 0.52738063 -0.70355478 0.47631959
vn 0.45958277 -0.70489743 0.54028075
vn -0.17112753 -0.50167389 0.84796148
vn -0.24025787 -0.47079414 0.84889872
vn -0.38852474 0.79835715 0.46008085
vn -0.47651129 0.72574697 0.49621399
vn -0.85196792 -0.11631705 0.51051054
vn -0.85469059 -0.10621573 0.50815569
vn -0.50319144 0.82004552 -0.27262376
vn -0.57568588 0.76565592 -0.28697869
vn -0.96471609 0.04812000 -0.25885775
vn -0.97494322 0.03698011 -0.21935857
vn -0.40554987 0.58818346 -0.69969245
vn 0.57364975 0.40838641 -0.71003275
vn 0.59322700 -0.04450854 -0.80380390
vn 0.57926089 -0.03415486 -0.81442634
vn 0.56942938 0.43345127 -0.69847704
vn 0.79379674 -0.34762634 -0.49904175
vn 0.78782767 -0.37166975 -0.49111013
vn 0.89403980 -0.42915920 -0.12851158
vn 0.89189587 -0.43582097 -0.12075529
vn 0.89153373 -0.29821571 0.34093254
vn 0.91866376 -0.35134606 0.18059026
vn 0.21894514 0.33922594 0.91487091
vn 0.90616354 -0.08866964 0.41352792
vn -0.35954561 0.72625837 0.58589737
vn 0.66658973 0.69314760 0.27423444
vn 0.67544489 0.62493391 0.39144836
vn -0.47831892 0.86786084 -0.13427049
vn 0.60381756 0.74571082 -0.28163758
vn 0.59755687 0.75694028 -0.26451313
vn -0.14712749 0.55323034 -0.81993274
vn -0.16169999 -0.13067496 -0.97814987
vn -0.14098301 -0.11717756 -0.98305300
vn -0.10244337 0.53992097 -0.83545838
vn -0.09774715 -0.73417479 -0.67188754
vn -0.11082481 -0.73024275 -0.67413899
vn 0.01644627 -0.99975278 0.01496317
vn -0.01355009 -0.99950237 0.02848505
vn 0.11970248 -0.64994355 0.75049630
vn 0.09818559 -0.64439752 0.75836101
vn 0.14273500 0.13146307 0.98099143
vn 0.14183585 0.12099076 0.98246823
vn 0.08066613 0.81616379 0.57216225
vn 0.09992847 0.81360447 0.57276703
vn 0.02639335 0.97878076 0.20320340
vn 0.04988238 0.98156117 0.18452482
vn -0.10944760 0.81063419 -0.57523338
vn -0.06189148 0.79726802 -0.60044413
vn -0.11834948 0.51199909 -0.85079394
vn -0.13273477 -0.18338332 -0.97403903
vn -0.13510986 -0.17257145 -0.97568664
vn -0.14329398 0.55194973 -0.82147327
vn -0.90202634 -0.07317679 -0.42543346
vn -0.91214607 0.33758569 -0.23243375
vn -0.92387377 0.27497338 -0.26617082
vn -0.89028753 -0.07528431 -0.44913293
vn -0.13432500 -0.74125846 -0.65764176
vn -0.12170643 -0.76794177 -0.62885053
vn -0.85180682 -0.42564780 -0.30536713
vn -0.84973844 -0.44533025 -0.28218000
vn -0.04382364 -0.99865099 0.02785105
vn -0.03160959 -0.99760337 0.06154964
vn -0.88005271 -0.46722388 0.08490623
vn -0.87896235 -0.45238878 0.15089592
vn 0.04968753 -0.65032270 0.75803136
vn 0.07121151 -0.65394393 0.75318408
vn -0.81539705 -0.28447492 0.50418417
vn -0.81749527 -0.29356969 0.49549805
vn 0.03446465 0.04931700 0.99818837
vn 0.05742030 0.07469718 0.99555173
vn -0.76692510 0.14554254 0.62501461
vn -0.79843539 0.04621629 0.60030407
vn -0.02067491 0.76380620 0.64511444
vn -0.00437283 0.79629150 0.60489729
vn -0.81755811 0.42627345 0.38715590
vn -0.81481812 0.40752056 0.41230866
vn -0.09369445 0.96415576 0.24824387
vn -0.06816338 0.97273300 0.22168505
vn -0.75176152 0.65700940 -0.05650901
vn -0.75551648 0.65458830 -0.02662730
vn -0.12359990 0.83136110 -0.54181342
vn -0.15966680 0.84825622 -0.50494346
vn 0.18910104 0.98100903 -0.04315174
vn 0.18265593 0.98138386 -0.05935084
vn 0.11553724 0.97821414 -0.17247680
vn 0.12595244 0.97793232 -0.16668644
vn -0.00252762 0.97699013 -0.21326954
vn -0.02228281 0.97694635 -0.21231885
vn -0.12029957 -0.70005580 -0.70388201
vn -0.11546702 -0.06684653 -0.99105949
vn -0.05189964 -0.99845073 0.02006416
vn 0.06155079 -0.64757248 0.75951391
vn 0.14089833 0.15084361 0.97846506
vn 0.12690523 0.84697584 0.51626251
vn 0.08255657 0.98838536 0.12758841
vn -0.06041952 0.56139142 -0.82534184
vn -0.02197402 0.80186719 -0.59709811
vn -0.66731406 0.00521110 -0.74475821
vn -0.99222394 0.05009029 -0.11394125
vn -0.75319133 0.06297823 0.65477978
vn 0.10926633 0.02995801 0.99356096
vn 0.87510467 -0.01207618 0.48378298
vn 0.99829275 -0.02936269 0.05049185
vn 0.79854432 -0.02365025 -0.60147123
vn 0.59076150 -0.02932894 -0.80631300
vn -0.01034462 -0.02866385 -0.99953558
vn -0.66366559 -0.04765377 -0.74650995
vn -0.51227611 0.64222049 0.57019824
vn -0.46851539 0.69597789 0.54415816
vn -0.55521625 0.58196332 0.59418315
vn -0.57635483 0.54901769 0.60530545
vn -0.04042968 0.81192804 -0.58235582
vn -0.04390988 0.80484554 -0.59185773
vn -0.04187992 0.80899327 -0.58632411
vn -0.03634631 0.82006463 -0.57111553
vn 0.33990738 0.79737360 0.49865651
vn 0.39960359 0.75192164 0.52433847
vn 0.35090612 0.78949303 0.50355303
vn 0.28445951 0.83392827 0.47291270
vn -0.18956199 0.51150805 -0.83810844
vn -0.18929149 0.51062507 -0.83870780
vn -0.18982272 0.51235925 -0.83752930
vn -0.19006097 0.51313715 -0.83699886
vn 0.00000000 1.00000000 -0.00000016
vn 0.00000000 1.00000000 -0.00000016
vn -0.00000000 1.00000000 -0.00000016
vn 0.51267285 0.82182816 -0.24852571
vn 0.48406001 0.86054650 -0.15857370
vn -0.81490990 0.52803555 -0.23895672
vn -0.83215562 0.51280485 -0.21106445
vn -0.12723744 0.23890085 0.96267181
vn -0.13729525 0.20839017 0.96836127
vn -0.11940701 0.26220200 0.95759703
vn -0.09527076 0.33165544 0.93857773
vn 0.49122484 0.22926098 -0.84031992
vn 0.52530041 0.22920788 -0.81946521
vn 0.52745809 0.23028803 -0.81777465
vn 0.49031987 0.23072523 -0.84044768
vn -0.75091216 -0.34320576 -0.56421693
vn -0.70770282 -0.46115847 -0.53524721
vn -0.71729029 -0.43817240 -0.54175603
vn -0.75810247 -0.31877208 -0.56891564
vn -0.57711202 0.80332015 -0.14703215
vn -0.57703276 0.80336048 -0.14712285
vn -0.50370168 0.85830528 -0.09796258
vn -0.51680454 0.85080548 -0.09509519
vn 0.46749491 -0.88395313 0.00868157
vn 0.46890803 -0.88324669 0.00073810
vn 0.52649886 -0.84665904 0.07724907
vn 0.53164382 -0.84237442 0.08809187
vn 0.61900878 0.62017019 0.48188906
vn 0.61507640 0.62851177 0.47608191
vn 0.62495625 0.60710064 0.49077336
vn 0.62892170 0.59806139 0.49676964
vn -0.42008332 -0.16963801 0.89148918
vn -0.43814504 -0.20911178 0.87424321
vn -0.43431018 -0.20767907 0.87649533
vn -0.42116351 -0.16805974 0.89127842
vn -0.47920092 0.87752166 -0.01795011
vn -0.48863256 0.87243440 -0.00981984
vn 0.53858764 0.27648034 -0.79591581
vn 0.53949472 0.27421089 -0.79608657
vn 0.59326930 -0.79339260 0.13623405
vn 0.59282308 -0.79351255 0.13747230
vn -0.50410002 -0.18407972 0.84379964
vn -0.50122744 -0.18739589 0.84478035
vn -0.47814418 -0.24044196 0.84472824
vn -0.47997351 -0.24076492 0.84359806
vn -0.47228444 -0.23940253 0.84831235
vn -0.47009965 -0.23901306 0.84963467
vn 0.73245879 0.46072086 0.50123887
vn 0.72894537 0.46060720 0.50643820
vn 0.74739498 0.46100398 0.47840993
vn 0.75216008 0.46102212 0.47086497
vn 0.44882264 0.28338458 -0.84749715
vn 0.44488044 0.27853191 -0.85117646
vn 0.46268565 0.30056454 -0.83401615
vn 0.46626904 0.30503552 -0.83038937
vn -0.73587987 -0.41369944 -0.53603506
vn -0.73483565 -0.41199146 -0.53877603
vn -0.73955818 -0.41979082 -0.52614577
vn -0.74067183 -0.42165919 -0.52307626
usemtl metal_furnace
s 1
f 1/1/1 2/2/2 3/3/3
f 4/4/4 5/5/5 6/6/6
f 7/7/7 8/8/8 9/9/9
f 10/10/10 7/7/7 9/9/9
f 1/1/1 6/6/6 2/2/2
f 11/11/11 12/12/12 13/13/13
f 14/14/14 15/15/15 16/16/16
f 13/13/13 12/12/12 17/17/17
f 18/18/18 19/19/19 20/20/20
f 21/21/21 22/22/22 20/20/20
f 23/23/23 24/24/24 20/20/20
f 22/22/22 25/25/25 20/20/20
f 26/26/26 27/27/27 20/20/20
f 28/28/28 21/21/21 20/20/20
f 24/24/24 29/29/29 20/20/20
f 30/30/30 31/31/31 20/20/20
f 19/19/19 32/32/32 20/20/20
f 31/31/31 33/33/33 20/20/20
f 32/32/32 34/34/34 20/20/20
f 33/33/33 28/28/28 20/20/20
f 27/27/27 23/23/23 20/20/20
f 34/34/34 26/26/26 20/20/20
f 25/25/25 18/18/18 20/20/20
f 29/29/29 30/30/30 20/20/20
f 35/35/35 11/11/11 13/13/13
f 12/12/12 36/36/36 17/17/17
f 37/37/37 38/38/38 39/39/39
f 3/3/3 40/40/40 39/39/39
f 35/35/35 41/41/41 11/11/11
f 38/38/38 37/37/37 42/42/42
f 43/43/43 1/1/1 38/38/38
f 42/42/42 43/43/43 38/38/38
f 35/35/35 10/10/10 44/44/44
f 41/41/41 35/35/35 44/44/44
f 10/10/10 9/9/9 44/44/44
f 45/45/45 46/46/46 47/47/47
f 48/48/48 45/45/45 47/47/47
f 49/49/49 14/14/14 16/16/16
f 50/50/50 35/35/35 13/13/13
f 51/51/51 37/37/37 39/39/39
f 5/5/5 4/4/4 52/52/52
f 38/38/38 1/1/1 3/3/3
f 38/38/38 3/3/3 39/39/39
f 53/53/53 54/54/54 55/55/55
f 56/56/56 57/57/57 58/58/58
f 59/59/59 57/57/57 60/60/60
f 61/61/61 60/60/60 62/62/62
f 63/63/63 64/64/64 65/65/65
f 65/65/65 54/54/54 66/66/66
f 58/58/58 59/59/59 67/67/67
f 68/68/68 65/65/65 66/66/66
f 58/58/58 67/67/67 69/69/69
f 70/70/70 68/68/68 66/66/66
f 71/71/71 72/72/72 73/73/73
f 74/74/74 72/72/72 75/75/75
f 76/76/76 72/72/72 77/77/77
f 78/78/78 72/72/72 79/79/79
f 73/73/73 72/72/72 74/74/74
f 75/75/75 72/72/72 78/78/78
f 77/77/77 72/72/72 71/71/71
f 79/79/79 72/72/72 76/76/76
f 64/64/64 54/54/54 65/65/65
f 58/58/58 57/57/57 59/59/59
f 66/66/66 54/54/54 53/53/53
f 80/80/80 57/57/57 56/56/56
f 81/81/81 64/64/64 63/63/63
f 59/59/59 60/60/60 61/61/61
f 82/82/82 83/83/83 84/84/84
f 85/85/85 86/86/86 87/87/87
f 88/88/88 89/89/89 90/90/90
f 91/91/91 92/92/92 93/93/93
f 94/94/94 95/95/95 96/96/96
f 97/97/97 98/98/98 99/99/99
f 100/100/100 101/101/101 102/102/102
f 103/103/103 104/104/104 105/105/105
f 106/106/106 107/107/107 108/108/108
f 109/109/109 110/110/110 111/111/111
f 112/112/112 113/113/113 114/114/114
f 115/115/115 116/116/116 117/117/117
f 118/118/118 119/119/119 120/120/120
f 121/121/121 122/122/122 123/123/123
f 124/124/124 125/125/125 126/126/126
f 127/127/127 128/128/128 129/129/129
f 130/130/130 131/131/131 132/132/132
f 132/132/132 131/131/131 133/133/133
f 131/131/131 130/130/130 134/134/134
f 135/135/135 124/124/124 126/126/126
f 136/136/136 137/137/137 138/138/138
f 139/139/139 140/140/140 141/141/141
f 142/142/142 143/143/143 144/144/144
f 145/145/145 146/146/146 147/147/147
f 148/148/148 149/149/149 150/150/150
f 151/151/151 152/152/152 153/153/153
f 154/154/154 155/155/155 156/156/156
f 157/157/157 158/158/158 159/159/159
f 160/160/160 161/161/161 162/162/162
f 161/161/161 163/163/163 164/164/164
f 165/165/165 166/166/166 167/167/167
f 168/168/168 169/169/169 170/170/170
f 171/171/171 166/166/166 165/165/165
f 172/172/172 168/168/168 170/170/170
f 173/173/173 165/165/165 167/167/167
f 172/172/172 174/174/174 168/168/168
f 175/175/175 176/176/176 177/177/177
f 178/178/178 179/179/179 177/177/177
f 179/179/179 180/180/180 177/177/177
f 180/180/180 181/181/181 177/177/177
f 181/181/181 182/182/182 177/177/177
f 176/176/176 178/178/178 177/177/177
f 182/182/182 183/183/183 177/177/177
f 183/183/183 175/175/175 177/177/177
f 184/184/184 160/160/160 162/162/162
f 162/162/162 161/161/161 164/164/164
f 185/185/185 186/186/186 187/187/187
f 188/188/188 189/189/189 190/190/190
f 191/191/191 192/192/192 193/193/193
f 194/194/194 195/195/195 196/196/196
f 197/197/197 198/198/198 199/199/199
f 200/200/200 201/201/201 202/202/202
f 203/203/203 204/204/204 201/201/201
f 205/205/205 206/206/206 207/207/207
f 208/208/208 209/209/209 210/210/210
f 211/211/211 212/212/212 213/213/213
f 214/214/214 215/215/215 216/216/216
f 217/217/217 214/214/214 216/216/216
f 2/2/2 218/218/218 219/219/219
f 2/2/2 219/219/219 3/3/3
f 220/220/220 221/221/221 222/222/222
f 220/220/220 222/222/222 223/223/223
f 218/218/218 220/220/220 223/223/223
f 218/218/218 223/223/223 219/219/219
f 224/224/224 225/225/225 226/226/226
f 224/224/224 226/226/226 227/227/227
f 221/221/221 224/224/224 227/227/227
f 221/221/221 227/227/227 222/222/222
f 228/228/228 229/229/229 230/230/230
f 228/228/228 230/230/230 231/231/231
f 232/232/232 228/228/228 231/231/231
f 232/232/232 231/231/231 233/233/233
f 234/234/234 235/235/235 236/236/236
f 234/234/234 236/236/236 237/237/237
f 229/229/229 234/234/234 237/237/237
f 229/229/229 237/237/237 230/230/230
f 238/238/238 10/10/10 35/35/35
f 238/238/238 35/35/35 239/239/239
f 235/235/235 238/238/238 239/239/239
f 235/235/235 239/239/239 236/236/236
f 240/240/240 241/241/241 242/242/242
f 240/240/240 242/242/242 243/243/243
f 241/241/241 244/244/244 245/245/245
f 241/241/241 245/245/245 242/242/242
f 244/244/244 246/246/246 247/247/247
f 244/244/244 247/247/247 245/245/245
f 246/246/246 248/248/248 249/249/249
f 246/246/246 249/249/249 247/247/247
f 248/248/248 250/250/250 251/251/251
f 248/248/248 251/251/251 249/249/249
f 250/250/250 252/252/252 253/253/253
f 250/250/250 253/253/253 251/251/251
f 252/252/252 254/254/254 255/255/255
f 252/252/252 255/255/255 253/253/253
f 254/254/254 256/256/256 257/257/257
f 254/254/254 257/257/257 255/255/255
f 256/256/256 258/258/258 259/259/259
f 256/256/256 259/259/259 257/257/257
f 258/258/258 260/260/260 261/261/261
f 258/258/258 261/261/261 259/259/259
f 262/262/262 263/263/263 264/264/264
f 262/262/262 264/264/264 265/265/265
f 266/266/266 263/263/263 262/262/262
f 266/266/266 262/262/262 267/267/267
f 268/268/268 269/269/269 270/270/270
f 268/268/268 270/270/270 271/271/271
f 269/269/269 272/272/272 273/273/273
f 269/269/269 273/273/273 270/270/270
f 7/7/7 274/274/274 275/275/275
f 7/7/7 275/275/275 8/8/8
f 272/272/272 276/276/276 277/277/277
f 272/272/272 277/277/277 273/273/273
f 276/276/276 278/278/278 279/279/279
f 276/276/276 279/279/279 277/277/277
f 278/278/278 280/280/280 281/281/281
f 278/278/278 281/281/281 279/279/279
f 280/280/280 240/240/240 243/243/243
f 280/280/280 243/243/243 281/281/281
f 282/282/282 283/283/283 284/284/284
f 282/282/282 284/284/284 285/285/285
f 286/286/286 243/243/243 242/242/242
f 286/286/286 242/242/242 287/287/287
f 288/288/288 247/247/247 249/249/249
f 288/288/288 249/249/249 289/289/289
f 290/290/290 245/245/245 247/247/247
f 290/290/290 247/247/247 288/288/288
f 291/291/291 251/251/251 253/253/253
f 291/291/291 253/253/253 292/292/292
f 289/289/289 249/249/249 251/251/251
f 289/289/289 251/251/251 291/291/291
f 293/293/293 255/255/255 257/257/257
f 293/293/293 257/257/257 294/294/294
f 292/292/292 253/253/253 255/255/255
f 292/292/292 255/255/255 293/293/293
f 295/295/295 259/259/259 261/261/261
f 295/295/295 261/261/261 296/296/296
f 294/294/294 257/257/257 259/259/259
f 294/294/294 259/259/259 295/295/295
f 297/297/297 270/270/270 273/273/273
f 297/297/297 273/273/273 298/298/298
f 299/299/299 271/271/271 270/270/270
f 299/299/299 270/270/270 297/297/297
f 300/300/300 277/277/277 279/279/279
f 300/300/300 279/279/279 301/301/301
f 298/298/298 273/273/273 277/277/277
f 298/298/298 277/277/277 300/300/300
f 302/302/302 281/281/281 243/243/243
f 302/302/302 243/243/243 286/286/286
f 301/301/301 279/279/279 281/281/281
f 301/301/301 281/281/281 302/302/302
f 303/303/303 304/304/304 283/283/283
f 303/303/303 283/283/283 282/282/282
f 305/305/305 306/306/306 307/307/307
f 305/305/305 307/307/307 308/308/308
f 290/290/290 309/309/309 310/310/310
f 290/290/290 310/310/310 287/287/287
f 288/288/288 311/311/311 309/309/309
f 288/288/288 309/309/309 290/290/290
f 312/312/312 313/313/313 314/314/314
f 312/312/312 314/314/314 315/315/315
f 316/316/316 317/317/317 318/318/318
f 316/316/316 318/318/318 319/319/319
f 285/285/285 284/284/284 306/306/306
f 285/285/285 306/306/306 305/305/305
f 320/320/320 321/321/321 322/322/322
f 320/320/320 322/322/322 323/323/323
f 289/289/289 324/324/324 311/311/311
f 289/289/289 311/311/311 288/288/288
f 291/291/291 325/325/325 324/324/324
f 291/291/291 324/324/324 289/289/289
f 326/326/326 327/327/327 317/317/317
f 326/326/326 317/317/317 316/316/316
f 328/328/328 329/329/329 330/330/330
f 328/328/328 330/330/330 331/331/331
f 308/308/308 307/307/307 321/321/321
f 308/308/308 321/321/321 320/320/320
f 332/332/332 333/333/333 334/334/334
f 332/332/332 334/334/334 335/335/335
f 292/292/292 336/336/336 325/325/325
f 292/292/292 325/325/325 291/291/291
f 293/293/293 337/337/337 336/336/336
f 293/293/293 336/336/336 292/292/292
f 319/319/319 318/318/318 329/329/329
f 319/319/319 329/329/329 328/328/328
f 338/338/338 339/339/339 340/340/340
f 338/338/338 340/340/340 341/341/341
f 323/323/323 322/322/322 333/333/333
f 323/323/323 333/333/333 332/332/332
f 342/342/342 343/343/343 344/344/344
f 342/342/342 344/344/344 345/345/345
f 294/294/294 346/346/346 337/337/337
f 294/294/294 337/337/337 293/293/293
f 295/295/295 347/347/347 346/346/346
f 295/295/295 346/346/346 294/294/294
f 331/331/331 330/330/330 339/339/339
f 331/331/331 339/339/339 338/338/338
f 348/348/348 349/349/349 350/350/350
f 348/348/348 350/350/350 351/351/351
f 335/335/335 334/334/334 343/343/343
f 335/335/335 343/343/343 342/342/342
f 352/352/352 353/353/353 354/354/354
f 352/352/352 354/354/354 355/355/355
f 296/296/296 356/356/356 347/347/347
f 296/296/296 347/347/347 295/295/295
f 297/297/297 357/357/357 358/358/358
f 297/297/297 358/358/358 299/299/299
f 341/341/341 340/340/340 349/349/349
f 341/341/341 349/349/349 348/348/348
f 359/359/359 360/360/360 361/361/361
f 359/359/359 361/361/361 362/362/362
f 345/345/345 344/344/344 353/353/353
f 345/345/345 353/353/353 352/352/352
f 363/363/363 364/364/364 365/365/365
f 363/363/363 365/365/365 366/366/366
f 298/298/298 367/367/367 357/357/357
f 298/298/298 357/357/357 297/297/297
f 300/300/300 368/368/368 367/367/367
f 300/300/300 367/367/367 298/298/298
f 351/351/351 350/350/350 360/360/360
f 351/351/351 360/360/360 359/359/359
f 369/369/369 370/370/370 371/371/371
f 369/369/369 371/371/371 372/372/372
f 355/355/355 354/354/354 364/364/364
f 355/355/355 364/364/364 363/363/363
f 373/373/373 374/374/374 304/304/304
f 373/373/373 304/304/304 303/303/303
f 301/301/301 375/375/375 368/368/368
f 301/301/301 368/368/368 300/300/300
f 302/302/302 376/376/376 375/375/375
f 302/302/302 375/375/375 301/301/301
f 362/362/362 361/361/361 370/370/370
f 362/362/362 370/370/370 369/369/369
f 377/377/377 378/378/378 313/313/313
f 377/377/377 313/313/313 312/312/312
f 366/366/366 365/365/365 374/374/374
f 366/366/366 374/374/374 373/373/373
f 287/287/287 310/310/310 379/379/379
f 287/287/287 379/379/379 286/286/286
f 286/286/286 379/379/379 376/376/376
f 286/286/286 376/376/376 302/302/302
f 287/287/287 242/242/242 245/245/245
f 287/287/287 245/245/245 290/290/290
f 372/372/372 371/371/371 378/378/378
f 372/372/372 378/378/378 377/377/377
f 380/380/380 381/381/381 382/382/382
f 380/380/380 382/382/382 383/383/383
f 384/384/384 385/385/385 386/386/386
f 384/384/384 386/386/386 387/387/387
f 388/388/388 389/389/389 385/385/385
f 388/388/388 385/385/385 384/384/384
f 390/390/390 391/391/391 381/381/381
f 390/390/390 381/381/381 380/380/380
f 392/392/392 393/393/393 394/394/394
f 392/392/392 394/394/394 395/395/395
f 396/396/396 397/397/397 389/389/389
f 396/396/396 389/389/389 388/388/388
f 398/398/398 399/399/399 400/400/400
f 398/398/398 400/400/400 401/401/401
f 383/383/383 382/382/382 393/393/393
f 383/383/383 393/393/393 392/392/392
f 402/402/402 403/403/403 391/391/391
f 402/402/402 391/391/391 390/390/390
f 404/404/404 405/405/405 406/406/406
f 404/404/404 406/406/406 407/407/407
f 408/408/408 409/409/409 410/410/410
f 408/408/408 410/410/410 411/411/411
f 412/412/412 413/413/413 409/409/409
f 412/412/412 409/409/409 408/408/408
f 414/414/414 415/415/415 416/416/416
f 414/414/414 416/416/416 417/417/417
f 418/418/418 419/419/419 415/415/415
f 418/418/418 415/415/415 414/414/414
f 420/420/420 421/421/421 422/422/422
f 420/420/420 422/422/422 423/423/423
f 417/417/417 416/416/416 421/421/421
f 417/417/417 421/421/421 420/420/420
f 424/424/424 425/425/425 426/426/426
f 424/424/424 426/426/426 427/427/427
f 411/411/411 410/410/410 425/425/425
f 411/411/411 425/425/425 424/424/424
f 428/428/428 429/429/429 430/430/430
f 428/428/428 430/430/430 431/431/431
f 427/427/427 426/426/426 429/429/429
f 427/427/427 429/429/429 428/428/428
f 432/432/432 433/433/433 434/434/434
f 432/432/432 434/434/434 435/435/435
f 431/431/431 430/430/430 433/433/433
f 431/431/431 433/433/433 432/432/432
f 436/436/436 437/437/437 419/419/419
f 436/436/436 419/419/419 418/418/418
f 435/435/435 434/434/434 437/437/437
f 435/435/435 437/437/437 436/436/436
f 13/13/13 17/17/17 244/244/244
f 13/13/13 244/244/244 241/241/241
f 50/50/50 13/13/13 241/241/241
f 50/50/50 241/241/241 240/240/240
f 36/36/36 37/37/37 51/51/51
f 36/36/36 51/51/51 17/17/17
f 51/51/51 39/39/39 248/248/248
f 51/51/51 248/248/248 246/246/246
f 17/17/17 51/51/51 246/246/246
f 17/17/17 246/246/246 244/244/244
f 3/3/3 219/219/219 438/438/438
f 3/3/3 438/438/438 40/40/40
f 40/40/40 438/438/438 252/252/252
f 40/40/40 252/252/252 250/250/250
f 39/39/39 40/40/40 250/250/250
f 39/39/39 250/250/250 248/248/248
f 219/219/219 223/223/223 439/439/439
f 219/219/219 439/439/439 438/438/438
f 223/223/223 222/222/222 440/440/440
f 223/223/223 440/440/440 439/439/439
f 439/439/439 440/440/440 256/256/256
f 439/439/439 256/256/256 254/254/254
f 438/438/438 439/439/439 254/254/254
f 438/438/438 254/254/254 252/252/252
f 222/222/222 227/227/227 441/441/441
f 222/222/222 441/441/441 440/440/440
f 227/227/227 226/226/226 442/442/442
f 227/227/227 442/442/442 441/441/441
f 441/441/441 442/442/442 260/260/260
f 441/441/441 260/260/260 258/258/258
f 440/440/440 441/441/441 258/258/258
f 440/440/440 258/258/258 256/256/256
f 233/233/233 231/231/231 443/443/443
f 233/233/233 443/443/443 444/444/444
f 231/231/231 230/230/230 445/445/445
f 231/231/231 445/445/445 443/443/443
f 443/443/443 445/445/445 272/272/272
f 443/443/443 272/272/272 269/269/269
f 444/444/444 443/443/443 269/269/269
f 444/444/444 269/269/269 268/268/268
f 230/230/230 237/237/237 446/446/446
f 230/230/230 446/446/446 445/445/445
f 237/237/237 236/236/236 447/447/447
f 237/237/237 447/447/447 446/446/446
f 446/446/446 447/447/447 278/278/278
f 446/446/446 278/278/278 276/276/276
f 445/445/445 446/446/446 276/276/276
f 445/445/445 276/276/276 272/272/272
f 236/236/236 239/239/239 448/448/448
f 236/236/236 448/448/448 447/447/447
f 239/239/239 35/35/35 50/50/50
f 239/239/239 50/50/50 448/448/448
f 448/448/448 50/50/50 240/240/240
f 448/448/448 240/240/240 280/280/280
f 447/447/447 448/448/448 280/280/280
f 447/447/447 280/280/280 278/278/278
f 449/449/449 450/450/450 403/403/403
f 449/449/449 403/403/403 402/402/402
f 451/451/451 452/452/452 399/399/399
f 451/451/451 399/399/399 398/398/398
f 453/453/453 454/454/454 455/455/455
f 453/453/453 455/455/455 456/456/456
f 457/457/457 458/458/458 450/450/450
f 457/457/457 450/450/450 449/449/449
f 459/459/459 460/460/460 458/458/458
f 459/459/459 458/458/458 457/457/457
f 401/401/401 400/400/400 454/454/454
f 401/401/401 454/454/454 453/453/453
f 461/461/461 462/462/462 463/463/463
f 461/461/461 463/463/463 464/464/464
f 465/465/465 466/466/466 460/460/460
f 465/465/465 460/460/460 459/459/459
f 467/467/467 468/468/468 466/466/466
f 467/467/467 466/466/466 465/465/465
f 456/456/456 455/455/455 462/462/462
f 456/456/456 462/462/462 461/461/461
f 469/469/469 470/470/470 471/471/471
f 469/469/469 471/471/471 472/472/472
f 473/473/473 474/474/474 468/468/468
f 473/473/473 468/468/468 467/467/467
f 475/475/475 476/476/476 474/474/474
f 475/475/475 474/474/474 473/473/473
f 464/464/464 463/463/463 470/470/470
f 464/464/464 470/470/470 469/469/469
f 477/477/477 478/478/478 479/479/479
f 477/477/477 479/479/479 480/480/480
f 481/481/481 482/482/482 476/476/476
f 481/481/481 476/476/476 475/475/475
f 483/483/483 484/484/484 482/482/482
f 483/483/483 482/482/482 481/481/481
f 472/472/472 471/471/471 478/478/478
f 472/472/472 478/478/478 477/477/477
f 485/485/485 486/486/486 397/397/397
f 485/485/485 397/397/397 396/396/396
f 487/487/487 488/488/488 489/489/489
f 487/487/487 489/489/489 490/490/490
f 395/395/395 394/394/394 488/488/488
f 395/395/395 488/488/488 487/487/487
f 480/480/480 479/479/479 486/486/486
f 480/480/480 486/486/486 485/485/485
f 387/387/387 386/386/386 452/452/452
f 387/387/387 452/452/452 451/451/451
f 1/1/1 43/43/43 4/4/4
f 1/1/1 4/4/4 6/6/6
f 49/49/49 491/491/491 492/492/492
f 49/49/49 492/492/492 14/14/14
f 492/492/492 491/491/491 493/493/493
f 492/492/492 493/493/493 494/494/494
f 493/493/493 495/495/495 496/496/496
f 493/493/493 496/496/496 494/494/494
f 496/496/496 495/495/495 497/497/497
f 496/496/496 497/497/497 498/498/498
f 45/45/45 499/499/499 500/500/500
f 45/45/45 500/500/500 46/46/46
f 499/499/499 501/501/501 502/502/502
f 499/499/499 502/502/502 500/500/500
f 502/502/502 501/501/501 266/266/266
f 502/502/502 266/266/266 267/267/267
f 315/315/315 314/314/314 327/327/327
f 315/315/315 327/327/327 326/326/326
f 264/264/264 503/503/503 504/504/504
f 264/264/264 504/504/504 265/265/265
f 52/52/52 275/275/275 274/274/274
f 52/52/52 274/274/274 5/5/5
f 504/504/504 503/503/503 498/498/498
f 504/504/504 498/498/498 497/497/497
f 407/407/407 406/406/406 413/413/413
f 407/407/407 413/413/413 412/412/412
f 505/505/505 506/506/506 507/507/507
f 505/505/505 507/507/507 508/508/508
f 509/509/509 510/510/510 511/511/511
f 509/509/509 511/511/511 512/512/512
f 513/513/513 514/514/514 515/515/515
f 513/513/513 515/515/515 516/516/516
f 506/506/506 509/509/509 512/512/512
f 506/506/506 512/512/512 507/507/507
f 517/517/517 513/513/513 516/516/516
f 517/517/517 516/516/516 518/518/518
f 519/519/519 517/517/517 518/518/518
f 519/519/519 518/518/518 520/520/520
f 521/521/521 522/522/522 523/523/523
f 521/521/521 523/523/523 524/524/524
f 525/525/525 519/519/519 520/520/520
f 525/525/525 520/520/520 526/526/526
f 522/522/522 527/527/527 528/528/528
f 522/522/522 528/528/528 523/523/523
f 529/529/529 521/521/521 524/524/524
f 529/529/529 524/524/524 530/530/530
f 531/531/531 529/529/529 530/530/530
f 531/531/531 530/530/530 532/532/532
f 533/533/533 525/525/525 526/526/526
f 533/533/533 526/526/526 534/534/534
f 535/535/535 531/531/531 532/532/532
f 535/535/535 532/532/532 536/536/536
f 510/510/510 533/533/533 534/534/534
f 510/510/510 534/534/534 511/511/511
f 527/527/527 505/505/505 508/508/508
f 527/527/527 508/508/508 528/528/528
f 514/514/514 535/535/535 536/536/536
f 514/514/514 536/536/536 515/515/515
f 537/537/537 538/538/538 539/539/539
f 537/537/537 539/539/539 540/540/540
f 541/541/541 542/542/542 543/543/543
f 541/541/541 543/543/543 544/544/544
f 545/545/545 546/546/546 547/547/547
f 545/545/545 547/547/547 548/548/548
f 546/546/546 549/549/549 550/550/550
f 546/546/546 550/550/550 547/547/547
f 551/551/551 552/552/552 553/553/553
f 551/551/551 553/553/553 554/554/554
f 552/552/552 555/555/555 556/556/556
f 552/552/552 556/556/556 553/553/553
f 557/557/557 550/550/550 549/549/549
f 557/557/557 549/549/549 558/558/558
f 554/554/554 559/559/559 560/560/560
f 554/554/554 560/560/560 551/551/551
f 561/561/561 556/556/556 555/555/555
f 561/561/561 555/555/555 562/562/562
f 548/548/548 563/563/563 564/564/564
f 548/548/548 564/564/564 545/545/545
f 565/565/565 566/566/566 567/567/567
f 565/565/565 567/567/567 568/568/568
f 568/568/568 567/567/567 569/569/569
f 568/568/568 569/569/569 570/570/570
f 570/570/570 569/569/569 571/571/571
f 570/570/570 571/571/571 572/572/572
f 572/572/572 571/571/571 566/566/566
f 572/572/572 566/566/566 565/565/565
f 573/573/573 567/567/567 574/574/574
f 573/573/573 574/574/574 575/575/575
f 575/575/575 574/574/574 576/576/576
f 575/575/575 576/576/576 577/577/577
f 577/577/577 576/576/576 569/569/569
f 577/577/577 569/569/569 578/578/578
f 578/578/578 569/569/569 567/567/567
f 578/578/578 567/567/567 573/573/573
f 579/579/579 580/580/580 566/566/566
f 579/579/579 566/566/566 581/581/581
f 581/581/581 566/566/566 571/571/571
f 581/581/581 571/571/571 582/582/582
f 582/582/582 571/571/571 583/583/583
f 582/582/582 583/583/583 584/584/584
f 584/584/584 583/583/583 580/580/580
f 584/584/584 580/580/580 579/579/579
f 585/585/585 574/574/574 586/586/586
f 585/585/585 586/586/586 587/587/587
f 587/587/587 586/586/586 588/588/588
f 587/587/587 588/588/588 589/589/589
f 589/589/589 588/588/588 576/576/576
f 589/589/589 576/576/576 590/590/590
f 590/590/590 576/576/576 574/574/574
f 590/590/590 574/574/574 585/585/585
f 591/591/591 592/592/592 593/593/593
f 591/591/591 593/593/593 594/594/594
f 594/594/594 593/593/593 595/595/595
f 594/594/594 595/595/595 596/596/596
f 596/596/596 595/595/595 597/597/597
f 596/596/596 597/597/597 598/598/598
f 598/598/598 597/597/597 592/592/592
f 598/598/598 592/592/592 591/591/591
f 599/599/599 600/600/600 592/592/592
f 599/599/599 592/592/592 601/601/601
f 601/601/601 592/592/592 597/597/597
f 601/601/601 597/597/597 602/602/602
f 602/602/602 597/597/597 603/603/603
f 602/602/602 603/603/603 604/604/604
f 604/604/604 603/603/603 600/600/600
f 604/604/604 600/600/600 599/599/599
f 605/605/605 606/606/606 600/600/600
f 605/605/605 600/600/600 607/607/607
f 607/607/607 600/600/600 603/603/603
f 607/607/607 603/603/603 608/608/608
f 608/608/608 603/603/603 609/609/609
f 608/608/608 609/609/609 610/610/610
f 610/610/610 609/609/609 606/606/606
f 610/610/610 606/606/606 605/605/605
f 611/611/611 593/593/593 612/612/612
f 611/611/611 612/612/612 613/613/613
f 613/613/613 612/612/612 614/614/614
f 613/613/613 614/614/614 615/615/615
f 615/615/615 614/614/614 595/595/595
f 615/615/615 595/595/595 616/616/616
f 616/616/616 595/595/595 593/593/593
f 616/616/616 593/593/593 611/611/611
f 617/617/617 618/618/618 619/619/619
f 617/617/617 619/619/619 620/620/620
f 621/621/621 622/622/622 623/623/623
f 621/621/621 623/623/623 624/624/624
f 625/625/625 626/626/626 627/627/627
f 625/625/625 627/627/627 628/628/628
f 629/629/629 630/630/630 631/631/631
f 629/629/629 631/631/631 632/632/632
f 633/633/633 634/634/634 635/635/635
f 633/633/633 635/635/635 636/636/636
f 637/637/637 638/638/638 639/639/639
f 637/637/637 639/639/639 640/640/640
f 641/641/641 642/642/642 643/643/643
f 641/641/641 643/643/643 644/644/644
f 645/645/645 646/646/646 647/647/647
f 645/645/645 647/647/647 648/648/648
f 649/649/649 650/650/650 651/651/651
f 649/649/649 651/651/651 652/652/652
f 653/653/653 654/654/654 655/655/655
f 653/653/653 655/655/655 656/656/656
f 657/657/657 658/658/658 659/659/659
f 657/657/657 659/659/659 660/660/660
f 661/661/661 662/662/662 663/663/663
f 661/661/661 663/663/663 664/664/664
f 665/665/665 666/666/666 667/667/667
f 665/665/665 667/667/667 668/668/668
f 669/669/669 670/670/670 671/671/671
f 669/669/669 671/671/671 672/672/672
f 673/673/673 674/674/674 675/675/675
f 673/673/673 675/675/675 676/676/676
f 677/677/677 678/678/678 679/679/679
f 677/677/677 679/679/679 680/680/680
f 681/681/681 682/682/682 683/683/683
f 681/681/681 683/683/683 684/684/684
f 685/685/685 686/686/686 682/682/682
f 685/685/685 682/682/682 681/681/681
f 687/687/687 688/688/688 689/689/689
f 687/687/687 689/689/689 690/690/690
f 691/691/691 687/687/687 690/690/690
f 691/691/691 690/690/690 692/692/692
f 693/693/693 691/691/691 692/692/692
f 693/693/693 692/692/692 694/694/694
f 695/695/695 693/693/693 694/694/694
f 695/695/695 694/694/694 696/696/696
f 697/697/697 695/695/695 696/696/696
f 697/697/697 696/696/696 698/698/698
f 699/699/699 697/697/697 698/698/698
f 699/699/699 698/698/698 700/700/700
f 701/701/701 699/699/699 700/700/700
f 701/701/701 700/700/700 702/702/702
f 703/703/703 704/704/704 705/705/705
f 703/703/703 705/705/705 706/706/706
f 706/706/706 705/705/705 707/707/707
f 706/706/706 707/707/707 708/708/708
f 708/708/708 707/707/707 709/709/709
f 708/708/708 709/709/709 710/710/710
f 710/710/710 709/709/709 711/711/711
f 710/710/710 711/711/711 712/712/712
f 712/712/712 711/711/711 713/713/713
f 712/712/712 713/713/713 714/714/714
f 715/715/715 716/716/716 717/717/717
f 715/715/715 717/717/717 718/718/718
f 718/718/718 717/717/717 719/719/719
f 718/718/718 719/719/719 720/720/720
f 720/720/720 719/719/719 704/704/704
f 720/720/720 704/704/704 703/703/703
f 721/721/721 722/722/722 723/723/723
f 721/721/721 723/723/723 724/724/724
f 725/725/725 726/726/726 722/722/722
f 725/725/725 722/722/722 721/721/721
f 727/727/727 728/728/728 726/726/726
f 727/727/727 726/726/726 725/725/725
f 729/729/729 730/730/730 728/728/728
f 729/729/729 728/728/728 727/727/727
f 61/61/61 62/62/62 731/731/731
f 61/61/61 731/731/731 732/732/732
f 733/733/733 734/734/734 730/730/730
f 733/733/733 730/730/730 729/729/729
f 732/732/732 731/731/731 81/81/81
f 732/732/732 81/81/81 63/63/63
f 735/735/735 736/736/736 734/734/734
f 735/735/735 734/734/734 733/733/733
f 737/737/737 738/738/738 736/736/736
f 737/737/737 736/736/736 735/735/735
f 724/724/724 723/723/723 738/738/738
f 724/724/724 738/738/738 737/737/737
f 67/67/67 59/59/59 61/61/61
f 67/67/67 61/61/61 739/739/739
f 739/739/739 61/61/61 732/732/732
f 739/739/739 732/732/732 740/740/740
f 740/740/740 732/732/732 63/63/63
f 740/740/740 63/63/63 741/741/741
f 741/741/741 63/63/63 65/65/65
f 741/741/741 65/65/65 68/68/68
f 69/69/69 67/67/67 739/739/739
f 69/69/69 739/739/739 742/742/742
f 742/742/742 739/739/739 740/740/740
f 742/742/742 740/740/740 743/743/743
f 743/743/743 740/740/740 741/741/741
f 743/743/743 741/741/741 744/744/744
f 744/744/744 741/741/741 68/68/68
f 744/744/744 68/68/68 70/70/70
f 745/745/745 66/66/66 53/53/53
f 745/745/745 53/53/53 746/746/746
f 747/747/747 748/748/748 749/749/749
f 747/747/747 749/749/749 750/750/750
f 751/751/751 56/56/56 58/58/58
f 751/751/751 58/58/58 752/752/752
f 750/750/750 749/749/749 753/753/753
f 750/750/750 753/753/753 754/754/754
f 752/752/752 58/58/58 69/69/69
f 752/752/752 69/69/69 755/755/755
f 754/754/754 753/753/753 756/756/756
f 754/754/754 756/756/756 757/757/757
f 755/755/755 69/69/69 742/742/742
f 755/755/755 742/742/742 758/758/758
f 757/757/757 756/756/756 759/759/759
f 757/757/757 759/759/759 760/760/760
f 758/758/758 742/742/742 743/743/743
f 758/758/758 743/743/743 761/761/761
f 760/760/760 759/759/759 762/762/762
f 760/760/760 762/762/762 763/763/763
f 761/761/761 743/743/743 744/744/744
f 761/761/761 744/744/744 764/764/764
f 763/763/763 762/762/762 765/765/765
f 763/763/763 765/765/765 766/766/766
f 764/764/764 744/744/744 70/70/70
f 764/764/764 70/70/70 767/767/767
f 766/766/766 765/765/765 768/768/768
f 766/766/766 768/768/768 769/769/769
f 767/767/767 70/70/70 66/66/66
f 767/767/767 66/66/66 745/745/745
f 769/769/769 768/768/768 748/748/748
f 769/769/769 748/748/748 747/747/747
f 770/770/770 771/771/771 772/772/772
f 770/770/770 772/772/772 773/773/773
f 774/774/774 775/775/775 776/776/776
f 774/774/774 776/776/776 777/777/777
f 777/777/777 776/776/776 778/778/778
f 777/777/777 778/778/778 779/779/779
f 779/779/779 778/778/778 780/780/780
f 779/779/779 780/780/780 781/781/781
f 781/781/781 780/780/780 782/782/782
f 781/781/781 782/782/782 783/783/783
f 783/783/783 782/782/782 784/784/784
f 783/783/783 784/784/784 785/785/785
f 785/785/785 784/784/784 786/786/786
f 785/785/785 786/786/786 787/787/787
f 787/787/787 786/786/786 771/771/771
f 787/787/787 771/771/771 770/770/770
f 788/788/788 789/789/789 790/790/790
f 788/788/788 790/790/790 791/791/791
f 792/792/792 793/793/793 794/794/794
f 792/792/792 794/794/794 795/795/795
f 796/796/796 797/797/797 798/798/798
f 796/796/796 798/798/798 799/799/799
f 791/791/791 790/790/790 800/800/800
f 791/791/791 800/800/800 801/801/801
f 802/802/802 803/803/803 793/793/793
f 802/802/802 793/793/793 792/792/792
f 799/799/799 798/798/798 804/804/804
f 799/799/799 804/804/804 805/805/805
f 801/801/801 800/800/800 806/806/806
f 801/801/801 806/806/806 807/807/807
f 808/808/808 809/809/809 803/803/803
f 808/808/808 803/803/803 802/802/802
f 805/805/805 804/804/804 810/810/810
f 805/805/805 810/810/810 811/811/811
f 812/812/812 813/813/813 814/814/814
f 812/812/812 814/814/814 815/815/815
f 816/816/816 817/817/817 809/809/809
f 816/816/816 809/809/809 808/808/808
f 811/811/811 810/810/810 818/818/818
f 811/811/811 818/818/818 819/819/819
f 815/815/815 814/814/814 820/820/820
f 815/815/815 820/820/820 821/821/821
f 822/822/822 823/823/823 817/817/817
f 822/822/822 817/817/817 816/816/816
f 819/819/819 818/818/818 824/824/824
f 819/819/819 824/824/824 825/825/825
f 821/821/821 820/820/820 826/826/826
f 821/821/821 826/826/826 827/827/827
f 828/828/828 829/829/829 823/823/823
f 828/828/828 823/823/823 822/822/822
f 825/825/825 824/824/824 830/830/830
f 825/825/825 830/830/830 831/831/831
f 827/827/827 826/826/826 832/832/832
f 827/827/827 832/832/832 833/833/833
f 834/834/834 835/835/835 829/829/829
f 834/834/834 829/829/829 828/828/828
f 831/831/831 830/830/830 836/836/836
f 831/831/831 836/836/836 837/837/837
f 833/833/833 832/832/832 789/789/789
f 833/833/833 789/789/789 788/788/788
f 795/795/795 794/794/794 835/835/835
f 795/795/795 835/835/835 834/834/834
f 837/837/837 836/836/836 797/797/797
f 837/837/837 797/797/797 796/796/796
f 838/838/838 839/839/839 840/840/840
f 838/838/838 840/840/840 841/841/841
f 842/842/842 843/843/843 844/844/844
f 842/842/842 844/844/844 845/845/845
f 846/846/846 847/847/847 848/848/848
f 846/846/846 848/848/848 849/849/849
f 841/841/841 840/840/840 850/850/850
f 841/841/841 850/850/850 851/851/851
f 852/852/852 853/853/853 843/843/843
f 852/852/852 843/843/843 842/842/842
f 849/849/849 848/848/848 854/854/854
f 849/849/849 854/854/854 855/855/855
f 851/851/851 850/850/850 856/856/856
f 851/851/851 856/856/856 857/857/857
f 858/858/858 859/859/859 853/853/853
f 858/858/858 853/853/853 852/852/852
f 855/855/855 854/854/854 860/860/860
f 855/855/855 860/860/860 861/861/861
f 857/857/857 856/856/856 862/862/862
f 857/857/857 862/862/862 863/863/863
f 864/864/864 865/865/865 859/859/859
f 864/864/864 859/859/859 858/858/858
f 861/861/861 860/860/860 866/866/866
f 861/861/861 866/866/866 867/867/867
f 868/868/868 869/869/869 870/870/870
f 868/868/868 870/870/870 871/871/871
f 872/872/872 873/873/873 865/865/865
f 872/872/872 865/865/865 864/864/864
f 867/867/867 866/866/866 874/874/874
f 867/867/867 874/874/874 875/875/875
f 871/871/871 870/870/870 876/876/876
f 871/871/871 876/876/876 877/877/877
f 878/878/878 879/879/879 873/873/873
f 878/878/878 873/873/873 872/872/872
f 875/875/875 874/874/874 880/880/880
f 875/875/875 880/880/880 881/881/881
f 877/877/877 876/876/876 882/882/882
f 877/877/877 882/882/882 883/883/883
f 884/884/884 885/885/885 879/879/879
f 884/884/884 879/879/879 878/878/878
f 881/881/881 880/880/880 886/886/886
f 881/881/881 886/886/886 887/887/887
f 883/883/883 882/882/882 839/839/839
f 883/883/883 839/839/839 838/838/838
f 845/845/845 844/844/844 885/885/885
f 845/845/845 885/885/885 884/884/884
f 887/887/887 886/886/886 847/847/847
f 887/887/887 847/847/847 846/846/846
f 888/888/888 889/889/889 890/890/890
f 888/888/888 890/890/890 891/891/891
f 891/891/891 890/890/890 892/892/892
f 891/891/891 892/892/892 893/893/893
f 894/894/894 895/895/895 896/896/896
f 894/894/894 896/896/896 897/897/897
f 893/893/893 892/892/892 895/895/895
f 893/893/893 895/895/895 894/894/894
f 898/898/898 899/899/899 889/889/889
f 898/898/898 889/889/889 888/888/888
f 900/900/900 901/901/901 899/899/899
f 900/900/900 899/899/899 898/898/898
f 902/902/902 903/903/903 901/901/901
f 902/902/902 901/901/901 900/900/900
f 904/904/904 905/905/905 903/903/903
f 904/904/904 903/903/903 902/902/902
f 906/906/906 907/907/907 908/908/908
f 906/906/906 908/908/908 909/909/909
f 910/910/910 911/911/911 912/912/912
f 910/910/910 912/912/912 913/913/913
f 912/912/912 911/911/911 906/906/906
f 912/912/912 906/906/906 909/909/909
f 914/914/914 915/915/915 916/916/916
f 914/914/914 916/916/916 917/917/917
f 916/916/916 915/915/915 918/918/918
f 916/916/916 918/918/918 919/919/919
f 918/918/918 920/920/920 921/921/921
f 918/918/918 921/921/921 919/919/919
f 921/921/921 920/920/920 922/922/922
f 921/921/921 922/922/922 923/923/923
f 924/924/924 925/925/925 926/926/926
f 924/924/924 926/926/926 927/927/927
f 927/927/927 926/926/926 928/928/928
f 927/927/927 928/928/928 929/929/929
f 930/930/930 931/931/931 932/932/932
f 930/930/930 932/932/932 933/933/933
f 934/934/934 935/935/935 925/925/925
f 934/934/934 925/925/925 924/924/924
f 929/929/929 928/928/928 936/936/936
f 929/929/929 936/936/936 937/937/937
f 937/937/937 936/936/936 938/938/938
f 937/937/937 938/938/938 939/939/939
f 939/939/939 938/938/938 940/940/940
f 939/939/939 940/940/940 941/941/941
f 941/941/941 940/940/940 931/931/931
f 941/941/941 931/931/931 930/930/930
f 942/942/942 924/924/924 927/927/927
f 942/942/942 927/927/927 943/943/943
f 943/943/943 927/927/927 929/929/929
f 943/943/943 929/929/929 944/944/944
f 945/945/945 930/930/930 933/933/933
f 945/945/945 933/933/933 946/946/946
f 947/947/947 934/934/934 924/924/924
f 947/947/947 924/924/924 942/942/942
f 944/944/944 929/929/929 937/937/937
f 944/944/944 937/937/937 948/948/948
f 948/948/948 937/937/937 939/939/939
f 948/948/948 939/939/939 949/949/949
f 949/949/949 939/939/939 941/941/941
f 949/949/949 941/941/941 950/950/950
f 950/950/950 941/941/941 930/930/930
f 950/950/950 930/930/930 945/945/945
f 951/951/951 942/942/942 943/943/943
f 951/951/951 943/943/943 952/952/952
f 952/952/952 943/943/943 944/944/944
f 952/952/952 944/944/944 953/953/953
f 954/954/954 945/945/945 946/946/946
f 954/954/954 946/946/946 955/955/955
f 956/956/956 947/947/947 942/942/942
f 956/956/956 942/942/942 951/951/951
f 953/953/953 944/944/944 948/948/948
f 953/953/953 948/948/948 957/957/957
f 957/957/957 948/948/948 949/949/949
f 957/957/957 949/949/949 958/958/958
f 958/958/958 949/949/949 950/950/950
f 958/958/958 950/950/950 959/959/959
f 959/959/959 950/950/950 945/945/945
f 959/959/959 945/945/945 954/954/954
f 960/960/960 951/951/951 952/952/952
f 960/960/960 952/952/952 961/961/961
f 961/961/961 952/952/952 953/953/953
f 961/961/961 953/953/953 962/962/962
f 963/963/963 954/954/954 955/955/955
f 963/963/963 955/955/955 964/964/964
f 965/965/965 956/956/956 951/951/951
f 965/965/965 951/951/951 960/960/960
f 962/962/962 953/953/953 957/957/957
f 962/962/962 957/957/957 966/966/966
f 966/966/966 957/957/957 958/958/958
f 966/966/966 958/958/958 967/967/967
f 967/967/967 958/958/958 959/959/959
f 967/967/967 959/959/959 968/968/968
f 968/968/968 959/959/959 954/954/954
f 968/968/968 954/954/954 963/963/963
f 908/908/908 907/907/907 914/914/914
f 908/908/908 914/914/914 917/917/917
f 969/969/969 970/970/970 971/971/971
f 969/969/969 971/971/971 972/972/972
f 973/973/973 974/974/974 975/975/975
f 973/973/973 975/975/975 976/976/976
f 977/977/977 978/978/978 979/979/979
f 977/977/977 979/979/979 980/980/980
f 976/976/976 975/975/975 981/981/981
f 976/976/976 981/981/981 982/982/982
f 983/983/983 984/984/984 970/970/970
f 983/983/983 970/970/970 969/969/969
f 980/980/980 979/979/979 974/974/974
f 980/980/980 974/974/974 973/973/973
f 972/972/972 971/971/971 978/978/978
f 972/972/972 978/978/978 977/977/977
f 982/982/982 981/981/981 984/984/984
f 982/982/982 984/984/984 983/983/983
f 985/985/985 986/986/986 987/987/987
f 985/985/985 987/987/987 988/988/988
f 989/989/989 990/990/990 991/991/991
f 989/989/989 991/991/991 992/992/992
f 993/993/993 994/994/994 995/995/995
f 993/993/993 995/995/995 996/996/996
f 997/997/997 998/998/998 990/990/990
f 997/997/997 990/990/990 989/989/989
f 988/988/988 987/987/987 999/999/999
f 988/988/988 999/999/999 1000/1000/1000
f 992/992/992 991/991/991 986/986/986
f 992/992/992 986/986/986 985/985/985
f 1000/1000/1000 999/999/999 994/994/994
f 1000/1000/1000 994/994/994 993/993/993
f 996/996/996 995/995/995 998/998/998
f 996/996/996 998/998/998 997/997/997
f 1001/1001/1001 701/701/701 702/702/702
f 1001/1001/1001 702/702/702 1002/1002/1002
f 1003/1003/1003 1004/1004/1004 1005/1005/1005
f 1003/1003/1003 1005/1005/1005 1006/1006/1006
f 1007/1007/1007 1008/1008/1008 1009/1009/1009
f 1007/1007/1007 1009/1009/1009 1010/1010/1010
f 1011/1011/1011 1012/1012/1012 1013/1013/1013
f 1011/1011/1011 1013/1013/1013 1014/1014/1014
f 1015/1015/1015 1016/1016/1016 1017/1017/1017
f 1015/1015/1015 1017/1017/1017 1018/1018/1018
f 1019/1019/1019 1020/1020/1020 1021/1021/1021
f 1019/1019/1019 1021/1021/1021 1022/1022/1022
f 1023/1023/1023 1024/1024/1024 1025/1025/1025
f 1023/1023/1023 1025/1025/1025 1026/1026/1026
f 1027/1027/1027 1028/1028/1028 1029/1029/1029
f 1027/1027/1027 1029/1029/1029 1030/1030/1030
f 1031/1031/1031 1032/1032/1032 1033/1033/1033
f 1031/1031/1031 1033/1033/1033 1034/1034/1034
f 1035/1035/1035 1036/1036/1036 1037/1037/1037
f 1035/1035/1035 1037/1037/1037 1038/1038/1038
f 1039/1039/1039 1040/1040/1040 1041/1041/1041
f 1039/1039/1039 1041/1041/1041 1042/1042/1042
f 1043/1043/1043 1044/1044/1044 1045/1045/1045
f 1043/1043/1043 1045/1045/1045 1046/1046/1046
f 1047/1047/1047 1048/1048/1048 1049/1049/1049
f 1047/1047/1047 1049/1049/1049 1050/1050/1050
f 1051/1051/1051 1052/1052/1052 1053/1053/1053
f 1051/1051/1051 1053/1053/1053 1054/1054/1054
f 1055/1055/1055 1056/1056/1056 1057/1057/1057
f 1055/1055/1055 1057/1057/1057 1058/1058/1058
f 1059/1059/1059 1060/1060/1060 1061/1061/1061
f 1059/1059/1059 1061/1061/1061 1062/1062/1062
f 1063/1063/1063 1064/1064/1064 1065/1065/1065
f 1063/1063/1063 1065/1065/1065 1066/1066/1066
f 1067/1067/1067 1068/1068/1068 1069/1069/1069
f 1067/1067/1067 1069/1069/1069 1070/1070/1070
f 1071/1071/1071 1072/1072/1072 1073/1073/1073
f 1071/1071/1071 1073/1073/1073 1074/1074/1074
f 1075/1075/1075 1076/1076/1076 1077/1077/1077
f 1075/1075/1075 1077/1077/1077 1078/1078/1078
f 1079/1079/1079 1080/1080/1080 1081/1081/1081
f 1079/1079/1079 1081/1081/1081 1082/1082/1082
f 1083/1083/1083 1084/1084/1084 1085/1085/1085
f 1083/1083/1083 1085/1085/1085 1086/1086/1086
f 1087/1087/1087 1088/1088/1088 1089/1089/1089
f 1087/1087/1087 1089/1089/1089 1090/1090/1090
f 1091/1091/1091 1092/1092/1092 1093/1093/1093
f 1091/1091/1091 1093/1093/1093 1094/1094/1094
f 1095/1095/1095 1096/1096/1096 1097/1097/1097
f 1095/1095/1095 1097/1097/1097 1098/1098/1098
f 1099/1099/1099 1100/1100/1100 1101/1101/1101
f 1099/1099/1099 1101/1101/1101 1102/1102/1102
f 1103/1103/1103 1104/1104/1104 1105/1105/1105
f 1103/1103/1103 1105/1105/1105 1106/1106/1106
f 1106/1106/1106 1105/1105/1105 1107/1107/1107
f 1106/1106/1106 1107/1107/1107 1108/1108/1108
f 1108/1108/1108 1107/1107/1107 1109/1109/1109
f 1108/1108/1108 1109/1109/1109 1110/1110/1110
f 1111/1111/1111 1112/1112/1112 1113/1113/1113
f 1111/1111/1111 1113/1113/1113 1114/1114/1114
f 1115/1115/1115 1116/1116/1116 1117/1117/1117
f 1115/1115/1115 1117/1117/1117 1118/1118/1118
f 1119/1119/1119 1120/1120/1120 1121/1121/1121
f 1119/1119/1119 1121/1121/1121 1122/1122/1122
f 1123/1123/1123 1124/1124/1124 1125/1125/1125
f 1123/1123/1123 1125/1125/1125 1126/1126/1126
f 1127/1127/1127 1128/1128/1128 1129/1129/1129
f 1127/1127/1127 1129/1129/1129 1130/1130/1130
f 1131/1131/1131 1132/1132/1132 1133/1133/1133
f 1131/1131/1131 1133/1133/1133 1134/1134/1134
f 1135/1135/1135 1136/1136/1136 1137/1137/1137
f 1135/1135/1135 1137/1137/1137 1138/1138/1138
f 1139/1139/1139 1140/1140/1140 1141/1141/1141
f 1139/1139/1139 1141/1141/1141 1142/1142/1142
f 1143/1143/1143 1144/1144/1144 1145/1145/1145
f 1143/1143/1143 1145/1145/1145 1146/1146/1146
f 1147/1147/1147 1148/1148/1148 1149/1149/1149
f 1147/1147/1147 1149/1149/1149 1150/1150/1150
f 1151/1151/1151 1152/1152/1152 1153/1153/1153
f 1151/1151/1151 1153/1153/1153 1154/1154/1154
f 1155/1155/1155 1156/1156/1156 1157/1157/1157
f 1155/1155/1155 1157/1157/1157 1158/1158/1158
f 1159/1159/1159 1160/1160/1160 1161/1161/1161
f 1159/1159/1159 1161/1161/1161 1162/1162/1162
f 1163/1163/1163 1164/1164/1164 1165/1165/1165
f 1163/1163/1163 1165/1165/1165 1166/1166/1166
f 1167/1167/1167 1168/1168/1168 1169/1169/1169
f 1167/1167/1167 1169/1169/1169 1170/1170/1170
f 1171/1171/1171 1172/1172/1172 1173/1173/1173
f 1171/1171/1171 1173/1173/1173 1174/1174/1174
f 1175/1175/1175 1176/1176/1176 1177/1177/1177
f 1175/1175/1175 1177/1177/1177 1178/1178/1178
f 1179/1179/1179 1180/1180/1180 1181/1181/1181
f 1179/1179/1179 1181/1181/1181 1182/1182/1182
f 1183/1183/1183 1184/1184/1184 1185/1185/1185
f 1183/1183/1183 1185/1185/1185 1186/1186/1186
f 1187/1187/1187 1188/1188/1188 1189/1189/1189
f 1187/1187/1187 1189/1189/1189 1190/1190/1190
f 1191/1191/1191 1192/1192/1192 1193/1193/1193
f 1191/1191/1191 1193/1193/1193 1194/1194/1194
f 1195/1195/1195 1196/1196/1196 1197/1197/1197
f 1195/1195/1195 1197/1197/1197 1198/1198/1198
f 1199/1199/1199 1200/1200/1200 1201/1201/1201
f 1199/1199/1199 1201/1201/1201 1202/1202/1202
f 1203/1203/1203 1204/1204/1204 1205/1205/1205
f 1203/1203/1203 1205/1205/1205 1206/1206/1206
f 1207/1207/1207 1208/1208/1208 1209/1209/1209
f 1207/1207/1207 1209/1209/1209 1210/1210/1210
f 1211/1211/1211 1212/1212/1212 1213/1213/1213
f 1211/1211/1211 1213/1213/1213 1214/1214/1214
f 1215/1215/1215 1216/1216/1216 1217/1217/1217
f 1215/1215/1215 1217/1217/1217 1218/1218/1218
f 1219/1219/1219 1220/1220/1220 1221/1221/1221
f 1219/1219/1219 1221/1221/1221 1222/1222/1222
f 1223/1223/1223 1224/1224/1224 1225/1225/1225
f 1223/1223/1223 1225/1225/1225 1226/1226/1226
f 1227/1227/1227 1228/1228/1228 1229/1229/1229
f 1227/1227/1227 1229/1229/1229 1230/1230/1230
f 1231/1231/1231 1232/1232/1232 1233/1233/1233
f 1231/1231/1231 1233/1233/1233 1234/1234/1234
f 1235/1235/1235 1236/1236/1236 1237/1237/1237
f 1235/1235/1235 1237/1237/1237 1238/1238/1238
f 1236/1236/1236 1239/1239/1239 1240/1240/1240
f 1236/1236/1236 1240/1240/1240 1237/1237/1237
f 1239/1239/1239 1241/1241/1241 1242/1242/1242
f 1239/1239/1239 1242/1242/1242 1240/1240/1240
f 1243/1243/1243 1244/1244/1244 1245/1245/1245
f 1243/1243/1243 1245/1245/1245 1246/1246/1246
f 1247/1247/1247 1248/1248/1248 1249/1249/1249
f 1247/1247/1247 1249/1249/1249 1250/1250/1250
f 1251/1251/1251 1252/1252/1252 1253/1253/1253
f 1251/1251/1251 1253/1253/1253 1254/1254/1254
f 1252/1252/1252 1255/1255/1255 1256/1256/1256
f 1252/1252/1252 1256/1256/1256 1253/1253/1253
f 1257/1257/1257 1247/1247/1247 1250/1250/1250
f 1257/1257/1257 1250/1250/1250 1258/1258/1258
f 1259/1259/1259 1260/1260/1260 1261/1261/1261
f 1259/1259/1259 1261/1261/1261 1262/1262/1262
f 1263/1263/1263 1264/1264/1264 1265/1265/1265
f 1263/1263/1263 1265/1265/1265 1266/1266/1266
f 1267/1267/1267 1268/1268/1268 1269/1269/1269
f 1267/1267/1267 1269/1269/1269 1270/1270/1270
f 1271/1271/1271 1272/1272/1272 1273/1273/1273
f 1271/1271/1271 1273/1273/1273 1274/1274/1274
f 1275/1275/1275 1276/1276/1276 1277/1277/1277
f 1275/1275/1275 1277/1277/1277 1278/1278/1278
f 1279/1279/1279 1280/1280/1280 1281/1281/1281
f 1279/1279/1279 1281/1281/1281 1282/1282/1282
f 1283/1283/1283 1284/1284/1284 1285/1285/1285
f 1283/1283/1283 1285/1285/1285 1286/1286/1286
f 1287/1287/1287 1288/1288/1288 1289/1289/1289
f 1287/1287/1287 1289/1289/1289 1290/1290/1290
f 1291/1291/1291 1292/1292/1292 1293/1293/1293
f 1291/1291/1291 1293/1293/1293 1294/1294/1294
f 1294/1294/1294 1293/1293/1293 1295/1295/1295
f 1294/1294/1294 1295/1295/1295 1296/1296/1296
f 1297/1297/1297 1298/1298/1298 1299/1299/1299
f 1297/1297/1297 1299/1299/1299 1300/1300/1300
f 1300/1300/1300 1299/1299/1299 1292/1292/1292
f 1300/1300/1300 1292/1292/1292 1291/1291/1291
f 1301/1301/1301 1302/1302/1302 1303/1303/1303
f 1301/1301/1301 1303/1303/1303 1304/1304/1304
f 1304/1304/1304 1303/1303/1303 1305/1305/1305
f 1304/1304/1304 1305/1305/1305 1306/1306/1306
f 1307/1307/1307 1308/1308/1308 1309/1309/1309
f 1307/1307/1307 1309/1309/1309 1310/1310/1310
f 1311/1311/1311 1312/1312/1312 1313/1313/1313
f 1311/1311/1311 1313/1313/1313 1314/1314/1314
f 1315/1315/1315 1316/1316/1316 1317/1317/1317
f 1315/1315/1315 1317/1317/1317 1318/1318/1318
f 1319/1319/1319 1320/1320/1320 1321/1321/1321
f 1319/1319/1319 1321/1321/1321 1322/1322/1322
f 1323/1323/1323 1324/1324/1324 1325/1325/1325
f 1323/1323/1323 1325/1325/1325 1326/1326/1326
f 1327/1327/1327 1328/1328/1328 1329/1329/1329
f 1327/1327/1327 1329/1329/1329 1330/1330/1330
f 1331/1331/1331 1332/1332/1332 1333/1333/1333
f 1331/1331/1331 1333/1333/1333 1334/1334/1334
f 1335/1335/1335 1336/1336/1336 1337/1337/1337
f 1335/1335/1335 1337/1337/1337 1338/1338/1338
f 1339/1339/1339 1340/1340/1340 1341/1341/1341
f 1339/1339/1339 1341/1341/1341 1342/1342/1342
f 1343/1343/1343 1344/1344/1344 1345/1345/1345
f 1343/1343/1343 1345/1345/1345 1346/1346/1346
f 1347/1347/1347 1348/1348/1348 1349/1349/1349
f 1347/1347/1347 1349/1349/1349 1350/1350/1350
f 1351/1351/1351 1352/1352/1352 1353/1353/1353
f 1351/1351/1351 1353/1353/1353 1354/1354/1354
f 1355/1355/1355 1356/1356/1356 1357/1357/1357
f 1355/1355/1355 1357/1357/1357 1358/1358/1358
f 1359/1359/1359 1360/1360/1360 1361/1361/1361
f 1359/1359/1359 1361/1361/1361 1362/1362/1362
f 1363/1363/1363 1364/1364/1364 1365/1365/1365
f 1363/1363/1363 1365/1365/1365 1366/1366/1366
f 1367/1367/1367 1368/1368/1368 1369/1369/1369
f 1367/1367/1367 1369/1369/1369 1370/1370/1370
f 1371/1371/1371 1372/1372/1372 1373/1373/1373
f 1371/1371/1371 1373/1373/1373 1374/1374/1374
f 1375/1375/1375 1376/1376/1376 1377/1377/1377
f 1375/1375/1375 1377/1377/1377 1378/1378/1378
f 1379/1379/1379 1380/1380/1380 1381/1381/1381
f 1379/1379/1379 1381/1381/1381 1382/1382/1382
f 1383/1383/1383 1384/1384/1384 1385/1385/1385
f 1383/1383/1383 1385/1385/1385 1386/1386/1386
f 1387/1387/1387 1388/1388/1388 1389/1389/1389
f 1387/1387/1387 1389/1389/1389 1390/1390/1390
f 1391/1391/1391 1392/1392/1392 1393/1393/1393
f 1391/1391/1391 1393/1393/1393 1394/1394/1394
f 1350/1350/1350 1349/1349/1349 1395/1395/1395
f 1350/1350/1350 1395/1395/1395 1396/1396/1396
f 1346/1346/1346 1345/1345/1345 1397/1397/1397
f 1346/1346/1346 1397/1397/1397 1398/1398/1398
f 1342/1342/1342 1341/1341/1341 1399/1399/1399
f 1342/1342/1342 1399/1399/1399 1400/1400/1400
f 1354/1354/1354 1353/1353/1353 1401/1401/1401
f 1354/1354/1354 1401/1401/1401 1402/1402/1402
f 1330/1330/1330 1329/1329/1329 1403/1403/1403
f 1330/1330/1330 1403/1403/1403 1404/1404/1404
f 1334/1334/1334 1333/1333/1333 1405/1405/1405
f 1334/1334/1334 1405/1405/1405 1406/1406/1406
f 1326/1326/1326 1325/1325/1325 1407/1407/1407
f 1326/1326/1326 1407/1407/1407 1408/1408/1408
f 1338/1338/1338 1337/1337/1337 1409/1409/1409
f 1338/1338/1338 1409/1409/1409 1410/1410/1410
f 1411/1411/1411 1263/1263/1263 1266/1266/1266
f 1411/1411/1411 1266/1266/1266 1412/1412/1412
f 1413/1413/1413 1267/1267/1267 1270/1270/1270
f 1413/1413/1413 1270/1270/1270 1414/1414/1414
f 1415/1415/1415 1259/1259/1259 1262/1262/1262
f 1415/1415/1415 1262/1262/1262 1416/1416/1416
f 1417/1417/1417 1271/1271/1271 1274/1274/1274
f 1417/1417/1417 1274/1274/1274 1418/1418/1418
f 89/89/89 1419/1419/1419 1420/1420/1420
f 89/89/89 1420/1420/1420 90/90/90
f 1421/1421/1421 1422/1422/1422 1423/1423/1423
f 1421/1421/1421 1423/1423/1423 1424/1424/1424
f 93/93/93 92/92/92 1425/1425/1425
f 93/93/93 1425/1425/1425 1426/1426/1426
f 1427/1427/1427 1428/1428/1428 1429/1429/1429
f 1427/1427/1427 1429/1429/1429 1430/1430/1430
f 1431/1431/1431 1432/1432/1432 1433/1433/1433
f 1431/1431/1431 1433/1433/1433 1434/1434/1434
f 1435/1435/1435 1436/1436/1436 1437/1437/1437
f 1435/1435/1435 1437/1437/1437 1438/1438/1438
f 1439/1439/1439 1440/1440/1440 1441/1441/1441
f 1439/1439/1439 1441/1441/1441 1442/1442/1442
f 1443/1443/1443 94/94/94 96/96/96
f 1443/1443/1443 96/96/96 1444/1444/1444
f 99/99/99 1445/1445/1445 1446/1446/1446
f 99/99/99 1446/1446/1446 97/97/97
f 1447/1447/1447 1448/1448/1448 109/109/109
f 1447/1447/1447 109/109/109 111/111/111
f 1449/1449/1449 1450/1450/1450 100/100/100
f 1449/1449/1449 100/100/100 102/102/102
f 1451/1451/1451 1452/1452/1452 1453/1453/1453
f 1451/1451/1451 1453/1453/1453 1454/1454/1454
f 105/105/105 1455/1455/1455 1456/1456/1456
f 105/105/105 1456/1456/1456 103/103/103
f 1457/1457/1457 1458/1458/1458 1459/1459/1459
f 1457/1457/1457 1459/1459/1459 1460/1460/1460
f 1461/1461/1461 1462/1462/1462 106/106/106
f 1461/1461/1461 106/106/106 108/108/108
f 1463/1463/1463 1464/1464/1464 1465/1465/1465
f 1463/1463/1463 1465/1465/1465 1466/1466/1466
f 1467/1467/1467 1468/1468/1468 1469/1469/1469
f 1467/1467/1467 1469/1469/1469 1470/1470/1470
f 1471/1471/1471 1472/1472/1472 1473/1473/1473
f 1471/1471/1471 1473/1473/1473 1474/1474/1474
f 1475/1475/1475 1476/1476/1476 1477/1477/1477
f 1475/1475/1475 1477/1477/1477 1478/1478/1478
f 1479/1479/1479 1480/1480/1480 1481/1481/1481
f 1479/1479/1479 1481/1481/1481 1482/1482/1482
f 1483/1483/1483 1484/1484/1484 1485/1485/1485
f 1483/1483/1483 1485/1485/1485 1486/1486/1486
f 1487/1487/1487 1488/1488/1488 1489/1489/1489
f 1487/1487/1487 1489/1489/1489 1490/1490/1490
f 1491/1491/1491 1492/1492/1492 119/119/119
f 1491/1491/1491 119/119/119 118/118/118
f 113/113/113 1493/1493/1493 1494/1494/1494
f 113/113/113 1494/1494/1494 114/114/114
f 1495/1495/1495 1496/1496/1496 1497/1497/1497
f 1495/1495/1495 1497/1497/1497 1498/1498/1498
f 118/118/118 120/120/120 1499/1499/1499
f 118/118/118 1499/1499/1499 1500/1500/1500
f 1501/1501/1501 1502/1502/1502 1503/1503/1503
f 1501/1501/1501 1503/1503/1503 1504/1504/1504
f 1505/1505/1505 116/116/116 115/115/115
f 1505/1505/1505 115/115/115 1506/1506/1506
f 1507/1507/1507 1508/1508/1508 121/121/121
f 1507/1507/1507 121/121/121 123/123/123
f 1509/1509/1509 1510/1510/1510 1511/1511/1511
f 1509/1509/1509 1511/1511/1511 1512/1512/1512
f 1512/1512/1512 1511/1511/1511 1513/1513/1513
f 1512/1512/1512 1513/1513/1513 1514/1514/1514
f 1515/1515/1515 1516/1516/1516 1517/1517/1517
f 1515/1515/1515 1517/1517/1517 1518/1518/1518
f 1519/1519/1519 1520/1520/1520 1521/1521/1521
f 1519/1519/1519 1521/1521/1521 1522/1522/1522
f 1523/1523/1523 1524/1524/1524 1525/1525/1525
f 1523/1523/1523 1525/1525/1525 1526/1526/1526
f 1527/1527/1527 138/138/138 137/137/137
f 1527/1527/1527 137/137/137 1528/1528/1528
f 1529/1529/1529 1530/1530/1530 139/139/139
f 1529/1529/1529 139/139/139 141/141/141
f 144/144/144 1531/1531/1531 1532/1532/1532
f 144/144/144 1532/1532/1532 142/142/142
f 1533/1533/1533 1534/1534/1534 1535/1535/1535
f 1533/1533/1533 1535/1535/1535 1536/1536/1536
f 1537/1537/1537 1538/1538/1538 1539/1539/1539
f 1537/1537/1537 1539/1539/1539 1540/1540/1540
f 1541/1541/1541 1542/1542/1542 1543/1543/1543
f 1541/1541/1541 1543/1543/1543 1544/1544/1544
f 1545/1545/1545 1546/1546/1546 1547/1547/1547
f 1545/1545/1545 1547/1547/1547 1548/1548/1548
f 149/149/149 1549/1549/1549 1550/1550/1550
f 149/149/149 1550/1550/1550 150/150/150
f 1551/1551/1551 1552/1552/1552 1553/1553/1553
f 1551/1551/1551 1553/1553/1553 1554/1554/1554
f 1555/1555/1555 1556/1556/1556 1557/1557/1557
f 1555/1555/1555 1557/1557/1557 1558/1558/1558
f 1559/1559/1559 1560/1560/1560 1561/1561/1561
f 1559/1559/1559 1561/1561/1561 1562/1562/1562
f 1563/1563/1563 1564/1564/1564 1565/1565/1565
f 1563/1563/1563 1565/1565/1565 1566/1566/1566
f 1567/1567/1567 1568/1568/1568 152/152/152
f 1567/1567/1567 152/152/152 151/151/151
f 1569/1569/1569 1570/1570/1570 1571/1571/1571
f 1569/1569/1569 1571/1571/1571 1572/1572/1572
f 1573/1573/1573 1574/1574/1574 1575/1575/1575
f 1573/1573/1573 1575/1575/1575 1576/1576/1576
f 1577/1577/1577 1578/1578/1578 1579/1579/1579
f 1577/1577/1577 1579/1579/1579 1580/1580/1580
f 1581/1581/1581 1582/1582/1582 1583/1583/1583
f 1581/1581/1581 1583/1583/1583 1584/1584/1584
f 156/156/156 155/155/155 1585/1585/1585
f 156/156/156 1585/1585/1585 1586/1586/1586
f 1587/1587/1587 1588/1588/1588 1589/1589/1589
f 1587/1587/1587 1589/1589/1589 1590/1590/1590
f 1591/1591/1591 1592/1592/1592 1593/1593/1593
f 1591/1591/1591 1593/1593/1593 1594/1594/1594
f 1595/1595/1595 1596/1596/1596 1597/1597/1597
f 1595/1595/1595 1597/1597/1597 1598/1598/1598
f 1599/1599/1599 1600/1600/1600 1601/1601/1601
f 1599/1599/1599 1601/1601/1601 1602/1602/1602
f 158/158/158 1603/1603/1603 1604/1604/1604
f 158/158/158 1604/1604/1604 159/159/159
f 1605/1605/1605 1606/1606/1606 1607/1607/1607
f 1605/1605/1605 1607/1607/1607 1608/1608/1608
f 1609/1609/1609 1610/1610/1610 1611/1611/1611
f 1609/1609/1609 1611/1611/1611 1612/1612/1612
f 1613/1613/1613 1614/1614/1614 1615/1615/1615
f 1613/1613/1613 1615/1615/1615 1616/1616/1616
f 1617/1617/1617 1618/1618/1618 1619/1619/1619
f 1617/1617/1617 1619/1619/1619 1620/1620/1620
f 1621/1621/1621 1622/1622/1622 1623/1623/1623
f 1621/1621/1621 1623/1623/1623 1624/1624/1624
f 1622/1622/1622 1625/1625/1625 1626/1626/1626
f 1622/1622/1622 1626/1626/1626 1623/1623/1623
f 1627/1627/1627 1628/1628/1628 1629/1629/1629
f 1627/1627/1627 1629/1629/1629 1630/1630/1630
f 1631/1631/1631 1632/1632/1632 1633/1633/1633
f 1631/1631/1631 1633/1633/1633 1634/1634/1634
f 1635/1635/1635 1636/1636/1636 1637/1637/1637
f 1635/1635/1635 1637/1637/1637 1638/1638/1638
f 1639/1639/1639 1640/1640/1640 1641/1641/1641
f 1639/1639/1639 1641/1641/1641 1642/1642/1642
f 1643/1643/1643 1644/1644/1644 1645/1645/1645
f 1643/1643/1643 1645/1645/1645 1646/1646/1646
f 1647/1647/1647 1648/1648/1648 1649/1649/1649
f 1647/1647/1647 1649/1649/1649 1650/1650/1650
f 1651/1651/1651 1652/1652/1652 1653/1653/1653
f 1651/1651/1651 1653/1653/1653 1654/1654/1654
f 1652/1652/1652 1655/1655/1655 1656/1656/1656
f 1652/1652/1652 1656/1656/1656 1653/1653/1653
f 1657/1657/1657 1658/1658/1658 1659/1659/1659
f 1657/1657/1657 1659/1659/1659 1660/1660/1660
f 1661/1661/1661 1662/1662/1662 1663/1663/1663
f 1661/1661/1661 1663/1663/1663 1664/1664/1664
f 1665/1665/1665 1666/1666/1666 1667/1667/1667
f 1665/1665/1665 1667/1667/1667 1668/1668/1668
f 1669/1669/1669 1670/1670/1670 1671/1671/1671
f 1669/1669/1669 1671/1671/1671 1672/1672/1672
f 1673/1673/1673 1674/1674/1674 1675/1675/1675
f 1673/1673/1673 1675/1675/1675 1676/1676/1676
f 1677/1677/1677 1678/1678/1678 1679/1679/1679
f 1677/1677/1677 1679/1679/1679 1680/1680/1680
f 1681/1681/1681 1682/1682/1682 1683/1683/1683
f 1681/1681/1681 1683/1683/1683 1684/1684/1684
f 1682/1682/1682 1685/1685/1685 1686/1686/1686
f 1682/1682/1682 1686/1686/1686 1683/1683/1683
f 1687/1687/1687 1688/1688/1688 1689/1689/1689
f 1687/1687/1687 1689/1689/1689 1690/1690/1690
f 1691/1691/1691 1692/1692/1692 1693/1693/1693
f 1691/1691/1691 1693/1693/1693 1694/1694/1694
f 1695/1695/1695 1696/1696/1696 1697/1697/1697
f 1695/1695/1695 1697/1697/1697 1698/1698/1698
f 1699/1699/1699 1700/1700/1700 1701/1701/1701
f 1699/1699/1699 1701/1701/1701 1702/1702/1702
f 1703/1703/1703 1704/1704/1704 1705/1705/1705
f 1703/1703/1703 1705/1705/1705 1706/1706/1706
f 1707/1707/1707 1708/1708/1708 1709/1709/1709
f 1707/1707/1707 1709/1709/1709 1710/1710/1710
f 1711/1711/1711 1712/1712/1712 1713/1713/1713
f 1711/1711/1711 1713/1713/1713 1714/1714/1714
f 1712/1712/1712 1715/1715/1715 1716/1716/1716
f 1712/1712/1712 1716/1716/1716 1713/1713/1713
f 1717/1717/1717 1718/1718/1718 1719/1719/1719
f 1717/1717/1717 1719/1719/1719 1720/1720/1720
f 1721/1721/1721 1722/1722/1722 1723/1723/1723
f 1721/1721/1721 1723/1723/1723 1724/1724/1724
f 1725/1725/1725 1726/1726/1726 1727/1727/1727
f 1725/1725/1725 1727/1727/1727 1728/1728/1728
f 1729/1729/1729 1730/1730/1730 1731/1731/1731
f 1729/1729/1729 1731/1731/1731 1732/1732/1732
f 1733/1733/1733 1734/1734/1734 1735/1735/1735
f 1733/1733/1733 1735/1735/1735 1736/1736/1736
f 1737/1737/1737 1735/1735/1735 1734/1734/1734
f 1737/1737/1737 1734/1734/1734 1738/1738/1738
f 1738/1738/1738 1739/1739/1739 1740/1740/1740
f 1738/1738/1738 1740/1740/1740 1737/1737/1737
f 1741/1741/1741 1740/1740/1740 1739/1739/1739
f 1741/1741/1741 1739/1739/1739 1742/1742/1742
f 1743/1743/1743 1744/1744/1744 1745/1745/1745
f 1743/1743/1743 1745/1745/1745 184/184/184
f 1746/1746/1746 1743/1743/1743 184/184/184
f 1746/1746/1746 184/184/184 162/162/162
f 1747/1747/1747 1746/1746/1746 162/162/162
f 1747/1747/1747 162/162/162 164/164/164
f 1748/1748/1748 1749/1749/1749 1750/1750/1750
f 1748/1748/1748 1750/1750/1750 1751/1751/1751
f 1749/1749/1749 1752/1752/1752 1753/1753/1753
f 1749/1749/1749 1753/1753/1753 1750/1750/1750
f 1754/1754/1754 1747/1747/1747 164/164/164
f 1754/1754/1754 164/164/164 1755/1755/1755
f 1756/1756/1756 1757/1757/1757 1758/1758/1758
f 1756/1756/1756 1758/1758/1758 1759/1759/1759
f 1760/1760/1760 1761/1761/1761 1762/1762/1762
f 1760/1760/1760 1762/1762/1762 1763/1763/1763
f 1764/1764/1764 1756/1756/1756 1759/1759/1759
f 1764/1764/1764 1759/1759/1759 1765/1765/1765
f 1761/1761/1761 1766/1766/1766 1767/1767/1767
f 1761/1761/1761 1767/1767/1767 1762/1762/1762
f 1768/1768/1768 1764/1764/1764 1765/1765/1765
f 1768/1768/1768 1765/1765/1765 1769/1769/1769
f 1766/1766/1766 1770/1770/1770 1771/1771/1771
f 1766/1766/1766 1771/1771/1771 1767/1767/1767
f 1772/1772/1772 1773/1773/1773 1774/1774/1774
f 1772/1772/1772 1774/1774/1774 1775/1775/1775
f 1770/1770/1770 1776/1776/1776 1777/1777/1777
f 1770/1770/1770 1777/1777/1777 1771/1771/1771
f 1773/1773/1773 1778/1778/1778 1779/1779/1779
f 1773/1773/1773 1779/1779/1779 1774/1774/1774
f 1780/1780/1780 1760/1760/1760 1763/1763/1763
f 1780/1780/1780 1763/1763/1763 1781/1781/1781
f 1778/1778/1778 1782/1782/1782 1783/1783/1783
f 1778/1778/1778 1783/1783/1783 1779/1779/1779
f 1784/1784/1784 1780/1780/1780 1781/1781/1781
f 1784/1784/1784 1781/1781/1781 1785/1785/1785
f 1786/1786/1786 1768/1768/1768 1769/1769/1769
f 1786/1786/1786 1769/1769/1769 1787/1787/1787
f 1788/1788/1788 1784/1784/1784 1785/1785/1785
f 1788/1788/1788 1785/1785/1785 1789/1789/1789
f 1790/1790/1790 1791/1791/1791 1792/1792/1792
f 1790/1790/1790 1792/1792/1792 1793/1793/1793
f 1776/1776/1776 1794/1794/1794 1795/1795/1795
f 1776/1776/1776 1795/1795/1795 1777/1777/1777
f 1796/1796/1796 1797/1797/1797 1745/1745/1745
f 1796/1796/1796 1745/1745/1745 1798/1798/1798
f 1751/1751/1751 1799/1799/1799 1796/1796/1796
f 1751/1751/1751 1796/1796/1796 1798/1798/1798
f 1753/1753/1753 1800/1800/1800 1801/1801/1801
f 1753/1753/1753 1801/1801/1801 1750/1750/1750
f 1801/1801/1801 1799/1799/1799 1751/1751/1751
f 1801/1801/1801 1751/1751/1751 1750/1750/1750
f 1745/1745/1745 1797/1797/1797 160/160/160
f 1745/1745/1745 160/160/160 184/184/184
f 163/163/163 1802/1802/1802 1755/1755/1755
f 163/163/163 1755/1755/1755 164/164/164
f 1791/1791/1791 1803/1803/1803 1804/1804/1804
f 1791/1791/1791 1804/1804/1804 1792/1792/1792
f 1803/1803/1803 1805/1805/1805 1806/1806/1806
f 1803/1803/1803 1806/1806/1806 1804/1804/1804
f 1807/1807/1807 1808/1808/1808 1809/1809/1809
f 1807/1807/1807 1809/1809/1809 1810/1810/1810
f 1808/1808/1808 1811/1811/1811 1812/1812/1812
f 1808/1808/1808 1812/1812/1812 1809/1809/1809
f 1811/1811/1811 1813/1813/1813 1814/1814/1814
f 1811/1811/1811 1814/1814/1814 1812/1812/1812
f 1813/1813/1813 1815/1815/1815 1816/1816/1816
f 1813/1813/1813 1816/1816/1816 1814/1814/1814
f 1815/1815/1815 1790/1790/1790 1793/1793/1793
f 1815/1815/1815 1793/1793/1793 1816/1816/1816
f 1817/1817/1817 1818/1818/1818 1819/1819/1819
f 1817/1817/1817 1819/1819/1819 1820/1820/1820
f 1821/1821/1821 1822/1822/1822 1823/1823/1823
f 1821/1821/1821 1823/1823/1823 1824/1824/1824
f 1818/1818/1818 1825/1825/1825 1826/1826/1826
f 1818/1818/1818 1826/1826/1826 1819/1819/1819
f 1827/1827/1827 1821/1821/1821 1824/1824/1824
f 1827/1827/1827 1824/1824/1824 1828/1828/1828
f 1825/1825/1825 1829/1829/1829 1830/1830/1830
f 1825/1825/1825 1830/1830/1830 1826/1826/1826
f 1831/1831/1831 1827/1827/1827 1828/1828/1828
f 1831/1831/1831 1828/1828/1828 1832/1832/1832
f 1833/1833/1833 1834/1834/1834 1835/1835/1835
f 1833/1833/1833 1835/1835/1835 1836/1836/1836
f 1837/1837/1837 1831/1831/1831 1832/1832/1832
f 1837/1837/1837 1832/1832/1832 1838/1838/1838
f 1834/1834/1834 1839/1839/1839 1840/1840/1840
f 1834/1834/1834 1840/1840/1840 1835/1835/1835
f 1841/1841/1841 1837/1837/1837 1838/1838/1838
f 1841/1841/1841 1838/1838/1838 1842/1842/1842
f 1839/1839/1839 1843/1843/1843 1844/1844/1844
f 1839/1839/1839 1844/1844/1844 1840/1840/1840
f 1845/1845/1845 1841/1841/1841 1842/1842/1842
f 1845/1845/1845 1842/1842/1842 1846/1846/1846
f 1843/1843/1843 1847/1847/1847 1848/1848/1848
f 1843/1843/1843 1848/1848/1848 1844/1844/1844
f 1849/1849/1849 1845/1845/1845 1846/1846/1846
f 1849/1849/1849 1846/1846/1846 1850/1850/1850
f 1847/1847/1847 1817/1817/1817 1820/1820/1820
f 1847/1847/1847 1820/1820/1820 1848/1848/1848
f 1822/1822/1822 1849/1849/1849 1850/1850/1850
f 1822/1822/1822 1850/1850/1850 1823/1823/1823
f 1851/1851/1851 165/165/165 173/173/173
f 1851/1851/1851 173/173/173 1852/1852/1852
f 1853/1853/1853 1854/1854/1854 1855/1855/1855
f 1853/1853/1853 1855/1855/1855 1856/1856/1856
f 1857/1857/1857 1853/1853/1853 1856/1856/1856
f 1857/1857/1857 1856/1856/1856 1858/1858/1858
f 166/166/166 1859/1859/1859 1860/1860/1860
f 166/166/166 1860/1860/1860 167/167/167
f 1861/1861/1861 1857/1857/1857 1858/1858/1858
f 1861/1861/1861 1858/1858/1858 1862/1862/1862
f 1863/1863/1863 172/172/172 170/170/170
f 1863/1863/1863 170/170/170 1864/1864/1864
f 1865/1865/1865 1861/1861/1861 1862/1862/1862
f 1865/1865/1865 1862/1862/1862 1866/1866/1866
f 1867/1867/1867 1865/1865/1865 1866/1866/1866
f 1867/1867/1867 1866/1866/1866 1868/1868/1868
f 168/168/168 1869/1869/1869 1870/1870/1870
f 168/168/168 1870/1870/1870 169/169/169
f 1871/1871/1871 1867/1867/1867 1868/1868/1868
f 1871/1871/1871 1868/1868/1868 1872/1872/1872
f 1869/1869/1869 1873/1873/1873 1874/1874/1874
f 1869/1869/1869 1874/1874/1874 1870/1870/1870
f 1875/1875/1875 1871/1871/1871 1872/1872/1872
f 1875/1875/1875 1872/1872/1872 1876/1876/1876
f 1873/1873/1873 1851/1851/1851 1852/1852/1852
f 1873/1873/1873 1852/1852/1852 1874/1874/1874
f 1854/1854/1854 1875/1875/1875 1876/1876/1876
f 1854/1854/1854 1876/1876/1876 1855/1855/1855
f 1877/1877/1877 171/171/171 165/165/165
f 1877/1877/1877 165/165/165 1851/1851/1851
f 1878/1878/1878 1879/1879/1879 1880/1880/1880
f 1878/1878/1878 1880/1880/1880 1881/1881/1881
f 1879/1879/1879 1882/1882/1882 1883/1883/1883
f 1879/1879/1879 1883/1883/1883 1880/1880/1880
f 1882/1882/1882 1884/1884/1884 1885/1885/1885
f 1882/1882/1882 1885/1885/1885 1883/1883/1883
f 1884/1884/1884 1886/1886/1886 1887/1887/1887
f 1884/1884/1884 1887/1887/1887 1885/1885/1885
f 1886/1886/1886 1888/1888/1888 1889/1889/1889
f 1886/1886/1886 1889/1889/1889 1887/1887/1887
f 174/174/174 1890/1890/1890 1869/1869/1869
f 174/174/174 1869/1869/1869 168/168/168
f 1888/1888/1888 1891/1891/1891 1892/1892/1892
f 1888/1888/1888 1892/1892/1892 1889/1889/1889
f 1890/1890/1890 1893/1893/1893 1873/1873/1873
f 1890/1890/1890 1873/1873/1873 1869/1869/1869
f 1891/1891/1891 1894/1894/1894 1895/1895/1895
f 1891/1891/1891 1895/1895/1895 1892/1892/1892
f 1893/1893/1893 1877/1877/1877 1851/1851/1851
f 1893/1893/1893 1851/1851/1851 1873/1873/1873
f 1894/1894/1894 1878/1878/1878 1881/1881/1881
f 1894/1894/1894 1881/1881/1881 1895/1895/1895
f 1896/1896/1896 1897/1897/1897 1898/1898/1898
f 1896/1896/1896 1898/1898/1898 1899/1899/1899
f 1897/1897/1897 1900/1900/1900 1901/1901/1901
f 1897/1897/1897 1901/1901/1901 1898/1898/1898
f 1900/1900/1900 1902/1902/1902 1903/1903/1903
f 1900/1900/1900 1903/1903/1903 1901/1901/1901
f 1902/1902/1902 1904/1904/1904 1905/1905/1905
f 1902/1902/1902 1905/1905/1905 1903/1903/1903
f 1904/1904/1904 1906/1906/1906 1907/1907/1907
f 1904/1904/1904 1907/1907/1907 1905/1905/1905
f 1906/1906/1906 1908/1908/1908 1909/1909/1909
f 1906/1906/1906 1909/1909/1909 1907/1907/1907
f 1908/1908/1908 1910/1910/1910 1911/1911/1911
f 1908/1908/1908 1911/1911/1911 1909/1909/1909
f 1912/1912/1912 1896/1896/1896 1899/1899/1899
f 1912/1912/1912 1899/1899/1899 1913/1913/1913
f 1914/1914/1914 1915/1915/1915 1916/1916/1916
f 1914/1914/1914 1916/1916/1916 1917/1917/1917
f 1918/1918/1918 1919/1919/1919 1920/1920/1920
f 1918/1918/1918 1920/1920/1920 1921/1921/1921
f 1915/1915/1915 1922/1922/1922 1923/1923/1923
f 1915/1915/1915 1923/1923/1923 1916/1916/1916
f 1924/1924/1924 1918/1918/1918 1921/1921/1921
f 1924/1924/1924 1921/1921/1921 1925/1925/1925
f 1922/1922/1922 1926/1926/1926 1927/1927/1927
f 1922/1922/1922 1927/1927/1927 1923/1923/1923
f 1928/1928/1928 1924/1924/1924 1925/1925/1925
f 1928/1928/1928 1925/1925/1925 1929/1929/1929
f 1926/1926/1926 1930/1930/1930 1931/1931/1931
f 1926/1926/1926 1931/1931/1931 1927/1927/1927
f 1932/1932/1932 1928/1928/1928 1929/1929/1929
f 1932/1932/1932 1929/1929/1929 1933/1933/1933
f 1930/1930/1930 1934/1934/1934 1935/1935/1935
f 1930/1930/1930 1935/1935/1935 1931/1931/1931
f 1936/1936/1936 1932/1932/1932 1933/1933/1933
f 1936/1936/1936 1933/1933/1933 1937/1937/1937
f 1934/1934/1934 1938/1938/1938 1939/1939/1939
f 1934/1934/1934 1939/1939/1939 1935/1935/1935
f 1940/1940/1940 1936/1936/1936 1937/1937/1937
f 1940/1940/1940 1937/1937/1937 1941/1941/1941
f 1938/1938/1938 1942/1942/1942 1943/1943/1943
f 1938/1938/1938 1943/1943/1943 1939/1939/1939
f 1944/1944/1944 1940/1940/1940 1941/1941/1941
f 1944/1944/1944 1941/1941/1941 1945/1945/1945
f 1946/1946/1946 1914/1914/1914 1917/1917/1917
f 1946/1946/1946 1917/1917/1917 1947/1947/1947
f 1919/1919/1919 1944/1944/1944 1945/1945/1945
f 1919/1919/1919 1945/1945/1945 1920/1920/1920
f 1948/1948/1948 1949/1949/1949 1733/1733/1733
f 1948/1948/1948 1733/1733/1733 1736/1736/1736
f 1950/1950/1950 1949/1949/1949 1948/1948/1948
f 1950/1950/1950 1948/1948/1948 1951/1951/1951
f 1952/1952/1952 1953/1953/1953 1950/1950/1950
f 1952/1952/1952 1950/1950/1950 1951/1951/1951
f 1742/1742/1742 1953/1953/1953 1952/1952/1952
f 1742/1742/1742 1952/1952/1952 1741/1741/1741
f 1757/1757/1757 1772/1772/1772 1775/1775/1775
f 1757/1757/1757 1775/1775/1775 1758/1758/1758
f 1898/1898/1898 1901/1901/1901 1954/1954/1954
f 1898/1898/1898 1954/1954/1954 1955/1955/1955
f 1901/1901/1901 1903/1903/1903 1956/1956/1956
f 1901/1901/1901 1956/1956/1956 1954/1954/1954
f 1903/1903/1903 1905/1905/1905 1957/1957/1957
f 1903/1903/1903 1957/1957/1957 1956/1956/1956
f 1905/1905/1905 1907/1907/1907 1958/1958/1958
f 1905/1905/1905 1958/1958/1958 1957/1957/1957
f 1907/1907/1907 1909/1909/1909 1959/1959/1959
f 1907/1907/1907 1959/1959/1959 1958/1958/1958
f 1909/1909/1909 1911/1911/1911 1960/1960/1960
f 1909/1909/1909 1960/1960/1960 1959/1959/1959
f 1899/1899/1899 1898/1898/1898 1955/1955/1955
f 1899/1899/1899 1955/1955/1955 1961/1961/1961
f 1913/1913/1913 1899/1899/1899 1961/1961/1961
f 1913/1913/1913 1961/1961/1961 1962/1962/1962
f 1816/1816/1816 1793/1793/1793 1963/1963/1963
f 1816/1816/1816 1963/1963/1963 1964/1964/1964
f 1814/1814/1814 1816/1816/1816 1964/1964/1964
f 1814/1814/1814 1964/1964/1964 1965/1965/1965
f 1812/1812/1812 1814/1814/1814 1965/1965/1965
f 1812/1812/1812 1965/1965/1965 1966/1966/1966
f 1809/1809/1809 1812/1812/1812 1966/1966/1966
f 1809/1809/1809 1966/1966/1966 1967/1967/1967
f 1810/1810/1810 1809/1809/1809 1967/1967/1967
f 1810/1810/1810 1967/1967/1967 1968/1968/1968
f 1804/1804/1804 1806/1806/1806 1969/1969/1969
f 1804/1804/1804 1969/1969/1969 1970/1970/1970
f 1793/1793/1793 1792/1792/1792 1971/1971/1971
f 1793/1793/1793 1971/1971/1971 1963/1963/1963
f 1792/1792/1792 1804/1804/1804 1970/1970/1970
f 1792/1792/1792 1970/1970/1970 1971/1971/1971
f 1798/1798/1798 1745/1745/1745 1744/1744/1744
f 1798/1798/1798 1744/1744/1744 1972/1972/1972
f 1972/1972/1972 1748/1748/1748 1751/1751/1751
f 1972/1972/1972 1751/1751/1751 1798/1798/1798
f 1973/1973/1973 1974/1974/1974 1975/1975/1975
f 1973/1973/1973 1975/1975/1975 1976/1976/1976
f 1977/1977/1977 1978/1978/1978 1979/1979/1979
f 1977/1977/1977 1979/1979/1979 1980/1980/1980
f 1981/1981/1981 1982/1982/1982 1983/1983/1983
f 1981/1981/1981 1983/1983/1983 1984/1984/1984
f 1985/1985/1985 1986/1986/1986 1987/1987/1987
f 1985/1985/1985 1987/1987/1987 1988/1988/1988
f 201/201/201 1989/1989/1989 1990/1990/1990
f 201/201/201 1990/1990/1990 202/202/202
f 204/204/204 1991/1991/1991 1989/1989/1989
f 204/204/204 1989/1989/1989 201/201/201
f 210/210/210 1992/1992/1992 1993/1993/1993
f 210/210/210 1993/1993/1993 208/208/208
f 213/213/213 1994/1994/1994 1995/1995/1995
f 213/213/213 1995/1995/1995 211/211/211
f 1996/1996/1996 1997/1997/1997 1998/1998/1998
f 1996/1996/1996 1998/1998/1998 1999/1999/1999
f 2000/2000/2000 2001/2001/2001 2002/2002/2002
f 2000/2000/2000 2002/2002/2002 2003/2003/2003
f 2004/2004/2004 2005/2005/2005 2006/2006/2006
f 2004/2004/2004 2006/2006/2006 2007/2007/2007
f 2008/2008/2008 2009/2009/2009 2010/2010/2010
f 2008/2008/2008 2010/2010/2010 2011/2011/2011
f 2012/2012/2012 2013/2013/2013 2014/2014/2014
f 2012/2012/2012 2014/2014/2014 2015/2015/2015
f 2016/2016/2016 2017/2017/2017 2018/2018/2018
f 2016/2016/2016 2018/2018/2018 2019/2019/2019
f 2020/2020/2020 2021/2021/2021 2022/2022/2022
f 2020/2020/2020 2022/2022/2022 2023/2023/2023
f 2011/2011/2011 2010/2010/2010 2024/2024/2024
f 2011/2011/2011 2024/2024/2024 2025/2025/2025
f 2001/2001/2001 2026/2026/2026 2027/2027/2027
f 2001/2001/2001 2027/2027/2027 2002/2002/2002
f 2015/2015/2015 2014/2014/2014 2028/2028/2028
f 2015/2015/2015 2028/2028/2028 2029/2029/2029
f 2021/2021/2021 2030/2030/2030 2031/2031/2031
f 2021/2021/2021 2031/2031/2031 2022/2022/2022
f 2032/2032/2032 2033/2033/2033 2034/2034/2034
f 2032/2032/2032 2034/2034/2034 2035/2035/2035
f 2036/2036/2036 2037/2037/2037 2038/2038/2038
f 2036/2036/2036 2038/2038/2038 2039/2039/2039
f 2040/2040/2040 2041/2041/2041 2042/2042/2042
f 2040/2040/2040 2042/2042/2042 2043/2043/2043
f 2044/2044/2044 2045/2045/2045 2046/2046/2046
f 2044/2044/2044 2046/2046/2046 2047/2047/2047

