# Made in Blockbench 5.1.6
mtllib solar_panel_mk2.mtl

o Object_14
v -0.19174759 1.67697861 0.89049324
v -0.07524273 1.05127299 0.51459341
v -0.07524273 0.95186135 0.44498463
v -0.07524273 0.98109703 0.40323173
v -0.07524273 1.08050869 0.47284052
v -0.17718448 1.08050869 0.47284052
v -0.17718448 0.98109703 0.40323173
v -0.17718448 0.95186135 0.44498463
v -0.17718448 1.05127299 0.51459341
v -0.17718448 1.05127299 0.51459341
v -0.17718448 0.95186135 0.44498463
v -0.07524273 0.95186135 0.44498463
v -0.07524273 1.05127299 0.51459341
v -0.07524273 1.87580190 1.02971083
v -0.07524273 1.97521355 1.09931961
v -0.07524273 1.94597785 1.14107251
v -0.07524273 1.84656622 1.07146372
v -0.07524273 1.64774290 0.93224613
v -0.07524273 1.67697861 0.89049324
v -0.06067963 1.47815529 0.75127567
v -0.06067963 1.51792327 0.77912152
v -0.06067963 1.48868759 0.82087441
v -0.06067963 1.44891961 0.79302857
v -0.06067963 1.27933198 0.61205811
v -0.06067963 1.31909996 0.63990393
v -0.06067963 1.28986428 0.68165682
v -0.06067963 1.25009630 0.65381100
v -0.07524273 1.27933198 0.61205811
v -0.07524273 1.25009630 0.65381100
v -0.07524273 1.90503760 0.98795794
v -0.07524273 1.70621429 0.84874035
v -0.17718448 1.70621429 0.84874035
v -0.17718448 1.90503760 0.98795794
v -0.17718448 1.50739100 0.70952278
v -0.17718448 1.54715897 0.73736861
v -0.07524273 1.54715897 0.73736861
v -0.07524273 1.50739100 0.70952278
v -0.17718448 1.31692073 0.55837582
v -0.17718448 1.35668871 0.58622164
v -0.07524273 1.35668871 0.58622164
v -0.07524273 1.31692073 0.55837582
v -0.07524273 1.30856768 0.57030521
v -0.07524273 1.10974437 0.43108762
v -0.17718448 1.10974437 0.43108762
v -0.17718448 1.30856768 0.57030521
v -0.17718448 1.84656622 1.07146372
v -0.17718448 1.94597785 1.14107251
v -0.17718448 1.97521355 1.09931961
v -0.17718448 1.87580190 1.02971083
v -0.17718448 1.67697861 0.89049324
v -0.17718448 1.64774290 0.93224613
v -0.17718448 1.44891961 0.79302857
v -0.17718448 1.48868759 0.82087441
v -0.17718448 1.51792327 0.77912152
v -0.17718448 1.47815529 0.75127567
v -0.19174759 1.25009630 0.65381100
v -0.19174759 1.28986428 0.68165682
v -0.19174759 1.31909996 0.63990393
v -0.19174759 1.27933198 0.61205811
v -0.17718448 1.25009630 0.65381100
v -0.17718448 1.27933198 0.61205811
v -0.07524273 1.84656622 1.07146372
v -0.07524273 1.94597785 1.14107251
v -0.17718448 1.94597785 1.14107251
v -0.17718448 1.84656622 1.07146372
v -0.17718448 1.64774290 0.93224613
v -0.07524273 1.64774290 0.93224613
v -0.07524273 1.44891961 0.79302857
v -0.07524273 1.48868759 0.82087441
v -0.17718448 1.48868759 0.82087441
v -0.17718448 1.44891961 0.79302857
v -0.07524273 1.25009630 0.65381100
v -0.07524273 1.28986428 0.68165682
v -0.17718448 1.28986428 0.68165682
v -0.17718448 1.25009630 0.65381100
v -0.07524273 1.01033274 0.36147884
v -0.07524273 1.10974437 0.43108762
v -0.17718448 1.10974437 0.43108762
v -0.17718448 1.01033274 0.36147884
v -0.17718448 1.30856768 0.57030521
v -0.19174759 1.27933198 0.61205811
v -0.19174759 1.31909996 0.63990393
v -0.19174759 1.34833564 0.59815104
v -0.19174759 1.30856768 0.57030521
v -0.17718448 1.54715897 0.73736861
v -0.17718448 1.50739100 0.70952278
v -0.17718448 1.70621429 0.84874035
v -0.17718448 1.90503760 0.98795794
v -0.17718448 2.00444923 1.05756672
v -0.07524273 1.90503760 0.98795794
v -0.07524273 2.00444923 1.05756672
v -0.07524273 1.70621429 0.84874035
v -0.06067963 1.50739100 0.70952278
v -0.06067963 1.54715897 0.73736861
v -0.06067963 1.30856768 0.57030521
v -0.06067963 1.34833564 0.59815104
v -0.07524273 1.30856768 0.57030521
v -0.17718448 1.00280466 0.16064666
v -0.17718448 1.10221634 0.23025546
v -0.07524273 1.10221634 0.23025546
v -0.07524273 1.00280466 0.16064666
v -0.07524273 0.91092106 0.29187003
v -0.07524273 0.88168538 0.33362295
v -0.07524273 0.85244967 0.37537584
v -0.07524273 0.85244967 0.37537584
v -0.17718448 0.85244967 0.37537584
v -0.17718448 0.85244967 0.37537584
v -0.17718448 0.88168538 0.33362295
v -0.17718448 0.91092106 0.29187003
v -0.07524273 2.19574452 0.99595213
v -0.07524273 2.09633284 0.92634332
v -0.17718448 2.09633284 0.92634332
v -0.17718448 2.19574452 0.99595213
v -0.17718448 2.10386091 1.12717550
v -0.17718448 2.07462523 1.16892840
v -0.17718448 2.04538953 1.21068131
v -0.17718448 2.04538953 1.21068131
v -0.07524273 2.04538953 1.21068131
v -0.07524273 2.04538953 1.21068131
v -0.07524273 2.07462523 1.16892840
v -0.07524273 2.10386091 1.12717550
v -0.06067963 1.67697861 0.89049324
v -0.06067963 1.70621429 0.84874035
v -0.07524273 1.70621429 0.84874035
v -0.07524273 1.67697861 0.89049324
v -0.07524273 1.51574405 0.69759338
v -0.07524273 1.55551202 0.72543921
v -0.06067963 1.55551202 0.72543921
v -0.06067963 1.51574405 0.69759338
v -0.06067963 1.64774290 0.93224613
v -0.07524273 1.64774290 0.93224613
v -0.06067963 1.44056654 0.80495796
v -0.06067963 1.48033452 0.83280381
v -0.07524273 1.48033452 0.83280381
v -0.07524273 1.44056654 0.80495796
v -0.06067963 1.30856768 0.57030521
v -0.06067963 1.27933198 0.61205811
v -0.07524273 1.27933198 0.61205811
v -0.07524273 1.30856768 0.57030521
v -0.07524273 1.31692073 0.55837582
v -0.07524273 1.35668871 0.58622164
v -0.06067963 1.35668871 0.58622164
v -0.06067963 1.31692073 0.55837582
v -0.06067963 1.25009630 0.65381100
v -0.07524273 1.25009630 0.65381100
v -0.06067963 1.24174325 0.66574040
v -0.06067963 1.28151120 0.69358622
v -0.07524273 1.28151120 0.69358622
v -0.07524273 1.24174325 0.66574040
v -0.06067963 1.51574405 0.69759338
v -0.06067963 1.55551202 0.72543921
v -0.07524273 1.50739100 0.70952278
v -0.07524273 1.54715897 0.73736861
v -0.07524273 1.55551202 0.72543921
v -0.07524273 1.51574405 0.69759338
v -0.06067963 1.71456734 0.83681095
v -0.07524273 1.71456734 0.83681095
v -0.06067963 1.31692073 0.55837582
v -0.06067963 1.35668871 0.58622164
v -0.07524273 1.31692073 0.55837582
v -0.06067963 1.31692073 0.55837582
v -0.07524273 1.30856768 0.57030521
v -0.07524273 1.34833564 0.59815104
v -0.07524273 1.35668871 0.58622164
v -0.07524273 1.31692073 0.55837582
v -0.06067963 1.48033452 0.83280381
v -0.06067963 1.44056654 0.80495796
v -0.07524273 1.63938985 0.94417553
v -0.06067963 1.63938985 0.94417553
v -0.07524273 1.44056654 0.80495796
v -0.07524273 1.48033452 0.83280381
v -0.07524273 1.48868759 0.82087441
v -0.07524273 1.44891961 0.79302857
v -0.06067963 1.28151120 0.69358622
v -0.06067963 1.24174325 0.66574040
v -0.07524273 1.24174325 0.66574040
v -0.07524273 1.28151120 0.69358622
v -0.07524273 1.28986428 0.68165682
v -0.07524273 1.25009630 0.65381100
v -0.06067963 1.24174325 0.66574040
v -0.07524273 1.24174325 0.66574040
v -0.07524273 1.71456734 0.83681095
v -0.07524273 1.67480428 0.80896857
v -0.17718448 1.67480428 0.80896857
v -0.17718448 1.71456734 0.83681095
v -0.07524273 1.66645123 0.82089797
v -0.07524273 1.62668775 0.79305527
v -0.17718448 1.62668775 0.79305527
v -0.17718448 1.66645123 0.82089797
v -0.07524273 1.58692376 0.76521222
v -0.17718448 1.58692376 0.76521222
v -0.19174759 1.70621429 0.84874035
v -0.19174759 1.66645123 0.82089797
v -0.19174759 1.63721555 0.86265086
v -0.19174759 1.67697861 0.89049324
v -0.17718448 1.66645123 0.82089797
v -0.17718448 1.62668775 0.79305527
v -0.17718448 1.59745207 0.83480816
v -0.17718448 1.63721555 0.86265086
v -0.17718448 1.58692376 0.76521222
v -0.17718448 1.55768805 0.80696511
v -0.19174759 1.67697861 0.89049324
v -0.19174759 1.63721555 0.86265086
v -0.19174759 1.60797984 0.90440376
v -0.19174759 1.64774290 0.93224613
v -0.17718448 1.56821639 0.87656108
v -0.17718448 1.60797984 0.90440376
v -0.17718448 1.52845237 0.84871800
v -0.17718448 1.60797984 0.90440376
v -0.07524273 1.60797984 0.90440376
v -0.17718448 1.56821639 0.87656108
v -0.07524273 1.56821639 0.87656108
v -0.17718448 1.52845237 0.84871800
v -0.07524273 1.52845237 0.84871800
v -0.07524273 1.64774290 0.93224613
v -0.07524273 1.60797984 0.90440376
v -0.07524273 1.59962679 0.91633315
v -0.07524273 1.63938985 0.94417553
v -0.07524273 1.56821639 0.87656108
v -0.07524273 1.55986332 0.88849048
v -0.07524273 1.52845237 0.84871800
v -0.07524273 1.52009932 0.86064740
v -0.07524273 1.63938985 0.94417553
v -0.07524273 1.59962679 0.91633315
v -0.06067963 1.59962679 0.91633315
v -0.06067963 1.63938985 0.94417553
v -0.07524273 1.55986332 0.88849048
v -0.06067963 1.55986332 0.88849048
v -0.07524273 1.52009932 0.86064740
v -0.06067963 1.52009932 0.86064740
v -0.06067963 1.63938985 0.94417553
v -0.06067963 1.59962679 0.91633315
v -0.06067963 1.60797984 0.90440376
v -0.06067963 1.64774290 0.93224613
v -0.06067963 1.55986332 0.88849048
v -0.06067963 1.56821639 0.87656108
v -0.06067963 1.52009932 0.86064740
v -0.06067963 1.52845237 0.84871800
v -0.06067963 1.63721555 0.86265086
v -0.06067963 1.67697861 0.89049324
v -0.06067963 1.59745207 0.83480816
v -0.06067963 1.55768805 0.80696511
v -0.06067963 1.66645123 0.82089797
v -0.06067963 1.70621429 0.84874035
v -0.06067963 1.62668775 0.79305527
v -0.06067963 1.58692376 0.76521222
v -0.06067963 1.67480428 0.80896857
v -0.06067963 1.71456734 0.83681095
v -0.06067963 1.63504082 0.78112587
v -0.06067963 1.59527681 0.75328282
v -0.06067963 1.71456734 0.83681095
v -0.06067963 1.67480428 0.80896857
v -0.07524273 1.67480428 0.80896857
v -0.07524273 1.71456734 0.83681095
v -0.06067963 1.63504082 0.78112587
v -0.07524273 1.63504082 0.78112587
v -0.06067963 1.59527681 0.75328282
v -0.07524273 1.59527681 0.75328282
v -0.07524273 1.71456734 0.83681095
v -0.07524273 1.67480428 0.80896857
v -0.07524273 1.66645123 0.82089797
v -0.07524273 1.70621429 0.84874035
v -0.07524273 1.63504082 0.78112587
v -0.07524273 1.62668775 0.79305527
v -0.07524273 1.59527681 0.75328282
v -0.07524273 1.58692376 0.76521222
v -0.07524273 1.46762792 0.68168038
v -0.17718448 1.46762792 0.68168038
v -0.07524273 1.42786446 0.65383770
v -0.17718448 1.42786446 0.65383770
v -0.07524273 1.38810044 0.62599465
v -0.17718448 1.38810044 0.62599465
v -0.07524273 1.34833564 0.59815104
v -0.17718448 1.34833564 0.59815104
v -0.17718448 1.46762792 0.68168038
v -0.17718448 1.43839223 0.72343327
v -0.17718448 1.42786446 0.65383770
v -0.17718448 1.39862875 0.69559060
v -0.17718448 1.38810044 0.62599465
v -0.17718448 1.35886476 0.66774754
v -0.17718448 1.34833564 0.59815104
v -0.17718448 1.31909996 0.63990393
v -0.17718448 1.40915653 0.76518617
v -0.17718448 1.36939307 0.73734349
v -0.17718448 1.32962906 0.70950044
v -0.17718448 1.28986428 0.68165682
v -0.17718448 1.40915653 0.76518617
v -0.07524273 1.40915653 0.76518617
v -0.17718448 1.36939307 0.73734349
v -0.07524273 1.36939307 0.73734349
v -0.17718448 1.32962906 0.70950044
v -0.07524273 1.32962906 0.70950044
v -0.07524273 1.40915653 0.76518617
v -0.07524273 1.40080348 0.77711556
v -0.07524273 1.36939307 0.73734349
v -0.07524273 1.36104000 0.74927289
v -0.07524273 1.32962906 0.70950044
v -0.07524273 1.32127601 0.72142983
v -0.07524273 1.40080348 0.77711556
v -0.06067963 1.40080348 0.77711556
v -0.07524273 1.36104000 0.74927289
v -0.06067963 1.36104000 0.74927289
v -0.07524273 1.32127601 0.72142983
v -0.06067963 1.32127601 0.72142983
v -0.06067963 1.40080348 0.77711556
v -0.06067963 1.40915653 0.76518617
v -0.06067963 1.36104000 0.74927289
v -0.06067963 1.36939307 0.73734349
v -0.06067963 1.32127601 0.72142983
v -0.06067963 1.32962906 0.70950044
v -0.06067963 1.43839223 0.72343327
v -0.06067963 1.39862875 0.69559060
v -0.06067963 1.35886476 0.66774754
v -0.06067963 1.46762792 0.68168038
v -0.06067963 1.42786446 0.65383770
v -0.06067963 1.38810044 0.62599465
v -0.06067963 1.47598096 0.66975098
v -0.06067963 1.43621751 0.64190830
v -0.06067963 1.39645349 0.61406525
v -0.06067963 1.47598096 0.66975098
v -0.07524273 1.47598096 0.66975098
v -0.06067963 1.43621751 0.64190830
v -0.07524273 1.43621751 0.64190830
v -0.06067963 1.39645349 0.61406525
v -0.07524273 1.39645349 0.61406525
v -0.07524273 1.47598096 0.66975098
v -0.07524273 1.46762792 0.68168038
v -0.07524273 1.43621751 0.64190830
v -0.07524273 1.42786446 0.65383770
v -0.07524273 1.39645349 0.61406525
v -0.07524273 1.38810044 0.62599465
v -0.07524273 1.67480428 0.80896857
v -0.07524273 1.71456734 0.83681095
v -0.07524273 1.70621429 0.84874035
v -0.07524273 1.66645123 0.82089797
v -0.17718448 1.67480428 0.80896857
v -0.07524273 1.67480428 0.80896857
v -0.07524273 1.66645123 0.82089797
v -0.17718448 1.66645123 0.82089797
v -0.19174759 1.71456734 0.83681095
v -0.19174759 1.67480428 0.80896857
v -0.19174759 1.66645123 0.82089797
v -0.19174759 1.70621429 0.84874035
v -0.07524273 1.71456734 0.83681095
v -0.17718448 1.71456734 0.83681095
v -0.17718448 1.70621429 0.84874035
v -0.07524273 1.70621429 0.84874035
v -0.19174759 1.66645123 0.82089797
v -0.19174759 1.70621429 0.84874035
v -0.17718448 1.70621429 0.84874035
v -0.17718448 1.66645123 0.82089797
v -0.19174759 1.63721555 0.86265086
v -0.19174759 1.66645123 0.82089797
v -0.17718448 1.66645123 0.82089797
v -0.17718448 1.63721555 0.86265086
v -0.19174759 1.63721555 0.86265086
v -0.17718448 1.63721555 0.86265086
v -0.17718448 1.67697861 0.89049324
v -0.19174759 1.70621429 0.84874035
v -0.19174759 1.67697861 0.89049324
v -0.17718448 1.67697861 0.89049324
v -0.17718448 1.70621429 0.84874035
v -0.19174759 1.63721555 0.86265086
v -0.19174759 1.67697861 0.89049324
v -0.17718448 1.67697861 0.89049324
v -0.17718448 1.63721555 0.86265086
v -0.19174759 1.60797984 0.90440376
v -0.19174759 1.63721555 0.86265086
v -0.17718448 1.63721555 0.86265086
v -0.17718448 1.60797984 0.90440376
v -0.19174759 1.64774290 0.93224613
v -0.19174759 1.60797984 0.90440376
v -0.19174759 1.67697861 0.89049324
v -0.19174759 1.64774290 0.93224613
v -0.17718448 1.64774290 0.93224613
v -0.17718448 1.67697861 0.89049324
v -0.19174759 1.67480428 0.80896857
v -0.19174759 1.71456734 0.83681095
v -0.19174759 1.66645123 0.82089797
v -0.19174759 1.67480428 0.80896857
v -0.19174759 1.70621429 0.84874035
v -0.19174759 1.66645123 0.82089797
v -0.17718448 1.66645123 0.82089797
v -0.17718448 1.70621429 0.84874035
v -0.19174759 1.71456734 0.83681095
v -0.19174759 1.70621429 0.84874035
v -0.19174759 1.35668871 0.58622164
v -0.19174759 1.31692073 0.55837582
v -0.19174759 1.30856768 0.57030521
v -0.19174759 1.34833564 0.59815104
v -0.07524273 1.35668871 0.58622164
v -0.17718448 1.35668871 0.58622164
v -0.17718448 1.34833564 0.59815104
v -0.07524273 1.34833564 0.59815104
v -0.07524273 1.31692073 0.55837582
v -0.07524273 1.35668871 0.58622164
v -0.07524273 1.34833564 0.59815104
v -0.07524273 1.30856768 0.57030521
v -0.17718448 1.31692073 0.55837582
v -0.07524273 1.31692073 0.55837582
v -0.07524273 1.30856768 0.57030521
v -0.17718448 1.30856768 0.57030521
v -0.19174759 1.31909996 0.63990393
v -0.19174759 1.27933198 0.61205811
v -0.17718448 1.27933198 0.61205811
v -0.17718448 1.31909996 0.63990393
v -0.19174759 1.34833564 0.59815104
v -0.19174759 1.31909996 0.63990393
v -0.17718448 1.31909996 0.63990393
v -0.17718448 1.34833564 0.59815104
v -0.19174759 1.30856768 0.57030521
v -0.19174759 1.34833564 0.59815104
v -0.17718448 1.34833564 0.59815104
v -0.17718448 1.30856768 0.57030521
v -0.19174759 1.27933198 0.61205811
v -0.19174759 1.30856768 0.57030521
v -0.17718448 1.30856768 0.57030521
v -0.17718448 1.27933198 0.61205811
v -0.19174759 1.28986428 0.68165682
v -0.19174759 1.25009630 0.65381100
v -0.19174759 1.31909996 0.63990393
v -0.19174759 1.28986428 0.68165682
v -0.17718448 1.28986428 0.68165682
v -0.17718448 1.31909996 0.63990393
v -0.19174759 1.27933198 0.61205811
v -0.19174759 1.31909996 0.63990393
v -0.17718448 1.31909996 0.63990393
v -0.17718448 1.27933198 0.61205811
v -0.19174759 1.25009630 0.65381100
v -0.19174759 1.27933198 0.61205811
v -0.17718448 1.27933198 0.61205811
v -0.17718448 1.25009630 0.65381100
v -0.19174759 1.31692073 0.55837582
v -0.19174759 1.35668871 0.58622164
v -0.19174759 1.30856768 0.57030521
v -0.19174759 1.31692073 0.55837582
v -0.19174759 1.34833564 0.59815104
v -0.19174759 1.30856768 0.57030521
v -0.17718448 1.30856768 0.57030521
v -0.17718448 1.34833564 0.59815104
v -0.19174759 1.35668871 0.58622164
v -0.19174759 1.34833564 0.59815104
v -0.07524273 1.10579267 0.25053791
v -0.17718448 1.10579267 0.25053791
v -0.17718448 1.02226211 0.36983189
v -0.07524273 1.02226211 0.36983189
v -0.17718448 0.99445161 0.17257606
v -0.07524273 0.99445161 0.17257606
v -0.07524273 0.91092106 0.29187003
v -0.17718448 0.91092106 0.29187003
v -0.17718448 0.99445161 0.17257606
v -0.32281554 0.99445161 0.17257606
v -0.32281554 1.09386329 0.24218486
v -0.17718448 1.09386329 0.24218486
v -0.32281554 0.91092106 0.29187003
v -0.32281554 0.99445161 0.17257606
v -0.17718448 1.01033274 0.36147884
v -0.32281554 1.01033274 0.36147884
v -0.32281554 0.91092106 0.29187003
v -0.17718448 0.91092106 0.29187003
v -0.17718448 1.09386329 0.24218486
v -0.32281554 1.09386329 0.24218486
v -0.32281554 1.01033274 0.36147884
v -0.17718448 1.01033274 0.36147884
v -0.17718448 2.07605041 0.92991967
v -0.07524273 2.07605041 0.92991967
v -0.07524273 1.99251986 1.04921367
v -0.17718448 1.99251986 1.04921367
v -0.07524273 2.18739147 1.00788153
v -0.17718448 2.18739147 1.00788153
v -0.17718448 2.10386091 1.12717550
v -0.07524273 2.10386091 1.12717550
v -0.17718448 2.08797979 0.93827272
v -0.32281554 2.08797979 0.93827272
v -0.32281554 2.18739147 1.00788153
v -0.17718448 2.18739147 1.00788153
v -0.17718448 2.00444923 1.05756672
v -0.32281554 2.00444923 1.05756672
v -0.32281554 2.08797979 0.93827272
v -0.17718448 2.08797979 0.93827272
v -0.17718448 2.10386091 1.12717550
v -0.32281554 2.10386091 1.12717550
v -0.32281554 2.00444923 1.05756672
v -0.17718448 2.00444923 1.05756672
v -0.32281554 2.18739147 1.00788153
v -0.32281554 2.10386091 1.12717550
v -0.17718448 1.11414571 0.23860851
v -0.07524273 1.11414571 0.23860851
v -0.07524273 1.10221634 0.23025546
v -0.17718448 1.10221634 0.23025546
v -0.17718448 1.02226211 0.36983189
v -0.17718448 1.10579267 0.25053791
v -0.17718448 1.09386329 0.24218486
v -0.17718448 1.01033274 0.36147884
v -0.07524273 1.10579267 0.25053791
v -0.07524273 1.02226211 0.36983189
v -0.07524273 1.01033274 0.36147884
v -0.07524273 1.09386329 0.24218486
v -0.17718448 1.10221634 0.23025546
v -0.17718448 1.00280466 0.16064666
v -0.17718448 0.99445161 0.17257606
v -0.17718448 1.09386329 0.24218486
v -0.07524273 1.10221634 0.23025546
v -0.17718448 1.10221634 0.23025546
v -0.17718448 1.09386329 0.24218486
v -0.07524273 1.09386329 0.24218486
v -0.07524273 1.00280466 0.16064666
v -0.07524273 1.10221634 0.23025546
v -0.07524273 1.09386329 0.24218486
v -0.07524273 0.99445161 0.17257606
v -0.17718448 1.00280466 0.16064666
v -0.07524273 1.00280466 0.16064666
v -0.07524273 1.11414571 0.23860851
v -0.17718448 1.11414571 0.23860851
v -0.07524273 1.10221634 0.23025546
v -0.07524273 1.11414571 0.23860851
v -0.17718448 1.10221634 0.23025546
v -0.07524273 1.10221634 0.23025546
v -0.07524273 1.09386329 0.24218486
v -0.17718448 1.09386329 0.24218486
v -0.17718448 1.11414571 0.23860851
v -0.17718448 1.10221634 0.23025546
v -0.07524273 2.09633284 0.92634332
v -0.07524273 2.19574452 0.99595213
v -0.07524273 2.18739147 1.00788153
v -0.07524273 2.08797979 0.93827272
v -0.17718448 2.08440346 0.91799027
v -0.07524273 2.08440346 0.91799027
v -0.07524273 2.07605041 0.92991967
v -0.17718448 2.07605041 0.92991967
v -0.17718448 2.19574452 0.99595213
v -0.17718448 2.09633284 0.92634332
v -0.17718448 2.08797979 0.93827272
v -0.17718448 2.18739147 1.00788153
v -0.07524273 2.19574452 0.99595213
v -0.17718448 2.19574452 0.99595213
v -0.07524273 1.99251986 1.04921367
v -0.07524273 2.07605041 0.92991967
v -0.07524273 2.08797979 0.93827272
v -0.07524273 2.00444923 1.05756672
v -0.17718448 2.07605041 0.92991967
v -0.17718448 1.99251986 1.04921367
v -0.17718448 2.00444923 1.05756672
v -0.17718448 2.08797979 0.93827272
v -0.07524273 2.08440346 0.91799027
v -0.17718448 2.08440346 0.91799027
v -0.07524273 2.07605041 0.92991967
v -0.07524273 2.08440346 0.91799027
v -0.17718448 2.08440346 0.91799027
v -0.17718448 2.07605041 0.92991967
v -0.17718448 2.00444923 1.05756672
v -0.07524273 2.00444923 1.05756672
v -0.17718448 2.10386091 1.12717550
v -0.07524273 2.10386091 1.12717550
v -0.07524273 1.01033274 0.36147884
v -0.17718448 1.01033274 0.36147884
v -0.07524273 0.91092106 0.29187003
v -0.17718448 0.91092106 0.29187003
v -0.61407765 1.10221634 0.23025546
v -0.46844659 1.10221634 0.23025546
v -0.46844659 1.00280466 0.16064666
v -0.61407765 1.00280466 0.16064666
v -0.46844659 1.09386329 0.24218486
v -0.46844659 0.99445161 0.17257606
v -0.61407765 0.99445161 0.17257606
v -0.46844659 0.99445161 0.17257606
v -0.46844659 0.91092106 0.29187003
v -0.61407765 0.91092106 0.29187003
v -0.75970872 0.91092106 0.29187003
v -0.61407765 0.91092106 0.29187003
v -0.61407765 1.01033274 0.36147884
v -0.75970872 1.01033274 0.36147884
v -0.46844659 0.91092106 0.29187003
v -0.46844659 1.01033274 0.36147884
v -0.75970872 1.01033274 0.36147884
v -0.61407765 1.01033274 0.36147884
v -0.61407765 1.09386329 0.24218486
v -0.75970872 1.09386329 0.24218486
v -0.46844659 1.01033274 0.36147884
v -0.46844659 1.09386329 0.24218486
v -0.63592234 2.70336271 1.19138578
v -0.70873787 2.70336271 1.19138578
v -0.70873787 2.61983215 1.31067976
v -0.63592234 2.61983215 1.31067976
v -0.63592234 1.10283507 0.07068429
v -0.63592234 1.15254089 0.10548867
v -0.63592234 1.06901036 0.22478265
v -0.63592234 1.01930454 0.18997827
v -0.70873787 0.50636509 -0.34696848
v -0.63592234 0.50636509 -0.34696848
v -0.63592234 0.42283456 -0.22767450
v -0.70873787 0.42283456 -0.22767450
v -0.70873787 1.15254089 0.10548867
v -0.70873787 1.10283507 0.07068429
v -0.70873787 1.01930454 0.18997827
v -0.70873787 1.06901036 0.22478265
v -0.70873787 1.09406210 0.24232406
v -0.70873787 1.17759263 0.12303008
v -0.63592234 1.06065729 0.23671205
v -0.63592234 1.08570902 0.25425346
v -0.70873787 1.08570902 0.25425346
v -0.70873787 1.06065729 0.23671205
v -0.63592234 1.17759263 0.12303008
v -0.63592234 1.09406210 0.24232406
v -0.63592234 0.80460010 -0.13814208
v -0.63592234 1.07778334 0.05314288
v -0.63592234 0.99425281 0.17243686
v -0.63592234 0.72106957 -0.01884810
v -0.63592234 0.72106957 -0.01884810
v -0.63592234 0.99425281 0.17243686
v -0.70873787 0.99425281 0.17243686
v -0.70873787 0.72106957 -0.01884810
v -0.70873787 0.72106957 -0.01884810
v -0.70873787 0.99425281 0.17243686
v -0.70873787 1.07778334 0.05314288
v -0.70873787 0.80460010 -0.13814208
v -0.46844659 1.10221634 0.23025546
v -0.61407765 1.10221634 0.23025546
v -0.46844659 1.00280466 0.16064666
v -0.46844659 1.10221634 0.23025546
v -0.46844659 1.09386329 0.24218486
v -0.46844659 0.99445161 0.17257606
v -0.61407765 1.00280466 0.16064666
v -0.46844659 1.00280466 0.16064666
v -0.63592234 1.10221634 0.23025546
v -0.63592234 1.00280466 0.16064666
v -0.63592234 0.99445161 0.17257606
v -0.63592234 1.09386329 0.24218486
v -0.63592234 1.07798214 0.05328208
v -0.63592234 1.17739382 0.12289088
v -0.61407765 1.17739382 0.12289088
v -0.61407765 1.07798214 0.05328208
v -0.63592234 0.99445161 0.17257606
v -0.63592234 1.00280466 0.16064666
v -0.61407765 1.00280466 0.16064666
v -0.61407765 0.99445161 0.17257606
v -0.63592234 1.08551022 0.25411426
v -0.63592234 0.98609854 0.18450545
v -0.61407765 0.98609854 0.18450545
v -0.61407765 1.08551022 0.25411426
v -0.63592234 1.10221634 0.23025546
v -0.63592234 1.09386329 0.24218486
v -0.61407765 1.09386329 0.24218486
v -0.61407765 1.10221634 0.23025546
v -0.63592234 1.17739382 0.12289088
v -0.63592234 1.07798214 0.05328208
v -0.61407765 1.17739382 0.12289088
v -0.63592234 1.17739382 0.12289088
v -0.61407765 1.07798214 0.05328208
v -0.61407765 1.17739382 0.12289088
v -0.61407765 1.10221634 0.23025546
v -0.61407765 1.00280466 0.16064666
v -0.63592234 1.07798214 0.05328208
v -0.61407765 1.07798214 0.05328208
v -0.61407765 2.19574452 0.99595213
v -0.46844659 2.19574452 0.99595213
v -0.46844659 2.09633284 0.92634332
v -0.61407765 2.09633284 0.92634332
v -0.46844659 2.18739147 1.00788153
v -0.46844659 2.08797979 0.93827272
v -0.61407765 2.08797979 0.93827272
v -0.46844659 2.08797979 0.93827272
v -0.46844659 2.00444923 1.05756672
v -0.61407765 2.00444923 1.05756672
v -0.75970872 2.00444923 1.05756672
v -0.61407765 2.00444923 1.05756672
v -0.61407765 2.10386091 1.12717550
v -0.75970872 2.10386091 1.12717550
v -0.46844659 2.00444923 1.05756672
v -0.46844659 2.10386091 1.12717550
v -0.61407765 2.10386091 1.12717550
v -0.46844659 2.10386091 1.12717550
v -0.46844659 2.18739147 1.00788153
v -0.61407765 2.18739147 1.00788153
v -0.46844659 2.19574452 0.99595213
v -0.61407765 2.19574452 0.99595213
v -0.46844659 2.09633284 0.92634332
v -0.46844659 2.19574452 0.99595213
v -0.46844659 2.18739147 1.00788153
v -0.46844659 2.08797979 0.93827272
v -0.63592234 2.17151032 0.81897874
v -0.63592234 2.27092200 0.88858755
v -0.61407765 2.27092200 0.88858755
v -0.61407765 2.17151032 0.81897874
v -0.63592234 2.19574452 0.99595213
v -0.63592234 2.18739147 1.00788153
v -0.61407765 2.18739147 1.00788153
v -0.61407765 2.19574452 0.99595213
v -0.61407765 2.27092200 0.88858755
v -0.63592234 2.27092200 0.88858755
v -0.61407765 2.17151032 0.81897874
v -0.61407765 2.27092200 0.88858755
v -0.61407765 2.19574452 0.99595213
v -0.61407765 2.09633284 0.92634332
v -0.63592234 2.17151032 0.81897874
v -0.61407765 2.17151032 0.81897874
v -0.61407765 2.09633284 0.92634332
v -0.63592234 2.09633284 0.92634332
v -0.63592234 2.71171576 1.17945636
v -0.70873787 2.71171576 1.17945636
v -0.62135925 1.16089396 0.09355925
v -0.62135925 1.18594570 0.11110069
v -0.62135925 1.17759263 0.12303008
v -0.62135925 1.15254089 0.10548867
v -0.70873787 1.18594570 0.11110069
v -0.70873787 1.16089396 0.09355925
v -0.62135925 1.11118815 0.05875487
v -0.62135925 1.10283507 0.07068429
v -0.70873787 1.11118815 0.05875487
v -0.70873787 0.51471816 -0.35889790
v -0.63592234 0.51471816 -0.35889790
v -0.70873787 1.08613641 0.04121346
v -0.70873787 0.81295318 -0.15007148
v -0.62135925 0.81295318 -0.15007148
v -0.62135925 1.08613641 0.04121346
v -0.62135925 1.07778334 0.05314288
v -0.62135925 0.80460010 -0.13814208
v -0.62135925 0.80460010 -0.13814208
v -0.62135925 1.07778334 0.05314288
v -0.63592234 1.07778334 0.05314288
v -0.63592234 0.80460010 -0.13814208
v -0.62135925 0.51471816 -0.35889790
v -0.62135925 0.50636509 -0.34696848
v -0.62135925 1.10283507 0.07068429
v -0.62135925 1.15254089 0.10548867
v -0.63592234 1.15254089 0.10548867
v -0.63592234 1.10283507 0.07068429
v -0.62135925 2.70336271 1.19138578
v -0.62135925 2.71171576 1.17945636
v -0.62135925 1.17759263 0.12303008
v -0.63592234 1.17759263 0.12303008
v -0.70873787 0.53977733 -0.39468609
v -0.63592234 0.53977733 -0.39468609
v -1.00000000 0.81295318 -0.15007148
v -1.00000000 1.08613641 0.04121346
v -1.00000000 1.11119556 0.00542526
v -1.00000000 0.83801234 -0.18585967
v -1.00000000 1.18595311 0.05777108
v -1.00000000 1.13624731 0.02296670
v -1.00000000 1.11118815 0.05875487
v -1.00000000 1.16089396 0.09355925
v -0.63592234 2.73677492 1.14366819
v -0.70873787 2.73677492 1.14366819
v -1.00000000 1.18594570 0.11110069
v -1.00000000 1.21100484 0.07531249
v 2.00000000 0.83801234 -0.18585967
v 2.00000000 1.11119556 0.00542526
v 2.00000000 1.08613641 0.04121346
v 2.00000000 0.81295318 -0.15007148
v -0.62135925 0.53977733 -0.39468609
v 2.00000000 1.13624731 0.02296670
v 2.00000000 1.18595311 0.05777108
v 2.00000000 1.16089396 0.09355925
v 2.00000000 1.11118815 0.05875487
v 2.00000000 1.21100484 0.07531249
v 2.00000000 1.18594570 0.11110069
v -0.62135925 2.73677492 1.14366819
v -1.00000000 0.51471816 -0.35889790
v -1.00000000 0.53977733 -0.39468609
v -0.70873787 0.81295318 -0.15007148
v -0.70873787 1.08613641 0.04121346
v -1.00000000 1.08613641 0.04121346
v -1.00000000 0.81295318 -0.15007148
v -1.00000000 1.16089396 0.09355925
v -1.00000000 1.11118815 0.05875487
v -0.70873787 1.11118815 0.05875487
v -0.70873787 1.16089396 0.09355925
v -0.70873787 1.18594570 0.11110069
v -1.00000000 1.18594570 0.11110069
v -1.00000000 2.73677492 1.14366819
v -1.00000000 2.71171576 1.17945636
v 2.00000000 0.81295318 -0.15007148
v 2.00000000 1.08613641 0.04121346
v -0.62135925 1.08613641 0.04121346
v -0.62135925 0.81295318 -0.15007148
v 2.00000000 0.53977733 -0.39468609
v 2.00000000 0.51471816 -0.35889790
v 2.00000000 1.11118815 0.05875487
v 2.00000000 1.16089396 0.09355925
v -0.62135925 1.16089396 0.09355925
v -0.62135925 1.11118815 0.05875487
v 2.00000000 2.71171576 1.17945636
v 2.00000000 2.73677492 1.14366819
v 2.00000000 1.18594570 0.11110069
v -0.62135925 1.18594570 0.11110069
v -0.62135925 1.16089396 0.09355925
v 2.00000000 0.55528771 -0.40160385
v 1.99126209 0.55528771 -0.40160385
v 1.99126209 1.09022580 -0.02703616
v 2.00000000 1.09022580 -0.02703616
v -0.75970872 2.08797979 0.93827272
v -0.75970872 2.00444923 1.05756672
v -0.75970872 2.10386091 1.12717550
v -0.75970872 2.18739147 1.00788153
v -0.75970872 2.17903840 1.01981092
v -0.75970872 2.07962674 0.95020212
v -0.75970872 2.08797979 0.93827272
v -0.75970872 2.18739147 1.00788153
v -0.75970872 2.17903840 1.01981092
v -0.61407765 2.17903840 1.01981092
v -0.61407765 2.07962674 0.95020212
v -0.75970872 2.07962674 0.95020212
v -0.99126214 0.54693466 -0.38967445
v -0.99126214 1.08187275 -0.01510678
v -0.40000001 1.08187275 -0.01510678
v -0.40000001 0.54693466 -0.38967445
v -0.39126215 0.54693466 -0.38967445
v -0.39126215 1.08187275 -0.01510678
v 0.19999998 1.08187275 -0.01510678
v 0.19999998 0.54693466 -0.38967445
v 0.20873785 0.54693466 -0.38967445
v 0.20873785 1.08187275 -0.01510678
v 0.80000000 1.08187275 -0.01510678
v 0.80000000 0.54693466 -0.38967445
v 0.80873784 0.54693466 -0.38967445
v 0.80873784 1.08187275 -0.01510678
v 1.39999989 1.08187275 -0.01510678
v 1.39999989 0.54693466 -0.38967445
v -0.40000001 2.72865794 1.13798462
v -0.40000001 2.19552449 0.76468056
v -0.99126214 2.19552449 0.76468056
v -0.99126214 2.72865794 1.13798462
v -0.40000001 2.18752755 0.75908103
v -0.40000001 1.64543180 0.37950151
v -0.99126214 1.64543180 0.37950151
v -0.99126214 2.18752755 0.75908103
v -0.40000001 1.08903039 -0.01009496
v -0.99126214 1.08903039 -0.01009496
v -0.99126214 1.63827945 0.37449339
v -0.40000001 1.63827945 0.37449339
v 0.19999998 2.72865794 1.13798462
v 0.19999998 2.19552449 0.76468056
v -0.39126215 2.19552449 0.76468056
v -0.39126215 2.72865794 1.13798462
v 0.19999998 2.18752755 0.75908103
v 0.19999998 1.64543180 0.37950151
v -0.39126215 1.64543180 0.37950151
v -0.39126215 2.18752755 0.75908103
v 0.19999998 1.08903039 -0.01009496
v -0.39126215 1.08903039 -0.01009496
v -0.39126215 1.63827945 0.37449339
v 0.19999998 1.63827945 0.37449339
v 0.80000000 2.72865794 1.13798462
v 0.80000000 2.19552449 0.76468056
v 0.20873785 2.19552449 0.76468056
v 0.20873785 2.72865794 1.13798462
v 0.80000000 2.18752755 0.75908103
v 0.80000000 1.64543180 0.37950151
v 0.20873785 1.64543180 0.37950151
v 0.20873785 2.18752755 0.75908103
v 0.80000000 1.08903039 -0.01009496
v 0.20873785 1.08903039 -0.01009496
v 0.20873785 1.63827945 0.37449339
v 0.80000000 1.63827945 0.37449339
v 1.39999989 2.72865794 1.13798462
v 1.39999989 2.19552449 0.76468056
v 0.80873784 2.19552449 0.76468056
v 0.80873784 2.72865794 1.13798462
v 1.39999989 2.18752755 0.75908103
v 1.39999989 1.64543180 0.37950151
v 0.80873784 1.64543180 0.37950151
v 0.80873784 2.18752755 0.75908103
v 1.39999989 1.08903039 -0.01009496
v 0.80873784 1.08903039 -0.01009496
v 0.80873784 1.63827945 0.37449339
v 1.39999989 1.63827945 0.37449339
v 2.00000000 2.20387753 0.75275116
v 1.99126209 2.20387753 0.75275116
v 1.99126209 2.73701099 1.12605522
v 2.00000000 2.73701099 1.12605522
v 2.00000000 1.65378484 0.36757211
v 1.99126209 1.65378484 0.36757211
v 1.99126209 2.19588060 0.74715163
v 2.00000000 2.19588060 0.74715163
v 2.00000000 1.09738344 -0.02202433
v 1.99126209 1.09738344 -0.02202433
v 1.99126209 1.64663249 0.36256399
v 2.00000000 1.64663249 0.36256399
v 1.39999989 0.55528771 -0.40160385
v 1.39999989 1.09022580 -0.02703616
v 1.40873783 1.09022580 -0.02703616
v 1.40873783 0.55528771 -0.40160385
v 1.39999989 1.64663249 0.36256399
v 1.40873783 1.64663249 0.36256399
v 1.40873783 1.09738344 -0.02202433
v 1.39999989 1.09738344 -0.02202433
v 1.40873783 2.19588060 0.74715163
v 1.40873783 1.65378484 0.36757211
v 1.39999989 1.65378484 0.36757211
v 1.39999989 2.19588060 0.74715163
v 1.40873783 2.73701099 1.12605522
v 1.40873783 2.20387753 0.75275116
v 1.39999989 2.20387753 0.75275116
v 1.39999989 2.73701099 1.12605522
v -0.40000001 2.73701099 1.12605522
v -0.99126214 2.73701099 1.12605522
v -0.99126214 2.74512797 1.13173879
v -0.40000001 2.74512797 1.13173879
v 0.19999998 2.73701099 1.12605522
v -0.39126215 2.73701099 1.12605522
v -0.39126215 2.74512797 1.13173879
v 0.19999998 2.74512797 1.13173879
v 0.80000000 2.73701099 1.12605522
v 0.20873785 2.73701099 1.12605522
v 0.20873785 2.74512797 1.13173879
v 0.80000000 2.74512797 1.13173879
v 0.80873784 2.73701099 1.12605522
v 0.80873784 2.74512797 1.13173879
v 1.39999989 2.74512797 1.13173879
v 1.40873783 2.74512797 1.13173879
v 1.99126209 2.74512797 1.13173879
v 2.00000000 2.74512797 1.13173879
v 0.80000000 0.55528771 -0.40160385
v 0.80000000 1.09022580 -0.02703616
v 0.80873784 1.09022580 -0.02703616
v 0.80873784 0.55528771 -0.40160385
v 0.80000000 1.64663249 0.36256399
v 0.80873784 1.64663249 0.36256399
v 0.80873784 1.09738344 -0.02202433
v 0.80000000 1.09738344 -0.02202433
v 0.80873784 2.19588060 0.74715163
v 0.80873784 1.65378484 0.36757211
v 0.80000000 1.65378484 0.36757211
v 0.80000000 2.19588060 0.74715163
v 0.80873784 2.20387753 0.75275116
v 0.80000000 2.20387753 0.75275116
v 0.19999998 0.55528771 -0.40160385
v 0.19999998 1.09022580 -0.02703616
v 0.20873785 1.09022580 -0.02703616
v 0.20873785 0.55528771 -0.40160385
v 0.19999998 1.64663249 0.36256399
v 0.20873785 1.64663249 0.36256399
v 0.20873785 1.09738344 -0.02202433
v 0.19999998 1.09738344 -0.02202433
v 0.20873785 2.19588060 0.74715163
v 0.20873785 1.65378484 0.36757211
v 0.19999998 1.65378484 0.36757211
v 0.19999998 2.19588060 0.74715163
v 0.20873785 2.20387753 0.75275116
v 0.19999998 2.20387753 0.75275116
v -0.40000001 0.55528771 -0.40160385
v -0.40000001 1.09022580 -0.02703616
v -0.39126215 1.09022580 -0.02703616
v -0.39126215 0.55528771 -0.40160385
v -0.40000001 1.64663249 0.36256399
v -0.39126215 1.64663249 0.36256399
v -0.39126215 1.09738344 -0.02202433
v -0.40000001 1.09738344 -0.02202433
v -0.39126215 2.19588060 0.74715163
v -0.39126215 1.65378484 0.36757211
v -0.40000001 1.65378484 0.36757211
v -0.40000001 2.19588060 0.74715163
v -0.39126215 2.20387753 0.75275116
v -0.40000001 2.20387753 0.75275116
v -1.00000000 0.55528771 -0.40160385
v -1.00000000 1.09022580 -0.02703616
v -0.99126214 1.09022580 -0.02703616
v -0.99126214 0.55528771 -0.40160385
v -1.00000000 1.64663249 0.36256399
v -0.99126214 1.64663249 0.36256399
v -0.99126214 1.09738344 -0.02202433
v -1.00000000 1.09738344 -0.02202433
v -0.99126214 2.19588060 0.74715163
v -0.99126214 1.65378484 0.36757211
v -1.00000000 1.65378484 0.36757211
v -1.00000000 2.19588060 0.74715163
v -0.99126214 2.20387753 0.75275116
v -1.00000000 2.20387753 0.75275116
v -1.00000000 2.73701099 1.12605522
v -1.00000000 2.74512797 1.13173879
v -0.40000001 1.63827945 0.37449339
v -0.40000001 1.64543180 0.37950151
v -0.39126215 1.64543180 0.37950151
v -0.39126215 1.63827945 0.37449339
v 2.00000000 0.54813038 -0.40661547
v 1.99126209 0.54813038 -0.40661547
v 1.39999989 0.54813038 -0.40661547
v 1.40873783 0.54813038 -0.40661547
v 0.80873784 0.54813038 -0.40661547
v 0.80000000 0.54813038 -0.40661547
v 0.20873785 0.54813038 -0.40661547
v 0.19999998 0.54813038 -0.40661547
v -0.39126215 0.54813038 -0.40661547
v -0.40000001 0.54813038 -0.40661547
v -0.99126214 0.54813038 -0.40661547
v -1.00000000 0.54813038 -0.40661547
v 1.40873783 1.08187275 -0.01510678
v 1.99126209 1.08187275 -0.01510678
v 1.99126209 0.54693466 -0.38967445
v 1.40873783 0.54693466 -0.38967445
v 1.40873783 1.63827945 0.37449339
v 1.99126209 1.63827945 0.37449339
v 1.99126209 1.08903039 -0.01009496
v 1.40873783 1.08903039 -0.01009496
v 1.40873783 2.18752755 0.75908103
v 1.99126209 2.18752755 0.75908103
v 1.99126209 1.64543180 0.37950151
v 1.40873783 1.64543180 0.37950151
v 1.40873783 2.72865794 1.13798462
v 1.99126209 2.72865794 1.13798462
v 1.99126209 2.19552449 0.76468056
v 1.40873783 2.19552449 0.76468056
v -1.00000000 1.09022580 -0.02703616
v -1.00000000 0.55528771 -0.40160385
v -1.00000000 0.54693466 -0.38967445
v -1.00000000 1.08187275 -0.01510678
v -0.99126214 0.55528771 -0.40160385
v -0.99126214 1.09022580 -0.02703616
v -0.99126214 1.08187275 -0.01510678
v -0.99126214 0.54693466 -0.38967445
v -1.00000000 1.09738344 -0.02202433
v -1.00000000 1.08903039 -0.01009496
v -0.99126214 1.09738344 -0.02202433
v -0.99126214 1.64663249 0.36256399
v -0.99126214 1.63827945 0.37449339
v -0.99126214 1.08903039 -0.01009496
v -1.00000000 1.64663249 0.36256399
v -1.00000000 1.63827945 0.37449339
v -1.00000000 1.65378484 0.36757211
v -1.00000000 1.64543180 0.37950151
v -0.99126214 1.65378484 0.36757211
v -0.99126214 2.19588060 0.74715163
v -0.99126214 2.18752755 0.75908103
v -0.99126214 1.64543180 0.37950151
v -1.00000000 2.19588060 0.74715163
v -1.00000000 2.18752755 0.75908103
v -0.99126214 2.20387753 0.75275116
v -0.99126214 2.73701099 1.12605522
v -0.99126214 2.72865794 1.13798462
v -0.99126214 2.19552449 0.76468056
v -1.00000000 2.73701099 1.12605522
v -1.00000000 2.20387753 0.75275116
v -1.00000000 2.19552449 0.76468056
v -1.00000000 2.72865794 1.13798462
v -0.99126214 2.74512797 1.13173879
v -1.00000000 2.74512797 1.13173879
v -1.00000000 2.73677492 1.14366819
v -0.99126214 2.73677492 1.14366819
v -1.00000000 2.74512797 1.13173879
v -1.00000000 2.73677492 1.14366819
v -0.99126214 2.73701099 1.12605522
v -0.40000001 2.73701099 1.12605522
v -0.40000001 2.72865794 1.13798462
v -0.99126214 2.72865794 1.13798462
v -0.40000001 2.74512797 1.13173879
v -0.40000001 2.73677492 1.14366819
v -0.39126215 2.74512797 1.13173879
v -0.39126215 2.73677492 1.14366819
v -0.39126215 2.73701099 1.12605522
v 0.19999998 2.73701099 1.12605522
v 0.19999998 2.72865794 1.13798462
v -0.39126215 2.72865794 1.13798462
v 0.19999998 2.74512797 1.13173879
v 0.19999998 2.73677492 1.14366819
v 0.20873785 2.74512797 1.13173879
v 0.20873785 2.73677492 1.14366819
v 0.20873785 2.73701099 1.12605522
v 0.80000000 2.73701099 1.12605522
v 0.80000000 2.72865794 1.13798462
v 0.20873785 2.72865794 1.13798462
v 0.80000000 2.74512797 1.13173879
v 0.80000000 2.73677492 1.14366819
v 0.80873784 2.73701099 1.12605522
v 1.39999989 2.73701099 1.12605522
v 1.39999989 2.72865794 1.13798462
v 0.80873784 2.72865794 1.13798462
v 1.39999989 2.74512797 1.13173879
v 0.80873784 2.74512797 1.13173879
v 0.80873784 2.73677492 1.14366819
v 1.39999989 2.73677492 1.14366819
v 2.00000000 2.74512797 1.13173879
v 1.99126209 2.74512797 1.13173879
v 1.99126209 2.73677492 1.14366819
v 2.00000000 2.73677492 1.14366819
v 2.00000000 2.73701099 1.12605522
v 2.00000000 2.74512797 1.13173879
v 2.00000000 2.73677492 1.14366819
v 2.00000000 2.72865794 1.13798462
v 1.40873783 2.74512797 1.13173879
v 1.40873783 2.73677492 1.14366819
v 1.40873783 2.73701099 1.12605522
v 1.99126209 2.73701099 1.12605522
v 1.99126209 2.72865794 1.13798462
v 1.40873783 2.72865794 1.13798462
v 1.40873783 2.20387753 0.75275116
v 1.40873783 2.73701099 1.12605522
v 1.40873783 2.72865794 1.13798462
v 1.40873783 2.19552449 0.76468056
v 1.39999989 2.73701099 1.12605522
v 1.39999989 2.20387753 0.75275116
v 1.39999989 2.19552449 0.76468056
v 1.39999989 2.72865794 1.13798462
v 1.99126209 2.73701099 1.12605522
v 1.99126209 2.20387753 0.75275116
v 1.99126209 2.19552449 0.76468056
v 1.99126209 2.72865794 1.13798462
v 2.00000000 2.20387753 0.75275116
v 2.00000000 2.19552449 0.76468056
v 1.99126209 2.20387753 0.75275116
v 1.40873783 2.20387753 0.75275116
v 1.40873783 2.19552449 0.76468056
v 1.99126209 2.19552449 0.76468056
v 1.40873783 2.19588060 0.74715163
v 1.99126209 2.19588060 0.74715163
v 1.99126209 2.18752755 0.75908103
v 1.40873783 2.18752755 0.75908103
v 2.00000000 2.19588060 0.74715163
v 2.00000000 2.18752755 0.75908103
v 1.40873783 1.65378484 0.36757211
v 1.40873783 2.19588060 0.74715163
v 1.40873783 2.18752755 0.75908103
v 1.40873783 1.64543180 0.37950151
v 1.39999989 2.19588060 0.74715163
v 1.39999989 1.65378484 0.36757211
v 1.39999989 1.64543180 0.37950151
v 1.39999989 2.18752755 0.75908103
v 1.39999989 2.20387753 0.75275116
v 0.80873784 2.20387753 0.75275116
v 0.80873784 2.19552449 0.76468056
v 1.39999989 2.19552449 0.76468056
v 0.80873784 2.19588060 0.74715163
v 1.39999989 2.19588060 0.74715163
v 1.39999989 2.18752755 0.75908103
v 0.80873784 2.18752755 0.75908103
v 1.99126209 1.65378484 0.36757211
v 1.40873783 1.65378484 0.36757211
v 1.40873783 1.64543180 0.37950151
v 1.99126209 1.64543180 0.37950151
v 1.40873783 1.64663249 0.36256399
v 1.99126209 1.64663249 0.36256399
v 1.99126209 1.63827945 0.37449339
v 1.40873783 1.63827945 0.37449339
v 1.99126209 1.64663249 0.36256399
v 1.99126209 1.09738344 -0.02202433
v 1.99126209 1.08903039 -0.01009496
v 1.99126209 1.63827945 0.37449339
v 2.00000000 1.09738344 -0.02202433
v 2.00000000 1.64663249 0.36256399
v 2.00000000 1.63827945 0.37449339
v 2.00000000 1.08903039 -0.01009496
v 1.99126209 2.19588060 0.74715163
v 1.99126209 1.65378484 0.36757211
v 1.99126209 1.64543180 0.37950151
v 1.99126209 2.18752755 0.75908103
v 2.00000000 1.65378484 0.36757211
v 2.00000000 1.64543180 0.37950151
v 1.40873783 1.09738344 -0.02202433
v 1.40873783 1.64663249 0.36256399
v 1.40873783 1.63827945 0.37449339
v 1.40873783 1.08903039 -0.01009496
v 1.39999989 1.64663249 0.36256399
v 1.39999989 1.09738344 -0.02202433
v 1.39999989 1.08903039 -0.01009496
v 1.39999989 1.63827945 0.37449339
v 1.39999989 1.65378484 0.36757211
v 0.80873784 1.65378484 0.36757211
v 0.80873784 1.64543180 0.37950151
v 1.39999989 1.64543180 0.37950151
v 0.80873784 1.64663249 0.36256399
v 1.39999989 1.64663249 0.36256399
v 1.39999989 1.63827945 0.37449339
v 0.80873784 1.63827945 0.37449339
v 1.99126209 1.09738344 -0.02202433
v 1.40873783 1.09738344 -0.02202433
v 1.40873783 1.08903039 -0.01009496
v 1.99126209 1.08903039 -0.01009496
v 1.40873783 1.09022580 -0.02703616
v 1.99126209 1.09022580 -0.02703616
v 1.99126209 1.08187275 -0.01510678
v 1.40873783 1.08187275 -0.01510678
v 2.00000000 1.09022580 -0.02703616
v 2.00000000 1.08187275 -0.01510678
v 1.99126209 1.09022580 -0.02703616
v 1.99126209 0.55528771 -0.40160385
v 1.99126209 0.54693466 -0.38967445
v 1.99126209 1.08187275 -0.01510678
v 2.00000000 0.55528771 -0.40160385
v 2.00000000 0.54693466 -0.38967445
v 1.39999989 1.09022580 -0.02703616
v 1.39999989 0.55528771 -0.40160385
v 1.39999989 0.54693466 -0.38967445
v 1.39999989 1.08187275 -0.01510678
v 1.40873783 0.55528771 -0.40160385
v 1.40873783 1.09022580 -0.02703616
v 1.40873783 1.08187275 -0.01510678
v 1.40873783 0.54693466 -0.38967445
v 1.99126209 0.54813038 -0.40661547
v 2.00000000 0.54813038 -0.40661547
v 2.00000000 0.53977733 -0.39468609
v 1.99126209 0.53977733 -0.39468609
v 2.00000000 0.54813038 -0.40661547
v 2.00000000 0.53977733 -0.39468609
v 1.99126209 0.55528771 -0.40160385
v 1.40873783 0.55528771 -0.40160385
v 1.40873783 0.54693466 -0.38967445
v 1.99126209 0.54693466 -0.38967445
v 1.40873783 0.54813038 -0.40661547
v 1.40873783 0.53977733 -0.39468609
v 1.39999989 0.54813038 -0.40661547
v 1.39999989 0.53977733 -0.39468609
v 1.39999989 0.55528771 -0.40160385
v 0.80873784 0.55528771 -0.40160385
v 0.80873784 0.54693466 -0.38967445
v 1.39999989 0.54693466 -0.38967445
v 0.80873784 0.54813038 -0.40661547
v 0.80873784 0.53977733 -0.39468609
v 0.80000000 1.09022580 -0.02703616
v 0.80000000 0.55528771 -0.40160385
v 0.80000000 0.54693466 -0.38967445
v 0.80000000 1.08187275 -0.01510678
v 0.80873784 0.55528771 -0.40160385
v 0.80873784 1.09022580 -0.02703616
v 0.80873784 1.08187275 -0.01510678
v 0.80873784 0.54693466 -0.38967445
v 0.80000000 0.54813038 -0.40661547
v 0.80000000 0.53977733 -0.39468609
v 0.80000000 0.55528771 -0.40160385
v 0.20873785 0.55528771 -0.40160385
v 0.20873785 0.54693466 -0.38967445
v 0.80000000 0.54693466 -0.38967445
v 0.20873785 0.54813038 -0.40661547
v 0.20873785 0.53977733 -0.39468609
v 0.19999998 1.09022580 -0.02703616
v 0.19999998 0.55528771 -0.40160385
v 0.19999998 0.54693466 -0.38967445
v 0.19999998 1.08187275 -0.01510678
v 0.20873785 0.55528771 -0.40160385
v 0.20873785 1.09022580 -0.02703616
v 0.20873785 1.08187275 -0.01510678
v 0.20873785 0.54693466 -0.38967445
v 0.19999998 0.54813038 -0.40661547
v 0.19999998 0.53977733 -0.39468609
v 0.19999998 0.55528771 -0.40160385
v -0.39126215 0.55528771 -0.40160385
v -0.39126215 0.54693466 -0.38967445
v 0.19999998 0.54693466 -0.38967445
v -0.39126215 0.54813038 -0.40661547
v -0.39126215 0.53977733 -0.39468609
v -0.40000001 1.09022580 -0.02703616
v -0.40000001 0.55528771 -0.40160385
v -0.40000001 0.54693466 -0.38967445
v -0.40000001 1.08187275 -0.01510678
v -0.39126215 0.55528771 -0.40160385
v -0.39126215 1.09022580 -0.02703616
v -0.39126215 1.08187275 -0.01510678
v -0.39126215 0.54693466 -0.38967445
v -0.40000001 0.54813038 -0.40661547
v -0.40000001 0.53977733 -0.39468609
v -0.40000001 0.55528771 -0.40160385
v -0.99126214 0.55528771 -0.40160385
v -0.99126214 0.54693466 -0.38967445
v -0.40000001 0.54693466 -0.38967445
v -0.99126214 0.54813038 -0.40661547
v -0.99126214 0.53977733 -0.39468609
v -1.00000000 0.54813038 -0.40661547
v -1.00000000 0.53977733 -0.39468609
v -1.00000000 0.54813038 -0.40661547
v -1.00000000 0.53977733 -0.39468609
v -0.99126214 1.09022580 -0.02703616
v -0.40000001 1.09022580 -0.02703616
v -0.40000001 1.08187275 -0.01510678
v -0.99126214 1.08187275 -0.01510678
v -0.40000001 1.09738344 -0.02202433
v -0.99126214 1.09738344 -0.02202433
v -0.99126214 1.08903039 -0.01009496
v -0.40000001 1.08903039 -0.01009496
v -0.40000001 1.65378484 0.36757211
v -0.99126214 1.65378484 0.36757211
v -0.99126214 1.64543180 0.37950151
v -0.40000001 1.64543180 0.37950151
v -0.40000001 1.64663249 0.36256399
v -0.40000001 1.65378484 0.36757211
v -0.40000001 1.64543180 0.37950151
v -0.40000001 1.63827945 0.37449339
v -0.99126214 1.64663249 0.36256399
v -0.40000001 1.64663249 0.36256399
v -0.40000001 1.63827945 0.37449339
v -0.99126214 1.63827945 0.37449339
v -0.40000001 2.20387753 0.75275116
v -0.99126214 2.20387753 0.75275116
v -0.99126214 2.19552449 0.76468056
v -0.40000001 2.19552449 0.76468056
v -0.99126214 2.19588060 0.74715163
v -0.40000001 2.19588060 0.74715163
v -0.40000001 2.18752755 0.75908103
v -0.99126214 2.18752755 0.75908103
v -0.39126215 2.20387753 0.75275116
v -0.39126215 2.73701099 1.12605522
v -0.39126215 2.72865794 1.13798462
v -0.39126215 2.19552449 0.76468056
v -0.40000001 2.73701099 1.12605522
v -0.40000001 2.20387753 0.75275116
v -0.40000001 2.19552449 0.76468056
v -0.40000001 2.72865794 1.13798462
v 0.20873785 2.20387753 0.75275116
v 0.20873785 2.73701099 1.12605522
v 0.20873785 2.72865794 1.13798462
v 0.20873785 2.19552449 0.76468056
v 0.19999998 2.73701099 1.12605522
v 0.19999998 2.20387753 0.75275116
v 0.19999998 2.19552449 0.76468056
v 0.19999998 2.72865794 1.13798462
v 0.80000000 2.20387753 0.75275116
v 0.20873785 2.20387753 0.75275116
v 0.20873785 2.19552449 0.76468056
v 0.80000000 2.19552449 0.76468056
v 0.20873785 2.19588060 0.74715163
v 0.80000000 2.19588060 0.74715163
v 0.80000000 2.18752755 0.75908103
v 0.20873785 2.18752755 0.75908103
v 0.19999998 2.20387753 0.75275116
v -0.39126215 2.20387753 0.75275116
v -0.39126215 2.19552449 0.76468056
v 0.19999998 2.19552449 0.76468056
v -0.39126215 2.19588060 0.74715163
v 0.19999998 2.19588060 0.74715163
v 0.19999998 2.18752755 0.75908103
v -0.39126215 2.18752755 0.75908103
v 0.20873785 1.65378484 0.36757211
v 0.20873785 2.19588060 0.74715163
v 0.20873785 2.18752755 0.75908103
v 0.20873785 1.64543180 0.37950151
v 0.19999998 2.19588060 0.74715163
v 0.19999998 1.65378484 0.36757211
v 0.19999998 1.64543180 0.37950151
v 0.19999998 2.18752755 0.75908103
v -0.39126215 1.65378484 0.36757211
v -0.39126215 2.19588060 0.74715163
v -0.39126215 2.18752755 0.75908103
v -0.39126215 1.64543180 0.37950151
v -0.40000001 1.65378484 0.36757211
v -0.39126215 1.65378484 0.36757211
v -0.39126215 1.64543180 0.37950151
v -0.40000001 1.64543180 0.37950151
v -0.40000001 2.19588060 0.74715163
v -0.40000001 1.65378484 0.36757211
v -0.40000001 1.64543180 0.37950151
v -0.40000001 2.18752755 0.75908103
v 0.80873784 1.65378484 0.36757211
v 0.80873784 2.19588060 0.74715163
v 0.80873784 2.18752755 0.75908103
v 0.80873784 1.64543180 0.37950151
v 0.80000000 2.19588060 0.74715163
v 0.80000000 1.65378484 0.36757211
v 0.80000000 1.64543180 0.37950151
v 0.80000000 2.18752755 0.75908103
v 0.80873784 2.20387753 0.75275116
v 0.80873784 2.73701099 1.12605522
v 0.80873784 2.72865794 1.13798462
v 0.80873784 2.19552449 0.76468056
v 0.80000000 2.73701099 1.12605522
v 0.80000000 2.20387753 0.75275116
v 0.80000000 2.19552449 0.76468056
v 0.80000000 2.72865794 1.13798462
v 0.80000000 1.65378484 0.36757211
v 0.20873785 1.65378484 0.36757211
v 0.20873785 1.64543180 0.37950151
v 0.80000000 1.64543180 0.37950151
v 0.20873785 1.64663249 0.36256399
v 0.80000000 1.64663249 0.36256399
v 0.80000000 1.63827945 0.37449339
v 0.20873785 1.63827945 0.37449339
v 0.80873784 1.09738344 -0.02202433
v 0.80873784 1.64663249 0.36256399
v 0.80873784 1.63827945 0.37449339
v 0.80873784 1.08903039 -0.01009496
v 0.80000000 1.64663249 0.36256399
v 0.80000000 1.09738344 -0.02202433
v 0.80000000 1.08903039 -0.01009496
v 0.80000000 1.63827945 0.37449339
v 0.20873785 1.09738344 -0.02202433
v 0.20873785 1.64663249 0.36256399
v 0.20873785 1.63827945 0.37449339
v 0.20873785 1.08903039 -0.01009496
v 0.19999998 1.64663249 0.36256399
v 0.19999998 1.09738344 -0.02202433
v 0.19999998 1.08903039 -0.01009496
v 0.19999998 1.63827945 0.37449339
v -0.39126215 1.65378484 0.36757211
v -0.39126215 1.64663249 0.36256399
v -0.39126215 1.63827945 0.37449339
v -0.39126215 1.64543180 0.37950151
v 0.19999998 1.65378484 0.36757211
v -0.39126215 1.65378484 0.36757211
v -0.39126215 1.64543180 0.37950151
v 0.19999998 1.64543180 0.37950151
v -0.39126215 1.64663249 0.36256399
v 0.19999998 1.64663249 0.36256399
v 0.19999998 1.63827945 0.37449339
v -0.39126215 1.63827945 0.37449339
v 0.20873785 1.09022580 -0.02703616
v 0.80000000 1.09022580 -0.02703616
v 0.80000000 1.08187275 -0.01510678
v 0.20873785 1.08187275 -0.01510678
v 0.80000000 1.09738344 -0.02202433
v 0.20873785 1.09738344 -0.02202433
v 0.20873785 1.08903039 -0.01009496
v 0.80000000 1.08903039 -0.01009496
v 0.80873784 1.09022580 -0.02703616
v 1.39999989 1.09022580 -0.02703616
v 1.39999989 1.08187275 -0.01510678
v 0.80873784 1.08187275 -0.01510678
v 1.39999989 1.09738344 -0.02202433
v 0.80873784 1.09738344 -0.02202433
v 0.80873784 1.08903039 -0.01009496
v 1.39999989 1.08903039 -0.01009496
v -0.39126215 1.09022580 -0.02703616
v 0.19999998 1.09022580 -0.02703616
v 0.19999998 1.08187275 -0.01510678
v -0.39126215 1.08187275 -0.01510678
v 0.19999998 1.09738344 -0.02202433
v -0.39126215 1.09738344 -0.02202433
v -0.39126215 1.08903039 -0.01009496
v 0.19999998 1.08903039 -0.01009496
v -0.39126215 1.64663249 0.36256399
v -0.40000001 1.64663249 0.36256399
v -0.40000001 1.63827945 0.37449339
v -0.39126215 1.63827945 0.37449339
v -0.39126215 1.09738344 -0.02202433
v -0.39126215 1.64663249 0.36256399
v -0.39126215 1.63827945 0.37449339
v -0.39126215 1.08903039 -0.01009496
v -0.40000001 1.64663249 0.36256399
v -0.40000001 1.09738344 -0.02202433
v -0.40000001 1.08903039 -0.01009496
v -0.40000001 1.63827945 0.37449339
v -0.63592234 1.01095149 0.20190767
v -0.70873787 1.01095149 0.20190767
v -0.63592234 0.42283456 -0.22767450
v -0.70873787 0.42283456 -0.22767450
v -0.70873787 0.42283456 -0.22767450
v -0.70873787 0.50636509 -0.34696848
v -0.70873787 0.51471816 -0.35889790
v -0.70873787 0.51471816 -0.35889790
v -1.00000000 0.51471816 -0.35889790
v -1.00000000 0.51471816 -0.35889790
v -1.00000000 0.53977733 -0.39468609
v -0.63592234 0.50636509 -0.34696848
v -0.63592234 0.42283456 -0.22767450
v -0.62135925 0.50636509 -0.34696848
v -0.63592234 0.50636509 -0.34696848
v -0.62135925 0.51471816 -0.35889790
v -0.62135925 0.50636509 -0.34696848
v 2.00000000 0.51471816 -0.35889790
v -0.62135925 0.81295318 -0.15007148
v -0.62135925 0.51471816 -0.35889790
v 2.00000000 0.53977733 -0.39468609
v 2.00000000 0.51471816 -0.35889790
v -0.70873787 0.98589974 0.18436625
v -0.63592234 0.98589974 0.18436625
v -0.70873787 2.61983215 1.31067976
v -0.70873787 1.09406210 0.24232406
v -0.63592234 1.09406210 0.24232406
v -0.63592234 2.61983215 1.31067976
v -0.63592234 2.70336271 1.19138578
v -0.62135925 2.70336271 1.19138578
v -0.62135925 2.70336271 1.19138578
v -0.62135925 2.71171576 1.17945636
v -0.62135925 2.71171576 1.17945636
v 2.00000000 2.71171576 1.17945636
v 2.00000000 2.71171576 1.17945636
v 2.00000000 2.73677492 1.14366819
v -0.70873787 2.70336271 1.19138578
v -0.70873787 2.61983215 1.31067976
v -0.70873787 2.71171576 1.17945636
v -1.00000000 2.71171576 1.17945636
v -0.70873787 2.71171576 1.17945636
v -1.00000000 2.73677492 1.14366819
v -1.00000000 2.71171576 1.17945636
v -0.75970872 1.08551022 0.25411426
v -0.75970872 0.98609854 0.18450545
v -0.70873787 0.98589974 0.18436625
v -0.70873787 1.08570902 0.25425346
v -0.63592234 1.06065729 0.23671205
v -0.63592234 1.01095149 0.20190767
v -0.63592234 1.08570902 0.25425346
v -0.70873787 1.08570902 0.25425346
v -0.63592234 1.08570902 0.25425346
v -0.63592234 1.09406210 0.24232406
v -0.70873787 1.09406210 0.24232406
v -0.63592234 0.98609854 0.18450545
v -0.63592234 1.08551022 0.25411426
v -0.61407765 1.08551022 0.25411426
v -0.61407765 0.98609854 0.18450545
v -0.61407765 0.99445161 0.17257606
v -0.61407765 1.09386329 0.24218486
v -0.63592234 1.08551022 0.25411426
v -0.61407765 1.08551022 0.25411426
v -0.63592234 0.98589974 0.18436625
v -0.70873787 0.98589974 0.18436625
v -0.70873787 0.99425281 0.17243686
v -0.63592234 0.99425281 0.17243686
v -0.63592234 0.98589974 0.18436625
v -0.75970872 0.98609854 0.18450545
v -0.75970872 1.08551022 0.25411426
v -0.75970872 1.09386329 0.24218486
v -0.75970872 0.99445161 0.17257606
v -0.70873787 0.98589974 0.18436625
v -0.75970872 0.98609854 0.18450545
v -0.75970872 0.99445161 0.17257606
v -0.70873787 0.99425281 0.17243686
v -0.70873787 1.08570902 0.25425346
v -0.70873787 0.98589974 0.18436625
v -0.70873787 0.99425281 0.17243686
v -0.70873787 1.09406210 0.24232406
v -0.75970872 1.08551022 0.25411426
v -0.70873787 1.08570902 0.25425346
v -0.70873787 1.09406210 0.24232406
v -0.75970872 1.09386329 0.24218486
v -0.70873787 0.99425281 0.17243686
v -0.75970872 0.99445161 0.17257606
v -0.75970872 1.09386329 0.24218486
v -0.70873787 1.09406210 0.24232406
v -0.75970872 0.99445161 0.17257606
v -0.75970872 0.91092106 0.29187003
v -0.07524273 2.18739147 1.00788153
v -0.07524273 2.07605041 0.92991967
v -0.17718448 2.07605041 0.92991967
v -0.17718448 2.18739147 1.00788153
v -0.61407765 2.09633284 0.92634332
v -0.46844659 2.09633284 0.92634332
v -0.63592234 2.08797979 0.93827272
v -0.61407765 2.08797979 0.93827272
v -0.63592234 2.18739147 1.00788153
v -0.63592234 2.08797979 0.93827272
v -0.61407765 2.08797979 0.93827272
v -0.61407765 2.18739147 1.00788153
v -0.61407765 2.07962674 0.95020212
v -0.61407765 2.17903840 1.01981092
v -0.61407765 2.18739147 1.00788153
v -0.61407765 2.08797979 0.93827272
v -0.63592234 2.61983215 1.31067976
v -0.63592234 2.70336271 1.19138578
v -0.61407765 2.19574452 0.99595213
v -0.61407765 2.09633284 0.92634332
v -0.61407765 2.08797979 0.93827272
v -0.61407765 2.18739147 1.00788153
v -0.61407765 1.10221634 0.23025546
v -0.61407765 1.00280466 0.16064666
v -0.61407765 0.99445161 0.17257606
v -0.61407765 1.09386329 0.24218486
vt 0.14179687 0.51041716
vt 0.14179687 0.50390625
vt 0.14453125 0.50390625
vt 0.14179687 0.51041716
vt 0.14453125 0.50390625
vt 0.14453125 0.51041716
vt 0.16015625 0.51041716
vt 0.16015625 0.50390625
vt 0.16289063 0.50390625
vt 0.16015625 0.51041716
vt 0.16289063 0.50390625
vt 0.16289063 0.51041716
vt 0.35312501 0.88802111
vt 0.35312501 0.88151014
vt 0.35859376 0.88151014
vt 0.35312501 0.88802111
vt 0.35859376 0.88151014
vt 0.35859376 0.88802111
vt 0.17578125 0.51041639
vt 0.17578125 0.51692736
vt 0.17304687 0.51692736
vt 0.17578125 0.51041639
vt 0.17304687 0.51692736
vt 0.17304687 0.51041639
vt 0.17304687 0.49739610999999995
vt 0.17578125 0.49739610999999995
vt 0.17578125 0.51041639
vt 0.17304687 0.49739610999999995
vt 0.17578125 0.51041639
vt 0.17304687 0.51041639
vt 0.32421875 0.51822889
vt 0.32421875 0.52083361
vt 0.32148439 0.52083361
vt 0.32421875 0.51822889
vt 0.32148439 0.52083361
vt 0.32148439 0.51822889
vt 0.32421875 0.50520784
vt 0.32421875 0.5078125
vt 0.32148439 0.5078125
vt 0.32421875 0.50520784
vt 0.32148439 0.5078125
vt 0.32148439 0.50520784
vt 0.14179687 0.51041716
vt 0.14453125 0.51041716
vt 0.14453125 0.5234375
vt 0.14179687 0.51041716
vt 0.14453125 0.5234375
vt 0.14179687 0.5234375
vt 0.18867187 0.51041639
vt 0.18867187 0.49739610999999995
vt 0.19414063 0.49739610999999995
vt 0.18867187 0.51041639
vt 0.19414063 0.49739610999999995
vt 0.19414063 0.51041639
vt 0.38945311 0.69270861
vt 0.38945311 0.69531327
vt 0.38398439 0.69531327
vt 0.38945311 0.69270861
vt 0.38398439 0.69531327
vt 0.38398439 0.69270861
vt 0.56093752 0.46614528
vt 0.56093752 0.46875
vt 0.55546874 0.46875
vt 0.56093752 0.46614528
vt 0.55546874 0.46875
vt 0.55546874 0.46614528
vt 0.20429687 0.5234375
vt 0.20429687 0.51041716
vt 0.20976563 0.51041716
vt 0.20429687 0.5234375
vt 0.20976563 0.51041716
vt 0.20976563 0.5234375
vt 0.38945311 0.51041639
vt 0.38945311 0.51692736
vt 0.38671875 0.51692736
vt 0.38945311 0.51041639
vt 0.38671875 0.51692736
vt 0.38671875 0.51041639
vt 0.38945311 0.51041639
vt 0.38671875 0.51041639
vt 0.38671875 0.49739610999999995
vt 0.38945311 0.51041639
vt 0.38671875 0.49739610999999995
vt 0.38945311 0.49739610999999995
vt 0.40507811 0.81770861
vt 0.40507811 0.82031327
vt 0.40234375 0.82031327
vt 0.40507811 0.81770861
vt 0.40234375 0.82031327
vt 0.40234375 0.81770861
vt 0.0234375 0.9765625
vt 0.0234375 0.984375
vt 0.015625 0.984375
vt 0.0234375 0.9765625
vt 0.015625 0.984375
vt 0.015625 0.9765625
vt 0.16289063 0.5234375
vt 0.16015625 0.5234375
vt 0.16015625 0.51041716
vt 0.16289063 0.5234375
vt 0.16015625 0.51041716
vt 0.16289063 0.51041716
vt 0.35859376 0.94010389
vt 0.35859376 0.94661486
vt 0.35312501 0.94661486
vt 0.35859376 0.94010389
vt 0.35312501 0.94661486
vt 0.35312501 0.94010389
vt 0.35312501 0.94010389
vt 0.35312501 0.92708361
vt 0.35859376 0.92708361
vt 0.35312501 0.94010389
vt 0.35859376 0.92708361
vt 0.35859376 0.94010389
vt 0.35859376 0.9140625
vt 0.35859376 0.91666716
vt 0.35312501 0.91666716
vt 0.35859376 0.9140625
vt 0.35312501 0.91666716
vt 0.35312501 0.9140625
vt 0.35859376 0.90104139
vt 0.35859376 0.90364611
vt 0.35312501 0.90364611
vt 0.35859376 0.90104139
vt 0.35312501 0.90364611
vt 0.35312501 0.90104139
vt 0.35312501 0.90104139
vt 0.35312501 0.88802111
vt 0.35859376 0.88802111
vt 0.35312501 0.90104139
vt 0.35859376 0.88802111
vt 0.35859376 0.90104139
vt 0.14453125 0.51041716
vt 0.14453125 0.50390625
vt 0.14726563 0.50390625
vt 0.14453125 0.51041716
vt 0.14726563 0.50390625
vt 0.14726563 0.51041716
vt 0.15742187 0.51041716
vt 0.15742187 0.50390625
vt 0.16015625 0.50390625
vt 0.15742187 0.51041716
vt 0.16015625 0.50390625
vt 0.16015625 0.51041716
vt 0.15742187 0.51041716
vt 0.16015625 0.51041716
vt 0.16015625 0.5234375
vt 0.15742187 0.51041716
vt 0.16015625 0.5234375
vt 0.15742187 0.5234375
vt 0.0234375 0.9453125
vt 0.0234375 0.953125
vt 0.015625 0.953125
vt 0.0234375 0.9453125
vt 0.015625 0.953125
vt 0.015625 0.9453125
vt 0.40234375 0.81770861
vt 0.40234375 0.82031327
vt 0.39960939 0.82031327
vt 0.40234375 0.81770861
vt 0.39960939 0.82031327
vt 0.39960939 0.81770861
vt 0.38398439 0.49739610999999995
vt 0.38671875 0.49739610999999995
vt 0.38671875 0.51041639
vt 0.38398439 0.49739610999999995
vt 0.38671875 0.51041639
vt 0.38398439 0.51041639
vt 0.38671875 0.51041639
vt 0.38671875 0.51692736
vt 0.38398439 0.51692736
vt 0.38671875 0.51041639
vt 0.38398439 0.51692736
vt 0.38398439 0.51041639
vt 0.17851563 0.51041639
vt 0.17851563 0.51692736
vt 0.17578125 0.51692736
vt 0.17851563 0.51041639
vt 0.17578125 0.51692736
vt 0.17578125 0.51041639
vt 0.17851563 0.51041639
vt 0.17578125 0.51041639
vt 0.17578125 0.49739610999999995
vt 0.17851563 0.51041639
vt 0.17578125 0.49739610999999995
vt 0.17851563 0.49739610999999995
vt 0.32695311 0.51822889
vt 0.32695311 0.52083361
vt 0.32421875 0.52083361
vt 0.32695311 0.51822889
vt 0.32421875 0.52083361
vt 0.32421875 0.51822889
vt 0.32695311 0.50520784
vt 0.32695311 0.5078125
vt 0.32421875 0.5078125
vt 0.32695311 0.50520784
vt 0.32421875 0.5078125
vt 0.32421875 0.50520784
vt 0.14726563 0.5234375
vt 0.14453125 0.5234375
vt 0.14453125 0.51041716
vt 0.14726563 0.5234375
vt 0.14453125 0.51041716
vt 0.14726563 0.51041716
vt 0.0546875 0.9765625
vt 0.0546875 0.984375
vt 0.046875 0.984375
vt 0.0546875 0.9765625
vt 0.046875 0.984375
vt 0.046875 0.9765625
vt 0.14726563 0.49739610999999995
vt 0.14726563 0.50390625
vt 0.14453125 0.50390625
vt 0.14726563 0.49739610999999995
vt 0.14453125 0.50390625
vt 0.14453125 0.49739610999999995
vt 0.14453125 0.49739610999999995
vt 0.14453125 0.50390625
vt 0.14179687 0.50390625
vt 0.14453125 0.49739610999999995
vt 0.14179687 0.50390625
vt 0.14179687 0.49739610999999995
vt 0.35859376 0.875
vt 0.35859376 0.88151014
vt 0.35312501 0.88151014
vt 0.35859376 0.875
vt 0.35312501 0.88151014
vt 0.35312501 0.875
vt 0.16289063 0.49739610999999995
vt 0.16289063 0.50390625
vt 0.16015625 0.50390625
vt 0.16289063 0.49739610999999995
vt 0.16015625 0.50390625
vt 0.16015625 0.49739610999999995
vt 0.16015625 0.49739610999999995
vt 0.16015625 0.50390625
vt 0.15742187 0.50390625
vt 0.16015625 0.49739610999999995
vt 0.15742187 0.50390625
vt 0.15742187 0.49739610999999995
vt 0.11054687 0.4453125
vt 0.11054687 0.43880235999999995
vt 0.11601563 0.43880235999999995
vt 0.11054687 0.4453125
vt 0.11601563 0.43880235999999995
vt 0.11601563 0.4453125
vt 0.38398439 0.5234375
vt 0.38398439 0.51692736
vt 0.38671875 0.51692736
vt 0.38398439 0.5234375
vt 0.38671875 0.51692736
vt 0.38671875 0.5234375
vt 0.38671875 0.5234375
vt 0.38671875 0.51692736
vt 0.38945311 0.51692736
vt 0.38671875 0.5234375
vt 0.38945311 0.51692736
vt 0.38945311 0.5234375
vt 0.35312501 0.953125
vt 0.35312501 0.94661486
vt 0.35859376 0.94661486
vt 0.35312501 0.953125
vt 0.35859376 0.94661486
vt 0.35859376 0.953125
vt 0.17304687 0.5234375
vt 0.17304687 0.51692736
vt 0.17578125 0.51692736
vt 0.17304687 0.5234375
vt 0.17578125 0.51692736
vt 0.17578125 0.5234375
vt 0.17578125 0.5234375
vt 0.17578125 0.51692736
vt 0.17851563 0.51692736
vt 0.17578125 0.5234375
vt 0.17851563 0.51692736
vt 0.17851563 0.5234375
vt 0.52578127 0.43398439999999994
vt 0.52578127 0.43671876
vt 0.52499998 0.43671876
vt 0.52578127 0.43398439999999994
vt 0.52499998 0.43671876
vt 0.52499998 0.43398439999999994
vt 0.33046874 0.43229139000000005
vt 0.33046874 0.43489610999999995
vt 0.32968751 0.43489610999999995
vt 0.33046874 0.43229139000000005
vt 0.32968751 0.43489610999999995
vt 0.32968751 0.43229139000000005
vt 0.52578127 0.43124998000000003
vt 0.52578127 0.43398439999999994
vt 0.52499998 0.43398439999999994
vt 0.52578127 0.43124998000000003
vt 0.52499998 0.43398439999999994
vt 0.52499998 0.43124998000000003
vt 0.34609374 0.43229139000000005
vt 0.34609374 0.43489610999999995
vt 0.34531251 0.43489610999999995
vt 0.34609374 0.43229139000000005
vt 0.34531251 0.43489610999999995
vt 0.34531251 0.43229139000000005
vt 0.54140627 0.43046874
vt 0.54140627 0.43320310000000006
vt 0.54062498 0.43320310000000006
vt 0.54140627 0.43046874
vt 0.54062498 0.43320310000000006
vt 0.54062498 0.43046874
vt 0.33046874 0.41927028
vt 0.33046874 0.421875
vt 0.32968751 0.421875
vt 0.33046874 0.41927028
vt 0.32968751 0.421875
vt 0.32968751 0.41927028
vt 0.54140627 0.43320310000000006
vt 0.54140627 0.43593751999999997
vt 0.54062498 0.43593751999999997
vt 0.54140627 0.43320310000000006
vt 0.54062498 0.43593751999999997
vt 0.54062498 0.43320310000000006
vt 0.34609374 0.41927028
vt 0.34609374 0.421875
vt 0.34531251 0.421875
vt 0.34609374 0.41927028
vt 0.34531251 0.421875
vt 0.34531251 0.41927028
vt 0.32773438 0.51822889
vt 0.32773438 0.52083361
vt 0.32695311 0.52083361
vt 0.32773438 0.51822889
vt 0.32695311 0.52083361
vt 0.32695311 0.51822889
vt 0.36171874 0.43229139000000005
vt 0.36171874 0.43489610999999995
vt 0.36093751 0.43489610999999995
vt 0.36171874 0.43229139000000005
vt 0.36093751 0.43489610999999995
vt 0.36093751 0.43229139000000005
vt 0.52578127 0.4375
vt 0.52499998 0.4375
vt 0.52499998 0.43671876
vt 0.52578127 0.4375
vt 0.52499998 0.43671876
vt 0.52578127 0.43671876
vt 0.32773438 0.50520784
vt 0.32773438 0.5078125
vt 0.32695311 0.5078125
vt 0.32773438 0.50520784
vt 0.32695311 0.5078125
vt 0.32695311 0.50520784
vt 0.54062498 0.4296875
vt 0.54140627 0.4296875
vt 0.54140627 0.43046874
vt 0.54062498 0.4296875
vt 0.54140627 0.43046874
vt 0.54062498 0.43046874
vt 0.36171874 0.41927028
vt 0.36171874 0.421875
vt 0.36093751 0.421875
vt 0.36171874 0.41927028
vt 0.36093751 0.421875
vt 0.36093751 0.41927028
vt 0.32148439 0.51822889
vt 0.32148439 0.52083361
vt 0.32070312 0.52083361
vt 0.32148439 0.51822889
vt 0.32070312 0.52083361
vt 0.32070312 0.51822889
vt 0.52499998 0.43046874
vt 0.52578127 0.43046874
vt 0.52578127 0.43124998000000003
vt 0.52499998 0.43046874
vt 0.52578127 0.43124998000000003
vt 0.52499998 0.43124998000000003
vt 0.55703127 0.62760389
vt 0.55703127 0.63020861
vt 0.55624998 0.63020861
vt 0.55703127 0.62760389
vt 0.55624998 0.63020861
vt 0.55624998 0.62760389
vt 0.32148439 0.50520784
vt 0.32148439 0.5078125
vt 0.32070312 0.5078125
vt 0.32148439 0.50520784
vt 0.32070312 0.5078125
vt 0.32070312 0.50520784
vt 0.55703127 0.61458284
vt 0.55703127 0.6171875
vt 0.55624998 0.6171875
vt 0.55703127 0.61458284
vt 0.55624998 0.6171875
vt 0.55624998 0.61458284
vt 0.54140627 0.43671876
vt 0.54062498 0.43671876
vt 0.54062498 0.43593751999999997
vt 0.54140627 0.43671876
vt 0.54062498 0.43593751999999997
vt 0.54140627 0.43593751999999997
vt 0.55546874 0.453125
vt 0.55546874 0.45052028
vt 0.56093752 0.45052028
vt 0.55546874 0.453125
vt 0.56093752 0.45052028
vt 0.56093752 0.453125
vt 0.38398439 0.703125
vt 0.38398439 0.70052111
vt 0.38945311 0.70052111
vt 0.38398439 0.703125
vt 0.38945311 0.70052111
vt 0.38945311 0.703125
vt 0.38398439 0.70052111
vt 0.38398439 0.69791716
vt 0.38945311 0.69791716
vt 0.38398439 0.70052111
vt 0.38945311 0.69791716
vt 0.38945311 0.70052111
vt 0.38398439 0.69791716
vt 0.38398439 0.69531327
vt 0.38945311 0.69531327
vt 0.38398439 0.69791716
vt 0.38945311 0.69531327
vt 0.38945311 0.69791716
vt 0.046875 0.953125
vt 0.046875 0.9453125
vt 0.0546875 0.9453125
vt 0.046875 0.953125
vt 0.0546875 0.9453125
vt 0.0546875 0.953125
vt 0.39960939 0.828125
vt 0.39960939 0.82552111
vt 0.40234375 0.82552111
vt 0.39960939 0.828125
vt 0.40234375 0.82552111
vt 0.40234375 0.828125
vt 0.39960939 0.82552111
vt 0.39960939 0.82291716
vt 0.40234375 0.82291716
vt 0.39960939 0.82552111
vt 0.40234375 0.82291716
vt 0.40234375 0.82552111
vt 0.39960939 0.82291716
vt 0.39960939 0.82031327
vt 0.40234375 0.82031327
vt 0.39960939 0.82291716
vt 0.40234375 0.82031327
vt 0.40234375 0.82291716
vt 0.078125 0.984375
vt 0.078125 0.9765625
vt 0.0859375 0.9765625
vt 0.078125 0.984375
vt 0.0859375 0.9765625
vt 0.0859375 0.984375
vt 0.40234375 0.828125
vt 0.40234375 0.82552111
vt 0.40507811 0.82552111
vt 0.40234375 0.828125
vt 0.40507811 0.82552111
vt 0.40507811 0.828125
vt 0.40234375 0.82552111
vt 0.40234375 0.82291716
vt 0.40507811 0.82291716
vt 0.40234375 0.82552111
vt 0.40507811 0.82291716
vt 0.40507811 0.82552111
vt 0.40234375 0.82291716
vt 0.40234375 0.82031327
vt 0.40507811 0.82031327
vt 0.40234375 0.82291716
vt 0.40507811 0.82031327
vt 0.40507811 0.82291716
vt 0.35312501 0.92708361
vt 0.35312501 0.92447889
vt 0.35859376 0.92447889
vt 0.35312501 0.92708361
vt 0.35859376 0.92447889
vt 0.35859376 0.92708361
vt 0.35312501 0.92447889
vt 0.35312501 0.921875
vt 0.35859376 0.921875
vt 0.35312501 0.92447889
vt 0.35859376 0.921875
vt 0.35859376 0.92447889
vt 0.35312501 0.921875
vt 0.35312501 0.91927111
vt 0.35859376 0.91927111
vt 0.35312501 0.921875
vt 0.35859376 0.91927111
vt 0.35859376 0.921875
vt 0.35312501 0.91927111
vt 0.35312501 0.91666716
vt 0.35859376 0.91666716
vt 0.35312501 0.91927111
vt 0.35859376 0.91666716
vt 0.35859376 0.91927111
vt 0.55624998 0.640625
vt 0.55624998 0.63802034
vt 0.55703127 0.63802034
vt 0.55624998 0.640625
vt 0.55703127 0.63802034
vt 0.55703127 0.640625
vt 0.55624998 0.63802034
vt 0.55624998 0.63541639
vt 0.55703127 0.63541639
vt 0.55624998 0.63802034
vt 0.55703127 0.63541639
vt 0.55703127 0.63802034
vt 0.55624998 0.63541639
vt 0.55624998 0.6328125
vt 0.55703127 0.6328125
vt 0.55624998 0.63541639
vt 0.55703127 0.6328125
vt 0.55703127 0.63541639
vt 0.55624998 0.6328125
vt 0.55624998 0.63020861
vt 0.55703127 0.63020861
vt 0.55624998 0.6328125
vt 0.55703127 0.63020861
vt 0.55703127 0.6328125
vt 0.34531251 0.4453125
vt 0.34531251 0.44270778
vt 0.34609374 0.44270778
vt 0.34531251 0.4453125
vt 0.34609374 0.44270778
vt 0.34609374 0.4453125
vt 0.34531251 0.44270778
vt 0.34531251 0.44010389000000005
vt 0.34609374 0.44010389000000005
vt 0.34531251 0.44270778
vt 0.34609374 0.44010389000000005
vt 0.34609374 0.44270778
vt 0.34531251 0.44010389000000005
vt 0.34531251 0.4375
vt 0.34609374 0.4375
vt 0.34531251 0.44010389000000005
vt 0.34609374 0.4375
vt 0.34609374 0.44010389000000005
vt 0.34531251 0.4375
vt 0.34531251 0.43489610999999995
vt 0.34609374 0.43489610999999995
vt 0.34531251 0.4375
vt 0.34609374 0.43489610999999995
vt 0.34609374 0.4375
vt 0.32070312 0.53125
vt 0.32070312 0.52864534
vt 0.32148439 0.52864534
vt 0.32070312 0.53125
vt 0.32148439 0.52864534
vt 0.32148439 0.53125
vt 0.32070312 0.52864534
vt 0.32070312 0.52604139
vt 0.32148439 0.52604139
vt 0.32070312 0.52864534
vt 0.32148439 0.52604139
vt 0.32148439 0.52864534
vt 0.32070312 0.52604139
vt 0.32070312 0.5234375
vt 0.32148439 0.5234375
vt 0.32070312 0.52604139
vt 0.32148439 0.5234375
vt 0.32148439 0.52604139
vt 0.32070312 0.5234375
vt 0.32070312 0.52083361
vt 0.32148439 0.52083361
vt 0.32070312 0.5234375
vt 0.32148439 0.52083361
vt 0.32148439 0.5234375
vt 0.32148439 0.53125
vt 0.32148439 0.52864534
vt 0.32421875 0.52864534
vt 0.32148439 0.53125
vt 0.32421875 0.52864534
vt 0.32421875 0.53125
vt 0.32148439 0.52864534
vt 0.32148439 0.52604139
vt 0.32421875 0.52604139
vt 0.32148439 0.52864534
vt 0.32421875 0.52604139
vt 0.32421875 0.52864534
vt 0.32148439 0.52604139
vt 0.32148439 0.5234375
vt 0.32421875 0.5234375
vt 0.32148439 0.52604139
vt 0.32421875 0.5234375
vt 0.32421875 0.52604139
vt 0.32148439 0.5234375
vt 0.32148439 0.52083361
vt 0.32421875 0.52083361
vt 0.32148439 0.5234375
vt 0.32421875 0.52083361
vt 0.32421875 0.5234375
vt 0.32421875 0.53125
vt 0.32421875 0.52864534
vt 0.32695311 0.52864534
vt 0.32421875 0.53125
vt 0.32695311 0.52864534
vt 0.32695311 0.53125
vt 0.32421875 0.52864534
vt 0.32421875 0.52604139
vt 0.32695311 0.52604139
vt 0.32421875 0.52864534
vt 0.32695311 0.52604139
vt 0.32695311 0.52864534
vt 0.32421875 0.52604139
vt 0.32421875 0.5234375
vt 0.32695311 0.5234375
vt 0.32421875 0.52604139
vt 0.32695311 0.5234375
vt 0.32695311 0.52604139
vt 0.32421875 0.5234375
vt 0.32421875 0.52083361
vt 0.32695311 0.52083361
vt 0.32421875 0.5234375
vt 0.32695311 0.52083361
vt 0.32695311 0.5234375
vt 0.32695311 0.53125
vt 0.32695311 0.52864534
vt 0.32773438 0.52864534
vt 0.32695311 0.53125
vt 0.32773438 0.52864534
vt 0.32773438 0.53125
vt 0.32695311 0.52864534
vt 0.32695311 0.52604139
vt 0.32773438 0.52604139
vt 0.32695311 0.52864534
vt 0.32773438 0.52604139
vt 0.32773438 0.52864534
vt 0.32695311 0.52604139
vt 0.32695311 0.5234375
vt 0.32773438 0.5234375
vt 0.32695311 0.52604139
vt 0.32773438 0.5234375
vt 0.32773438 0.52604139
vt 0.32695311 0.5234375
vt 0.32695311 0.52083361
vt 0.32773438 0.52083361
vt 0.32695311 0.5234375
vt 0.32773438 0.52083361
vt 0.32773438 0.5234375
vt 0.32968751 0.4453125
vt 0.32968751 0.44270778
vt 0.33046874 0.44270778
vt 0.32968751 0.4453125
vt 0.33046874 0.44270778
vt 0.33046874 0.4453125
vt 0.32968751 0.44270778
vt 0.32968751 0.44010389000000005
vt 0.33046874 0.44010389000000005
vt 0.32968751 0.44270778
vt 0.33046874 0.44010389000000005
vt 0.33046874 0.44270778
vt 0.32968751 0.44010389000000005
vt 0.32968751 0.4375
vt 0.33046874 0.4375
vt 0.32968751 0.44010389000000005
vt 0.33046874 0.4375
vt 0.33046874 0.44010389000000005
vt 0.32968751 0.4375
vt 0.32968751 0.43489610999999995
vt 0.33046874 0.43489610999999995
vt 0.32968751 0.4375
vt 0.33046874 0.43489610999999995
vt 0.33046874 0.4375
vt 0.36093751 0.4453125
vt 0.36093751 0.44270778
vt 0.36171874 0.44270778
vt 0.36093751 0.4453125
vt 0.36171874 0.44270778
vt 0.36171874 0.4453125
vt 0.36093751 0.44270778
vt 0.36093751 0.44010389000000005
vt 0.36171874 0.44010389000000005
vt 0.36093751 0.44270778
vt 0.36171874 0.44010389000000005
vt 0.36171874 0.44270778
vt 0.36093751 0.44010389000000005
vt 0.36093751 0.4375
vt 0.36171874 0.4375
vt 0.36093751 0.44010389000000005
vt 0.36171874 0.4375
vt 0.36171874 0.44010389000000005
vt 0.36093751 0.4375
vt 0.36093751 0.43489610999999995
vt 0.36171874 0.43489610999999995
vt 0.36093751 0.4375
vt 0.36171874 0.43489610999999995
vt 0.36171874 0.4375
vt 0.38398439 0.69270861
vt 0.38398439 0.69010466
vt 0.38945311 0.69010466
vt 0.38398439 0.69270861
vt 0.38945311 0.69010466
vt 0.38945311 0.69270861
vt 0.38398439 0.69010466
vt 0.38398439 0.68750077
vt 0.38945311 0.68750077
vt 0.38398439 0.69010466
vt 0.38945311 0.68750077
vt 0.38945311 0.69010466
vt 0.38398439 0.68750077
vt 0.38398439 0.68489611
vt 0.38945311 0.68489611
vt 0.38398439 0.68750077
vt 0.38945311 0.68489611
vt 0.38945311 0.68750077
vt 0.38398439 0.68489611
vt 0.38398439 0.68229216
vt 0.38945311 0.68229216
vt 0.38398439 0.68489611
vt 0.38945311 0.68229216
vt 0.38945311 0.68489611
vt 0.39960939 0.81770861
vt 0.39960939 0.81510466
vt 0.40234375 0.81510466
vt 0.39960939 0.81770861
vt 0.40234375 0.81510466
vt 0.40234375 0.81770861
vt 0.39960939 0.81510466
vt 0.39960939 0.81250077
vt 0.40234375 0.81250077
vt 0.39960939 0.81510466
vt 0.40234375 0.81250077
vt 0.40234375 0.81510466
vt 0.39960939 0.81250077
vt 0.39960939 0.80989611
vt 0.40234375 0.80989611
vt 0.39960939 0.81250077
vt 0.40234375 0.80989611
vt 0.40234375 0.81250077
vt 0.39960939 0.80989611
vt 0.39960939 0.80729216
vt 0.40234375 0.80729216
vt 0.39960939 0.80989611
vt 0.40234375 0.80729216
vt 0.40234375 0.80989611
vt 0.40234375 0.81770861
vt 0.40234375 0.81510466
vt 0.40507811 0.81510466
vt 0.40234375 0.81770861
vt 0.40507811 0.81510466
vt 0.40507811 0.81770861
vt 0.40234375 0.81510466
vt 0.40234375 0.81250077
vt 0.40507811 0.81250077
vt 0.40234375 0.81510466
vt 0.40507811 0.81250077
vt 0.40507811 0.81510466
vt 0.40234375 0.81250077
vt 0.40234375 0.80989611
vt 0.40507811 0.80989611
vt 0.40234375 0.81250077
vt 0.40507811 0.80989611
vt 0.40507811 0.81250077
vt 0.40234375 0.80989611
vt 0.40234375 0.80729216
vt 0.40507811 0.80729216
vt 0.40234375 0.80989611
vt 0.40507811 0.80729216
vt 0.40507811 0.80989611
vt 0.35312501 0.9140625
vt 0.35312501 0.91145861
vt 0.35859376 0.91145861
vt 0.35312501 0.9140625
vt 0.35859376 0.91145861
vt 0.35859376 0.9140625
vt 0.35312501 0.91145861
vt 0.35312501 0.90885466
vt 0.35859376 0.90885466
vt 0.35312501 0.91145861
vt 0.35859376 0.90885466
vt 0.35859376 0.91145861
vt 0.35312501 0.90885466
vt 0.35312501 0.90625
vt 0.35859376 0.90625
vt 0.35312501 0.90885466
vt 0.35859376 0.90625
vt 0.35859376 0.90885466
vt 0.35312501 0.90625
vt 0.35312501 0.90364611
vt 0.35859376 0.90364611
vt 0.35312501 0.90625
vt 0.35859376 0.90364611
vt 0.35859376 0.90625
vt 0.55624998 0.62760389
vt 0.55624998 0.625
vt 0.55703127 0.625
vt 0.55624998 0.62760389
vt 0.55703127 0.625
vt 0.55703127 0.62760389
vt 0.55624998 0.625
vt 0.55624998 0.62239611
vt 0.55703127 0.62239611
vt 0.55624998 0.625
vt 0.55703127 0.62239611
vt 0.55703127 0.625
vt 0.55624998 0.62239611
vt 0.55624998 0.61979139
vt 0.55703127 0.61979139
vt 0.55624998 0.62239611
vt 0.55703127 0.61979139
vt 0.55703127 0.62239611
vt 0.55624998 0.61979139
vt 0.55624998 0.6171875
vt 0.55703127 0.6171875
vt 0.55624998 0.61979139
vt 0.55703127 0.6171875
vt 0.55703127 0.61979139
vt 0.34531251 0.43229139000000005
vt 0.34531251 0.4296875
vt 0.34609374 0.4296875
vt 0.34531251 0.43229139000000005
vt 0.34609374 0.4296875
vt 0.34609374 0.43229139000000005
vt 0.34531251 0.4296875
vt 0.34531251 0.42708360999999995
vt 0.34609374 0.42708360999999995
vt 0.34531251 0.4296875
vt 0.34609374 0.42708360999999995
vt 0.34609374 0.4296875
vt 0.34531251 0.42708360999999995
vt 0.34531251 0.42447889000000005
vt 0.34609374 0.42447889000000005
vt 0.34531251 0.42708360999999995
vt 0.34609374 0.42447889000000005
vt 0.34609374 0.42708360999999995
vt 0.34531251 0.42447889000000005
vt 0.34531251 0.421875
vt 0.34609374 0.421875
vt 0.34531251 0.42447889000000005
vt 0.34609374 0.421875
vt 0.34609374 0.42447889000000005
vt 0.32070312 0.51822889
vt 0.32070312 0.515625
vt 0.32148439 0.515625
vt 0.32070312 0.51822889
vt 0.32148439 0.515625
vt 0.32148439 0.51822889
vt 0.32070312 0.515625
vt 0.32070312 0.51302111
vt 0.32148439 0.51302111
vt 0.32070312 0.515625
vt 0.32148439 0.51302111
vt 0.32148439 0.515625
vt 0.32070312 0.51302111
vt 0.32070312 0.51041639
vt 0.32148439 0.51041639
vt 0.32070312 0.51302111
vt 0.32148439 0.51041639
vt 0.32148439 0.51302111
vt 0.32070312 0.51041639
vt 0.32070312 0.5078125
vt 0.32148439 0.5078125
vt 0.32070312 0.51041639
vt 0.32148439 0.5078125
vt 0.32148439 0.51041639
vt 0.32148439 0.51822889
vt 0.32148439 0.515625
vt 0.32421875 0.515625
vt 0.32148439 0.51822889
vt 0.32421875 0.515625
vt 0.32421875 0.51822889
vt 0.32148439 0.515625
vt 0.32148439 0.51302111
vt 0.32421875 0.51302111
vt 0.32148439 0.515625
vt 0.32421875 0.51302111
vt 0.32421875 0.515625
vt 0.32148439 0.51302111
vt 0.32148439 0.51041639
vt 0.32421875 0.51041639
vt 0.32148439 0.51302111
vt 0.32421875 0.51041639
vt 0.32421875 0.51302111
vt 0.32148439 0.51041639
vt 0.32148439 0.5078125
vt 0.32421875 0.5078125
vt 0.32148439 0.51041639
vt 0.32421875 0.5078125
vt 0.32421875 0.51041639
vt 0.32421875 0.51822889
vt 0.32421875 0.515625
vt 0.32695311 0.515625
vt 0.32421875 0.51822889
vt 0.32695311 0.515625
vt 0.32695311 0.51822889
vt 0.32421875 0.515625
vt 0.32421875 0.51302111
vt 0.32695311 0.51302111
vt 0.32421875 0.515625
vt 0.32695311 0.51302111
vt 0.32695311 0.515625
vt 0.32421875 0.51302111
vt 0.32421875 0.51041639
vt 0.32695311 0.51041639
vt 0.32421875 0.51302111
vt 0.32695311 0.51041639
vt 0.32695311 0.51302111
vt 0.32421875 0.51041639
vt 0.32421875 0.5078125
vt 0.32695311 0.5078125
vt 0.32421875 0.51041639
vt 0.32695311 0.5078125
vt 0.32695311 0.51041639
vt 0.32695311 0.51822889
vt 0.32695311 0.515625
vt 0.32773438 0.515625
vt 0.32695311 0.51822889
vt 0.32773438 0.515625
vt 0.32773438 0.51822889
vt 0.32695311 0.515625
vt 0.32695311 0.51302111
vt 0.32773438 0.51302111
vt 0.32695311 0.515625
vt 0.32773438 0.51302111
vt 0.32773438 0.515625
vt 0.32695311 0.51302111
vt 0.32695311 0.51041639
vt 0.32773438 0.51041639
vt 0.32695311 0.51302111
vt 0.32773438 0.51041639
vt 0.32773438 0.51302111
vt 0.32695311 0.51041639
vt 0.32695311 0.5078125
vt 0.32773438 0.5078125
vt 0.32695311 0.51041639
vt 0.32773438 0.5078125
vt 0.32773438 0.51041639
vt 0.32968751 0.43229139000000005
vt 0.32968751 0.4296875
vt 0.33046874 0.4296875
vt 0.32968751 0.43229139000000005
vt 0.33046874 0.4296875
vt 0.33046874 0.43229139000000005
vt 0.32968751 0.4296875
vt 0.32968751 0.42708360999999995
vt 0.33046874 0.42708360999999995
vt 0.32968751 0.4296875
vt 0.33046874 0.42708360999999995
vt 0.33046874 0.4296875
vt 0.32968751 0.42708360999999995
vt 0.32968751 0.42447889000000005
vt 0.33046874 0.42447889000000005
vt 0.32968751 0.42708360999999995
vt 0.33046874 0.42447889000000005
vt 0.33046874 0.42708360999999995
vt 0.32968751 0.42447889000000005
vt 0.32968751 0.421875
vt 0.33046874 0.421875
vt 0.32968751 0.42447889000000005
vt 0.33046874 0.421875
vt 0.33046874 0.42447889000000005
vt 0.36093751 0.43229139000000005
vt 0.36093751 0.4296875
vt 0.36171874 0.4296875
vt 0.36093751 0.43229139000000005
vt 0.36171874 0.4296875
vt 0.36171874 0.43229139000000005
vt 0.36093751 0.4296875
vt 0.36093751 0.42708360999999995
vt 0.36171874 0.42708360999999995
vt 0.36093751 0.4296875
vt 0.36171874 0.42708360999999995
vt 0.36171874 0.4296875
vt 0.36093751 0.42708360999999995
vt 0.36093751 0.42447889000000005
vt 0.36171874 0.42447889000000005
vt 0.36093751 0.42708360999999995
vt 0.36171874 0.42447889000000005
vt 0.36171874 0.42708360999999995
vt 0.36093751 0.42447889000000005
vt 0.36093751 0.421875
vt 0.36171874 0.421875
vt 0.36093751 0.42447889000000005
vt 0.36171874 0.421875
vt 0.36171874 0.42447889000000005
vt 0.0859375 0.9453125
vt 0.0859375 0.953125
vt 0.078125 0.953125
vt 0.0859375 0.9453125
vt 0.078125 0.953125
vt 0.078125 0.9453125
vt 0.1109375 0.42578125
vt 0.11640625 0.42578125
vt 0.11640625 0.42656249
vt 0.1109375 0.42578125
vt 0.11640625 0.42656249
vt 0.1109375 0.42656249
vt 0.015625 0.9140625
vt 0.015625 0.90625
vt 0.0234375 0.90625
vt 0.015625 0.9140625
vt 0.0234375 0.90625
vt 0.0234375 0.9140625
vt 0.57734376 0.890625
vt 0.57187498 0.890625
vt 0.57187498 0.88984376
vt 0.57734376 0.890625
vt 0.57187498 0.88984376
vt 0.57734376 0.88984376
vt 0.0546875 0.90625
vt 0.0546875 0.9140625
vt 0.046875 0.9140625
vt 0.0546875 0.90625
vt 0.046875 0.9140625
vt 0.046875 0.90625
vt 0.078125 0.9140625
vt 0.078125 0.90625
vt 0.0859375 0.90625
vt 0.078125 0.9140625
vt 0.0859375 0.90625
vt 0.0859375 0.9140625
vt 0.109375 0.984375
vt 0.109375 0.9765625
vt 0.1171875 0.9765625
vt 0.109375 0.984375
vt 0.1171875 0.9765625
vt 0.1171875 0.984375
vt 0.109375 0.953125
vt 0.109375 0.9453125
vt 0.1171875 0.9453125
vt 0.109375 0.953125
vt 0.1171875 0.9453125
vt 0.1171875 0.953125
vt 0.1171875 0.90625
vt 0.1171875 0.9140625
vt 0.109375 0.9140625
vt 0.1171875 0.90625
vt 0.109375 0.9140625
vt 0.109375 0.90625
vt 0.015625 0.8828125
vt 0.015625 0.875
vt 0.0234375 0.875
vt 0.015625 0.8828125
vt 0.0234375 0.875
vt 0.0234375 0.8828125
vt 0.35234374 0.92708361
vt 0.35234374 0.92447889
vt 0.35312501 0.92447889
vt 0.35234374 0.92708361
vt 0.35312501 0.92447889
vt 0.35312501 0.92708361
vt 0.046875 0.8828125
vt 0.046875 0.875
vt 0.0546875 0.875
vt 0.046875 0.8828125
vt 0.0546875 0.875
vt 0.0546875 0.8828125
vt 0.56171876 0.45052028
vt 0.56171876 0.453125
vt 0.56093752 0.453125
vt 0.56171876 0.45052028
vt 0.56093752 0.453125
vt 0.56093752 0.45052028
vt 0.11015625 0.42656249
vt 0.11015625 0.42578125
vt 0.1109375 0.42578125
vt 0.11015625 0.42656249
vt 0.1109375 0.42578125
vt 0.1109375 0.42656249
vt 0.078125 0.8828125
vt 0.078125 0.875
vt 0.0859375 0.875
vt 0.078125 0.8828125
vt 0.0859375 0.875
vt 0.0859375 0.8828125
vt 0.57109374 0.890625
vt 0.57109374 0.88984376
vt 0.57187498 0.88984376
vt 0.57109374 0.890625
vt 0.57187498 0.88984376
vt 0.57187498 0.890625
vt 0.109375 0.8828125
vt 0.109375 0.875
vt 0.1171875 0.875
vt 0.109375 0.8828125
vt 0.1171875 0.875
vt 0.1171875 0.8828125
vt 0.13203125 0.4296875
vt 0.12656251 0.4296875
vt 0.12656251 0.42890626
vt 0.13203125 0.4296875
vt 0.12656251 0.42890626
vt 0.13203125 0.42890626
vt 0.1484375 0.9765625
vt 0.1484375 0.984375
vt 0.140625 0.984375
vt 0.1484375 0.9765625
vt 0.140625 0.984375
vt 0.140625 0.9765625
vt 0.57187498 0.87109375
vt 0.57734376 0.87109375
vt 0.57734376 0.87187499
vt 0.57187498 0.87109375
vt 0.57734376 0.87187499
vt 0.57187498 0.87187499
vt 0.140625 0.953125
vt 0.140625 0.9453125
vt 0.1484375 0.9453125
vt 0.140625 0.953125
vt 0.1484375 0.9453125
vt 0.1484375 0.953125
vt 0.140625 0.9140625
vt 0.140625 0.90625
vt 0.1484375 0.90625
vt 0.140625 0.9140625
vt 0.1484375 0.90625
vt 0.1484375 0.9140625
vt 0.1484375 0.875
vt 0.1484375 0.8828125
vt 0.140625 0.8828125
vt 0.1484375 0.875
vt 0.140625 0.8828125
vt 0.140625 0.875
vt 0.2109375 0.859375
vt 0.2109375 0.8515625
vt 0.21875 0.8515625
vt 0.2109375 0.859375
vt 0.21875 0.8515625
vt 0.21875 0.859375
vt 0.35234374 0.90364611
vt 0.35234374 0.90104139
vt 0.35312501 0.90104139
vt 0.35234374 0.90364611
vt 0.35312501 0.90104139
vt 0.35312501 0.90364611
vt 0.2734375 0.8359375
vt 0.2734375 0.828125
vt 0.28125 0.828125
vt 0.2734375 0.8359375
vt 0.28125 0.828125
vt 0.28125 0.8359375
vt 0.3203125 0.8515625
vt 0.3203125 0.859375
vt 0.3125 0.859375
vt 0.3203125 0.8515625
vt 0.3125 0.859375
vt 0.3125 0.8515625
vt 0.09375 0.4921875
vt 0.09375 0.484375
vt 0.1015625 0.484375
vt 0.09375 0.4921875
vt 0.1015625 0.484375
vt 0.1015625 0.4921875
vt 0.56171876 0.46614528
vt 0.56171876 0.46875
vt 0.56093752 0.46875
vt 0.56171876 0.46614528
vt 0.56093752 0.46875
vt 0.56093752 0.46614528
vt 0.57109374 0.87187499
vt 0.57109374 0.87109375
vt 0.57187498 0.87109375
vt 0.57109374 0.87187499
vt 0.57187498 0.87109375
vt 0.57187498 0.87187499
vt 0.125 0.4921875
vt 0.125 0.484375
vt 0.1328125 0.484375
vt 0.125 0.4921875
vt 0.1328125 0.484375
vt 0.1328125 0.4921875
vt 0.12578125 0.4296875
vt 0.12578125 0.42890626
vt 0.12656251 0.42890626
vt 0.12578125 0.4296875
vt 0.12656251 0.42890626
vt 0.12656251 0.4296875
vt 0.56132811 0.99921876
vt 0.55585939 0.99921876
vt 0.55585939 0.99140626
vt 0.56132811 0.99921876
vt 0.55585939 0.99140626
vt 0.56132811 0.99140626
vt 0.39960939 0.86406249
vt 0.40507811 0.86406249
vt 0.40507811 0.87187499
vt 0.39960939 0.86406249
vt 0.40507811 0.87187499
vt 0.39960939 0.87187499
vt 0.3828125 0.88411486
vt 0.390625 0.88411486
vt 0.390625 0.890625
vt 0.3828125 0.88411486
vt 0.390625 0.890625
vt 0.3828125 0.890625
vt 0.39960939 0.87187499
vt 0.39179689 0.87187499
vt 0.39179689 0.86406249
vt 0.39960939 0.87187499
vt 0.39179689 0.86406249
vt 0.39960939 0.86406249
vt 0.5 0.546875
vt 0.4921875 0.546875
vt 0.4921875 0.54036486
vt 0.5 0.546875
vt 0.4921875 0.54036486
vt 0.5 0.54036486
vt 0.203125 0.87421876
vt 0.1953125 0.87421876
vt 0.1953125 0.86640626
vt 0.203125 0.87421876
vt 0.1953125 0.86640626
vt 0.203125 0.86640626
vt 0.5078125 0.6328125
vt 0.515625 0.6328125
vt 0.515625 0.640625
vt 0.5078125 0.6328125
vt 0.515625 0.640625
vt 0.5078125 0.640625
vt 0.40507811 0.85078126
vt 0.39960939 0.85078126
vt 0.39960939 0.84296876
vt 0.40507811 0.85078126
vt 0.39960939 0.84296876
vt 0.40507811 0.84296876
vt 0.4921875 0.75130236
vt 0.5 0.75130236
vt 0.5 0.7578125
vt 0.4921875 0.75130236
vt 0.5 0.7578125
vt 0.4921875 0.7578125
vt 0.4453125 0.68437499
vt 0.4375 0.68437499
vt 0.4375 0.67656249
vt 0.4453125 0.68437499
vt 0.4375 0.67656249
vt 0.4453125 0.67656249
vt 0.5 0.53125
vt 0.4921875 0.53125
vt 0.4921875 0.52473986
vt 0.5 0.53125
vt 0.4921875 0.52473986
vt 0.5 0.52473986
vt 0.39960939 0.85078126
vt 0.39179689 0.85078126
vt 0.39179689 0.84296876
vt 0.39960939 0.85078126
vt 0.39179689 0.84296876
vt 0.39960939 0.84296876
vt 0.515625 0.625
vt 0.5078125 0.625
vt 0.5078125 0.6171875
vt 0.515625 0.625
vt 0.5078125 0.6171875
vt 0.515625 0.6171875
vt 0.57265627 0.765625
vt 0.56484377 0.765625
vt 0.56484377 0.76484376
vt 0.57265627 0.765625
vt 0.56484377 0.76484376
vt 0.57265627 0.76484376
vt 0.57187498 0.75
vt 0.56406248 0.75
vt 0.56406248 0.74921876
vt 0.57187498 0.75
vt 0.56406248 0.74921876
vt 0.57187498 0.74921876
vt 0.5078125 0.609375
vt 0.5078125 0.6015625
vt 0.515625 0.6015625
vt 0.5078125 0.609375
vt 0.515625 0.6015625
vt 0.515625 0.609375
vt 0.515625 0.59375
vt 0.5078125 0.59375
vt 0.5078125 0.5859375
vt 0.515625 0.59375
vt 0.5078125 0.5859375
vt 0.515625 0.5859375
vt 0.515625 0.5703125
vt 0.515625 0.578125
vt 0.5078125 0.578125
vt 0.515625 0.5703125
vt 0.5078125 0.578125
vt 0.5078125 0.5703125
vt 0.39960939 0.86328125
vt 0.40507811 0.86328125
vt 0.40507811 0.86406249
vt 0.39960939 0.86328125
vt 0.40507811 0.86406249
vt 0.39960939 0.86406249
vt 0.56132811 1
vt 0.55585939 1
vt 0.55585939 0.99921876
vt 0.56132811 1
vt 0.55585939 0.99921876
vt 0.56132811 0.99921876
vt 0.57265627 0.74921876
vt 0.57265627 0.75
vt 0.57187498 0.75
vt 0.57265627 0.74921876
vt 0.57187498 0.75
vt 0.57187498 0.74921876
vt 0.5078125 0.5546875
vt 0.515625 0.5546875
vt 0.515625 0.5625
vt 0.5078125 0.5546875
vt 0.515625 0.5625
vt 0.5078125 0.5625
vt 0.56406248 0.765625
vt 0.56406248 0.76484376
vt 0.56484377 0.76484376
vt 0.56406248 0.765625
vt 0.56484377 0.76484376
vt 0.56484377 0.765625
vt 0.39296874 0.43098985999999995
vt 0.39296874 0.4375
vt 0.39218751 0.4375
vt 0.39296874 0.43098985999999995
vt 0.39218751 0.4375
vt 0.39218751 0.43098985999999995
vt 0.5078125 0.5390625
vt 0.515625 0.5390625
vt 0.515625 0.546875
vt 0.5078125 0.5390625
vt 0.515625 0.546875
vt 0.5078125 0.546875
vt 0.44687501 0.4375
vt 0.44687501 0.43098985999999995
vt 0.44765624 0.43098985999999995
vt 0.44687501 0.4375
vt 0.44765624 0.43098985999999995
vt 0.44765624 0.4375
vt 0.40507811 0.8515625
vt 0.39960939 0.8515625
vt 0.39960939 0.85078126
vt 0.40507811 0.8515625
vt 0.39960939 0.85078126
vt 0.40507811 0.85078126
vt 0.5078125 0.5078125
vt 0.515625 0.5078125
vt 0.515625 0.515625
vt 0.5078125 0.5078125
vt 0.515625 0.515625
vt 0.5078125 0.515625
vt 0.5078125 0.4921875
vt 0.515625 0.4921875
vt 0.515625 0.5
vt 0.5078125 0.4921875
vt 0.515625 0.5
vt 0.5078125 0.5
vt 0.11054687 0.4380210600000001
vt 0.11601563 0.4380210600000001
vt 0.11601563 0.43880235999999995
vt 0.11054687 0.4380210600000001
vt 0.11601563 0.43880235999999995
vt 0.11054687 0.43880235999999995
vt 0.39218751 0.4302085600000001
vt 0.39296874 0.4302085600000001
vt 0.39296874 0.43098985999999995
vt 0.39218751 0.4302085600000001
vt 0.39296874 0.43098985999999995
vt 0.39218751 0.43098985999999995
vt 0.44687501 0.4302085600000001
vt 0.44765624 0.4302085600000001
vt 0.44765624 0.43098985999999995
vt 0.44687501 0.4302085600000001
vt 0.44765624 0.43098985999999995
vt 0.44687501 0.43098985999999995
vt 0.19414063 0.51041639
vt 0.19414063 0.51692736
vt 0.18867187 0.51692736
vt 0.19414063 0.51041639
vt 0.18867187 0.51692736
vt 0.18867187 0.51041639
vt 0.18867187 0.51692736
vt 0.19414063 0.51692736
vt 0.19414063 0.5234375
vt 0.18867187 0.51692736
vt 0.19414063 0.5234375
vt 0.18867187 0.5234375
vt 0.20429687 0.51041716
vt 0.20429687 0.50390625
vt 0.20976563 0.50390625
vt 0.20429687 0.51041716
vt 0.20976563 0.50390625
vt 0.20976563 0.51041716
vt 0.20976563 0.50390625
vt 0.20429687 0.50390625
vt 0.20429687 0.49739610999999995
vt 0.20976563 0.50390625
vt 0.20429687 0.49739610999999995
vt 0.20976563 0.49739610999999995
vt 0.1484375 0.484375
vt 0.140625 0.484375
vt 0.140625 0.4765625
vt 0.1484375 0.484375
vt 0.140625 0.4765625
vt 0.1484375 0.4765625
vt 0.3984375 0.890625
vt 0.390625 0.890625
vt 0.390625 0.88411486
vt 0.3984375 0.890625
vt 0.390625 0.88411486
vt 0.3984375 0.88411486
vt 0.37617189 0.86406249
vt 0.38398439 0.86406249
vt 0.38398439 0.87187499
vt 0.37617189 0.86406249
vt 0.38398439 0.87187499
vt 0.37617189 0.87187499
vt 0.38398439 0.86406249
vt 0.39179689 0.86406249
vt 0.39179689 0.87187499
vt 0.38398439 0.86406249
vt 0.39179689 0.87187499
vt 0.38398439 0.87187499
vt 0.46875 0.54036486
vt 0.4765625 0.54036486
vt 0.4765625 0.546875
vt 0.46875 0.54036486
vt 0.4765625 0.546875
vt 0.46875 0.546875
vt 0.4765625 0.54036486
vt 0.484375 0.54036486
vt 0.484375 0.546875
vt 0.4765625 0.54036486
vt 0.484375 0.546875
vt 0.4765625 0.546875
vt 0.484375 0.54036486
vt 0.4921875 0.54036486
vt 0.4921875 0.546875
vt 0.484375 0.54036486
vt 0.4921875 0.546875
vt 0.484375 0.546875
vt 0.171875 0.86640626
vt 0.1796875 0.86640626
vt 0.1796875 0.87421876
vt 0.171875 0.86640626
vt 0.1796875 0.87421876
vt 0.171875 0.87421876
vt 0.1796875 0.86640626
vt 0.1875 0.86640626
vt 0.1875 0.87421876
vt 0.1796875 0.86640626
vt 0.1875 0.87421876
vt 0.1796875 0.87421876
vt 0.1875 0.86640626
vt 0.1953125 0.86640626
vt 0.1953125 0.87421876
vt 0.1875 0.86640626
vt 0.1953125 0.87421876
vt 0.1875 0.87421876
vt 0.24765626 0.76249999
vt 0.24375001 0.76249999
vt 0.24375001 0.75468749
vt 0.24765626 0.76249999
vt 0.24375001 0.75468749
vt 0.24765626 0.75468749
vt 0.20546874 0.65299451
vt 0.20546874 0.65625
vt 0.19765624 0.65625
vt 0.20546874 0.65299451
vt 0.19765624 0.65625
vt 0.19765624 0.65299451
vt 0.26718751 0.99140626
vt 0.27109376 0.99140626
vt 0.27109376 0.99921876
vt 0.26718751 0.99140626
vt 0.27109376 0.99921876
vt 0.26718751 0.99921876
vt 0.15039062 0.65625
vt 0.15039062 0.65299451
vt 0.15820312 0.65299451
vt 0.15039062 0.65625
vt 0.15820312 0.65299451
vt 0.15820312 0.65625
vt 0.15820312 0.65625
vt 0.15820312 0.65789062
vt 0.15039062 0.65789062
vt 0.15820312 0.65625
vt 0.15039062 0.65789062
vt 0.15039062 0.65625
vt 0.55859375 0.82648438
vt 0.55859375 0.828125
vt 0.5546875 0.828125
vt 0.55859375 0.82648438
vt 0.5546875 0.828125
vt 0.5546875 0.82648438
vt 0.20546874 0.65625
vt 0.20546874 0.65789062
vt 0.19765624 0.65789062
vt 0.20546874 0.65625
vt 0.19765624 0.65789062
vt 0.19765624 0.65625
vt 0.20546874 0.63346326
vt 0.20546874 0.6513539
vt 0.19765624 0.6513539
vt 0.20546874 0.63346326
vt 0.19765624 0.6513539
vt 0.19765624 0.63346326
vt 0.11328125 0.50554687
vt 0.11328125 0.5234375
vt 0.109375 0.5234375
vt 0.11328125 0.50554687
vt 0.109375 0.5234375
vt 0.109375 0.50554687
vt 0.15820312 0.63346326
vt 0.15820312 0.6513539
vt 0.15039062 0.6513539
vt 0.15820312 0.63346326
vt 0.15039062 0.6513539
vt 0.15039062 0.63346326
vt 0.1875 0.875
vt 0.1796875 0.875
vt 0.1796875 0.87421876
vt 0.1875 0.875
vt 0.1796875 0.87421876
vt 0.1875 0.87421876
vt 0.1640625 0.4765625
vt 0.1640625 0.484375
vt 0.15625 0.484375
vt 0.1640625 0.4765625
vt 0.15625 0.484375
vt 0.15625 0.4765625
vt 0.37617189 0.86328125
vt 0.38398439 0.86328125
vt 0.38398439 0.86406249
vt 0.37617189 0.86328125
vt 0.38398439 0.86406249
vt 0.37617189 0.86406249
vt 0.55546874 0.671875
vt 0.55546874 0.66536486
vt 0.55624998 0.66536486
vt 0.55546874 0.671875
vt 0.55624998 0.66536486
vt 0.55624998 0.671875
vt 0.1796875 0.4765625
vt 0.1796875 0.484375
vt 0.171875 0.484375
vt 0.1796875 0.4765625
vt 0.171875 0.484375
vt 0.171875 0.4765625
vt 0.14199218 0.43359375
vt 0.14199218 0.43281251
vt 0.14316407 0.43281251
vt 0.14199218 0.43359375
vt 0.14316407 0.43281251
vt 0.14316407 0.43359375
vt 0.1875 0.484375
vt 0.1875 0.4765625
vt 0.1953125 0.4765625
vt 0.1875 0.484375
vt 0.1953125 0.4765625
vt 0.1953125 0.484375
vt 0.15761718 0.43046874
vt 0.15761718 0.4296875
vt 0.15878907 0.4296875
vt 0.15761718 0.43046874
vt 0.15878907 0.4296875
vt 0.15878907 0.43046874
vt 0.54843748 0.671875
vt 0.54843748 0.66536486
vt 0.55546874 0.66536486
vt 0.54843748 0.671875
vt 0.55546874 0.66536486
vt 0.55546874 0.671875
vt 0.15878907 0.4375
vt 0.15761718 0.4375
vt 0.15761718 0.43046874
vt 0.15878907 0.4375
vt 0.15761718 0.43046874
vt 0.15878907 0.43046874
vt 0.2109375 0.4765625
vt 0.2109375 0.484375
vt 0.203125 0.484375
vt 0.2109375 0.4765625
vt 0.203125 0.484375
vt 0.203125 0.4765625
vt 0.14199218 0.42578125
vt 0.14316407 0.42578125
vt 0.14316407 0.43281251
vt 0.14199218 0.42578125
vt 0.14316407 0.43281251
vt 0.14199218 0.43281251
vt 0.5234375 0.765625
vt 0.515625 0.765625
vt 0.515625 0.7578125
vt 0.5234375 0.765625
vt 0.515625 0.7578125
vt 0.5234375 0.7578125
vt 0.5078125 0.7578125
vt 0.5 0.7578125
vt 0.5 0.75130236
vt 0.5078125 0.7578125
vt 0.5 0.75130236
vt 0.5078125 0.75130236
vt 0.421875 0.67656249
vt 0.4296875 0.67656249
vt 0.4296875 0.68437499
vt 0.421875 0.67656249
vt 0.4296875 0.68437499
vt 0.421875 0.68437499
vt 0.4296875 0.67656249
vt 0.4375 0.67656249
vt 0.4375 0.68437499
vt 0.4296875 0.67656249
vt 0.4375 0.68437499
vt 0.4296875 0.68437499
vt 0.46875 0.52473986
vt 0.4765625 0.52473986
vt 0.4765625 0.53125
vt 0.46875 0.52473986
vt 0.4765625 0.53125
vt 0.46875 0.53125
vt 0.4765625 0.52473986
vt 0.484375 0.52473986
vt 0.484375 0.53125
vt 0.4765625 0.52473986
vt 0.484375 0.53125
vt 0.4765625 0.53125
vt 0.484375 0.52473986
vt 0.4921875 0.52473986
vt 0.4921875 0.53125
vt 0.484375 0.52473986
vt 0.4921875 0.53125
vt 0.484375 0.53125
vt 0.37617189 0.84296876
vt 0.38398439 0.84296876
vt 0.38398439 0.85078126
vt 0.37617189 0.84296876
vt 0.38398439 0.85078126
vt 0.37617189 0.85078126
vt 0.38398439 0.84296876
vt 0.39179689 0.84296876
vt 0.39179689 0.85078126
vt 0.38398439 0.84296876
vt 0.39179689 0.85078126
vt 0.38398439 0.85078126
vt 0.38398439 0.8515625
vt 0.37617189 0.8515625
vt 0.37617189 0.85078126
vt 0.38398439 0.8515625
vt 0.37617189 0.85078126
vt 0.38398439 0.85078126
vt 0.5234375 0.7421875
vt 0.5234375 0.75
vt 0.515625 0.75
vt 0.5234375 0.7421875
vt 0.515625 0.75
vt 0.515625 0.7421875
vt 0.5234375 0.7265625
vt 0.5234375 0.734375
vt 0.515625 0.734375
vt 0.5234375 0.7265625
vt 0.515625 0.734375
vt 0.515625 0.7265625
vt 0.20449218 0.43046874
vt 0.20449218 0.4296875
vt 0.20566407 0.4296875
vt 0.20449218 0.43046874
vt 0.20566407 0.4296875
vt 0.20566407 0.43046874
vt 0.20566407 0.4375
vt 0.20449218 0.4375
vt 0.20449218 0.43046874
vt 0.20566407 0.4375
vt 0.20449218 0.43046874
vt 0.20566407 0.43046874
vt 0.5234375 0.6953125
vt 0.5234375 0.703125
vt 0.515625 0.703125
vt 0.5234375 0.6953125
vt 0.515625 0.703125
vt 0.515625 0.6953125
vt 0.56386721 0.8046875
vt 0.56503904 0.8046875
vt 0.56503904 0.81171876
vt 0.56386721 0.8046875
vt 0.56503904 0.81171876
vt 0.56386721 0.81171876
vt 0.24765626 0.76328123
vt 0.24375001 0.76328123
vt 0.24375001 0.76249999
vt 0.24765626 0.76328123
vt 0.24375001 0.76249999
vt 0.24765626 0.76249999
vt 0.03359375 0.40625
vt 0.03359375 0.40789062
vt 0.0328125 0.40789062
vt 0.03359375 0.40625
vt 0.0328125 0.40789062
vt 0.0328125 0.40625
vt 0.15039062 0.65625
vt 0.15039062 0.65789062
vt 0.14960937 0.65789062
vt 0.15039062 0.65625
vt 0.14960937 0.65789062
vt 0.14960937 0.65625
vt 0.03359375 0.40299451
vt 0.03359375 0.40625
vt 0.0328125 0.40625
vt 0.03359375 0.40299451
vt 0.0328125 0.40625
vt 0.0328125 0.40299451
vt 0.14960937 0.65625
vt 0.14960937 0.65299451
vt 0.15039062 0.65299451
vt 0.14960937 0.65625
vt 0.15039062 0.65299451
vt 0.15039062 0.65625
vt 0.26718751 0.99062502
vt 0.27109376 0.99062502
vt 0.27109376 0.99140626
vt 0.26718751 0.99062502
vt 0.27109376 0.99140626
vt 0.26718751 0.99140626
vt 0.15039062 0.63346326
vt 0.15039062 0.6513539
vt 0.14960937 0.6513539
vt 0.15039062 0.63346326
vt 0.14960937 0.6513539
vt 0.14960937 0.63346326
vt 0.03359375 0.38346326
vt 0.03359375 0.40135389999999993
vt 0.0328125 0.40135389999999993
vt 0.03359375 0.38346326
vt 0.0328125 0.40135389999999993
vt 0.0328125 0.38346326
vt 0.04921875 0.38346326
vt 0.04921875 0.40135389999999993
vt 0.0484375 0.40135389999999993
vt 0.04921875 0.38346326
vt 0.0484375 0.40135389999999993
vt 0.0484375 0.38346326
vt 0.27187499 0.99062502
vt 0.27187499 0.99140626
vt 0.27109376 0.99140626
vt 0.27187499 0.99062502
vt 0.27109376 0.99140626
vt 0.27109376 0.99062502
vt 0.04921875 0.40299451
vt 0.04921875 0.40625
vt 0.0484375 0.40625
vt 0.04921875 0.40299451
vt 0.0484375 0.40625
vt 0.0484375 0.40299451
vt 0.24843749 0.76249999
vt 0.24843749 0.76328123
vt 0.24765626 0.76328123
vt 0.24843749 0.76249999
vt 0.24765626 0.76328123
vt 0.24765626 0.76249999
vt 0.04921875 0.40625
vt 0.04921875 0.40789062
vt 0.0484375 0.40789062
vt 0.04921875 0.40625
vt 0.0484375 0.40789062
vt 0.0484375 0.40625
vt 0.26718751 0.98828125
vt 0.27109376 0.98828125
vt 0.27109376 0.99062502
vt 0.26718751 0.98828125
vt 0.27109376 0.99062502
vt 0.26718751 0.99062502
vt 0.35468751 0.50846326
vt 0.35468751 0.5263539
vt 0.35234374 0.5263539
vt 0.35468751 0.50846326
vt 0.35234374 0.5263539
vt 0.35234374 0.50846326
vt 0.35234374 0.53125
vt 0.35234374 0.52799451
vt 0.35468751 0.52799451
vt 0.35234374 0.53125
vt 0.35468751 0.52799451
vt 0.35468751 0.53125
vt 0.24765626 0.765625
vt 0.24375001 0.765625
vt 0.24375001 0.76328123
vt 0.24765626 0.765625
vt 0.24375001 0.76328123
vt 0.24765626 0.76328123
vt 0.35468751 0.53125
vt 0.35468751 0.53289062
vt 0.35234374 0.53289062
vt 0.35468751 0.53125
vt 0.35234374 0.53289062
vt 0.35234374 0.53125
vt 0.37031251 0.50846326
vt 0.37031251 0.5263539
vt 0.36796874 0.5263539
vt 0.37031251 0.50846326
vt 0.36796874 0.5263539
vt 0.36796874 0.50846326
vt 0.27109376 0.98828125
vt 0.27187499 0.98828125
vt 0.27187499 0.99062502
vt 0.27109376 0.98828125
vt 0.27187499 0.99062502
vt 0.27109376 0.99062502
vt 0.37031251 0.52799451
vt 0.37031251 0.53125
vt 0.36796874 0.53125
vt 0.37031251 0.52799451
vt 0.36796874 0.53125
vt 0.36796874 0.52799451
vt 0.37031251 0.53125
vt 0.37031251 0.53289062
vt 0.36796874 0.53289062
vt 0.37031251 0.53125
vt 0.36796874 0.53289062
vt 0.36796874 0.53125
vt 0.24843749 0.765625
vt 0.24765626 0.765625
vt 0.24765626 0.76328123
vt 0.24843749 0.765625
vt 0.24765626 0.76328123
vt 0.24843749 0.76328123
vt 0.25156251 0.99062502
vt 0.25156251 0.98828125
vt 0.26718751 0.98828125
vt 0.25156251 0.99062502
vt 0.26718751 0.98828125
vt 0.26718751 0.99062502
vt 0.2421875 0.79752576
vt 0.2421875 0.8154164
vt 0.2265625 0.8154164
vt 0.2421875 0.79752576
vt 0.2265625 0.8154164
vt 0.2265625 0.79752576
vt 0.2265625 0.8203125
vt 0.2265625 0.81705701
vt 0.2421875 0.81705701
vt 0.2265625 0.8203125
vt 0.2421875 0.81705701
vt 0.2421875 0.8203125
vt 0.2421875 0.8203125
vt 0.2421875 0.82195312
vt 0.2265625 0.82195312
vt 0.2421875 0.8203125
vt 0.2265625 0.82195312
vt 0.2265625 0.8203125
vt 0.22812501 0.765625
vt 0.22812501 0.76328123
vt 0.24375001 0.76328123
vt 0.22812501 0.765625
vt 0.24375001 0.76328123
vt 0.24375001 0.765625
vt 0.140625 0.71940076
vt 0.140625 0.7372914
vt 0 0.7372914
vt 0.140625 0.71940076
vt 0 0.7372914
vt 0 0.71940076
vt 0.41249999 0.98828125
vt 0.41249999 0.99062502
vt 0.27187499 0.99062502
vt 0.41249999 0.98828125
vt 0.27187499 0.99062502
vt 0.27187499 0.98828125
vt 0.140625 0.73893201
vt 0.140625 0.7421875
vt 0 0.7421875
vt 0.140625 0.73893201
vt 0 0.7421875
vt 0 0.73893201
vt 0.38906249 0.76328123
vt 0.38906249 0.765625
vt 0.24843749 0.765625
vt 0.38906249 0.76328123
vt 0.24843749 0.765625
vt 0.24843749 0.76328123
vt 0.140625 0.7421875
vt 0.140625 0.74382812
vt 0 0.74382812
vt 0.140625 0.7421875
vt 0 0.74382812
vt 0 0.7421875
vt 0.0015625 0.8565883
vt 0.00203125 0.8565883
vt 0.00203125 0.89162111
vt 0.0015625 0.8565883
vt 0.00203125 0.89162111
vt 0.0015625 0.89162111
vt 0.4140625 0.67656249
vt 0.421875 0.67656249
vt 0.421875 0.68437499
vt 0.4140625 0.67656249
vt 0.421875 0.68437499
vt 0.4140625 0.68437499
vt 0.36835939 0.84296876
vt 0.37617189 0.84296876
vt 0.37617189 0.85078126
vt 0.36835939 0.84296876
vt 0.37617189 0.85078126
vt 0.36835939 0.85078126
vt 0.3984375 0.484375
vt 0.3984375 0.4765625
vt 0.40625 0.4765625
vt 0.3984375 0.484375
vt 0.40625 0.4765625
vt 0.40625 0.484375
vt 0.453125 0.484375
vt 0.4453125 0.484375
vt 0.4453125 0.4765625
vt 0.453125 0.484375
vt 0.4453125 0.4765625
vt 0.453125 0.4765625
vt 0.34375 0.9453125
vt 0.34375 0.9765625
vt 0.3125 0.9765625
vt 0.34375 0.9453125
vt 0.3125 0.9765625
vt 0.3125 0.9453125
vt 0.0625 0.65625
vt 0.0625 0.6875
vt 0.03125 0.6875
vt 0.0625 0.65625
vt 0.03125 0.6875
vt 0.03125 0.65625
vt 0.34375 0.90625
vt 0.34375 0.9375
vt 0.3125 0.9375
vt 0.34375 0.90625
vt 0.3125 0.9375
vt 0.3125 0.90625
vt 0.1015625 0.65625
vt 0.1015625 0.6875
vt 0.0703125 0.6875
vt 0.1015625 0.65625
vt 0.0703125 0.6875
vt 0.0703125 0.65625
vt 0.3125 0.8984375
vt 0.3125 0.8671875
vt 0.34375 0.8671875
vt 0.3125 0.8984375
vt 0.34375 0.8671875
vt 0.34375 0.8984375
vt 0.171875 0.921875
vt 0.171875 0.8828125
vt 0.203125 0.8828125
vt 0.171875 0.921875
vt 0.203125 0.8828125
vt 0.203125 0.921875
vt 0.25 0.78125
vt 0.28125 0.78125
vt 0.28125 0.8203125
vt 0.25 0.78125
vt 0.28125 0.8203125
vt 0.25 0.8203125
vt 0.109375 0.6875
vt 0.109375 0.65625
vt 0.140625 0.65625
vt 0.109375 0.6875
vt 0.140625 0.65625
vt 0.140625 0.6875
vt 0.265625 0.75
vt 0.265625 0.7109375
vt 0.296875 0.7109375
vt 0.265625 0.75
vt 0.296875 0.7109375
vt 0.296875 0.75
vt 0.2734375 0.9375
vt 0.3046875 0.9375
vt 0.3046875 0.9765625
vt 0.2734375 0.9375
vt 0.3046875 0.9765625
vt 0.2734375 0.9765625
vt 0.328125 0.859375
vt 0.328125 0.828125
vt 0.359375 0.828125
vt 0.328125 0.859375
vt 0.359375 0.828125
vt 0.359375 0.859375
vt 0.2734375 0.9296875
vt 0.3046875 0.890625
vt 0.3046875 0.9296875
vt 0.2734375 0.84375
vt 0.3046875 0.84375
vt 0.3046875 0.8828125
vt 0.2734375 0.84375
vt 0.3046875 0.8828125
vt 0.2734375 0.8828125
vt 0.34375 0.75
vt 0.34375 0.71875
vt 0.375 0.71875
vt 0.34375 0.75
vt 0.375 0.71875
vt 0.375 0.75
vt 0.2890625 0.8359375
vt 0.2890625 0.796875
vt 0.3203125 0.796875
vt 0.2890625 0.8359375
vt 0.3203125 0.796875
vt 0.3203125 0.8359375
vt 0.265625 0.6640625
vt 0.296875 0.6640625
vt 0.296875 0.703125
vt 0.265625 0.6640625
vt 0.296875 0.703125
vt 0.265625 0.703125
vt 0.0015625 0.96455389
vt 0.00203125 0.96455389
vt 0.00203125 0.99946874
vt 0.0015625 0.96455389
vt 0.00203125 0.99946874
vt 0.0015625 0.99946874
vt 0.0015625 0.92852813
vt 0.00203125 0.92852813
vt 0.00203125 0.96402967
vt 0.0015625 0.92852813
vt 0.00203125 0.96402967
vt 0.0015625 0.96402967
vt 0.0015625 0.89208984
vt 0.00203125 0.89208984
vt 0.00203125 0.92806017
vt 0.0015625 0.89208984
vt 0.00203125 0.92806017
vt 0.0015625 0.92806017
vt 0.03375 0.8565883
vt 0.03375 0.89162111
vt 0.03328125 0.89162111
vt 0.03375 0.8565883
vt 0.03328125 0.89162111
vt 0.03328125 0.8565883
vt 0.03375 0.92806017
vt 0.03328125 0.92806017
vt 0.03328125 0.89208984
vt 0.03375 0.92806017
vt 0.03328125 0.89208984
vt 0.03375 0.89208984
vt 0.03328125 0.96402967
vt 0.03328125 0.92852813
vt 0.03375 0.92852813
vt 0.03328125 0.96402967
vt 0.03375 0.92852813
vt 0.03375 0.96402967
vt 0.03328125 0.99946874
vt 0.03328125 0.96455389
vt 0.03375 0.96455389
vt 0.03328125 0.99946874
vt 0.03375 0.96455389
vt 0.03375 0.99946874
vt 0.1303125 0.99946874
vt 0.16203125 0.99946874
vt 0.16203125 1
vt 0.1303125 0.99946874
vt 0.16203125 1
vt 0.1303125 1
vt 0.098125 0.99946874
vt 0.12984376 0.99946874
vt 0.12984376 1
vt 0.098125 0.99946874
vt 0.12984376 1
vt 0.098125 1
vt 0.0659375 0.99946874
vt 0.09765625 0.99946874
vt 0.09765625 1
vt 0.0659375 0.99946874
vt 0.09765625 1
vt 0.0659375 1
vt 0.03375 0.99946874
vt 0.06546875 0.99946874
vt 0.06546875 1
vt 0.03375 0.99946874
vt 0.06546875 1
vt 0.03375 1
vt 0.03328125 1
vt 0.03328125 0.99946874
vt 0.03375 0.99946874
vt 0.03328125 1
vt 0.03375 0.99946874
vt 0.03375 1
vt 0.0015625 0.99946874
vt 0.00203125 0.99946874
vt 0.00203125 1
vt 0.0015625 0.99946874
vt 0.00203125 1
vt 0.0015625 1
vt 0.0659375 0.8565883
vt 0.0659375 0.89162111
vt 0.06546875 0.89162111
vt 0.0659375 0.8565883
vt 0.06546875 0.89162111
vt 0.06546875 0.8565883
vt 0.0659375 0.92806017
vt 0.06546875 0.92806017
vt 0.06546875 0.89208984
vt 0.0659375 0.92806017
vt 0.06546875 0.89208984
vt 0.0659375 0.89208984
vt 0.06546875 0.96402967
vt 0.06546875 0.92852813
vt 0.0659375 0.92852813
vt 0.06546875 0.96402967
vt 0.0659375 0.92852813
vt 0.0659375 0.96402967
vt 0.06546875 0.99946874
vt 0.06546875 0.96455389
vt 0.0659375 0.96455389
vt 0.06546875 0.99946874
vt 0.0659375 0.96455389
vt 0.0659375 0.99946874
vt 0.0659375 1
vt 0.06546875 1
vt 0.06546875 0.99946874
vt 0.0659375 1
vt 0.06546875 0.99946874
vt 0.0659375 0.99946874
vt 0.098125 0.8565883
vt 0.098125 0.89162111
vt 0.09765625 0.89162111
vt 0.098125 0.8565883
vt 0.09765625 0.89162111
vt 0.09765625 0.8565883
vt 0.098125 0.92806017
vt 0.09765625 0.92806017
vt 0.09765625 0.89208984
vt 0.098125 0.92806017
vt 0.09765625 0.89208984
vt 0.098125 0.89208984
vt 0.09765625 0.96402967
vt 0.09765625 0.92852813
vt 0.098125 0.92852813
vt 0.09765625 0.96402967
vt 0.098125 0.92852813
vt 0.098125 0.96402967
vt 0.09765625 0.99946874
vt 0.09765625 0.96455389
vt 0.098125 0.96455389
vt 0.09765625 0.99946874
vt 0.098125 0.96455389
vt 0.098125 0.99946874
vt 0.098125 1
vt 0.09765625 1
vt 0.09765625 0.99946874
vt 0.098125 1
vt 0.09765625 0.99946874
vt 0.098125 0.99946874
vt 0.1303125 0.8565883
vt 0.1303125 0.89162111
vt 0.12984376 0.89162111
vt 0.1303125 0.8565883
vt 0.12984376 0.89162111
vt 0.12984376 0.8565883
vt 0.1303125 0.92806017
vt 0.12984376 0.92806017
vt 0.12984376 0.89208984
vt 0.1303125 0.92806017
vt 0.12984376 0.89208984
vt 0.1303125 0.89208984
vt 0.12984376 0.96402967
vt 0.12984376 0.92852813
vt 0.1303125 0.92852813
vt 0.12984376 0.96402967
vt 0.1303125 0.92852813
vt 0.1303125 0.96402967
vt 0.12984376 0.99946874
vt 0.12984376 0.96455389
vt 0.1303125 0.96455389
vt 0.12984376 0.99946874
vt 0.1303125 0.96455389
vt 0.1303125 0.99946874
vt 0.1303125 1
vt 0.12984376 1
vt 0.12984376 0.99946874
vt 0.1303125 1
vt 0.12984376 0.99946874
vt 0.1303125 0.99946874
vt 0.16249999 0.8565883
vt 0.16249999 0.89162111
vt 0.16203125 0.89162111
vt 0.16249999 0.8565883
vt 0.16203125 0.89162111
vt 0.16203125 0.8565883
vt 0.16249999 0.92806017
vt 0.16203125 0.92806017
vt 0.16203125 0.89208984
vt 0.16249999 0.92806017
vt 0.16203125 0.89208984
vt 0.16249999 0.89208984
vt 0.16203125 0.96402967
vt 0.16203125 0.92852813
vt 0.16249999 0.92852813
vt 0.16203125 0.96402967
vt 0.16249999 0.92852813
vt 0.16249999 0.96402967
vt 0.16203125 0.99946874
vt 0.16203125 0.96455389
vt 0.16249999 0.96455389
vt 0.16203125 0.99946874
vt 0.16249999 0.96455389
vt 0.16249999 0.99946874
vt 0.16249999 1
vt 0.16203125 1
vt 0.16203125 0.99946874
vt 0.16249999 1
vt 0.16203125 0.99946874
vt 0.16249999 0.99946874
vt 0.16203125 0.92806017
vt 0.16203125 0.92852813
vt 0.1303125 0.92852813
vt 0.16203125 0.92806017
vt 0.1303125 0.92852813
vt 0.1303125 0.92806017
vt 0.46875 0.4765625
vt 0.46875 0.484375
vt 0.4609375 0.484375
vt 0.46875 0.4765625
vt 0.4609375 0.484375
vt 0.4609375 0.4765625
vt 0.12984376 0.92806017
vt 0.12984376 0.92852813
vt 0.098125 0.92852813
vt 0.12984376 0.92806017
vt 0.098125 0.92852813
vt 0.098125 0.92806017
vt 0.098125 0.92806017
vt 0.098125 0.92852813
vt 0.09765625 0.92852813
vt 0.098125 0.92806017
vt 0.09765625 0.92852813
vt 0.09765625 0.92806017
vt 0.09765625 0.92806017
vt 0.09765625 0.92852813
vt 0.0659375 0.92852813
vt 0.09765625 0.92806017
vt 0.0659375 0.92852813
vt 0.0659375 0.92806017
vt 0.0659375 0.92806017
vt 0.0659375 0.92852813
vt 0.06546875 0.92852813
vt 0.0659375 0.92806017
vt 0.06546875 0.92852813
vt 0.06546875 0.92806017
vt 0.06546875 0.92806017
vt 0.06546875 0.92852813
vt 0.03375 0.92852813
vt 0.06546875 0.92806017
vt 0.03375 0.92852813
vt 0.03375 0.92806017
vt 0.03375 0.92806017
vt 0.03375 0.92852813
vt 0.03328125 0.92852813
vt 0.03375 0.92806017
vt 0.03328125 0.92852813
vt 0.03328125 0.92806017
vt 0.0015625 0.92806017
vt 0.00203125 0.92806017
vt 0.00203125 0.92852813
vt 0.0015625 0.92806017
vt 0.00203125 0.92852813
vt 0.0015625 0.92852813
vt 0.16249999 0.92806017
vt 0.16249999 0.92852813
vt 0.16203125 0.92852813
vt 0.16249999 0.92806017
vt 0.16203125 0.92852813
vt 0.16203125 0.92806017
vt 0.16203125 0.96402967
vt 0.16203125 0.96455389
vt 0.1303125 0.96455389
vt 0.16203125 0.96402967
vt 0.1303125 0.96455389
vt 0.1303125 0.96402967
vt 0.1303125 0.96402967
vt 0.1303125 0.96455389
vt 0.12984376 0.96455389
vt 0.1303125 0.96402967
vt 0.12984376 0.96455389
vt 0.12984376 0.96402967
vt 0.12984376 0.96402967
vt 0.12984376 0.96455389
vt 0.098125 0.96455389
vt 0.12984376 0.96402967
vt 0.098125 0.96455389
vt 0.098125 0.96402967
vt 0.098125 0.96402967
vt 0.098125 0.96455389
vt 0.09765625 0.96455389
vt 0.098125 0.96402967
vt 0.09765625 0.96455389
vt 0.09765625 0.96402967
vt 0.09765625 0.96402967
vt 0.09765625 0.96455389
vt 0.0659375 0.96455389
vt 0.09765625 0.96402967
vt 0.0659375 0.96455389
vt 0.0659375 0.96402967
vt 0.0659375 0.96402967
vt 0.0659375 0.96455389
vt 0.06546875 0.96455389
vt 0.0659375 0.96402967
vt 0.06546875 0.96455389
vt 0.06546875 0.96402967
vt 0.06546875 0.96402967
vt 0.06546875 0.96455389
vt 0.03375 0.96455389
vt 0.06546875 0.96402967
vt 0.03375 0.96455389
vt 0.03375 0.96402967
vt 0.03375 0.96402967
vt 0.03375 0.96455389
vt 0.03328125 0.96455389
vt 0.03375 0.96402967
vt 0.03328125 0.96455389
vt 0.03328125 0.96402967
vt 0.0015625 0.96402967
vt 0.00203125 0.96402967
vt 0.00203125 0.96455389
vt 0.0015625 0.96402967
vt 0.00203125 0.96455389
vt 0.0015625 0.96455389
vt 0.16249999 0.96402967
vt 0.16249999 0.96455389
vt 0.16203125 0.96455389
vt 0.16249999 0.96402967
vt 0.16203125 0.96455389
vt 0.16203125 0.96402967
vt 0.0015625 0.85611951
vt 0.00203125 0.85611951
vt 0.00203125 0.8565883
vt 0.0015625 0.85611951
vt 0.00203125 0.8565883
vt 0.0015625 0.8565883
vt 0.03375 0.85611951
vt 0.03375 0.8565883
vt 0.03328125 0.8565883
vt 0.03375 0.85611951
vt 0.03328125 0.8565883
vt 0.03328125 0.85611951
vt 0.06546875 0.85611951
vt 0.06546875 0.8565883
vt 0.03375 0.8565883
vt 0.06546875 0.85611951
vt 0.03375 0.8565883
vt 0.03375 0.85611951
vt 0.0659375 0.85611951
vt 0.0659375 0.8565883
vt 0.06546875 0.8565883
vt 0.0659375 0.85611951
vt 0.06546875 0.8565883
vt 0.06546875 0.85611951
vt 0.09765625 0.85611951
vt 0.09765625 0.8565883
vt 0.0659375 0.8565883
vt 0.09765625 0.85611951
vt 0.0659375 0.8565883
vt 0.0659375 0.85611951
vt 0.098125 0.85611951
vt 0.098125 0.8565883
vt 0.09765625 0.8565883
vt 0.098125 0.85611951
vt 0.09765625 0.8565883
vt 0.09765625 0.85611951
vt 0.12984376 0.85611951
vt 0.12984376 0.8565883
vt 0.098125 0.8565883
vt 0.12984376 0.85611951
vt 0.098125 0.8565883
vt 0.098125 0.85611951
vt 0.1303125 0.85611951
vt 0.1303125 0.8565883
vt 0.12984376 0.8565883
vt 0.1303125 0.85611951
vt 0.12984376 0.8565883
vt 0.12984376 0.85611951
vt 0.16203125 0.85611951
vt 0.16203125 0.8565883
vt 0.1303125 0.8565883
vt 0.16203125 0.85611951
vt 0.1303125 0.8565883
vt 0.1303125 0.85611951
vt 0.16249999 0.85611951
vt 0.16249999 0.8565883
vt 0.16203125 0.8565883
vt 0.16249999 0.85611951
vt 0.16203125 0.8565883
vt 0.16203125 0.85611951
vt 0.0015625 0.89162111
vt 0.00203125 0.89162111
vt 0.00203125 0.89208984
vt 0.0015625 0.89162111
vt 0.00203125 0.89208984
vt 0.0015625 0.89208984
vt 0.03328125 0.89208984
vt 0.03328125 0.89162111
vt 0.03375 0.89162111
vt 0.03328125 0.89208984
vt 0.03375 0.89162111
vt 0.03375 0.89208984
vt 0.03375 0.89208984
vt 0.03375 0.89162111
vt 0.06546875 0.89162111
vt 0.03375 0.89208984
vt 0.06546875 0.89162111
vt 0.06546875 0.89208984
vt 0.06546875 0.89208984
vt 0.06546875 0.89162111
vt 0.0659375 0.89162111
vt 0.06546875 0.89208984
vt 0.0659375 0.89162111
vt 0.0659375 0.89208984
vt 0.0659375 0.89208984
vt 0.0659375 0.89162111
vt 0.09765625 0.89162111
vt 0.0659375 0.89208984
vt 0.09765625 0.89162111
vt 0.09765625 0.89208984
vt 0.09765625 0.89208984
vt 0.09765625 0.89162111
vt 0.098125 0.89162111
vt 0.09765625 0.89208984
vt 0.098125 0.89162111
vt 0.098125 0.89208984
vt 0.098125 0.89208984
vt 0.098125 0.89162111
vt 0.12984376 0.89162111
vt 0.098125 0.89208984
vt 0.12984376 0.89162111
vt 0.12984376 0.89208984
vt 0.12984376 0.89208984
vt 0.12984376 0.89162111
vt 0.1303125 0.89162111
vt 0.12984376 0.89208984
vt 0.1303125 0.89162111
vt 0.1303125 0.89208984
vt 0.1303125 0.89208984
vt 0.1303125 0.89162111
vt 0.16203125 0.89162111
vt 0.1303125 0.89208984
vt 0.16203125 0.89162111
vt 0.16203125 0.89208984
vt 0.16203125 0.89208984
vt 0.16203125 0.89162111
vt 0.16249999 0.89162111
vt 0.16203125 0.89208984
vt 0.16249999 0.89162111
vt 0.16249999 0.89208984
vt 0.296875 0.65625
vt 0.265625 0.65625
vt 0.265625 0.625
vt 0.296875 0.65625
vt 0.265625 0.625
vt 0.296875 0.625
vt 0.03328125 0.8565883
vt 0.00203125 0.8565883
vt 0.00203125 0.85611951
vt 0.03328125 0.8565883
vt 0.00203125 0.85611951
vt 0.03328125 0.85611951
vt 0.03328125 0.89208984
vt 0.00203125 0.89208984
vt 0.00203125 0.89162111
vt 0.03328125 0.89208984
vt 0.00203125 0.89162111
vt 0.03328125 0.89162111
vt 0.3359375 0.75
vt 0.3046875 0.75
vt 0.3046875 0.7109375
vt 0.3359375 0.75
vt 0.3046875 0.7109375
vt 0.3359375 0.7109375
vt 0.03328125 0.92852813
vt 0.00203125 0.92852813
vt 0.00203125 0.92806017
vt 0.03328125 0.92852813
vt 0.00203125 0.92806017
vt 0.03328125 0.92806017
vt 0.3359375 0.703125
vt 0.3046875 0.703125
vt 0.3046875 0.6640625
vt 0.3359375 0.703125
vt 0.3046875 0.6640625
vt 0.3359375 0.6640625
vt 0.03328125 0.96455389
vt 0.00203125 0.96455389
vt 0.00203125 0.96402967
vt 0.03328125 0.96455389
vt 0.00203125 0.96402967
vt 0.03328125 0.96402967
vt 0.375 0.7109375
vt 0.34375 0.7109375
vt 0.34375 0.6796875
vt 0.375 0.7109375
vt 0.34375 0.6796875
vt 0.375 0.6796875
vt 0.03328125 1
vt 0.00203125 1
vt 0.00203125 0.99946874
vt 0.03328125 1
vt 0.00203125 0.99946874
vt 0.03328125 0.99946874
vt 0.22031251 0.39943361
vt 0.22031251 0.36440074
vt 0.22109374 0.36440074
vt 0.22031251 0.39943361
vt 0.22109374 0.36440074
vt 0.22109374 0.39943361
vt 0.421875 0.546875
vt 0.421875 0.578125
vt 0.4140625 0.578125
vt 0.421875 0.546875
vt 0.4140625 0.578125
vt 0.4140625 0.546875
vt 0.22031251 0.39990234
vt 0.22031251 0.39943361
vt 0.22109374 0.39943361
vt 0.22031251 0.39990234
vt 0.22109374 0.39943361
vt 0.22109374 0.39990234
vt 0.390625 0.8984375
vt 0.390625 0.9375
vt 0.3828125 0.9375
vt 0.390625 0.8984375
vt 0.3828125 0.9375
vt 0.3828125 0.8984375
vt 0.22031251 0.43587266999999996
vt 0.22031251 0.39990234
vt 0.22109374 0.39990234
vt 0.22031251 0.43587266999999996
vt 0.22109374 0.39990234
vt 0.22109374 0.43587266999999996
vt 0.22031251 0.43634063
vt 0.22031251 0.43587266999999996
vt 0.22109374 0.43587266999999996
vt 0.22031251 0.43634063
vt 0.22109374 0.43587266999999996
vt 0.22109374 0.43634063
vt 0.390625 0.7109375
vt 0.390625 0.75
vt 0.3828125 0.75
vt 0.390625 0.7109375
vt 0.3828125 0.75
vt 0.3828125 0.7109375
vt 0.22031251 0.47184216999999995
vt 0.22031251 0.43634063
vt 0.22109374 0.43634063
vt 0.22031251 0.47184216999999995
vt 0.22109374 0.43634063
vt 0.22109374 0.47184216999999995
vt 0.4375 0.90625
vt 0.4375 0.9375
vt 0.4296875 0.9375
vt 0.4375 0.90625
vt 0.4296875 0.9375
vt 0.4296875 0.90625
vt 0.22031251 0.50728124
vt 0.22031251 0.47236639
vt 0.22109374 0.47236639
vt 0.22031251 0.50728124
vt 0.22109374 0.47236639
vt 0.22109374 0.50728124
vt 0.22031251 0.47236639
vt 0.22031251 0.47184216999999995
vt 0.22109374 0.47184216999999995
vt 0.22031251 0.47236639
vt 0.22109374 0.47184216999999995
vt 0.22109374 0.47236639
vt 0.48640624 0.9375
vt 0.48593751 0.9375
vt 0.48593751 0.93671876
vt 0.48640624 0.9375
vt 0.48593751 0.93671876
vt 0.48640624 0.93671876
vt 0.22031251 0.5078125
vt 0.22031251 0.50728124
vt 0.22109374 0.50728124
vt 0.22031251 0.5078125
vt 0.22109374 0.50728124
vt 0.22109374 0.5078125
vt 0.421875 0.9765625
vt 0.453125 0.9765625
vt 0.453125 0.984375
vt 0.421875 0.9765625
vt 0.453125 0.984375
vt 0.421875 0.984375
vt 0.518125 0.9375
vt 0.48640624 0.9375
vt 0.48640624 0.93671876
vt 0.518125 0.9375
vt 0.48640624 0.93671876
vt 0.518125 0.93671876
vt 0.51859373 0.9375
vt 0.518125 0.9375
vt 0.518125 0.93671876
vt 0.51859373 0.9375
vt 0.518125 0.93671876
vt 0.51859373 0.93671876
vt 0.421875 0.9609375
vt 0.453125 0.9609375
vt 0.453125 0.96875
vt 0.421875 0.9609375
vt 0.453125 0.96875
vt 0.421875 0.96875
vt 0.55031252 0.9375
vt 0.51859373 0.9375
vt 0.51859373 0.93671876
vt 0.55031252 0.9375
vt 0.51859373 0.93671876
vt 0.55031252 0.93671876
vt 0.55078125 0.9375
vt 0.55031252 0.9375
vt 0.55031252 0.93671876
vt 0.55078125 0.9375
vt 0.55031252 0.93671876
vt 0.55078125 0.93671876
vt 0.4296875 0.890625
vt 0.4609375 0.890625
vt 0.4609375 0.8984375
vt 0.4296875 0.890625
vt 0.4609375 0.8984375
vt 0.4296875 0.8984375
vt 0.58249998 0.9375
vt 0.55078125 0.9375
vt 0.55078125 0.93671876
vt 0.58249998 0.9375
vt 0.55078125 0.93671876
vt 0.58249998 0.93671876
vt 0.4296875 0.875
vt 0.4609375 0.875
vt 0.4609375 0.8828125
vt 0.4296875 0.875
vt 0.4609375 0.8828125
vt 0.4296875 0.8828125
vt 0.6146875 0.9375
vt 0.58296877 0.9375
vt 0.58296877 0.93671876
vt 0.6146875 0.9375
vt 0.58296877 0.93671876
vt 0.6146875 0.93671876
vt 0.58296877 0.9375
vt 0.58249998 0.9375
vt 0.58249998 0.93671876
vt 0.58296877 0.9375
vt 0.58249998 0.93671876
vt 0.58296877 0.93671876
vt 0.64687502 0.9375
vt 0.64640623 0.9375
vt 0.64640623 0.93671876
vt 0.64687502 0.9375
vt 0.64640623 0.93671876
vt 0.64687502 0.93671876
vt 0.49453124 0.51509374
vt 0.49453124 0.515625
vt 0.49375001 0.515625
vt 0.49453124 0.51509374
vt 0.49375001 0.515625
vt 0.49375001 0.51509374
vt 0.64640623 0.9375
vt 0.61515623 0.9375
vt 0.61515623 0.93671876
vt 0.64640623 0.9375
vt 0.61515623 0.93671876
vt 0.64640623 0.93671876
vt 0.4296875 0.859375
vt 0.4609375 0.859375
vt 0.4609375 0.8671875
vt 0.4296875 0.859375
vt 0.4609375 0.8671875
vt 0.4296875 0.8671875
vt 0.61515623 0.9375
vt 0.6146875 0.9375
vt 0.6146875 0.93671876
vt 0.61515623 0.9375
vt 0.6146875 0.93671876
vt 0.61515623 0.93671876
vt 0.4375 0.8203125
vt 0.4375 0.8515625
vt 0.4296875 0.8515625
vt 0.4375 0.8203125
vt 0.4296875 0.8515625
vt 0.4296875 0.8203125
vt 0.4296875 0.8125
vt 0.4296875 0.78125
vt 0.4375 0.78125
vt 0.4296875 0.8125
vt 0.4375 0.78125
vt 0.4375 0.8125
vt 0.265625 0.5703125
vt 0.265625 0.5390625
vt 0.2734375 0.5390625
vt 0.265625 0.5703125
vt 0.2734375 0.5390625
vt 0.2734375 0.5703125
vt 0.49453124 0.48017889
vt 0.49453124 0.51509374
vt 0.49375001 0.51509374
vt 0.49453124 0.48017889
vt 0.49375001 0.51509374
vt 0.49375001 0.48017889
vt 0.4609375 0.7734375
vt 0.4296875 0.7734375
vt 0.4296875 0.765625
vt 0.4609375 0.7734375
vt 0.4296875 0.765625
vt 0.4609375 0.765625
vt 0.4296875 0.5703125
vt 0.4609375 0.5703125
vt 0.4609375 0.578125
vt 0.4296875 0.5703125
vt 0.4609375 0.578125
vt 0.4296875 0.578125
vt 0.49453124 0.47965466999999995
vt 0.49453124 0.48017889
vt 0.49375001 0.48017889
vt 0.49453124 0.47965466999999995
vt 0.49375001 0.48017889
vt 0.49375001 0.47965466999999995
vt 0.2734375 0.578125
vt 0.2734375 0.6171875
vt 0.265625 0.6171875
vt 0.2734375 0.578125
vt 0.265625 0.6171875
vt 0.265625 0.578125
vt 0.28125 0.6171875
vt 0.28125 0.578125
vt 0.2890625 0.578125
vt 0.28125 0.6171875
vt 0.2890625 0.578125
vt 0.2890625 0.6171875
vt 0.46875 0.953125
vt 0.4375 0.953125
vt 0.4375 0.9453125
vt 0.46875 0.953125
vt 0.4375 0.9453125
vt 0.46875 0.9453125
vt 0.4296875 0.5546875
vt 0.4609375 0.5546875
vt 0.4609375 0.5625
vt 0.4296875 0.5546875
vt 0.4609375 0.5625
vt 0.4296875 0.5625
vt 0.4765625 0.9375
vt 0.4453125 0.9375
vt 0.4453125 0.9296875
vt 0.4765625 0.9375
vt 0.4453125 0.9296875
vt 0.4765625 0.9296875
vt 0.4453125 0.9140625
vt 0.4765625 0.9140625
vt 0.4765625 0.921875
vt 0.4453125 0.9140625
vt 0.4765625 0.921875
vt 0.4453125 0.921875
vt 0.3828125 0.65625
vt 0.3828125 0.6171875
vt 0.390625 0.6171875
vt 0.3828125 0.65625
vt 0.390625 0.6171875
vt 0.390625 0.65625
vt 0.49453124 0.40771484
vt 0.49453124 0.44368516999999996
vt 0.49375001 0.44368516999999996
vt 0.49453124 0.40771484
vt 0.49375001 0.44368516999999996
vt 0.49375001 0.40771484
vt 0.3828125 0.609375
vt 0.3828125 0.5703125
vt 0.390625 0.5703125
vt 0.3828125 0.609375
vt 0.390625 0.5703125
vt 0.390625 0.609375
vt 0.49453124 0.44415313
vt 0.49453124 0.47965466999999995
vt 0.49375001 0.47965466999999995
vt 0.49453124 0.44415313
vt 0.49375001 0.47965466999999995
vt 0.49375001 0.44415313
vt 0.49453124 0.44368516999999996
vt 0.49453124 0.44415313
vt 0.49375001 0.44415313
vt 0.49453124 0.44368516999999996
vt 0.49375001 0.44415313
vt 0.49375001 0.44368516999999996
vt 0.40625 0.8984375
vt 0.40625 0.9375
vt 0.3984375 0.9375
vt 0.40625 0.8984375
vt 0.3984375 0.9375
vt 0.3984375 0.8984375
vt 0.140625 0.6015625
vt 0.140625 0.5625
vt 0.1484375 0.5625
vt 0.140625 0.6015625
vt 0.1484375 0.5625
vt 0.1484375 0.6015625
vt 0.171875 0.5546875
vt 0.140625 0.5546875
vt 0.140625 0.546875
vt 0.171875 0.5546875
vt 0.140625 0.546875
vt 0.171875 0.546875
vt 0.4453125 0.84375
vt 0.4765625 0.84375
vt 0.4765625 0.8515625
vt 0.4453125 0.84375
vt 0.4765625 0.8515625
vt 0.4453125 0.8515625
vt 0.4765625 0.8359375
vt 0.4453125 0.8359375
vt 0.4453125 0.828125
vt 0.4765625 0.8359375
vt 0.4453125 0.828125
vt 0.4765625 0.828125
vt 0.1796875 0.546875
vt 0.2109375 0.546875
vt 0.2109375 0.5546875
vt 0.1796875 0.546875
vt 0.2109375 0.5546875
vt 0.1796875 0.5546875
vt 0.49453124 0.40724611
vt 0.49453124 0.40771484
vt 0.49375001 0.40771484
vt 0.49453124 0.40724611
vt 0.49375001 0.40771484
vt 0.49375001 0.40724611
vt 0.28125 0.5703125
vt 0.28125 0.5390625
vt 0.2890625 0.5390625
vt 0.28125 0.5703125
vt 0.2890625 0.5390625
vt 0.2890625 0.5703125
vt 0.49453124 0.37221324
vt 0.49453124 0.40724611
vt 0.49375001 0.40724611
vt 0.49453124 0.37221324
vt 0.49375001 0.40724611
vt 0.49375001 0.37221324
vt 0.3203125 0.5703125
vt 0.3203125 0.5390625
vt 0.328125 0.5390625
vt 0.3203125 0.5703125
vt 0.328125 0.5390625
vt 0.328125 0.5703125
vt 0.34375 0.5390625
vt 0.34375 0.5703125
vt 0.3359375 0.5703125
vt 0.34375 0.5390625
vt 0.3359375 0.5703125
vt 0.3359375 0.5390625
vt 0.64640623 0.91796875
vt 0.64687502 0.91796875
vt 0.64687502 0.91874999
vt 0.64640623 0.91796875
vt 0.64687502 0.91874999
vt 0.64640623 0.91874999
vt 0.49453124 0.37174451
vt 0.49453124 0.37221324
vt 0.49375001 0.37221324
vt 0.49453124 0.37174451
vt 0.49375001 0.37221324
vt 0.49375001 0.37174451
vt 0.4765625 0.8203125
vt 0.4453125 0.8203125
vt 0.4453125 0.8125
vt 0.4765625 0.8203125
vt 0.4453125 0.8125
vt 0.4765625 0.8125
vt 0.61515623 0.91796875
vt 0.64640623 0.91796875
vt 0.64640623 0.91874999
vt 0.61515623 0.91796875
vt 0.64640623 0.91874999
vt 0.61515623 0.91874999
vt 0.6146875 0.91796875
vt 0.61515623 0.91796875
vt 0.61515623 0.91874999
vt 0.6146875 0.91796875
vt 0.61515623 0.91874999
vt 0.6146875 0.91874999
vt 0.4765625 0.8046875
vt 0.4453125 0.8046875
vt 0.4453125 0.796875
vt 0.4765625 0.8046875
vt 0.4453125 0.796875
vt 0.4765625 0.796875
vt 0.58296877 0.91796875
vt 0.6146875 0.91796875
vt 0.6146875 0.91874999
vt 0.58296877 0.91796875
vt 0.6146875 0.91874999
vt 0.58296877 0.91874999
vt 0.109375 0.5625
vt 0.109375 0.53125
vt 0.1171875 0.53125
vt 0.109375 0.5625
vt 0.1171875 0.53125
vt 0.1171875 0.5625
vt 0.390625 0.53125
vt 0.390625 0.5625
vt 0.3828125 0.5625
vt 0.390625 0.53125
vt 0.3828125 0.5625
vt 0.3828125 0.53125
vt 0.58249998 0.91796875
vt 0.58296877 0.91796875
vt 0.58296877 0.91874999
vt 0.58249998 0.91796875
vt 0.58296877 0.91874999
vt 0.58249998 0.91874999
vt 0.4765625 0.7890625
vt 0.4453125 0.7890625
vt 0.4453125 0.78125
vt 0.4765625 0.7890625
vt 0.4453125 0.78125
vt 0.4765625 0.78125
vt 0.55078125 0.91796875
vt 0.58249998 0.91796875
vt 0.58249998 0.91874999
vt 0.55078125 0.91796875
vt 0.58249998 0.91874999
vt 0.55078125 0.91874999
vt 0.3984375 0.5625
vt 0.3984375 0.53125
vt 0.40625 0.53125
vt 0.3984375 0.5625
vt 0.40625 0.53125
vt 0.40625 0.5625
vt 0.2265625 0.515625
vt 0.2265625 0.546875
vt 0.21875 0.546875
vt 0.2265625 0.515625
vt 0.21875 0.546875
vt 0.21875 0.515625
vt 0.55031252 0.91796875
vt 0.55078125 0.91796875
vt 0.55078125 0.91874999
vt 0.55031252 0.91796875
vt 0.55078125 0.91874999
vt 0.55031252 0.91874999
vt 0.484375 0.6875
vt 0.453125 0.6875
vt 0.453125 0.6796875
vt 0.484375 0.6875
vt 0.453125 0.6796875
vt 0.484375 0.6796875
vt 0.51859373 0.91796875
vt 0.55031252 0.91796875
vt 0.55031252 0.91874999
vt 0.51859373 0.91796875
vt 0.55031252 0.91874999
vt 0.51859373 0.91874999
vt 0.453125 0.671875
vt 0.453125 0.640625
vt 0.4609375 0.640625
vt 0.453125 0.671875
vt 0.4609375 0.640625
vt 0.4609375 0.671875
vt 0.4609375 0.6015625
vt 0.4609375 0.6328125
vt 0.453125 0.6328125
vt 0.4609375 0.6015625
vt 0.453125 0.6328125
vt 0.453125 0.6015625
vt 0.518125 0.91796875
vt 0.51859373 0.91796875
vt 0.51859373 0.91874999
vt 0.518125 0.91796875
vt 0.51859373 0.91874999
vt 0.518125 0.91874999
vt 0.4609375 0.546875
vt 0.4296875 0.546875
vt 0.4296875 0.5390625
vt 0.4609375 0.546875
vt 0.4296875 0.5390625
vt 0.4609375 0.5390625
vt 0.48640624 0.91796875
vt 0.518125 0.91796875
vt 0.518125 0.91874999
vt 0.48640624 0.91796875
vt 0.518125 0.91874999
vt 0.48640624 0.91874999
vt 0.22031251 0.36440074
vt 0.22031251 0.36393201
vt 0.22109374 0.36393201
vt 0.22031251 0.36440074
vt 0.22109374 0.36393201
vt 0.22109374 0.36440074
vt 0.48593751 0.91796875
vt 0.48640624 0.91796875
vt 0.48640624 0.91874999
vt 0.48593751 0.91796875
vt 0.48640624 0.91874999
vt 0.48593751 0.91874999
vt 0.4609375 0.9765625
vt 0.4921875 0.9765625
vt 0.4921875 0.984375
vt 0.4609375 0.9765625
vt 0.4921875 0.984375
vt 0.4609375 0.984375
vt 0.0625 0.5390625
vt 0.03125 0.5390625
vt 0.03125 0.53125
vt 0.0625 0.5390625
vt 0.03125 0.53125
vt 0.0625 0.53125
vt 0.4921875 0.96875
vt 0.4609375 0.96875
vt 0.4609375 0.9609375
vt 0.4921875 0.96875
vt 0.4609375 0.9609375
vt 0.4921875 0.9609375
vt 0.515625 0.4765625
vt 0.515625 0.484375
vt 0.5078125 0.484375
vt 0.515625 0.4765625
vt 0.5078125 0.484375
vt 0.5078125 0.4765625
vt 0.140625 0.53125
vt 0.171875 0.53125
vt 0.171875 0.5390625
vt 0.140625 0.53125
vt 0.171875 0.5390625
vt 0.140625 0.5390625
vt 0.2109375 0.5390625
vt 0.1796875 0.5390625
vt 0.1796875 0.53125
vt 0.2109375 0.5390625
vt 0.1796875 0.53125
vt 0.2109375 0.53125
vt 0.46875 0.9921875
vt 0.5 0.9921875
vt 0.5 1
vt 0.46875 0.9921875
vt 0.5 1
vt 0.46875 1
vt 0.078125 0.5078125
vt 0.078125 0.5390625
vt 0.0703125 0.5390625
vt 0.078125 0.5078125
vt 0.0703125 0.5390625
vt 0.0703125 0.5078125
vt 0.234375 0.5390625
vt 0.234375 0.5078125
vt 0.2421875 0.5078125
vt 0.234375 0.5390625
vt 0.2421875 0.5078125
vt 0.2421875 0.5390625
vt 0.2578125 0.5078125
vt 0.2578125 0.5390625
vt 0.25 0.5390625
vt 0.2578125 0.5078125
vt 0.25 0.5390625
vt 0.25 0.5078125
vt 0.4140625 0.5390625
vt 0.4140625 0.5078125
vt 0.421875 0.5078125
vt 0.4140625 0.5390625
vt 0.421875 0.5078125
vt 0.421875 0.5390625
vt 0.5 0.90625
vt 0.46875 0.90625
vt 0.46875 0.8984375
vt 0.5 0.90625
vt 0.46875 0.8984375
vt 0.5 0.8984375
vt 0.46875 0.8828125
vt 0.5 0.8828125
vt 0.5 0.890625
vt 0.46875 0.8828125
vt 0.5 0.890625
vt 0.46875 0.890625
vt 0.5 0.875
vt 0.46875 0.875
vt 0.46875 0.8671875
vt 0.5 0.875
vt 0.46875 0.8671875
vt 0.5 0.8671875
vt 0.46875 0.765625
vt 0.5 0.765625
vt 0.5 0.7734375
vt 0.46875 0.765625
vt 0.5 0.7734375
vt 0.46875 0.7734375
vt 0.1640625 0.5625
vt 0.1640625 0.6015625
vt 0.15625 0.6015625
vt 0.1640625 0.5625
vt 0.15625 0.6015625
vt 0.15625 0.5625
vt 0.171875 0.6015625
vt 0.171875 0.5625
vt 0.1796875 0.5625
vt 0.171875 0.6015625
vt 0.1796875 0.5625
vt 0.1796875 0.6015625
vt 0.1953125 0.5625
vt 0.1953125 0.6015625
vt 0.1875 0.6015625
vt 0.1953125 0.5625
vt 0.1875 0.6015625
vt 0.1875 0.5625
vt 0 0.46875
vt 0.0078125 0.46875
vt 0.0078125 0.4765625
vt 0 0.46875
vt 0.0078125 0.4765625
vt 0 0.4765625
vt 0.203125 0.6015625
vt 0.203125 0.5625
vt 0.2109375 0.5625
vt 0.203125 0.6015625
vt 0.2109375 0.5625
vt 0.2109375 0.6015625
vt 0.40625 0.734375
vt 0.40625 0.7734375
vt 0.3984375 0.7734375
vt 0.40625 0.734375
vt 0.3984375 0.7734375
vt 0.3984375 0.734375
vt 0.3984375 0.7265625
vt 0.3984375 0.6875
vt 0.40625 0.6875
vt 0.3984375 0.7265625
vt 0.40625 0.6875
vt 0.40625 0.7265625
vt 0.0078125 0.5
vt 0.0078125 0.53125
vt 0 0.53125
vt 0.0078125 0.5
vt 0 0.53125
vt 0 0.5
vt 0.015625 0.53125
vt 0.015625 0.5
vt 0.0234375 0.5
vt 0.015625 0.53125
vt 0.0234375 0.5
vt 0.0234375 0.53125
vt 0.296875 0.53125
vt 0.265625 0.53125
vt 0.265625 0.5234375
vt 0.296875 0.53125
vt 0.265625 0.5234375
vt 0.296875 0.5234375
vt 0.46875 0.6640625
vt 0.5 0.6640625
vt 0.5 0.671875
vt 0.46875 0.6640625
vt 0.5 0.671875
vt 0.46875 0.671875
vt 0.40625 0.6171875
vt 0.40625 0.65625
vt 0.3984375 0.65625
vt 0.40625 0.6171875
vt 0.3984375 0.65625
vt 0.3984375 0.6171875
vt 0.3984375 0.609375
vt 0.3984375 0.5703125
vt 0.40625 0.5703125
vt 0.3984375 0.609375
vt 0.40625 0.5703125
vt 0.40625 0.609375
vt 0.2265625 0.5546875
vt 0.2265625 0.59375
vt 0.21875 0.59375
vt 0.2265625 0.5546875
vt 0.21875 0.59375
vt 0.21875 0.5546875
vt 0.4140625 0.9375
vt 0.4140625 0.8984375
vt 0.421875 0.8984375
vt 0.4140625 0.9375
vt 0.421875 0.8984375
vt 0.421875 0.9375
vt 0.015625 0.4765625
vt 0.015625 0.46875
vt 0.0234375 0.46875
vt 0.015625 0.4765625
vt 0.0234375 0.46875
vt 0.0234375 0.4765625
vt 0.5 0.65625
vt 0.46875 0.65625
vt 0.46875 0.6484375
vt 0.5 0.65625
vt 0.46875 0.6484375
vt 0.5 0.6484375
vt 0.46875 0.6328125
vt 0.5 0.6328125
vt 0.5 0.640625
vt 0.46875 0.6328125
vt 0.5 0.640625
vt 0.46875 0.640625
vt 0.46875 0.6171875
vt 0.5 0.6171875
vt 0.5 0.625
vt 0.46875 0.6171875
vt 0.5 0.625
vt 0.46875 0.625
vt 0.5 0.609375
vt 0.46875 0.609375
vt 0.46875 0.6015625
vt 0.5 0.609375
vt 0.46875 0.6015625
vt 0.5 0.6015625
vt 0.46875 0.5859375
vt 0.5 0.5859375
vt 0.5 0.59375
vt 0.46875 0.5859375
vt 0.5 0.59375
vt 0.46875 0.59375
vt 0.5 0.578125
vt 0.46875 0.578125
vt 0.46875 0.5703125
vt 0.5 0.578125
vt 0.46875 0.5703125
vt 0.5 0.5703125
vt 0.4296875 0.5234375
vt 0.4609375 0.5234375
vt 0.4609375 0.53125
vt 0.4296875 0.5234375
vt 0.4609375 0.53125
vt 0.4296875 0.53125
vt 0.5 0.5625
vt 0.46875 0.5625
vt 0.46875 0.5546875
vt 0.5 0.5625
vt 0.46875 0.5546875
vt 0.5 0.5546875
vt 0.53125 0.984375
vt 0.5234375 0.984375
vt 0.5234375 0.9765625
vt 0.53125 0.984375
vt 0.5234375 0.9765625
vt 0.53125 0.9765625
vt 0.421875 0.8515625
vt 0.421875 0.890625
vt 0.4140625 0.890625
vt 0.421875 0.8515625
vt 0.4140625 0.890625
vt 0.4140625 0.8515625
vt 0.4140625 0.84375
vt 0.4140625 0.8046875
vt 0.421875 0.8046875
vt 0.4140625 0.84375
vt 0.421875 0.8046875
vt 0.421875 0.84375
vt 0.55859375 0.8232289
vt 0.55859375 0.82648438
vt 0.5546875 0.82648438
vt 0.55859375 0.8232289
vt 0.5546875 0.82648438
vt 0.5546875 0.8232289
vt 0.11328125 0.48601562
vt 0.11328125 0.50554687
vt 0.109375 0.50554687
vt 0.11328125 0.48601562
vt 0.109375 0.50554687
vt 0.109375 0.48601562
vt 0.15820312 0.61393201
vt 0.15820312 0.63346326
vt 0.15039062 0.63346326
vt 0.15820312 0.61393201
vt 0.15039062 0.63346326
vt 0.15039062 0.61393201
vt 0.15039062 0.61393201
vt 0.15039062 0.63346326
vt 0.14960937 0.63346326
vt 0.15039062 0.61393201
vt 0.14960937 0.63346326
vt 0.14960937 0.61393201
vt 0.2421875 0.77799451
vt 0.2421875 0.79752576
vt 0.2265625 0.79752576
vt 0.2421875 0.77799451
vt 0.2265625 0.79752576
vt 0.2265625 0.77799451
vt 0.35468751 0.48893201
vt 0.35468751 0.50846326
vt 0.35234374 0.50846326
vt 0.35468751 0.48893201
vt 0.35234374 0.50846326
vt 0.35234374 0.48893201
vt 0.20546874 0.61393201
vt 0.20546874 0.63346326
vt 0.19765624 0.63346326
vt 0.20546874 0.61393201
vt 0.19765624 0.63346326
vt 0.19765624 0.61393201
vt 0.04921875 0.36393201
vt 0.04921875 0.38346326
vt 0.0484375 0.38346326
vt 0.04921875 0.36393201
vt 0.0484375 0.38346326
vt 0.0484375 0.36393201
vt 0.03359375 0.36393201
vt 0.03359375 0.38346326
vt 0.0328125 0.38346326
vt 0.03359375 0.36393201
vt 0.0328125 0.38346326
vt 0.0328125 0.36393201
vt 0.140625 0.69986951
vt 0.140625 0.71940076
vt 0 0.71940076
vt 0.140625 0.69986951
vt 0 0.71940076
vt 0 0.69986951
vt 0.37031251 0.48893201
vt 0.37031251 0.50846326
vt 0.36796874 0.50846326
vt 0.37031251 0.48893201
vt 0.36796874 0.50846326
vt 0.36796874 0.48893201
vt 0.5546875 0.8232289
vt 0.5546875 0.82158828
vt 0.55859375 0.82158828
vt 0.5546875 0.8232289
vt 0.55859375 0.82158828
vt 0.55859375 0.8232289
vt 0.19765624 0.65299451
vt 0.19765624 0.6513539
vt 0.20546874 0.6513539
vt 0.19765624 0.65299451
vt 0.20546874 0.6513539
vt 0.20546874 0.65299451
vt 0.0484375 0.40299451
vt 0.0484375 0.40135389999999993
vt 0.04921875 0.40135389999999993
vt 0.0484375 0.40299451
vt 0.04921875 0.40135389999999993
vt 0.04921875 0.40299451
vt 0.0328125 0.40299451
vt 0.0328125 0.40135389999999993
vt 0.03359375 0.40135389999999993
vt 0.0328125 0.40299451
vt 0.03359375 0.40135389999999993
vt 0.03359375 0.40299451
vt 0 0.73893201
vt 0 0.7372914
vt 0.140625 0.7372914
vt 0 0.73893201
vt 0.140625 0.7372914
vt 0.140625 0.73893201
vt 0.36796874 0.52799451
vt 0.36796874 0.5263539
vt 0.37031251 0.5263539
vt 0.36796874 0.52799451
vt 0.37031251 0.5263539
vt 0.37031251 0.52799451
vt 0.15039062 0.65299451
vt 0.15039062 0.6513539
vt 0.15820312 0.6513539
vt 0.15039062 0.65299451
vt 0.15820312 0.6513539
vt 0.15820312 0.65299451
vt 0.14960937 0.65299451
vt 0.14960937 0.6513539
vt 0.15039062 0.6513539
vt 0.14960937 0.65299451
vt 0.15039062 0.6513539
vt 0.15039062 0.65299451
vt 0.2265625 0.81705701
vt 0.2265625 0.8154164
vt 0.2421875 0.8154164
vt 0.2265625 0.81705701
vt 0.2421875 0.8154164
vt 0.2421875 0.81705701
vt 0.35234374 0.52799451
vt 0.35234374 0.5263539
vt 0.35468751 0.5263539
vt 0.35234374 0.52799451
vt 0.35468751 0.5263539
vt 0.35468751 0.52799451
vt 0.03125 0.6484375
vt 0.03125 0.546875
vt 0.0390625 0.546875
vt 0.03125 0.6484375
vt 0.0390625 0.546875
vt 0.0390625 0.6484375
vt 0.0484375 0.5078125
vt 0.0484375 0.40789062
vt 0.04921875 0.40789062
vt 0.0484375 0.5078125
vt 0.04921875 0.40789062
vt 0.04921875 0.5078125
vt 0.0328125 0.5078125
vt 0.0328125 0.40789062
vt 0.03359375 0.40789062
vt 0.0328125 0.5078125
vt 0.03359375 0.40789062
vt 0.03359375 0.5078125
vt 0 0.84375
vt 0 0.74382812
vt 0.140625 0.74382812
vt 0 0.84375
vt 0.140625 0.74382812
vt 0.140625 0.84375
vt 0.36796874 0.6328125
vt 0.36796874 0.53289062
vt 0.37031251 0.53289062
vt 0.36796874 0.6328125
vt 0.37031251 0.53289062
vt 0.37031251 0.6328125
vt 0.15039062 0.7578125
vt 0.15039062 0.65789062
vt 0.15820312 0.65789062
vt 0.15039062 0.7578125
vt 0.15820312 0.65789062
vt 0.15820312 0.7578125
vt 0.14960937 0.7578125
vt 0.14960937 0.65789062
vt 0.15039062 0.65789062
vt 0.14960937 0.7578125
vt 0.15039062 0.65789062
vt 0.15039062 0.7578125
vt 0.2265625 0.921875
vt 0.2265625 0.82195312
vt 0.2421875 0.82195312
vt 0.2265625 0.921875
vt 0.2421875 0.82195312
vt 0.2421875 0.921875
vt 0.35234374 0.6328125
vt 0.35234374 0.53289062
vt 0.35468751 0.53289062
vt 0.35234374 0.6328125
vt 0.35468751 0.53289062
vt 0.35468751 0.6328125
vt 0.375 0.45311170999999995
vt 0.375 0.44660157
vt 0.3828125 0.44658828000000006
vt 0.375 0.45311170999999995
vt 0.3828125 0.44658828000000006
vt 0.3828125 0.453125
vt 0.19687501 0.65625
vt 0.19687501 0.65299451
vt 0.19765624 0.65299451
vt 0.19687501 0.65625
vt 0.19765624 0.65299451
vt 0.19765624 0.65625
vt 0.19687501 0.65789062
vt 0.19687501 0.65625
vt 0.19765624 0.65625
vt 0.19687501 0.65789062
vt 0.19765624 0.65625
vt 0.19765624 0.65789062
vt 0.09375 0.46875
vt 0.1015625 0.46875
vt 0.1015625 0.4765625
vt 0.09375 0.46875
vt 0.1015625 0.4765625
vt 0.09375 0.4765625
vt 0.55703127 0.66536486
vt 0.55703127 0.671875
vt 0.55624998 0.671875
vt 0.55703127 0.66536486
vt 0.55624998 0.671875
vt 0.55624998 0.66536486
vt 0.109375 0.4765625
vt 0.109375 0.46875
vt 0.1171875 0.46875
vt 0.109375 0.4765625
vt 0.1171875 0.46875
vt 0.1171875 0.4765625
vt 0.15761718 0.42890626
vt 0.15878907 0.42890626
vt 0.15878907 0.4296875
vt 0.15761718 0.42890626
vt 0.15878907 0.4296875
vt 0.15761718 0.4296875
vt 0.1328125 0.4765625
vt 0.125 0.4765625
vt 0.125 0.46875
vt 0.1328125 0.4765625
vt 0.125 0.46875
vt 0.1328125 0.46875
vt 0.19687501 0.65299451
vt 0.19687501 0.6513539
vt 0.19765624 0.6513539
vt 0.19687501 0.65299451
vt 0.19765624 0.6513539
vt 0.19765624 0.65299451
vt 0.53125 0.8515625
vt 0.53125 0.859375
vt 0.5234375 0.859375
vt 0.53125 0.8515625
vt 0.5234375 0.859375
vt 0.5234375 0.8515625
vt 0.53125 0.8203125
vt 0.53125 0.828125
vt 0.5234375 0.828125
vt 0.53125 0.8203125
vt 0.5234375 0.828125
vt 0.5234375 0.8203125
vt 0.5234375 0.84375
vt 0.5234375 0.8359375
vt 0.53125 0.8359375
vt 0.5234375 0.84375
vt 0.53125 0.8359375
vt 0.53125 0.84375
vt 0.2734375 0.46875
vt 0.2734375 0.4765625
vt 0.265625 0.4765625
vt 0.2734375 0.46875
vt 0.265625 0.4765625
vt 0.265625 0.46875
vt 0 0.99346334
vt 0.00273441 0.99346334
vt 0.00276603 0.99997342
vt 0 0.99346334
vt 0.00276603 0.99997342
vt 0.00003175 1
vt 0.36835939 0.86406249
vt 0.37617189 0.86406249
vt 0.37617189 0.87187499
vt 0.36835939 0.86406249
vt 0.37617189 0.87187499
vt 0.36835939 0.87187499
vt 0 1
vt 0 0.99270862
vt 0.00546875 0.99270862
vt 0 1
vt 0.00546875 0.99270862
vt 0.00546875 1
vt 0.421875 0.67578125
vt 0.4296875 0.67578125
vt 0.4296875 0.67656249
vt 0.421875 0.67578125
vt 0.4296875 0.67656249
vt 0.421875 0.67656249
vt 0.56386721 0.8125
vt 0.56386721 0.81171876
vt 0.56503904 0.81171876
vt 0.56386721 0.8125
vt 0.56503904 0.81171876
vt 0.56503904 0.8125
vt 0.515625 0.71875
vt 0.515625 0.7109375
vt 0.5234375 0.7109375
vt 0.515625 0.71875
vt 0.5234375 0.7109375
vt 0.5234375 0.71875
vt 0.390625 0.4765625
vt 0.390625 0.484375
vt 0.3828125 0.484375
vt 0.390625 0.4765625
vt 0.3828125 0.484375
vt 0.3828125 0.4765625
vt 0.19765624 0.7578125
vt 0.19765624 0.65789062
vt 0.20546874 0.65789062
vt 0.19765624 0.7578125
vt 0.20546874 0.65789062
vt 0.20546874 0.7578125
vt 0 1
vt 0 0.99348986
vt 0.00078125 0.99348986
vt 0 1
vt 0.00078125 0.99348986
vt 0.00078125 1
vt 0 1
vt 0 0.99348986
vt 0.00078125 0.99348986
vt 0 1
vt 0.00078125 0.99348986
vt 0.00078125 1
vt 0.2734375 0.9296875
vt 0.2734375 0.890625
vt 0.3046875 0.890625
vn 1 0 0
vn 1 0 0
vn -1 0 0
vn -1 0 0
vn 0 -0.573576482172321 0.8191520122045878
vn 0 -0.573576482172321 0.8191520122045878
vn 1 0 0
vn 1 0 0
vn 1 0 0
vn 1 0 0
vn 1 0 0
vn 1 0 0
vn 1 0 0
vn 1 0 0
vn 1 0 0
vn 1 0 0
vn 0 0.5735764563787883 -0.8191520302654155
vn 0 0.5735764563787883 -0.8191520302654155
vn 0 0.5735762729612179 -0.8191521586957571
vn 0 0.5735762729612179 -0.8191521586957571
vn 0 0.5735762729612149 -0.819152158695759
vn 0 0.5735762729612149 -0.819152158695759
vn 0 0.5735764563787882 -0.8191520302654155
vn 0 0.5735764563787882 -0.8191520302654155
vn -1 0 0
vn -1 0 0
vn -1 0 0
vn -1 0 0
vn -1 0 0
vn -1 0 0
vn -1 0 0
vn -1 0 0
vn -1 0 0
vn -1 0 0
vn 0 -0.5735764821723216 0.8191520122045873
vn 0 -0.5735764821723216 0.8191520122045873
vn 0 -0.5735764563787882 0.8191520302654155
vn 0 -0.5735764563787882 0.8191520302654155
vn 0 -0.5735765950192083 0.8191519331883256
vn 0 -0.5735765950192083 0.8191519331883256
vn 0 -0.5735762729612154 0.8191521586957589
vn 0 -0.5735762729612154 0.8191521586957589
vn 0 -0.5735764563787883 0.8191520302654155
vn 0 -0.5735764563787883 0.8191520302654155
vn 1 0 0
vn 1 0 0
vn -1 0 0
vn -1 0 0
vn -1 0 0
vn -1 0 0
vn -1 0 0
vn -1 0 0
vn -1 0 0
vn -1 0 0
vn -1 0 0
vn -1 0 0
vn -1 0 0
vn -1 0 0
vn 1 0 0
vn 1 0 0
vn 1 0 0
vn 1 0 0
vn 1 0 0
vn 1 0 0
vn 1 0 0
vn 1 0 0
vn 1 0 0
vn 1 0 0
vn 0 0.573576430585266 -0.8191520483262347
vn 0 0.573576430585266 -0.8191520483262347
vn 1 0 0
vn 1 0 0
vn 1 0 0
vn 1 0 0
vn 0 -0.5735763017513423 0.8191521385367025
vn 0 -0.5735763017513423 0.8191521385367025
vn -1 0 0
vn -1 0 0
vn -1 0 0
vn -1 0 0
vn 0 0.5735764305852656 -0.8191520483262347
vn 0 0.5735764305852656 -0.8191520483262347
vn -1 0 0
vn -1 0 0
vn -1 0 0
vn -1 0 0
vn 0 -0.5735764305852655 0.8191520483262349
vn 0 -0.5735764305852655 0.8191520483262349
vn 1 0 0
vn 1 0 0
vn 1 0 0
vn 1 0 0
vn 0 0.8191521273428509 0.5735763177378245
vn 0 0.8191521273428509 0.5735763177378245
vn 0 0.5735762729612154 -0.8191521586957589
vn 0 0.5735762729612154 -0.8191521586957589
vn 0 0.8191519125559557 0.5735766244852732
vn 0 0.8191519125559557 0.5735766244852732
vn 0 -0.5735765950192082 0.8191519331883257
vn 0 -0.5735765950192082 0.8191519331883257
vn 0 -0.8191519125559532 -0.5735766244852766
vn 0 -0.8191519125559532 -0.5735766244852766
vn 0 0.573576272961215 -0.819152158695759
vn 0 0.573576272961215 -0.819152158695759
vn 0 -0.8191521273428509 -0.5735763177378245
vn 0 -0.8191521273428509 -0.5735763177378245
vn 0 -0.5735764984687153 0.8191520007937282
vn 0 -0.5735764984687153 0.8191520007937282
vn 1 0 0
vn 1 0 0
vn -1 0 0
vn -1 0 0
vn 0 0.8191522347362917 0.5735761643640184
vn 0 0.8191522347362917 0.5735761643640184
vn 1 0 0
vn 1 0 0
vn 0 -0.8191522347362997 -0.573576164364007
vn 0 -0.8191522347362997 -0.573576164364007
vn -1 0 0
vn -1 0 0
vn 1 0 0
vn 1 0 0
vn 0 0.8191522347362912 0.5735761643640189
vn 0 0.8191522347362912 0.5735761643640189
vn -1 0 0
vn -1 0 0
vn 1 0 0
vn 1 0 0
vn -1 0 0
vn -1 0 0
vn 0 -0.8191522347363002 -0.5735761643640065
vn 0 -0.8191522347363002 -0.5735761643640065
vn 0 0.5735761904164717 -0.8191522164941797
vn 0 0.5735761904164717 -0.8191522164941797
vn 0 0.5735766401480283 -0.8191519015887709
vn 0 0.5735766401480283 -0.8191519015887709
vn 0 0.5735765098387273 -0.8191519928323585
vn 0 0.5735765098387273 -0.8191519928323585
vn 0 0.5735765719812946 -0.8191519493196529
vn 0 0.5735765719812946 -0.8191519493196529
vn -1 0 0
vn -1 0 0
vn -1 0 0
vn -1 0 0
vn -1 0 0
vn -1 0 0
vn -1 0 0
vn -1 0 0
vn -1 0 0
vn -1 0 0
vn -1 0 0
vn -1 0 0
vn -1 0 0
vn -1 0 0
vn -1 0 0
vn -1 0 0
vn 0 -0.5735761904164718 0.8191522164941797
vn 0 -0.5735761904164718 0.8191522164941797
vn 0 -0.5735765435866483 0.8191519692018043
vn 0 -0.5735765435866483 0.8191519692018043
vn 0 -0.5735766063988315 0.8191519252202243
vn 0 -0.5735766063988315 0.8191519252202243
vn 0 -0.5735762498974311 0.8191521748451872
vn 0 -0.5735762498974311 0.8191521748451872
vn -1 0 0
vn -1 0 0
vn -1 0 0
vn -1 0 0
vn -1 0 0
vn -1 0 0
vn -1 0 0
vn -1 0 0
vn 0 -0.5735761904164713 0.81915221649418
vn 0 -0.5735761904164713 0.81915221649418
vn 0 -0.5735763180536493 0.8191521271217083
vn 0 -0.5735763180536493 0.8191521271217083
vn 0 -0.5735768319287958 0.8191517673023273
vn 0 -0.5735768319287958 0.8191517673023273
vn 0 -0.5735760243719619 0.8191523327596979
vn 0 -0.5735760243719619 0.8191523327596979
vn 1 0 0
vn 1 0 0
vn 1 0 0
vn 1 0 0
vn 1 0 0
vn 1 0 0
vn 1 0 0
vn 1 0 0
vn 1 0 0
vn 1 0 0
vn 1 0 0
vn 1 0 0
vn 1 0 0
vn 1 0 0
vn 1 0 0
vn 1 0 0
vn 1 0 0
vn 1 0 0
vn 1 0 0
vn 1 0 0
vn 1 0 0
vn 1 0 0
vn 1 0 0
vn 1 0 0
vn 1 0 0
vn 1 0 0
vn 1 0 0
vn 1 0 0
vn 1 0 0
vn 1 0 0
vn 1 0 0
vn 1 0 0
vn 0 0.5735761904164717 -0.8191522164941798
vn 0 0.5735761904164717 -0.8191522164941798
vn 0 0.5735768656810301 -0.8191517436687331
vn 0 0.5735768656810301 -0.8191517436687331
vn 0 0.5735762843087654 -0.8191521507501218
vn 0 0.5735762843087654 -0.8191521507501218
vn 0 0.5735765719812972 -0.819151949319651
vn 0 0.5735765719812972 -0.819151949319651
vn -1 0 0
vn -1 0 0
vn -1 0 0
vn -1 0 0
vn -1 0 0
vn -1 0 0
vn -1 0 0
vn -1 0 0
vn 0 0.5735762869791028 -0.8191521488803322
vn 0 0.5735762869791028 -0.8191521488803322
vn 0 0.573576543586651 -0.8191519692018027
vn 0 0.573576543586651 -0.8191519692018027
vn 0 0.5735762843087654 -0.819152150750122
vn 0 0.5735762843087654 -0.819152150750122
vn 0 0.5735763464558256 -0.8191521072342954
vn 0 0.5735763464558256 -0.8191521072342954
vn -1 0 0
vn -1 0 0
vn -1 0 0
vn -1 0 0
vn -1 0 0
vn -1 0 0
vn -1 0 0
vn -1 0 0
vn -1 0 0
vn -1 0 0
vn -1 0 0
vn -1 0 0
vn -1 0 0
vn -1 0 0
vn -1 0 0
vn -1 0 0
vn 0 -0.5735762869791055 0.8191521488803305
vn 0 -0.5735762869791055 0.8191521488803305
vn 0 -0.5735765435866483 0.8191519692018043
vn 0 -0.5735765435866483 0.8191519692018043
vn 0 -0.5735762843087654 0.8191521507501218
vn 0 -0.5735762843087654 0.8191521507501218
vn 0 -0.5735765719812972 0.8191519493196511
vn 0 -0.5735765719812972 0.8191519493196511
vn -1 0 0
vn -1 0 0
vn -1 0 0
vn -1 0 0
vn -1 0 0
vn -1 0 0
vn -1 0 0
vn -1 0 0
vn 0 -0.5735765125143537 0.8191519909588644
vn 0 -0.5735765125143537 0.8191519909588644
vn 0 -0.5735763180536492 0.8191521271217084
vn 0 -0.5735763180536492 0.8191521271217084
vn 0 -0.5735765098387273 0.8191519928323585
vn 0 -0.5735765098387273 0.8191519928323585
vn 0 -0.5735763464558256 0.8191521072342954
vn 0 -0.5735763464558256 0.8191521072342954
vn 1 0 0
vn 1 0 0
vn 1 0 0
vn 1 0 0
vn 1 0 0
vn 1 0 0
vn 1 0 0
vn 1 0 0
vn 1 0 0
vn 1 0 0
vn 1 0 0
vn 1 0 0
vn 1 0 0
vn 1 0 0
vn 1 0 0
vn 1 0 0
vn 1 0 0
vn 1 0 0
vn 1 0 0
vn 1 0 0
vn 1 0 0
vn 1 0 0
vn 1 0 0
vn 1 0 0
vn 1 0 0
vn 1 0 0
vn 1 0 0
vn 1 0 0
vn 1 0 0
vn 1 0 0
vn 1 0 0
vn 1 0 0
vn 0 0.5735762869791055 -0.8191521488803304
vn 0 0.5735762869791055 -0.8191521488803304
vn 0 0.5735765435866482 -0.8191519692018044
vn 0 0.5735765435866482 -0.8191519692018044
vn 0 0.5735762843087654 -0.819152150750122
vn 0 0.5735762843087654 -0.819152150750122
vn 0 0.5735765719812974 -0.8191519493196506
vn 0 0.5735765719812974 -0.8191519493196506
vn -1 0 0
vn -1 0 0
vn -1 0 0
vn -1 0 0
vn -1 0 0
vn -1 0 0
vn -1 0 0
vn -1 0 0
vn 1 0 0
vn 1 0 0
vn 0 -0.8191522347362917 -0.5735761643640181
vn 0 -0.8191522347362917 -0.5735761643640181
vn -1 0 0
vn -1 0 0
vn 0 0.8191522347362916 0.5735761643640184
vn 0 0.8191522347362916 0.5735761643640184
vn 0 0.5735761904164716 -0.8191522164941799
vn 0 0.5735761904164716 -0.8191522164941799
vn 0 -0.8191521273428508 -0.5735763177378247
vn 0 -0.8191521273428508 -0.5735763177378247
vn 0 -0.5735761904164718 0.8191522164941798
vn 0 -0.5735761904164718 0.8191522164941798
vn 0 0.819152127342851 0.5735763177378246
vn 0 0.819152127342851 0.5735763177378246
vn 0 0.5735761904164718 -0.8191522164941798
vn 0 0.5735761904164718 -0.8191522164941798
vn 0 -0.8191519125559558 -0.5735766244852732
vn 0 -0.8191519125559558 -0.5735766244852732
vn 0 -0.5735761904164718 0.8191522164941798
vn 0 -0.5735761904164718 0.8191522164941798
vn 0 0.8191519125559558 0.5735766244852732
vn 0 0.8191519125559558 0.5735766244852732
vn 0 0.5735761904164717 -0.8191522164941797
vn 0 0.5735761904164717 -0.8191522164941797
vn 0 -0.8191522347362918 -0.5735761643640181
vn 0 -0.8191522347362918 -0.5735761643640181
vn 0 -0.5735761904164716 0.8191522164941799
vn 0 -0.5735761904164716 0.8191522164941799
vn 0 0.8191522347362918 0.5735761643640184
vn 0 0.8191522347362918 0.5735761643640184
vn -1 0 0
vn -1 0 0
vn 0 0.8191514829821526 0.5735772379794549
vn 0 0.8191514829821526 0.5735772379794549
vn 1 0 0
vn 1 0 0
vn 0 -0.8191522347362996 -0.573576164364007
vn 0 -0.8191522347362996 -0.573576164364007
vn 0 -0.5735762729612155 0.8191521586957587
vn 0 -0.5735762729612155 0.8191521586957587
vn 0 0.819152127342851 0.5735763177378246
vn 0 0.819152127342851 0.5735763177378246
vn 0 0.5735764984687154 -0.8191520007937281
vn 0 0.5735764984687154 -0.8191520007937281
vn 0 -0.8191519125559533 -0.5735766244852766
vn 0 -0.8191519125559533 -0.5735766244852766
vn 0 -0.5735762729612153 0.8191521586957587
vn 0 -0.5735762729612153 0.8191521586957587
vn 0 0.8191521273428508 0.5735763177378246
vn 0 0.8191521273428508 0.5735763177378246
vn 0 0.5735762729612155 -0.8191521586957587
vn 0 0.5735762729612155 -0.8191521586957587
vn 0 -0.819152127342851 -0.5735763177378246
vn 0 -0.819152127342851 -0.5735763177378246
vn 0 0.573576272961215 -0.8191521586957591
vn 0 0.573576272961215 -0.8191521586957591
vn 0 -0.8191522347362997 -0.573576164364007
vn 0 -0.8191522347362997 -0.573576164364007
vn 0 -0.5735764984687154 0.8191520007937281
vn 0 -0.5735764984687154 0.8191520007937281
vn 0 0.8191514829821526 0.573577237979455
vn 0 0.8191514829821526 0.573577237979455
vn 0 0.8191520092100577 0.5735764864489526
vn 0 0.8191520092100577 0.5735764864489526
vn 0 -0.8191520092100577 -0.5735764864489526
vn 0 -0.8191520092100577 -0.5735764864489526
vn 0 0.573576430585266 -0.8191520483262347
vn 0 0.573576430585266 -0.8191520483262347
vn 0 -0.8191520092100577 -0.5735764864489526
vn 0 -0.8191520092100577 -0.5735764864489526
vn 0 -0.573576430585266 0.8191520483262347
vn 0 -0.573576430585266 0.8191520483262347
vn 0 0.8191520092100577 0.5735764864489526
vn 0 0.8191520092100577 0.5735764864489526
vn 0 -0.8191520618484459 -0.5735764112735462
vn 0 -0.8191520618484459 -0.5735764112735462
vn 0 0.8191520092100577 0.5735764864489526
vn 0 0.8191520092100577 0.5735764864489526
vn 0 0.5735764305852666 -0.8191520483262341
vn 0 0.5735764305852666 -0.8191520483262341
vn 0 -0.8191520618484459 -0.5735764112735462
vn 0 -0.8191520618484459 -0.5735764112735462
vn 0 -0.5735763017513429 0.8191521385367023
vn 0 -0.5735763017513429 0.8191521385367023
vn 0 0.8191520092100577 0.5735764864489526
vn 0 0.8191520092100577 0.5735764864489526
vn 0 0.5735769161188826 -0.8191517083517268
vn 0 0.5735769161188826 -0.8191517083517268
vn -1 0 0
vn -1 0 0
vn 1 0 0
vn 1 0 0
vn -1 0 0
vn -1 0 0
vn 0 0.8191522347362963 0.5735761643640119
vn 0 0.8191522347362963 0.5735761643640119
vn 1 0 0
vn 1 0 0
vn 0 -0.8191522347362963 -0.5735761643640119
vn 0 -0.8191522347362963 -0.5735761643640119
vn 0 0.8191522347362963 0.5735761643640119
vn 0 0.8191522347362963 0.5735761643640119
vn 1 0 0
vn 1 0 0
vn 0 -0.8191522347362963 -0.5735761643640119
vn 0 -0.8191522347362963 -0.5735761643640119
vn -1 0 0
vn -1 0 0
vn 1 0 0
vn 1 0 0
vn 0 -0.8191522347363005 -0.5735761643640059
vn 0 -0.8191522347363005 -0.5735761643640059
vn -1 0 0
vn -1 0 0
vn 0 0.8191522347362921 0.5735761643640179
vn 0 0.8191522347362921 0.5735761643640179
vn 1 0 0
vn 1 0 0
vn -1 0 0
vn -1 0 0
vn 0 0.5735769161188826 -0.8191517083517268
vn 0 0.5735769161188826 -0.8191517083517268
vn 1 0 0
vn 1 0 0
vn -1 0 0
vn -1 0 0
vn 0 0.5735764821723206 -0.8191520122045882
vn 0 0.5735764821723206 -0.8191520122045882
vn 0 0.5735763017513429 -0.8191521385367022
vn 0 0.5735763017513429 -0.8191521385367022
vn 0 0.5735764821723213 -0.8191520122045878
vn 0 0.5735764821723213 -0.8191520122045878
vn 0 0.573576430585266 -0.8191520483262347
vn 0 0.573576430585266 -0.8191520483262347
vn 0 0.573576430585266 -0.8191520483262347
vn 0 0.573576430585266 -0.8191520483262347
vn 0 0.573576430585266 -0.8191520483262347
vn 0 0.573576430585266 -0.8191520483262347
vn 0 -0.8191520092100577 -0.5735764864489526
vn 0 -0.8191520092100577 -0.5735764864489526
vn 0 -0.8191520092100577 -0.5735764864489526
vn 0 -0.8191520092100577 -0.5735764864489526
vn 0 -0.573576430585266 0.8191520483262344
vn 0 -0.573576430585266 0.8191520483262344
vn 0 -0.573576430585266 0.8191520483262347
vn 0 -0.573576430585266 0.8191520483262347
vn 0 -0.573576430585266 0.8191520483262347
vn 0 -0.573576430585266 0.8191520483262347
vn 0 0.8191520092100577 0.5735764864489526
vn 0 0.8191520092100577 0.5735764864489526
vn 0 0.8191520092100577 0.5735764864489526
vn 0 0.8191520092100577 0.5735764864489526
vn 0 0.8191520092100577 0.5735764864489526
vn 0 0.8191520092100577 0.5735764864489526
vn 0 0.8191520092100579 0.5735764864489524
vn 0 0.8191520092100579 0.5735764864489524
vn 1 0 0
vn 1 0 0
vn 0 -0.8191520843854717 -0.573576379087334
vn 0 -0.8191520843854717 -0.573576379087334
vn -1 0 0
vn -1 0 0
vn -1 0 0
vn -1 0 0
vn 0 -0.5735764199870016 0.819152055747219
vn 0 -0.5735764199870016 0.819152055747219
vn 1 0 0
vn 1 0 0
vn 1 0 0
vn 1 0 0
vn 0 -0.5735764362746275 0.8191520443425007
vn 0 -0.5735764362746275 0.8191520443425007
vn -1 0 0
vn -1 0 0
vn 0 0.8191522347362962 0.5735761643640119
vn 0 0.8191522347362962 0.5735761643640119
vn 1 0 0
vn 1 0 0
vn 0 -0.8191522347362962 -0.5735761643640119
vn 0 -0.8191522347362962 -0.5735761643640119
vn -1 0 0
vn -1 0 0
vn 0 0.5735764305852655 -0.8191520483262347
vn 0 0.5735764305852655 -0.8191520483262347
vn 0 -0.8191522347362963 -0.5735761643640119
vn 0 -0.8191522347362963 -0.5735761643640119
vn 0 -0.5735764305852663 0.8191520483262343
vn 0 -0.5735764305852663 0.8191520483262343
vn 0 0.8191522347362963 0.5735761643640119
vn 0 0.8191522347362963 0.5735761643640119
vn -1 0 0
vn -1 0 0
vn 0 0.8191520676798244 0.5735764029454739
vn 0 0.8191520676798244 0.5735764029454739
vn 1 0 0
vn 1 0 0
vn 0 -0.8191520676798243 -0.5735764029454741
vn 0 -0.8191520676798243 -0.5735764029454741
vn 0 0.5735764305852656 -0.8191520483262348
vn 0 0.5735764305852656 -0.8191520483262348
vn 0 0.5735764305852665 -0.8191520483262341
vn 0 0.5735764305852665 -0.8191520483262341
vn 0 -0.8191520618484459 -0.5735764112735462
vn 0 -0.8191520618484459 -0.5735764112735462
vn 0 -0.8191520618484459 -0.5735764112735462
vn 0 -0.8191520618484459 -0.5735764112735462
vn 0 -0.5735763017513429 0.8191521385367022
vn 0 -0.5735763017513429 0.8191521385367022
vn 0 -0.5735763017513429 0.8191521385367023
vn 0 -0.5735763017513429 0.8191521385367023
vn 0 -0.5735763017513428 0.8191521385367022
vn 0 -0.5735763017513428 0.8191521385367022
vn 0 0.8191520092100577 0.5735764864489526
vn 0 0.8191520092100577 0.5735764864489526
vn 0 0.8191520092100577 0.5735764864489526
vn 0 0.8191520092100577 0.5735764864489526
vn 0 0.8191522347362922 0.5735761643640179
vn 0 0.8191522347362922 0.5735761643640179
vn 1 0 0
vn 1 0 0
vn 0 0.5735764305852656 -0.8191520483262348
vn 0 0.5735764305852656 -0.8191520483262348
vn 0 0.8191522347362922 0.5735761643640179
vn 0 0.8191522347362922 0.5735761643640179
vn 0 0.8191520676798243 0.573576402945474
vn 0 0.8191520676798243 0.573576402945474
vn 1 0 0
vn 1 0 0
vn 0 -0.8191520676798243 -0.573576402945474
vn 0 -0.8191520676798243 -0.573576402945474
vn 0 0.8191527611188023 0.5735754126106198
vn 0 0.8191527611188023 0.5735754126106198
vn 1 0 0
vn 1 0 0
vn -1 0 0
vn -1 0 0
vn 1 0 0
vn 1 0 0
vn -1 0 0
vn -1 0 0
vn 0 -0.8191520093661441 -0.5735764862260385
vn 0 -0.8191520093661441 -0.5735764862260385
vn -1 0 0
vn -1 0 0
vn 1 0 0
vn 1 0 0
vn 0 -0.5735764362746276 0.8191520443425006
vn 0 -0.5735764362746276 0.8191520443425006
vn 0 -0.819152009366144 -0.5735764862260384
vn 0 -0.819152009366144 -0.5735764862260384
vn 0 -0.5735763533383554 0.8191521024150973
vn 0 -0.5735763533383554 0.8191521024150973
vn 0 0.8191527611188023 0.5735754126106198
vn 0 0.8191527611188023 0.5735754126106198
vn 0 -0.5735764199870002 0.8191520557472198
vn 0 -0.5735764199870002 0.8191520557472198
vn 0 -0.8191519841515857 -0.5735765222361531
vn 0 -0.8191519841515857 -0.5735765222361531
vn -1 0 0
vn -1 0 0
vn -1 0 0
vn -1 0 0
vn 0 0.819151808690125 0.573576772820951
vn 0 0.819151808690125 0.573576772820951
vn -1 0 0
vn -1 0 0
vn 1 0 0
vn 1 0 0
vn 0 -0.8191519841515857 -0.5735765222361531
vn 0 -0.8191519841515857 -0.5735765222361531
vn 1 0 0
vn 1 0 0
vn 1 0 0
vn 1 0 0
vn 0 0.819151808690125 0.573576772820951
vn 0 0.819151808690125 0.573576772820951
vn 0 -0.8191519841515857 -0.5735765222361531
vn 0 -0.8191519841515857 -0.5735765222361531
vn 0 -0.5735763893918261 0.8191520771701897
vn 0 -0.5735763893918261 0.8191520771701897
vn 0 -0.5735763533383545 0.8191521024150982
vn 0 -0.5735763533383545 0.8191521024150982
vn 0 -0.5735769312324867 0.8191516977690538
vn 0 -0.5735769312324867 0.8191516977690538
vn 0 0.819151808690125 0.573576772820951
vn 0 0.819151808690125 0.573576772820951
vn 0 -0.5735763893918262 0.8191520771701898
vn 0 -0.5735763893918262 0.8191520771701898
vn 0 -0.8191519841515857 -0.5735765222361531
vn 0 -0.8191519841515857 -0.5735765222361531
vn 0 -0.5735763533383545 0.8191521024150982
vn 0 -0.5735763533383545 0.8191521024150982
vn 0 0.8191518086901252 0.5735767728209511
vn 0 0.8191518086901252 0.5735767728209511
vn 0 -0.5735769312324867 0.8191516977690538
vn 0 -0.5735769312324867 0.8191516977690538
vn 0 0.5735764456308188 -0.8191520377912249
vn 0 0.5735764456308188 -0.8191520377912249
vn 0 -0.8191520618484458 -0.5735764112735462
vn 0 -0.8191520618484458 -0.5735764112735462
vn 0 0.8191520092100577 0.5735764864489526
vn 0 0.8191520092100577 0.5735764864489526
vn 1 0 0
vn 1 0 0
vn 0 0.573576520795745 -0.8191519851601706
vn 0 0.573576520795745 -0.8191519851601706
vn 0 0.573576421688619 -0.8191520545557337
vn 0 0.573576421688619 -0.8191520545557337
vn 0 0.5735764216886189 -0.8191520545557336
vn 0 0.5735764216886189 -0.8191520545557336
vn 0 0.5735764216886189 -0.8191520545557336
vn 0 0.5735764216886189 -0.8191520545557336
vn 0 0.573576421688619 -0.8191520545557337
vn 0 0.573576421688619 -0.8191520545557337
vn 0 0.5735764306147151 -0.8191520483056141
vn 0 0.5735764306147151 -0.8191520483056141
vn 0 0.573576425373918 -0.8191520519752596
vn 0 0.573576425373918 -0.8191520519752596
vn 0 0.5735764508546206 -0.8191520341334794
vn 0 0.5735764508546206 -0.8191520341334794
vn 0 0.5735764306147151 -0.8191520483056142
vn 0 0.5735764306147151 -0.8191520483056142
vn 0 0.573576425373918 -0.8191520519752598
vn 0 0.573576425373918 -0.8191520519752598
vn 0 0.5735764508546206 -0.8191520341334794
vn 0 0.5735764508546206 -0.8191520341334794
vn 0 0.5735764306147152 -0.8191520483056142
vn 0 0.5735764306147152 -0.8191520483056142
vn 0 0.573576425373918 -0.8191520519752596
vn 0 0.5735764508546206 -0.8191520341334795
vn 0 0.5735764508546206 -0.8191520341334795
vn 0 0.5735764306147151 -0.8191520483056141
vn 0 0.5735764306147151 -0.8191520483056141
vn 0 0.573576425373918 -0.8191520519752596
vn 0 0.573576425373918 -0.8191520519752596
vn 0 0.5735764508546206 -0.8191520341334794
vn 0 0.5735764508546206 -0.8191520341334794
vn 0 0.5735764306147152 -0.819152048305614
vn 0 0.5735764306147152 -0.819152048305614
vn 0 0.5735764253739176 -0.8191520519752598
vn 0 0.5735764253739176 -0.8191520519752598
vn 0 0.5735764275362474 -0.8191520504611802
vn 0 0.5735764275362474 -0.8191520504611802
vn 0 0.5735764456308189 -0.819152037791225
vn 0 0.5735764456308189 -0.819152037791225
vn 0 0.5735764275362475 -0.8191520504611803
vn 0 0.5735764275362475 -0.8191520504611803
vn 0 0.5735764253739176 -0.8191520519752598
vn 0 0.5735764253739176 -0.8191520519752598
vn 0 0.5735764306147152 -0.819152048305614
vn 0 0.5735764306147152 -0.819152048305614
vn 0 0.5735762836670691 -0.8191521511994422
vn 0 0.5735762836670691 -0.8191521511994422
vn 0 0.573576283667069 -0.8191521511994423
vn 0 0.573576283667069 -0.8191521511994423
vn 0 0.5735762836670691 -0.8191521511994422
vn 0 0.5735762836670691 -0.8191521511994422
vn 0 0.5735762836670691 -0.8191521511994424
vn 0 0.5735762836670691 -0.8191521511994424
vn 0 0.5735762836670691 -0.8191521511994423
vn 0 0.5735762836670691 -0.8191521511994423
vn 0 0.5735762836670691 -0.8191521511994423
vn 0 0.5735762836670691 -0.8191521511994423
vn 0 0.5735764456308189 -0.8191520377912249
vn 0 0.5735764456308189 -0.8191520377912249
vn 0 0.5735764275362475 -0.8191520504611803
vn 0 0.5735764275362475 -0.8191520504611803
vn 0 0.5735764253739177 -0.8191520519752599
vn 0 0.5735764253739177 -0.8191520519752599
vn 0 0.5735764306147152 -0.8191520483056138
vn 0 0.5735764306147152 -0.8191520483056138
vn 0 0.573576283667069 -0.8191521511994423
vn 0 0.573576283667069 -0.8191521511994423
vn 0 0.5735764456308189 -0.8191520377912249
vn 0 0.5735764456308189 -0.8191520377912249
vn 0 0.5735764275362475 -0.8191520504611802
vn 0 0.5735764275362475 -0.8191520504611802
vn 0 0.5735764253739176 -0.8191520519752598
vn 0 0.5735764253739176 -0.8191520519752598
vn 0 0.5735764306147152 -0.8191520483056141
vn 0 0.5735764306147152 -0.8191520483056141
vn 0 0.5735762836670691 -0.8191521511994422
vn 0 0.5735762836670691 -0.8191521511994422
vn 0 0.5735764456308188 -0.8191520377912249
vn 0 0.5735764456308188 -0.8191520377912249
vn 0 0.5735764275362475 -0.8191520504611803
vn 0 0.5735764275362475 -0.8191520504611803
vn 0 0.5735764253739176 -0.8191520519752598
vn 0 0.5735764253739176 -0.8191520519752598
vn 0 0.5735764306147152 -0.819152048305614
vn 0 0.5735764306147152 -0.819152048305614
vn 0 0.5735762836670691 -0.8191521511994423
vn 0 0.5735762836670691 -0.8191521511994423
vn 0 0.5735764456308189 -0.8191520377912249
vn 0 0.5735764456308189 -0.8191520377912249
vn 0 0.5735764275362474 -0.8191520504611802
vn 0 0.5735764275362474 -0.8191520504611802
vn 0 0.5735764253739177 -0.8191520519752599
vn 0 0.5735764253739177 -0.8191520519752599
vn 0 0.5735764306147152 -0.8191520483056138
vn 0 0.5735764306147152 -0.8191520483056138
vn 0 0.5735762836670691 -0.8191521511994423
vn 0 0.5735762836670691 -0.8191521511994423
vn 0 0.573576069455644 -0.8191523011917956
vn 0 0.573576069455644 -0.8191523011917956
vn 0 0.5735760694556251 -0.8191523011918088
vn 0 0.5735760694556251 -0.8191523011918088
vn 0 0.5735760694556441 -0.8191523011917956
vn 0 0.5735760694556441 -0.8191523011917956
vn 0 0.5735760694556441 -0.8191523011917956
vn 0 0.5735760694556441 -0.8191523011917956
vn 0 0.573576069455644 -0.8191523011917956
vn 0 0.573576069455644 -0.8191523011917956
vn 0 0.573576069455644 -0.8191523011917956
vn 0 0.573576069455644 -0.8191523011917956
vn 0 0.573576069455644 -0.8191523011917956
vn 0 0.573576069455644 -0.8191523011917956
vn 0 0.573576069455644 -0.8191523011917956
vn 0 0.573576069455644 -0.8191523011917956
vn 0 0.573576069455644 -0.8191523011917956
vn 0 0.573576069455644 -0.8191523011917956
vn 0 0.573576069455644 -0.8191523011917958
vn 0 0.573576069455644 -0.8191523011917958
vn 0 0.5735770328865438 -0.819151626590016
vn 0 0.5735770328865438 -0.819151626590016
vn 0 0.5735770328865438 -0.819151626590016
vn 0 0.5735770328865438 -0.819151626590016
vn 0 0.5735770328865438 -0.819151626590016
vn 0 0.5735770328865438 -0.819151626590016
vn 0 0.5735770328865438 -0.8191516265900157
vn 0 0.5735770328865438 -0.8191516265900157
vn 0 0.5735770328865438 -0.819151626590016
vn 0 0.5735770328865438 -0.819151626590016
vn 0 0.5735770328865438 -0.8191516265900157
vn 0 0.5735770328865438 -0.8191516265900157
vn 0 0.5735770328865438 -0.8191516265900158
vn 0 0.5735770328865438 -0.8191516265900158
vn 0 0.5735770328865438 -0.8191516265900158
vn 0 0.5735770328865438 -0.8191516265900158
vn 0 0.5735770328865438 -0.8191516265900158
vn 0 0.5735770328865438 -0.8191516265900158
vn 0 0.5735770328865438 -0.819151626590016
vn 0 0.5735770328865438 -0.819151626590016
vn 0 0.5735763481240749 -0.8191521060661751
vn 0 0.5735763481240749 -0.8191521060661751
vn 0 0.573576348124075 -0.8191521060661752
vn 0 0.573576348124075 -0.8191521060661752
vn 0 0.5735763481240749 -0.8191521060661751
vn 0 0.5735763481240749 -0.8191521060661751
vn 0 0.573576348124075 -0.8191521060661752
vn 0 0.573576348124075 -0.8191521060661752
vn 0 0.573576348124075 -0.819152106066175
vn 0 0.573576348124075 -0.819152106066175
vn 0 0.573576348124075 -0.8191521060661751
vn 0 0.573576348124075 -0.8191521060661751
vn 0 0.5735763481240749 -0.8191521060661751
vn 0 0.5735763481240749 -0.8191521060661751
vn 0 0.5735763481240749 -0.8191521060661751
vn 0 0.5735763481240749 -0.8191521060661751
vn 0 0.5735763481240749 -0.8191521060661751
vn 0 0.5735763481240749 -0.8191521060661751
vn 0 0.573576348124075 -0.8191521060661752
vn 0 0.573576348124075 -0.8191521060661752
vn 0 0.573576164364 -0.8191522347363045
vn 0 0.573576164364 -0.8191522347363045
vn 0 0.573576164364 -0.8191522347363045
vn 0 0.573576164364 -0.8191522347363045
vn 0 0.5735761643639999 -0.8191522347363045
vn 0 0.5735761643639999 -0.8191522347363045
vn 0 0.573576164364 -0.8191522347363046
vn 0 0.573576164364 -0.8191522347363046
vn 0 0.573576164364 -0.8191522347363045
vn 0 0.573576164364 -0.8191522347363045
vn 0 0.5735761643639999 -0.8191522347363045
vn 0 0.5735761643639999 -0.8191522347363045
vn 0 0.5735761643639999 -0.8191522347363045
vn 0 0.5735761643639999 -0.8191522347363045
vn 0 0.573576164364 -0.8191522347363045
vn 0 0.573576164364 -0.8191522347363045
vn 0 0.5735761643639999 -0.8191522347363046
vn 0 0.5735761643639999 -0.8191522347363046
vn 0 0.5735761643639999 -0.8191522347363045
vn 0 0.5735761643639999 -0.8191522347363045
vn 0 0.5735764216886189 -0.8191520545557336
vn 0 0.5735764216886189 -0.8191520545557336
vn 0 0.573576348124075 -0.8191521060661752
vn 0 0.573576348124075 -0.8191521060661752
vn 0 0.573576164364 -0.8191522347363045
vn 0 0.573576164364 -0.8191522347363045
vn 0 0.5735764508546206 -0.8191520341334794
vn 0 0.5735764508546206 -0.8191520341334794
vn 0 0.573576069455644 -0.8191523011917956
vn 0 0.573576069455644 -0.8191523011917956
vn 0 0.573576425373918 -0.8191520519752598
vn 0 0.573576425373918 -0.8191520519752598
vn 0 0.5735770328865438 -0.8191516265900158
vn 0 0.5735770328865438 -0.8191516265900158
vn 0 0.5735764306147152 -0.8191520483056142
vn 0 0.5735764306147152 -0.8191520483056142
vn 0 0.5735762836670691 -0.8191521511994423
vn 0 0.5735762836670691 -0.8191521511994423
vn -1 0 0
vn -1 0 0
vn 1 0 0
vn 1 0 0
vn -1 0 0
vn -1 0 0
vn 1 0 0
vn 1 0 0
vn -1 0 0
vn -1 0 0
vn -1 0 0
vn -1 0 0
vn 1 0 0
vn 1 0 0
vn -1 0 0
vn -1 0 0
vn 1 0 0
vn 1 0 0
vn -1 0 0
vn -1 0 0
vn -1 0 0
vn -1 0 0
vn 0 0.8191522347363004 0.5735761643640059
vn 0 0.8191522347363004 0.5735761643640059
vn -1 0 0
vn -1 0 0
vn 0 -0.8191522347363004 -0.5735761643640059
vn 0 -0.8191522347363004 -0.5735761643640059
vn 0 0.8191522347363004 0.5735761643640059
vn 0 0.8191522347363004 0.5735761643640059
vn 0 0.8191522347363004 0.5735761643640059
vn 0 0.8191522347363004 0.5735761643640059
vn 0 -0.8191522347363003 -0.5735761643640059
vn 0 -0.8191522347363003 -0.5735761643640059
vn 0 0.8191522347363003 0.5735761643640059
vn 0 0.8191522347363003 0.5735761643640059
vn 0 0.8191522347363003 0.5735761643640059
vn 0 0.8191522347363003 0.5735761643640059
vn 0 -0.8191522347363004 -0.5735761643640059
vn 0 -0.8191522347363004 -0.5735761643640059
vn 0 0.8191522347363004 0.5735761643640059
vn 0 0.8191522347363004 0.5735761643640059
vn 0 -0.8191522347363003 -0.5735761643640059
vn 0 -0.8191522347363003 -0.5735761643640059
vn 0 0.8191522347363003 0.5735761643640059
vn 0 0.8191522347363003 0.5735761643640059
vn 0 0.8191522347363003 0.5735761643640059
vn 0 0.8191522347363003 0.5735761643640059
vn 0 0.8191522347363004 0.5735761643640059
vn 0 0.8191522347363004 0.5735761643640059
vn 1 0 0
vn 1 0 0
vn 0 0.8191522347363004 0.5735761643640059
vn 0 0.8191522347363004 0.5735761643640059
vn 0 -0.8191522347363004 -0.5735761643640059
vn 0 -0.8191522347363004 -0.5735761643640059
vn 0 0.8191522347363003 0.5735761643640059
vn 0 0.8191522347363003 0.5735761643640059
vn 1 0 0
vn 1 0 0
vn -1 0 0
vn -1 0 0
vn -1 0 0
vn -1 0 0
vn 1 0 0
vn 1 0 0
vn 0 0.8191522347362917 0.5735761643640181
vn 0 0.8191522347362917 0.5735761643640181
vn 0 -0.8191522347362917 -0.5735761643640181
vn 0 -0.8191522347362917 -0.5735761643640181
vn 1 0 0
vn 1 0 0
vn 1 0 0
vn 1 0 0
vn -1 0 0
vn -1 0 0
vn 0 0.8191522347362918 0.5735761643640183
vn 0 0.8191522347362918 0.5735761643640183
vn 0 -0.8191522347362918 -0.5735761643640183
vn 0 -0.8191522347362918 -0.5735761643640183
vn 0 0.8191522347362991 0.573576164364008
vn 0 0.8191522347362991 0.573576164364008
vn 0 -0.8191522347362922 -0.5735761643640179
vn 0 -0.8191522347362922 -0.5735761643640179
vn -1 0 0
vn -1 0 0
vn 1 0 0
vn 1 0 0
vn -1 0 0
vn -1 0 0
vn 1 0 0
vn 1 0 0
vn 1 0 0
vn 1 0 0
vn 1 0 0
vn 1 0 0
vn -1 0 0
vn -1 0 0
vn 0 0.8191522347362988 0.573576164364008
vn 0 0.8191522347362988 0.573576164364008
vn 0 -0.8191522347362922 -0.5735761643640179
vn 0 -0.8191522347362922 -0.5735761643640179
vn 0 0.8191517083517247 0.5735769161188856
vn 0 0.8191517083517247 0.5735769161188856
vn 0 -0.819151708351726 -0.5735769161188838
vn 0 -0.819151708351726 -0.5735769161188838
vn 1 0 0
vn 1 0 0
vn -1 0 0
vn -1 0 0
vn 1 0 0
vn 1 0 0
vn -1 0 0
vn -1 0 0
vn 1 0 0
vn 1 0 0
vn 0 -0.8191517083517267 -0.5735769161188826
vn 0 -0.8191517083517267 -0.5735769161188826
vn 1 0 0
vn 1 0 0
vn 0 0.8191522347362984 0.5735761643640089
vn 0 0.8191522347362984 0.5735761643640089
vn 0 -0.8191517083517267 -0.5735769161188826
vn 0 -0.8191517083517267 -0.5735769161188826
vn 0 -0.8191517083517269 -0.5735769161188826
vn 0 -0.8191517083517269 -0.5735769161188826
vn 0 0.8191522347362984 0.5735761643640089
vn 0 0.8191522347362984 0.5735761643640089
vn 0 -0.8191517083517267 -0.5735769161188826
vn 0 -0.8191517083517267 -0.5735769161188826
vn -1 0 0
vn -1 0 0
vn 1 0 0
vn 1 0 0
vn 0 -0.8191517083517268 -0.5735769161188826
vn 0 -0.8191517083517268 -0.5735769161188826
vn 0 0.8191522347362983 0.5735761643640089
vn 0 0.8191522347362983 0.5735761643640089
vn 0 -0.8191517083517269 -0.5735769161188826
vn 0 -0.8191517083517269 -0.5735769161188826
vn -1 0 0
vn -1 0 0
vn 1 0 0
vn 1 0 0
vn 0 -0.8191517083517267 -0.5735769161188826
vn 0 -0.8191517083517267 -0.5735769161188826
vn 0 0.8191522347362983 0.5735761643640089
vn 0 0.8191522347362983 0.5735761643640089
vn 0 -0.8191517083517267 -0.5735769161188826
vn 0 -0.8191517083517267 -0.5735769161188826
vn -1 0 0
vn -1 0 0
vn 1 0 0
vn 1 0 0
vn 0 -0.8191517083517267 -0.5735769161188826
vn 0 -0.8191517083517267 -0.5735769161188826
vn 0 0.8191522347362983 0.5735761643640088
vn 0 0.8191522347362983 0.5735761643640088
vn 0 -0.8191517083517267 -0.5735769161188826
vn 0 -0.8191517083517267 -0.5735769161188826
vn -1 0 0
vn -1 0 0
vn 0 -0.8191517083517267 -0.5735769161188826
vn 0 -0.8191517083517267 -0.5735769161188826
vn 0 -0.819151708351726 -0.573576916118884
vn 0 -0.819151708351726 -0.573576916118884
vn 0 0.8191517083517247 0.5735769161188856
vn 0 0.8191517083517247 0.5735769161188856
vn 0 0.8191522347362988 0.573576164364008
vn 0 0.8191522347362988 0.573576164364008
vn 1 0 0
vn 1 0 0
vn 0 -0.8191522347362922 -0.5735761643640179
vn 0 -0.8191522347362922 -0.5735761643640179
vn 0 0.8191522347362917 0.5735761643640183
vn 0 0.8191522347362917 0.5735761643640183
vn 0 -0.8191522347362917 -0.5735761643640183
vn 0 -0.8191522347362917 -0.5735761643640183
vn 1 0 0
vn 1 0 0
vn -1 0 0
vn -1 0 0
vn 1 0 0
vn 1 0 0
vn -1 0 0
vn -1 0 0
vn 0 0.8191522347362917 0.5735761643640183
vn 0 0.8191522347362917 0.5735761643640183
vn 0 -0.8191522347362917 -0.5735761643640183
vn 0 -0.8191522347362917 -0.5735761643640183
vn 0 0.8191522347362917 0.5735761643640183
vn 0 0.8191522347362917 0.5735761643640183
vn 0 -0.8191522347362917 -0.5735761643640183
vn 0 -0.8191522347362917 -0.5735761643640183
vn 1 0 0
vn 1 0 0
vn -1 0 0
vn -1 0 0
vn 1 0 0
vn 1 0 0
vn 0 -0.819152234736299 -0.573576164364008
vn 0 -0.819152234736299 -0.573576164364008
vn -1 0 0
vn -1 0 0
vn 1 0 0
vn 1 0 0
vn -1 0 0
vn -1 0 0
vn 1 0 0
vn 1 0 0
vn -1 0 0
vn -1 0 0
vn 0 0.819152234736299 0.573576164364008
vn 0 0.819152234736299 0.573576164364008
vn 0 -0.8191522347362922 -0.5735761643640179
vn 0 -0.8191522347362922 -0.5735761643640179
vn 1 0 0
vn 1 0 0
vn -1 0 0
vn -1 0 0
vn 1 0 0
vn 1 0 0
vn -1 0 0
vn -1 0 0
vn -1 0 0
vn -1 0 0
vn 0 0.8191522347362988 0.573576164364008
vn 0 0.8191522347362988 0.573576164364008
vn 0 -0.819152234736292 -0.5735761643640179
vn 0 -0.819152234736292 -0.5735761643640179
vn 0 -0.819151708351726 -0.5735769161188838
vn 0 -0.819151708351726 -0.5735769161188838
vn 0 0.8191517083517246 0.5735769161188856
vn 0 0.8191517083517246 0.5735769161188856
vn 0 -0.8191517083517259 -0.5735769161188838
vn 0 -0.8191517083517259 -0.5735769161188838
vn 0 0.8191517083517247 0.5735769161188856
vn 0 0.8191517083517247 0.5735769161188856
vn 0 -0.8191517083517259 -0.5735769161188838
vn 0 -0.8191517083517259 -0.5735769161188838
vn 0 0.8191517083517246 0.5735769161188856
vn 0 0.8191517083517246 0.5735769161188856
vn 0 0.8191522347362921 0.5735761643640178
vn 0 0.8191522347362921 0.5735761643640178
vn 1 0 0
vn 1 0 0
vn -1 0 0
vn -1 0 0
vn 0 -0.5735765337594174 0.8191519760829075
vn 0 -0.5735765337594174 0.8191519760829075
vn 0 -0.5735764177107867 0.8191520573410416
vn 0 -0.5735764177107867 0.8191520573410416
vn -1 0 0
vn -1 0 0
vn -1 0 0
vn -1 0 0
vn 0 -0.5735764606554236 0.819152027270883
vn 0 -0.5735764606554236 0.819152027270883
vn -1 0 0
vn -1 0 0
vn 1 0 0
vn 1 0 0
vn 0 -0.5735764177107867 0.8191520573410418
vn 0 -0.5735764177107867 0.8191520573410418
vn 1 0 0
vn 1 0 0
vn 0 -0.5735764606554236 0.8191520272708831
vn 0 -0.5735764606554236 0.8191520272708831
vn 1 0 0
vn 1 0 0
vn 0 -0.5735760620090106 0.8191523064059795
vn 0 -0.5735760620090106 0.8191523064059795
vn 1 0 0
vn 1 0 0
vn 0 -0.5735764199870002 0.8191520557472198
vn 0 -0.5735764199870002 0.8191520557472198
vn 1 0 0
vn 1 0 0
vn 0 -0.5735764199870022 0.8191520557472186
vn 0 -0.5735764199870022 0.8191520557472186
vn 1 0 0
vn 1 0 0
vn -1 0 0
vn -1 0 0
vn -1 0 0
vn -1 0 0
vn 0 -0.5735764199870022 0.8191520557472185
vn 0 -0.5735764199870022 0.8191520557472185
vn -1 0 0
vn -1 0 0
vn 0 -0.5735764363304492 0.8191520443034139
vn 0 -0.5735764363304492 0.8191520443034139
vn 0 -0.5735764304527784 0.8191520484190034
vn 0 -0.5735764304527784 0.8191520484190034
vn 1 0 0
vn 1 0 0
vn 0 -0.5735764279362652 0.8191520501810847
vn 0 -0.5735764279362652 0.8191520501810847
vn 1 0 0
vn 1 0 0
vn -1 0 0
vn -1 0 0
vn -1 0 0
vn -1 0 0
vn 0 -0.5735764279362652 0.8191520501810847
vn 0 -0.5735764279362652 0.8191520501810847
vn -1 0 0
vn -1 0 0
vn -6.389445417671295e-8 -0.5735764305852651 0.8191520483262327
vn 6.363992078659341e-8 -0.5735763867954471 0.8191520789881913
vn 1 0 0
vn 1 0 0
vn 1 0 0
vn 1 0 0
vn 0 0.8191514829821568 0.573577237979449
vn 0 0.8191514829821568 0.573577237979449
vn -1 0 0
vn -1 0 0
vn 1 0 0
vn 1 0 0
vn 0 0.8191514829821569 0.573577237979449
vn 0 0.8191514829821569 0.573577237979449
vn 0 -0.8191514829821568 -0.573577237979449
vn 0 -0.8191514829821568 -0.573577237979449
vn 1 0 0
vn 1 0 0
vn -1 0 0
vn -1 0 0
vn -0.004761342889547585 -0.8191421976893279 -0.5735707363338772
vn -0.004761342889548298 -0.8191421976893295 -0.573570736333875
vn 1 0 0
vn 1 0 0
vn -0.0047613428895483135 0.8191421976893295 0.5735707363338751
vn -0.004761342889548298 0.8191421976893295 0.573570736333875
vn 6.38944531377373e-8 0.5735764305852649 -0.8191520483262329
vn -6.363992087360115e-8 0.5735763867954471 -0.8191520789881913
vn 0 -0.8191520092100577 -0.5735764864489526
vn 0 -0.8191520092100577 -0.5735764864489526
vn 0 0.5735764826066492 -0.819152011900468
vn 0 0.5735764826066492 -0.819152011900468
vn 0 -0.8191522347363003 -0.5735761643640059
vn 0 -0.8191522347363003 -0.5735761643640059
vn 0 -0.8191522347363004 -0.5735761643640059
vn 0 -0.8191522347363004 -0.5735761643640059
vn 0 -0.5735764305852666 0.8191520483262341
vn 0 -0.5735764305852666 0.8191520483262341
vn -1 0 0
vn -1 0 0
vn 1 0 0
vn 1 0 0
vn -1 0 0
vn -1 0 0
vn -1 0 0
vn -1 0 0
vn 0 0.573576425373918 -0.8191520519752596
usemtl m_761276a1-4ce5-12c4-a3ce-5dee591014e7
f 2/1/1 3/2/1 4/3/1
f 2/4/2 4/5/2 5/6/2
f 6/7/3 7/8/3 8/9/3
f 6/10/4 8/11/4 9/12/4
f 10/13/5 11/14/5 12/15/5
f 10/16/6 12/17/6 13/18/6
f 14/19/7 15/20/7 16/21/7
f 14/22/8 16/23/8 17/24/8
f 18/25/9 19/26/9 14/27/9
f 18/28/10 14/29/10 17/30/10
f 20/31/11 21/32/11 22/33/11
f 20/34/12 22/35/12 23/36/12
f 24/37/13 25/38/13 26/39/13
f 24/40/14 26/41/14 27/42/14
f 2/43/15 5/44/15 28/45/15
f 2/46/16 28/47/16 29/48/16
f 30/49/17 31/50/17 32/51/17
f 30/52/18 32/53/18 33/54/18
f 34/55/19 35/56/19 36/57/19
f 34/58/20 36/59/20 37/60/20
f 38/61/21 39/62/21 40/63/21
f 38/64/22 40/65/22 41/66/22
f 42/67/23 43/68/23 44/69/23
f 42/70/24 44/71/24 45/72/24
f 46/73/25 47/74/25 48/75/25
f 46/76/26 48/77/26 49/78/26
f 46/79/27 49/80/27 50/81/27
f 46/82/28 50/83/28 51/84/28
f 52/85/29 53/86/29 54/87/29
f 52/88/30 54/89/30 55/90/30
f 56/91/31 57/92/31 58/93/31
f 56/94/32 58/95/32 59/96/32
f 60/97/33 61/98/33 6/99/33
f 60/100/34 6/101/34 9/102/34
f 62/103/35 63/104/35 64/105/35
f 62/106/36 64/107/36 65/108/36
f 65/109/37 66/110/37 67/111/37
f 65/112/38 67/113/38 62/114/38
f 68/115/39 69/116/39 70/117/39
f 68/118/40 70/119/40 71/120/40
f 72/121/41 73/122/41 74/123/41
f 72/124/42 74/125/42 75/126/42
f 75/127/43 10/128/43 13/129/43
f 75/130/44 13/131/44 72/132/44
f 5/133/45 4/134/45 76/135/45
f 5/136/46 76/137/46 77/138/46
f 78/139/47 79/140/47 7/141/47
f 78/142/48 7/143/48 6/144/48
f 78/145/49 6/146/49 61/147/49
f 78/148/50 61/149/50 80/150/50
f 81/151/51 82/152/51 83/153/51
f 81/154/52 83/155/52 84/156/52
f 55/157/53 54/158/53 85/159/53
f 55/160/54 85/161/54 86/162/54
f 87/163/55 50/164/55 49/165/55
f 87/166/56 49/167/56 88/168/56
f 49/169/57 48/170/57 89/171/57
f 49/172/58 89/173/58 88/174/58
f 90/175/59 91/176/59 15/177/59
f 90/178/60 15/179/60 14/180/60
f 90/181/61 14/182/61 19/183/61
f 90/184/62 19/185/62 92/186/62
f 93/187/63 94/188/63 21/189/63
f 93/190/64 21/191/64 20/192/64
f 95/193/65 96/194/65 25/195/65
f 95/196/66 25/197/66 24/198/66
f 97/199/67 28/200/67 5/201/67
f 97/202/68 5/203/68 77/204/68
f 98/205/69 99/206/69 100/207/69
f 98/208/70 100/209/70 101/210/70
f 102/211/71 76/212/71 4/213/71
f 102/214/72 4/215/72 103/216/72
f 103/217/73 4/218/73 3/219/73
f 103/220/74 3/221/74 104/222/74
f 105/223/75 12/224/75 11/225/75
f 105/226/76 11/227/76 106/228/76
f 107/229/77 8/230/77 7/231/77
f 107/232/78 7/233/78 108/234/78
f 108/235/79 7/236/79 79/237/79
f 108/238/80 79/239/80 109/240/80
f 110/241/81 111/242/81 112/243/81
f 110/244/82 112/245/82 113/246/82
f 114/247/83 89/248/83 48/249/83
f 114/250/84 48/251/84 115/252/84
f 115/253/85 48/254/85 47/255/85
f 115/256/86 47/257/86 116/258/86
f 117/259/87 64/260/87 63/261/87
f 117/262/88 63/263/88 118/264/88
f 119/265/89 16/266/89 15/267/89
f 119/268/90 15/269/90 120/270/90
f 120/271/91 15/272/91 91/273/91
f 120/274/92 91/275/92 121/276/92
f 122/277/93 123/278/93 124/279/93
f 122/280/94 124/281/94 125/282/94
f 126/283/95 127/284/95 128/285/95
f 126/286/96 128/287/96 129/288/96
f 130/289/97 122/290/97 125/291/97
f 130/292/98 125/293/98 131/294/98
f 132/295/99 133/296/99 134/297/99
f 132/298/100 134/299/100 135/300/100
f 136/301/101 137/302/101 138/303/101
f 136/304/102 138/305/102 139/306/102
f 140/307/103 141/308/103 142/309/103
f 140/310/104 142/311/104 143/312/104
f 137/313/105 144/314/105 145/315/105
f 137/316/106 145/317/106 138/318/106
f 146/319/107 147/320/107 148/321/107
f 146/322/108 148/323/108 149/324/108
f 150/325/109 151/326/109 94/327/109
f 150/328/110 94/329/110 93/330/110
f 152/331/111 153/332/111 154/333/111
f 152/334/112 154/335/112 155/336/112
f 156/337/113 157/338/113 124/339/113
f 156/340/114 124/341/114 123/342/114
f 158/343/115 159/344/115 96/345/115
f 158/346/116 96/347/116 95/348/116
f 160/349/117 161/350/117 136/351/117
f 160/352/118 136/353/118 139/354/118
f 162/355/119 163/356/119 164/357/119
f 162/358/120 164/359/120 165/360/120
f 23/361/121 22/362/121 166/363/121
f 23/364/122 166/365/122 167/366/122
f 168/367/123 169/368/123 130/369/123
f 168/370/124 130/371/124 131/372/124
f 170/373/125 171/374/125 172/375/125
f 170/376/126 172/377/126 173/378/126
f 27/379/127 26/380/127 174/381/127
f 27/382/128 174/383/128 175/384/128
f 176/385/129 177/386/129 178/387/129
f 176/388/130 178/389/130 179/390/130
f 180/391/131 181/392/131 145/393/131
f 180/394/132 145/395/132 144/396/132
f 182/397/133 183/398/133 184/399/133
f 182/400/134 184/401/134 185/402/134
f 186/403/135 187/404/135 188/405/135
f 186/406/136 188/407/136 189/408/136
f 187/409/137 190/410/137 191/411/137
f 187/412/138 191/413/138 188/414/138
f 190/415/139 36/416/139 35/417/139
f 190/418/140 35/419/140 191/420/140
f 192/421/141 193/422/141 194/423/141
f 192/424/142 194/425/142 195/426/142
f 196/427/143 197/428/143 198/429/143
f 196/430/144 198/431/144 199/432/144
f 197/433/145 200/434/145 201/435/145
f 197/436/146 201/437/146 198/438/146
f 200/439/147 85/440/147 54/441/147
f 200/442/148 54/443/148 201/444/148
f 202/445/149 203/446/149 204/447/149
f 202/448/150 204/449/150 205/450/150
f 199/451/151 198/452/151 206/453/151
f 199/454/152 206/455/152 207/456/152
f 198/457/153 201/458/153 208/459/153
f 198/460/154 208/461/154 206/462/154
f 201/463/155 54/464/155 53/465/155
f 201/466/156 53/467/156 208/468/156
f 66/469/157 209/470/157 210/471/157
f 66/472/158 210/473/158 67/474/158
f 209/475/159 211/476/159 212/477/159
f 209/478/160 212/479/160 210/480/160
f 211/481/161 213/482/161 214/483/161
f 211/484/162 214/485/162 212/486/162
f 213/487/163 70/488/163 69/489/163
f 213/490/164 69/491/164 214/492/164
f 215/493/165 216/494/165 217/495/165
f 215/496/166 217/497/166 218/498/166
f 216/499/167 219/500/167 220/501/167
f 216/502/168 220/503/168 217/504/168
f 219/505/169 221/506/169 222/507/169
f 219/508/170 222/509/170 220/510/170
f 221/511/171 172/512/171 171/513/171
f 221/514/172 171/515/172 222/516/172
f 223/517/173 224/518/173 225/519/173
f 223/520/174 225/521/174 226/522/174
f 224/523/175 227/524/175 228/525/175
f 224/526/176 228/527/176 225/528/176
f 227/529/177 229/530/177 230/531/177
f 227/532/178 230/533/178 228/534/178
f 229/535/179 134/536/179 133/537/179
f 229/538/180 133/539/180 230/540/180
f 231/541/181 232/542/181 233/543/181
f 231/544/182 233/545/182 234/546/182
f 232/547/183 235/548/183 236/549/183
f 232/550/184 236/551/184 233/552/184
f 235/553/185 237/554/185 238/555/185
f 235/556/186 238/557/186 236/558/186
f 237/559/187 166/560/187 22/561/187
f 237/562/188 22/563/188 238/564/188
f 234/565/189 233/566/189 239/567/189
f 234/568/190 239/569/190 240/570/190
f 233/571/191 236/572/191 241/573/191
f 233/574/192 241/575/192 239/576/192
f 236/577/193 238/578/193 242/579/193
f 236/580/194 242/581/194 241/582/194
f 238/583/195 22/584/195 21/585/195
f 238/586/196 21/587/196 242/588/196
f 240/589/197 239/590/197 243/591/197
f 240/592/198 243/593/198 244/594/198
f 239/595/199 241/596/199 245/597/199
f 239/598/200 245/599/200 243/600/200
f 241/601/201 242/602/201 246/603/201
f 241/604/202 246/605/202 245/606/202
f 242/607/203 21/608/203 94/609/203
f 242/610/204 94/611/204 246/612/204
f 244/613/205 243/614/205 247/615/205
f 244/616/206 247/617/206 248/618/206
f 243/619/207 245/620/207 249/621/207
f 243/622/208 249/623/208 247/624/208
f 245/625/209 246/626/209 250/627/209
f 245/628/210 250/629/210 249/630/210
f 246/631/211 94/632/211 151/633/211
f 246/634/212 151/635/212 250/636/212
f 251/637/213 252/638/213 253/639/213
f 251/640/214 253/641/214 254/642/214
f 252/643/215 255/644/215 256/645/215
f 252/646/216 256/647/216 253/648/216
f 255/649/217 257/650/217 258/651/217
f 255/652/218 258/653/218 256/654/218
f 257/655/219 128/656/219 127/657/219
f 257/658/220 127/659/220 258/660/220
f 259/661/221 260/662/221 261/663/221
f 259/664/222 261/665/222 262/666/222
f 260/667/223 263/668/223 264/669/223
f 260/670/224 264/671/224 261/672/224
f 263/673/225 265/674/225 266/675/225
f 263/676/226 266/677/226 264/678/226
f 265/679/227 154/680/227 153/681/227
f 265/682/228 153/683/228 266/684/228
f 37/685/229 267/686/229 268/687/229
f 37/688/230 268/689/230 34/690/230
f 267/691/231 269/692/231 270/693/231
f 267/694/232 270/695/232 268/696/232
f 269/697/233 271/698/233 272/699/233
f 269/700/234 272/701/234 270/702/234
f 271/703/235 273/704/235 274/705/235
f 271/706/236 274/707/236 272/708/236
f 86/709/237 275/710/237 276/711/237
f 86/712/238 276/713/238 55/714/238
f 275/715/239 277/716/239 278/717/239
f 275/718/240 278/719/240 276/720/240
f 277/721/241 279/722/241 280/723/241
f 277/724/242 280/725/242 278/726/242
f 279/727/243 281/728/243 282/729/243
f 279/730/244 282/731/244 280/732/244
f 55/733/245 276/734/245 283/735/245
f 55/736/246 283/737/246 52/738/246
f 276/739/247 278/740/247 284/741/247
f 276/742/248 284/743/248 283/744/248
f 278/745/249 280/746/249 285/747/249
f 278/748/250 285/749/250 284/750/250
f 280/751/251 282/752/251 286/753/251
f 280/754/252 286/755/252 285/756/252
f 71/757/253 287/758/253 288/759/253
f 71/760/254 288/761/254 68/762/254
f 287/763/255 289/764/255 290/765/255
f 287/766/256 290/767/256 288/768/256
f 289/769/257 291/770/257 292/771/257
f 289/772/258 292/773/258 290/774/258
f 291/775/259 74/776/259 73/777/259
f 291/778/260 73/779/260 292/780/260
f 173/781/261 293/782/261 294/783/261
f 173/784/262 294/785/262 170/786/262
f 293/787/263 295/788/263 296/789/263
f 293/790/264 296/791/264 294/792/264
f 295/793/265 297/794/265 298/795/265
f 295/796/266 298/797/266 296/798/266
f 297/799/267 178/800/267 177/801/267
f 297/802/268 177/803/268 298/804/268
f 135/805/269 299/806/269 300/807/269
f 135/808/270 300/809/270 132/810/270
f 299/811/271 301/812/271 302/813/271
f 299/814/272 302/815/272 300/816/272
f 301/817/273 303/818/273 304/819/273
f 301/820/274 304/821/274 302/822/274
f 303/823/275 148/824/275 147/825/275
f 303/826/276 147/827/276 304/828/276
f 167/829/277 305/830/277 306/831/277
f 167/832/278 306/833/278 23/834/278
f 305/835/279 307/836/279 308/837/279
f 305/838/280 308/839/280 306/840/280
f 307/841/281 309/842/281 310/843/281
f 307/844/282 310/845/282 308/846/282
f 309/847/283 174/848/283 26/849/283
f 309/850/284 26/851/284 310/852/284
f 23/853/285 306/854/285 311/855/285
f 23/856/286 311/857/286 20/858/286
f 306/859/287 308/860/287 312/861/287
f 306/862/288 312/863/288 311/864/288
f 308/865/289 310/866/289 313/867/289
f 308/868/290 313/869/290 312/870/290
f 310/871/291 26/872/291 25/873/291
f 310/874/292 25/875/292 313/876/292
f 20/877/293 311/878/293 314/879/293
f 20/880/294 314/881/294 93/882/294
f 311/883/295 312/884/295 315/885/295
f 311/886/296 315/887/296 314/888/296
f 312/889/297 313/890/297 316/891/297
f 312/892/298 316/893/298 315/894/298
f 313/895/299 25/896/299 96/897/299
f 313/898/300 96/899/300 316/900/300
f 93/901/301 314/902/301 317/903/301
f 93/904/302 317/905/302 150/906/302
f 314/907/303 315/908/303 318/909/303
f 314/910/304 318/911/304 317/912/304
f 315/913/305 316/914/305 319/915/305
f 315/916/306 319/917/306 318/918/306
f 316/919/307 96/920/307 159/921/307
f 316/922/308 159/923/308 319/924/308
f 129/925/309 320/926/309 321/927/309
f 129/928/310 321/929/310 126/930/310
f 320/931/311 322/932/311 323/933/311
f 320/934/312 323/935/312 321/936/312
f 322/937/313 324/938/313 325/939/313
f 322/940/314 325/941/314 323/942/314
f 324/943/315 142/944/315 141/945/315
f 324/946/316 141/947/316 325/948/316
f 155/949/317 326/950/317 327/951/317
f 155/952/318 327/953/318 152/954/318
f 326/955/319 328/956/319 329/957/319
f 326/958/320 329/959/320 327/960/320
f 328/961/321 330/962/321 331/963/321
f 328/964/322 331/965/322 329/966/322
f 330/967/323 164/968/323 163/969/323
f 330/970/324 163/971/324 331/972/324
f 332/973/325 333/974/325 334/975/325
f 332/976/326 334/977/326 335/978/326
f 336/979/327 337/980/327 338/981/327
f 336/982/328 338/983/328 339/984/328
f 340/985/329 341/986/329 342/987/329
f 340/988/330 342/989/330 343/990/330
f 344/991/331 345/992/331 346/993/331
f 344/994/332 346/995/332 347/996/332
f 348/997/333 349/998/333 350/999/333
f 348/1000/334 350/1001/334 351/1002/334
f 352/1003/335 353/1004/335 354/1005/335
f 352/1006/336 354/1007/336 355/1008/336
f 1/1009/337 356/1010/337 357/1011/337
f 1/1012/338 357/1013/338 358/1014/338
f 359/1015/339 360/1016/339 361/1017/339
f 359/1018/340 361/1019/340 362/1020/340
f 363/1021/341 364/1022/341 365/1023/341
f 363/1024/342 365/1025/342 366/1026/342
f 367/1027/343 368/1028/343 369/1029/343
f 367/1030/344 369/1031/344 370/1032/344
f 371/1033/345 372/1034/345 209/1035/345
f 371/1036/346 209/1037/346 66/1038/346
f 373/1039/347 374/1040/347 375/1041/347
f 373/1042/348 375/1043/348 376/1044/348
f 377/1045/349 378/1046/349 185/1047/349
f 377/1048/350 185/1049/350 184/1050/350
f 379/1051/351 380/1052/351 336/1053/351
f 379/1054/352 336/1055/352 339/1056/352
f 381/1057/353 382/1058/353 383/1059/353
f 381/1060/354 383/1061/354 384/1062/354
f 385/1063/355 386/1064/355 346/1065/355
f 385/1066/356 346/1067/356 345/1068/356
f 387/1069/357 388/1070/357 389/1071/357
f 387/1072/358 389/1073/358 390/1074/358
f 391/1075/359 392/1076/359 393/1077/359
f 391/1078/360 393/1079/360 394/1080/360
f 395/1081/361 396/1082/361 397/1083/361
f 395/1084/362 397/1085/362 398/1086/362
f 399/1087/363 400/1088/363 401/1089/363
f 399/1090/364 401/1091/364 402/1092/364
f 403/1093/365 404/1094/365 405/1095/365
f 403/1096/366 405/1097/366 406/1098/366
f 407/1099/367 408/1100/367 409/1101/367
f 407/1102/368 409/1103/368 410/1104/368
f 411/1105/369 412/1106/369 413/1107/369
f 411/1108/370 413/1109/370 414/1110/370
f 415/1111/371 416/1112/371 417/1113/371
f 415/1114/372 417/1115/372 418/1116/372
f 419/1117/373 420/1118/373 75/1119/373
f 419/1120/374 75/1121/374 74/1122/374
f 421/1123/375 422/1124/375 423/1125/375
f 421/1126/376 423/1127/376 424/1128/376
f 425/1129/377 426/1130/377 427/1131/377
f 425/1132/378 427/1133/378 428/1134/378
f 429/1135/379 430/1136/379 431/1137/379
f 429/1138/380 431/1139/380 432/1140/380
f 433/1141/381 434/1142/381 39/1143/381
f 433/1144/382 39/1145/382 38/1146/382
f 435/1147/383 436/1148/383 399/1149/383
f 435/1150/384 399/1151/384 402/1152/384
f 437/1153/385 438/1154/385 439/1155/385
f 437/1156/386 439/1157/386 440/1158/386
f 441/1159/387 442/1160/387 393/1161/387
f 441/1162/388 393/1163/388 392/1164/388
f 443/1165/389 444/1166/389 445/1167/389
f 443/1168/390 445/1169/390 446/1170/390
f 447/1171/391 448/1172/391 449/1173/391
f 447/1174/392 449/1175/392 450/1176/392
f 451/1177/393 452/1178/393 453/1179/393
f 451/1180/394 453/1181/394 454/1182/394
f 450/1183/395 455/1184/395 456/1185/395
f 450/1186/396 456/1187/396 447/1188/396
f 457/1189/397 458/1190/397 459/1191/397
f 457/1192/398 459/1193/398 460/1194/398
f 461/1195/399 462/1196/399 463/1197/399
f 461/1198/400 463/1199/400 464/1200/400
f 465/1201/401 466/1202/401 467/1203/401
f 465/1204/402 467/1205/402 468/1206/402
f 469/1207/403 470/1208/403 471/1209/403
f 469/1210/404 471/1211/404 472/1212/404
f 473/1213/405 474/1214/405 475/1215/405
f 473/1216/406 475/1217/406 476/1218/406
f 477/1219/407 478/1220/407 479/1221/407
f 477/1222/408 479/1223/408 480/1224/408
f 481/1225/409 482/1226/409 483/1227/409
f 481/1228/410 483/1229/410 484/1230/410
f 470/1231/411 485/1232/411 486/1233/411
f 470/1234/412 486/1235/412 471/1236/412
f 487/1237/413 488/1238/413 489/1239/413
f 487/1240/414 489/1241/414 490/1242/414
f 491/1243/415 492/1244/415 493/1245/415
f 491/1246/416 493/1247/416 494/1248/416
f 495/1249/417 496/1250/417 497/1251/417
f 495/1252/418 497/1253/418 498/1254/418
f 499/1255/419 500/1256/419 501/1257/419
f 499/1258/420 501/1259/420 502/1260/420
f 503/1261/421 504/1262/421 505/1263/421
f 503/1264/422 505/1265/422 506/1266/422
f 507/1267/423 508/1268/423 509/1269/423
f 507/1270/424 509/1271/424 510/1272/424
f 511/1273/425 512/1274/425 448/1275/425
f 511/1276/426 448/1277/426 447/1278/426
f 513/1279/427 514/1280/427 444/1281/427
f 513/1282/428 444/1283/428 443/1284/428
f 515/1285/429 516/1286/429 495/1287/429
f 515/1288/430 495/1289/430 498/1290/430
f 517/1291/431 518/1292/431 519/1293/431
f 517/1294/432 519/1295/432 520/1296/432
f 521/1297/433 522/1298/433 493/1299/433
f 521/1300/434 493/1301/434 492/1302/434
f 523/1303/435 524/1304/435 525/1305/435
f 523/1306/436 525/1307/436 526/1308/436
f 527/1309/437 528/1310/437 529/1311/437
f 527/1312/438 529/1313/438 530/1314/438
f 531/1315/439 532/1316/439 533/1317/439
f 531/1318/440 533/1319/440 534/1320/440
f 535/1321/441 536/1322/441 470/1323/441
f 535/1324/442 470/1325/442 469/1326/442
f 537/1327/443 538/1328/443 539/1329/443
f 537/1330/444 539/1331/444 540/1332/444
f 541/1333/445 542/1334/445 543/1335/445
f 541/1336/446 543/1337/446 544/1338/446
f 545/1339/447 546/1340/447 112/1341/447
f 545/1342/448 112/1343/448 111/1344/448
f 547/1345/449 548/1346/449 523/1347/449
f 547/1348/450 523/1349/450 526/1350/450
f 549/1351/451 550/1352/451 533/1353/451
f 549/1354/452 533/1355/452 532/1356/452
f 33/1357/453 551/1358/453 552/1359/453
f 33/1360/454 552/1361/454 30/1362/454
f 552/1363/455 551/1364/455 553/1365/455
f 552/1366/456 553/1367/456 554/1368/456
f 43/1369/457 555/1370/457 556/1371/457
f 43/1372/458 556/1373/458 44/1374/458
f 556/1375/459 555/1376/459 557/1377/459
f 556/1378/460 557/1379/460 558/1380/460
f 559/1381/461 560/1382/461 561/1383/461
f 559/1384/462 561/1385/462 562/1386/462
f 563/1387/463 453/1388/463 452/1389/463
f 563/1390/464 452/1391/464 564/1392/464
f 565/1393/465 566/1394/465 567/1395/465
f 565/1396/466 567/1397/466 568/1398/466
f 566/1399/467 456/1400/467 455/1401/467
f 566/1402/468 455/1403/468 567/1404/468
f 569/1405/469 570/1406/469 571/1407/469
f 569/1408/470 571/1409/470 572/1410/470
f 570/1411/471 573/1412/471 574/1413/471
f 570/1414/472 574/1415/472 571/1416/472
f 573/1417/473 459/1418/473 458/1419/473
f 573/1420/474 458/1421/474 574/1422/474
f 575/1423/475 576/1424/475 577/1425/475
f 575/1426/476 577/1427/476 578/1428/476
f 576/1429/477 579/1430/477 580/1431/477
f 576/1432/478 580/1433/478 577/1434/478
f 579/1435/479 463/1436/479 462/1437/479
f 579/1438/480 462/1439/480 580/1440/480
f 581/1441/481 582/1442/481 583/1443/481
f 581/1444/482 583/1445/482 584/1446/482
f 585/1447/483 586/1448/483 587/1449/483
f 585/1450/484 587/1451/484 588/1452/484
f 589/1453/485 590/1454/485 591/1455/485
f 589/1456/486 591/1457/486 592/1458/486
f 593/1459/487 594/1460/487 595/1461/487
f 593/1462/488 595/1463/488 596/1464/488
f 596/1465/489 597/1466/489 598/1467/489
f 596/1468/490 598/1469/490 593/1470/490
f 599/1471/491 600/1472/491 601/1473/491
f 599/1474/492 601/1475/492 602/1476/492
f 586/1477/493 603/1478/493 604/1479/493
f 586/1480/494 604/1481/494 587/1482/494
f 605/1483/495 606/1484/495 607/1485/495
f 605/1486/496 607/1487/496 608/1488/496
f 609/1489/497 610/1490/497 611/1491/497
f 609/1492/498 611/1493/498 612/1494/498
f 613/1495/499 614/1496/499 615/1497/499
f 613/1498/500 615/1499/500 616/1500/500
f 617/1501/501 618/1502/501 577/1503/501
f 617/1504/502 577/1505/502 580/1506/502
f 619/1507/503 620/1508/503 621/1509/503
f 619/1510/504 621/1511/504 622/1512/504
f 623/1513/505 624/1514/505 566/1515/505
f 623/1516/506 566/1517/506 565/1518/506
f 625/1519/507 626/1520/507 627/1521/507
f 625/1522/508 627/1523/508 628/1524/508
f 629/1525/509 630/1526/509 631/1527/509
f 629/1528/510 631/1529/510 632/1530/510
f 633/1531/511 634/1532/511 635/1533/511
f 633/1534/512 635/1535/512 636/1536/512
f 637/1537/513 638/1538/513 639/1539/513
f 637/1540/514 639/1541/514 640/1542/514
f 641/1543/515 642/1544/515 643/1545/515
f 641/1546/516 643/1547/516 644/1548/516
f 645/1549/517 646/1550/517 626/1551/517
f 645/1552/518 626/1553/518 625/1554/518
f 647/1555/519 648/1556/519 641/1557/519
f 647/1558/520 641/1559/520 644/1560/520
f 649/1561/521 650/1562/521 651/1563/521
f 649/1564/522 651/1565/522 652/1566/522
f 653/1567/523 654/1568/523 635/1569/523
f 653/1570/524 635/1571/524 634/1572/524
f 655/1573/525 656/1574/525 657/1575/525
f 655/1576/526 657/1577/526 658/1578/526
f 659/1579/527 475/1580/527 474/1581/527
f 659/1582/528 474/1583/528 660/1584/528
f 661/1585/529 662/1586/529 663/1587/529
f 661/1588/530 663/1589/530 664/1590/530
f 662/1591/531 479/1592/531 478/1593/531
f 662/1594/532 478/1595/532 663/1596/532
f 665/1597/533 666/1598/533 667/1599/533
f 665/1600/534 667/1601/534 668/1602/534
f 666/1603/535 669/1604/535 670/1605/535
f 666/1606/536 670/1607/536 667/1608/536
f 669/1609/537 483/1610/537 482/1611/537
f 669/1612/538 482/1613/538 670/1614/538
f 671/1615/539 672/1616/539 673/1617/539
f 671/1618/540 673/1619/540 674/1620/540
f 672/1621/541 486/1622/541 485/1623/541
f 672/1624/542 485/1625/542 673/1626/542
f 675/1627/543 676/1628/543 674/1629/543
f 675/1630/544 674/1631/544 673/1632/544
f 677/1633/545 678/1634/545 679/1635/545
f 677/1636/546 679/1637/546 680/1638/546
f 681/1639/547 682/1640/547 683/1641/547
f 681/1642/548 683/1643/548 684/1644/548
f 685/1645/549 686/1646/549 687/1647/549
f 685/1648/550 687/1649/550 688/1650/550
f 689/1651/551 690/1652/551 685/1653/551
f 689/1654/552 685/1655/552 688/1656/552
f 691/1657/553 692/1658/553 693/1659/553
f 691/1660/554 693/1661/554 694/1662/554
f 695/1663/555 696/1664/555 697/1665/555
f 695/1666/556 697/1667/556 698/1668/556
f 699/1669/557 700/1670/557 582/1671/557
f 699/1672/558 582/1673/558 581/1674/558
f 701/1675/559 702/1676/559 703/1677/559
f 701/1678/560 703/1679/560 704/1680/560
f 593/1681/561 598/1682/561 705/1683/561
f 593/1684/562 705/1685/562 706/1686/562
f 707/1687/563 701/1688/563 704/1689/563
f 707/1690/564 704/1691/564 708/1692/564
f 706/1693/565 709/1694/565 594/1695/565
f 706/1696/566 594/1697/566 593/1698/566
f 710/1699/567 711/1700/567 590/1701/567
f 710/1702/568 590/1703/568 589/1704/568
f 616/1705/569 615/1706/569 712/1707/569
f 616/1708/570 712/1709/570 713/1710/570
f 714/1711/571 715/1712/571 716/1713/571
f 714/1714/572 716/1715/572 717/1716/572
f 718/1717/573 719/1718/573 720/1719/573
f 718/1720/574 720/1721/574 721/1722/574
f 722/1723/575 723/1724/575 590/1725/575
f 722/1726/576 590/1727/576 711/1728/576
f 724/1729/577 725/1730/577 726/1731/577
f 724/1732/578 726/1733/578 727/1734/578
f 728/1735/579 729/1736/579 699/1737/579
f 728/1738/580 699/1739/580 581/1740/580
f 725/1741/581 730/1742/581 731/1743/581
f 725/1744/582 731/1745/582 726/1746/582
f 732/1747/583 733/1748/583 711/1749/583
f 732/1750/584 711/1751/584 710/1752/584
f 734/1753/585 735/1754/585 736/1755/585
f 734/1756/586 736/1757/586 737/1758/586
f 738/1759/587 739/1760/587 740/1761/587
f 738/1762/588 740/1763/588 741/1764/588
f 742/1765/589 743/1766/589 700/1767/589
f 742/1768/590 700/1769/590 699/1770/590
f 741/1771/591 744/1772/591 745/1773/591
f 741/1774/592 745/1775/592 738/1776/592
f 746/1777/593 747/1778/593 748/1779/593
f 746/1780/594 748/1781/594 749/1782/594
f 733/1783/595 750/1784/595 722/1785/595
f 733/1786/596 722/1787/596 711/1788/596
f 751/1789/597 752/1790/597 753/1791/597
f 751/1792/598 753/1793/598 754/1794/598
f 752/1795/599 755/1796/599 756/1797/599
f 752/1798/600 756/1799/600 753/1800/600
f 757/1801/601 742/1802/601 699/1803/601
f 757/1804/602 699/1805/602 729/1806/602
f 758/1807/603 759/1808/603 732/1809/603
f 758/1810/604 732/1811/604 710/1812/604
f 760/1813/605 761/1814/605 762/1815/605
f 760/1816/606 762/1817/606 763/1818/606
f 764/1819/607 765/1820/607 766/1821/607
f 764/1822/608 766/1823/608 767/1824/608
f 767/1825/609 768/1826/609 769/1827/609
f 767/1828/610 769/1829/610 764/1830/610
f 770/1831/611 771/1832/611 700/1833/611
f 770/1834/612 700/1835/612 743/1836/612
f 772/1837/613 773/1838/613 774/1839/613
f 772/1840/614 774/1841/614 775/1842/614
f 776/1843/615 777/1844/615 722/1845/615
f 776/1846/616 722/1847/616 750/1848/616
f 778/1849/617 779/1850/617 780/1851/617
f 778/1852/618 780/1853/618 781/1854/618
f 782/1855/619 783/1856/619 757/1857/619
f 782/1858/620 757/1859/620 729/1860/620
f 779/1861/621 784/1862/621 785/1863/621
f 779/1864/622 785/1865/622 786/1866/622
f 787/1867/623 788/1868/623 789/1869/623
f 787/1870/624 789/1871/624 790/1872/624
f 791/1873/625 661/1874/625 664/1875/625
f 791/1876/626 664/1877/626 792/1878/626
f 793/1879/627 671/1880/627 674/1881/627
f 793/1882/628 674/1883/628 794/1884/628
f 795/1885/629 796/1886/629 797/1887/629
f 795/1888/630 797/1889/630 798/1890/630
f 799/1891/631 800/1892/631 801/1893/631
f 799/1894/632 801/1895/632 802/1896/632
f 803/1897/633 804/1898/633 805/1899/633
f 803/1900/634 805/1901/634 806/1902/634
f 807/1903/635 808/1904/635 809/1905/635
f 807/1906/636 809/1907/636 810/1908/636
f 811/1909/637 812/1910/637 813/1911/637
f 811/1912/638 813/1913/638 814/1914/638
f 815/1915/639 816/1916/639 817/1917/639
f 815/1918/640 817/1919/640 818/1920/640
f 819/1921/641 820/1922/641 821/1923/641
f 819/1924/642 821/1925/642 822/1926/642
f 823/1927/643 824/1928/643 825/1929/643
f 823/1930/644 825/1931/644 826/1932/644
f 827/1933/645 828/1934/645 829/1935/645
f 827/1936/646 829/1937/646 830/1938/646
f 831/1939/647 832/1940/647 833/1941/647
f 831/1942/648 833/1943/648 834/1944/648
f 835/1945/649 836/1946/649 837/1947/649
f 835/1948/650 837/1949/650 838/1950/650
f 839/1951/651 840/1952/651 841/1953/651
f 839/1954/652 841/1955/652 842/1956/652
f 843/1957/653 844/1958/653 845/1959/653
f 843/1960/654 845/1961/654 846/1962/654
f 847/1963/655 849/1964/655 850/1965/655
f 851/1966/656 852/1967/656 853/1968/656
f 851/1969/657 853/1970/657 854/1971/657
f 855/1972/658 856/1973/658 857/1974/658
f 855/1975/659 857/1976/659 858/1977/659
f 859/1978/660 860/1979/660 861/1980/660
f 859/1981/661 861/1982/661 862/1983/661
f 863/1984/662 864/1985/662 865/1986/662
f 863/1987/663 865/1988/663 866/1989/663
f 867/1990/664 868/1991/664 869/1992/664
f 867/1993/665 869/1994/665 870/1995/665
f 871/1996/666 872/1997/666 873/1998/666
f 871/1999/667 873/2000/667 874/2001/667
f 875/2002/668 876/2003/668 877/2004/668
f 875/2005/669 877/2006/669 878/2007/669
f 879/2008/670 880/2009/670 881/2010/670
f 879/2011/671 881/2012/671 882/2013/671
f 883/2014/672 884/2015/672 885/2016/672
f 883/2017/673 885/2018/673 886/2019/673
f 887/2020/674 888/2021/674 889/2022/674
f 887/2023/675 889/2024/675 890/2025/675
f 891/2026/676 892/2027/676 893/2028/676
f 891/2029/677 893/2030/677 894/2031/677
f 895/2032/678 896/2033/678 897/2034/678
f 895/2035/679 897/2036/679 898/2037/679
f 899/2038/680 900/2039/680 901/2040/680
f 899/2041/681 901/2042/681 902/2043/681
f 903/2044/682 904/2045/682 905/2046/682
f 903/2047/683 905/2048/683 906/2049/683
f 894/2050/684 907/2051/684 908/2052/684
f 894/2053/685 908/2054/685 909/2055/685
f 910/2056/686 891/2057/686 894/2058/686
f 910/2059/687 894/2060/687 909/2061/687
f 870/2062/688 869/2063/688 911/2064/688
f 870/2065/689 911/2066/689 912/2067/689
f 913/2068/690 914/2069/690 915/2070/690
f 913/2071/691 915/2072/691 916/2073/691
f 917/2074/692 918/2075/692 919/2076/692
f 917/2077/693 919/2078/693 920/2079/693
f 921/2080/694 922/2081/694 923/2082/694
f 921/2083/695 923/2084/695 924/2085/695
f 907/2086/696 925/2087/696 926/2088/696
f 907/2089/697 926/2090/697 903/2091/697
f 906/2092/698 908/2093/698 907/2094/698
f 906/2095/699 907/2096/699 903/2097/699
f 927/2098/700 928/2099/700 929/2100/700
f 927/2101/701 929/2102/701 930/2103/701
f 931/2104/702 932/2105/702 933/2106/702
f 931/2107/703 933/2108/703 934/2109/703
f 935/2110/704 936/2111/704 937/2112/704
f 935/2113/705 937/2114/705 938/2115/705
f 904/2116/706 939/2117/706 940/2118/706
f 904/2119/707 940/2120/707 899/2121/707
f 902/2122/708 905/2123/708 904/2124/708
f 902/2125/709 904/2126/709 899/2127/709
f 941/2128/710 942/2129/710 943/2130/710
f 941/2131/711 943/2132/711 944/2133/711
f 945/2134/712 946/2135/712 947/2136/712
f 945/2137/713 947/2138/713 948/2139/713
f 949/2140/714 950/2141/714 951/2142/714
f 949/2143/715 951/2144/715 952/2145/715
f 900/2146/716 953/2147/716 954/2148/716
f 900/2149/717 954/2150/717 895/2151/717
f 898/2152/718 901/2153/718 900/2154/718
f 898/2155/719 900/2156/719 895/2157/719
f 955/2158/720 956/2159/720 957/2160/720
f 955/2161/721 957/2162/721 958/2163/721
f 959/2164/722 960/2165/722 961/2166/722
f 959/2167/723 961/2168/723 962/2169/723
f 963/2170/724 964/2171/724 965/2172/724
f 963/2173/725 965/2174/725 966/2175/725
f 896/2176/726 967/2177/726 968/2178/726
f 896/2179/727 968/2180/727 969/2181/727
f 970/2182/728 897/2183/728 896/2184/728
f 970/2185/729 896/2186/729 969/2187/729
f 960/2188/730 964/2189/730 951/2190/730
f 960/2191/731 951/2192/731 945/2193/731
f 971/2194/732 972/2195/732 973/2196/732
f 971/2197/733 973/2198/733 974/2199/733
f 946/2200/734 950/2201/734 937/2202/734
f 946/2203/735 937/2204/735 931/2205/735
f 931/2206/736 937/2207/736 936/2208/736
f 931/2209/737 936/2210/737 932/2211/737
f 932/2212/738 936/2213/738 923/2214/738
f 932/2215/739 923/2216/739 917/2217/739
f 917/2218/740 923/2219/740 922/2220/740
f 917/2221/741 922/2222/741 918/2223/741
f 918/2224/742 922/2225/742 889/2226/742
f 918/2227/743 889/2228/743 883/2229/743
f 883/2230/744 889/2231/744 888/2232/744
f 883/2233/745 888/2234/745 884/2235/745
f 878/2236/746 877/2237/746 872/2238/746
f 878/2239/747 872/2240/747 871/2241/747
f 959/2242/748 965/2243/748 964/2244/748
f 959/2245/749 964/2246/749 960/2247/749
f 963/2248/750 967/2249/750 954/2250/750
f 963/2251/751 954/2252/751 952/2253/751
f 952/2254/752 954/2255/752 953/2256/752
f 952/2257/753 953/2258/753 949/2259/753
f 949/2260/754 953/2261/754 940/2262/754
f 949/2263/755 940/2264/755 938/2265/755
f 938/2266/756 940/2267/756 939/2268/756
f 938/2269/757 939/2270/757 935/2271/757
f 935/2272/758 939/2273/758 926/2274/758
f 935/2275/759 926/2276/759 924/2277/759
f 924/2278/760 926/2279/760 925/2280/760
f 924/2281/761 925/2282/761 921/2283/761
f 921/2284/762 925/2285/762 893/2286/762
f 921/2287/763 893/2288/763 890/2289/763
f 890/2290/764 893/2291/764 892/2292/764
f 890/2293/765 892/2294/765 887/2295/765
f 874/2296/766 873/2297/766 868/2298/766
f 874/2299/767 868/2300/767 867/2301/767
f 966/2302/768 968/2303/768 967/2304/768
f 966/2305/769 967/2306/769 963/2307/769
f 975/2308/770 976/2309/770 788/2310/770
f 975/2311/771 788/2312/771 787/2313/771
f 977/2314/772 879/2315/772 882/2316/772
f 977/2317/773 882/2318/773 978/2319/773
f 979/2320/774 916/2321/774 879/2322/774
f 979/2323/775 879/2324/775 977/2325/775
f 980/2326/776 913/2327/776 916/2328/776
f 980/2329/777 916/2330/777 979/2331/777
f 981/2332/778 930/2333/778 913/2334/778
f 981/2335/779 913/2336/779 980/2337/779
f 982/2338/780 927/2339/780 930/2340/780
f 982/2341/781 930/2342/781 981/2343/781
f 983/2344/782 944/2345/782 927/2346/782
f 983/2347/783 927/2348/783 982/2349/783
f 984/2350/784 941/2351/784 944/2352/784
f 984/2353/785 944/2354/785 983/2355/785
f 985/2356/786 958/2357/786 941/2358/786
f 985/2359/787 941/2360/787 984/2361/787
f 986/2362/788 955/2363/788 958/2364/788
f 986/2365/789 958/2366/789 985/2367/789
f 790/2368/790 789/2369/790 876/2370/790
f 790/2371/791 876/2372/791 875/2373/791
f 885/2374/792 881/2375/792 880/2376/792
f 885/2377/793 880/2378/793 886/2379/793
f 886/2380/794 880/2381/794 915/2382/794
f 886/2383/795 915/2384/795 919/2385/795
f 919/2386/796 915/2387/796 914/2388/796
f 919/2389/797 914/2390/797 920/2391/797
f 920/2392/798 914/2393/798 929/2394/798
f 920/2395/799 929/2396/799 933/2397/799
f 933/2398/800 929/2399/800 928/2400/800
f 933/2401/801 928/2402/801 934/2403/801
f 934/2404/802 928/2405/802 943/2406/802
f 934/2407/803 943/2408/803 947/2409/803
f 947/2410/804 943/2411/804 942/2412/804
f 947/2413/805 942/2414/805 948/2415/805
f 948/2416/806 942/2417/806 957/2418/806
f 948/2419/807 957/2420/807 961/2421/807
f 961/2422/808 957/2423/808 956/2424/808
f 961/2425/809 956/2426/809 962/2427/809
f 987/2428/810 988/2429/810 989/2430/810
f 987/2431/811 989/2432/811 990/2433/811
f 882/2434/812 788/2435/812 976/2436/812
f 882/2437/813 976/2438/813 978/2439/813
f 885/2440/814 876/2441/814 789/2442/814
f 885/2443/815 789/2444/815 881/2445/815
f 991/2446/816 992/2447/816 993/2448/816
f 991/2449/817 993/2450/817 994/2451/817
f 888/2452/818 872/2453/818 877/2454/818
f 888/2455/819 877/2456/819 884/2457/819
f 995/2458/820 996/2459/820 997/2460/820
f 995/2461/821 997/2462/821 998/2463/821
f 892/2464/822 868/2465/822 873/2466/822
f 892/2467/823 873/2468/823 887/2469/823
f 999/2470/824 1000/2471/824 1001/2472/824
f 999/2473/825 1001/2474/825 1002/2475/825
f 910/2476/826 911/2477/826 869/2478/826
f 910/2479/827 869/2480/827 891/2481/827
f 1003/2482/828 1004/2483/828 1005/2484/828
f 1003/2485/829 1005/2486/829 1006/2487/829
f 1007/2488/830 1008/2489/830 1009/2490/830
f 1007/2491/831 1009/2492/831 1010/2493/831
f 1011/2494/832 1003/2495/832 1006/2496/832
f 1011/2497/833 1006/2498/833 1012/2499/833
f 1013/2500/834 1014/2501/834 1015/2502/834
f 1013/2503/835 1015/2504/835 1016/2505/835
f 1017/2506/836 1011/2507/836 1012/2508/836
f 1017/2509/837 1012/2510/837 1018/2511/837
f 1019/2512/838 1017/2513/838 1018/2514/838
f 1019/2515/839 1018/2516/839 1020/2517/839
f 1021/2518/840 1022/2519/840 1023/2520/840
f 1021/2521/841 1023/2522/841 1024/2523/841
f 1025/2524/842 1019/2525/842 1020/2526/842
f 1025/2527/843 1020/2528/843 1026/2529/843
f 1027/2530/844 1028/2531/844 1029/2532/844
f 1027/2533/845 1029/2534/845 1030/2535/845
f 1031/2536/846 1032/2537/846 1033/2538/846
f 1031/2539/847 1033/2540/847 1034/2541/847
f 1032/2542/848 1025/2543/848 1026/2544/848
f 1032/2545/849 1026/2546/849 1033/2547/849
f 1035/2548/850 1036/2549/850 1037/2550/850
f 1035/2551/851 1037/2552/851 1038/2553/851
f 1039/2554/852 1031/2555/852 1034/2556/852
f 1039/2557/853 1034/2558/853 1040/2559/853
f 1041/2560/854 1042/2561/854 1043/2562/854
f 1041/2563/855 1043/2564/855 1044/2565/855
f 1045/2566/856 1035/2567/856 1038/2568/856
f 1045/2569/857 1038/2570/857 1046/2571/857
f 1047/2572/858 1045/2573/858 1046/2574/858
f 1047/2575/859 1046/2576/859 1048/2577/859
f 1049/2578/860 1050/2579/860 1051/2580/860
f 1049/2581/861 1051/2582/861 1052/2583/861
f 1053/2584/862 1047/2585/862 1048/2586/862
f 1053/2587/863 1048/2588/863 1054/2589/863
f 1055/2590/864 1053/2591/864 1054/2592/864
f 1055/2593/865 1054/2594/865 1056/2595/865
f 1057/2596/866 1058/2597/866 1059/2598/866
f 1057/2599/867 1059/2600/867 1060/2601/867
f 1061/2602/868 1055/2603/868 1056/2604/868
f 1061/2605/869 1056/2606/869 1062/2607/869
f 1063/2608/870 1064/2609/870 1065/2610/870
f 1063/2611/871 1065/2612/871 1066/2613/871
f 1067/2614/872 1068/2615/872 1069/2616/872
f 1067/2617/873 1069/2618/873 1070/2619/873
f 1068/2620/874 1061/2621/874 1062/2622/874
f 1068/2623/875 1062/2624/875 1069/2625/875
f 1071/2626/876 1072/2627/876 1073/2628/876
f 1071/2629/877 1073/2630/877 1074/2631/877
f 1075/2632/878 1076/2633/878 1077/2634/878
f 1075/2635/879 1077/2636/879 1078/2637/879
f 1072/2638/880 1079/2639/880 1080/2640/880
f 1072/2641/881 1080/2642/881 1073/2643/881
f 1081/2644/882 1082/2645/882 1083/2646/882
f 1081/2647/883 1083/2648/883 1084/2649/883
f 1079/2650/884 1067/2651/884 1070/2652/884
f 1079/2653/885 1070/2654/885 1080/2655/885
f 1085/2656/886 1086/2657/886 1087/2658/886
f 1085/2659/887 1087/2660/887 1088/2661/887
f 1089/2662/888 1090/2663/888 1091/2664/888
f 1089/2665/889 1091/2666/889 1092/2667/889
f 1093/2668/890 1094/2669/890 1095/2670/890
f 1093/2671/891 1095/2672/891 1096/2673/891
f 1097/2674/892 1075/2675/892 1078/2676/892
f 1097/2677/893 1078/2678/893 1098/2679/893
f 1099/2680/894 1100/2681/894 1101/2682/894
f 1099/2683/895 1101/2684/895 1102/2685/895
f 1103/2686/896 1104/2687/896 1105/2688/896
f 1103/2689/897 1105/2690/897 1106/2691/897
f 1107/2692/898 1097/2693/898 1098/2694/898
f 1107/2695/899 1098/2696/899 1108/2697/899
f 1109/2698/900 1110/2699/900 1111/2700/900
f 1109/2701/901 1111/2702/901 1112/2703/901
f 1113/2704/902 1114/2705/902 1115/2706/902
f 1113/2707/903 1115/2708/903 1116/2709/903
f 1117/2710/904 1118/2711/904 1119/2712/904
f 1117/2713/905 1119/2714/905 1120/2715/905
f 1121/2716/906 1122/2717/906 1123/2718/906
f 1121/2719/907 1123/2720/907 1124/2721/907
f 1125/2722/908 1126/2723/908 1127/2724/908
f 1125/2725/909 1127/2726/909 1128/2727/909
f 1129/2728/910 1130/2729/910 1131/2730/910
f 1129/2731/911 1131/2732/911 1132/2733/911
f 1133/2734/912 1134/2735/912 1135/2736/912
f 1133/2737/913 1135/2738/913 1136/2739/913
f 1137/2740/914 1138/2741/914 1139/2742/914
f 1137/2743/915 1139/2744/915 1140/2745/915
f 1141/2746/916 1142/2747/916 1143/2748/916
f 1141/2749/917 1143/2750/917 1144/2751/917
f 1145/2752/918 1107/2753/918 1108/2754/918
f 1145/2755/919 1108/2756/919 1146/2757/919
f 1138/2758/920 1145/2759/920 1146/2760/920
f 1138/2761/921 1146/2762/921 1139/2763/921
f 1147/2764/922 1148/2765/922 1149/2766/922
f 1147/2767/923 1149/2768/923 1150/2769/923
f 1151/2770/924 1152/2771/924 1153/2772/924
f 1151/2773/925 1153/2774/925 1154/2775/925
f 1155/2776/926 1156/2777/926 1157/2778/926
f 1155/2779/927 1157/2780/927 1158/2781/927
f 1159/2782/928 1160/2783/928 1161/2784/928
f 1159/2785/929 1161/2786/929 1162/2787/929
f 1163/2788/930 1164/2789/930 1165/2790/930
f 1163/2791/931 1165/2792/931 1166/2793/931
f 1167/2794/932 1168/2795/932 1169/2796/932
f 1167/2797/933 1169/2798/933 1170/2799/933
f 1171/2800/934 1137/2801/934 1140/2802/934
f 1171/2803/935 1140/2804/935 1172/2805/935
f 1173/2806/936 1174/2807/936 1175/2808/936
f 1173/2809/937 1175/2810/937 1176/2811/937
f 1177/2812/938 1171/2813/938 1172/2814/938
f 1177/2815/939 1172/2816/939 1178/2817/939
f 1179/2818/940 1180/2819/940 1181/2820/940
f 1179/2821/941 1181/2822/941 1182/2823/941
f 1183/2824/942 1184/2825/942 1185/2826/942
f 1183/2827/943 1185/2828/943 1186/2829/943
f 1187/2830/944 1188/2831/944 1189/2832/944
f 1187/2833/945 1189/2834/945 1190/2835/945
f 1191/2836/946 1177/2837/946 1178/2838/946
f 1191/2839/947 1178/2840/947 1192/2841/947
f 1193/2842/948 1194/2843/948 1195/2844/948
f 1193/2845/949 1195/2846/949 1196/2847/949
f 1197/2848/950 1187/2849/950 1190/2850/950
f 1197/2851/951 1190/2852/951 1198/2853/951
f 1199/2854/952 1197/2855/952 1198/2856/952
f 1199/2857/953 1198/2858/953 1200/2859/953
f 1201/2860/954 1202/2861/954 1203/2862/954
f 1201/2863/955 1203/2864/955 1204/2865/955
f 1205/2866/956 1199/2867/956 1200/2868/956
f 1205/2869/957 1200/2870/957 1206/2871/957
f 1207/2872/958 1208/2873/958 1209/2874/958
f 1207/2875/959 1209/2876/959 1210/2877/959
f 1211/2878/960 1212/2879/960 1213/2880/960
f 1211/2881/961 1213/2882/961 1214/2883/961
f 1215/2884/962 1205/2885/962 1206/2886/962
f 1215/2887/963 1206/2888/963 1216/2889/963
f 1217/2890/964 1218/2891/964 1219/2892/964
f 1217/2893/965 1219/2894/965 1220/2895/965
f 1221/2896/966 1215/2897/966 1216/2898/966
f 1221/2899/967 1216/2900/967 1222/2901/967
f 1223/2902/968 1224/2903/968 1225/2904/968
f 1223/2905/969 1225/2906/969 1226/2907/969
f 1227/2908/970 1228/2909/970 1229/2910/970
f 1227/2911/971 1229/2912/971 1230/2913/971
f 1231/2914/972 1221/2915/972 1222/2916/972
f 1231/2917/973 1222/2918/973 1232/2919/973
f 1233/2920/974 1234/2921/974 1235/2922/974
f 1233/2923/975 1235/2924/975 1236/2925/975
f 1237/2926/976 1231/2927/976 1232/2928/976
f 1237/2929/977 1232/2930/977 1238/2931/977
f 1239/2932/978 1240/2933/978 1241/2934/978
f 1239/2935/979 1241/2936/979 1242/2937/979
f 1243/2938/980 1244/2939/980 1245/2940/980
f 1243/2941/981 1245/2942/981 1246/2943/981
f 1247/2944/982 1237/2945/982 1238/2946/982
f 1247/2947/983 1238/2948/983 1248/2949/983
f 1249/2950/984 1250/2951/984 1251/2952/984
f 1249/2953/985 1251/2954/985 1252/2955/985
f 1253/2956/986 1247/2957/986 1248/2958/986
f 1253/2959/987 1248/2960/987 1254/2961/987
f 1004/2962/988 1255/2963/988 1256/2964/988
f 1004/2965/989 1256/2966/989 1005/2967/989
f 1257/2968/990 1253/2969/990 1254/2970/990
f 1257/2971/991 1254/2972/991 1258/2973/991
f 1259/2974/992 1260/2975/992 1261/2976/992
f 1259/2977/993 1261/2978/993 1262/2979/993
f 1263/2980/994 1264/2981/994 1265/2982/994
f 1263/2983/995 1265/2984/995 1266/2985/995
f 1267/2986/996 1268/2987/996 1269/2988/996
f 1267/2989/997 1269/2990/997 1270/2991/997
f 1271/2992/998 1272/2993/998 1273/2994/998
f 1271/2995/999 1273/2996/999 1274/2997/999
f 1275/2998/1000 1276/2999/1000 1277/3000/1000
f 1275/3001/1001 1277/3002/1001 1278/3003/1001
f 1279/3004/1002 1280/3005/1002 1281/3006/1002
f 1279/3007/1003 1281/3008/1003 1282/3009/1003
f 1283/3010/1004 1284/3011/1004 1285/3012/1004
f 1283/3013/1005 1285/3014/1005 1286/3015/1005
f 1287/3016/1006 1288/3017/1006 1289/3018/1006
f 1287/3019/1007 1289/3020/1007 1290/3021/1007
f 1291/3022/1008 1292/3023/1008 1293/3024/1008
f 1291/3025/1009 1293/3026/1009 1294/3027/1009
f 1295/3028/1010 1296/3029/1010 1297/3030/1010
f 1295/3031/1011 1297/3032/1011 1298/3033/1011
f 1299/3034/1012 1300/3035/1012 1301/3036/1012
f 1299/3037/1013 1301/3038/1013 1302/3039/1013
f 1303/3040/1014 1304/3041/1014 1305/3042/1014
f 1303/3043/1015 1305/3044/1015 1306/3045/1015
f 1307/3046/1016 1308/3047/1016 1309/3048/1016
f 1307/3049/1017 1309/3050/1017 1310/3051/1017
f 1311/3052/1018 1312/3053/1018 1313/3054/1018
f 1311/3055/1019 1313/3056/1019 1314/3057/1019
f 1315/3058/1020 1316/3059/1020 1317/3060/1020
f 1315/3061/1021 1317/3062/1021 1318/3063/1021
f 1319/3064/1022 1320/3065/1022 1321/3066/1022
f 1319/3067/1023 1321/3068/1023 1322/3069/1023
f 1323/3070/1024 1324/3071/1024 1325/3072/1024
f 1323/3073/1025 1325/3074/1025 1326/3075/1025
f 1327/3076/1026 1328/3077/1026 1329/3078/1026
f 1327/3079/1027 1329/3080/1027 1330/3081/1027
f 1331/3082/1028 1332/3083/1028 1333/3084/1028
f 1331/3085/1029 1333/3086/1029 1334/3087/1029
f 1335/3088/1030 1336/3089/1030 1337/3090/1030
f 1335/3091/1031 1337/3092/1031 1338/3093/1031
f 1339/3094/1032 1340/3095/1032 1341/3096/1032
f 1339/3097/1033 1341/3098/1033 1342/3099/1033
f 1343/3100/1034 1344/3101/1034 1345/3102/1034
f 1343/3103/1035 1345/3104/1035 1346/3105/1035
f 1347/3106/1036 1348/3107/1036 1349/3108/1036
f 1347/3109/1037 1349/3110/1037 1350/3111/1037
f 1351/3112/1038 1352/3113/1038 1353/3114/1038
f 1351/3115/1039 1353/3116/1039 1354/3117/1039
f 1355/3118/1040 1356/3119/1040 1357/3120/1040
f 1355/3121/1041 1357/3122/1041 1358/3123/1041
f 1359/3124/1042 1360/3125/1042 1361/3126/1042
f 1359/3127/1043 1361/3128/1043 1362/3129/1043
f 1363/3130/1044 1364/3131/1044 1365/3132/1044
f 1363/3133/1045 1365/3134/1045 1366/3135/1045
f 1367/3136/1046 1368/3137/1046 1369/3138/1046
f 1367/3139/1047 1369/3140/1047 1370/3141/1047
f 1371/3142/1048 1372/3143/1048 1373/3144/1048
f 1371/3145/1049 1373/3146/1049 1374/3147/1049
f 1375/3148/1050 1376/3149/1050 1377/3150/1050
f 1375/3151/1051 1377/3152/1051 1378/3153/1051
f 1379/3154/1052 1380/3155/1052 1381/3156/1052
f 1379/3157/1053 1381/3158/1053 1382/3159/1053
f 1383/3160/1054 1384/3161/1054 1385/3162/1054
f 1383/3163/1055 1385/3164/1055 1386/3165/1055
f 1387/3166/1056 1388/3167/1056 1389/3168/1056
f 1387/3169/1057 1389/3170/1057 1390/3171/1057
f 1391/3172/1058 1392/3173/1058 1393/3174/1058
f 1391/3175/1059 1393/3176/1059 1394/3177/1059
f 1395/3178/1060 1396/3179/1060 1397/3180/1060
f 1395/3181/1061 1397/3182/1061 1398/3183/1061
f 1399/3184/1062 1400/3185/1062 1401/3186/1062
f 1399/3187/1063 1401/3188/1063 1402/3189/1063
f 1403/3190/1064 1404/3191/1064 1405/3192/1064
f 1403/3193/1065 1405/3194/1065 1406/3195/1065
f 1407/3196/1066 1408/3197/1066 1409/3198/1066
f 1407/3199/1067 1409/3200/1067 1410/3201/1067
f 1411/3202/1068 1412/3203/1068 1413/3204/1068
f 1411/3205/1069 1413/3206/1069 1414/3207/1069
f 1415/3208/1070 1416/3209/1070 1417/3210/1070
f 1415/3211/1071 1417/3212/1071 1418/3213/1071
f 1419/3214/1072 1420/3215/1072 1421/3216/1072
f 1419/3217/1073 1421/3218/1073 1422/3219/1073
f 1423/3220/1074 1424/3221/1074 1425/3222/1074
f 1423/3223/1075 1425/3224/1075 1426/3225/1075
f 1427/3226/1076 599/3227/1076 602/3228/1076
f 1427/3229/1077 602/3230/1077 1428/3231/1077
f 1429/3232/1078 609/3233/1078 612/3234/1078
f 1429/3235/1079 612/3236/1079 1430/3237/1079
f 1431/3238/1080 613/3239/1080 616/3240/1080
f 1431/3241/1081 616/3242/1081 1432/3243/1081
f 1432/3244/1082 616/3245/1082 713/3246/1082
f 1432/3247/1083 713/3248/1083 1433/3249/1083
f 1434/3250/1084 760/3251/1084 763/3252/1084
f 1434/3253/1085 763/3254/1085 1435/3255/1085
f 1436/3256/1086 734/3257/1086 737/3258/1086
f 1436/3259/1087 737/3260/1087 1437/3261/1087
f 1438/3262/1088 605/3263/1088 608/3264/1088
f 1438/3265/1089 608/3266/1089 1439/3267/1089
f 1440/3268/1090 718/3269/1090 721/3270/1090
f 1440/3271/1091 721/3272/1091 1441/3273/1091
f 1442/3274/1092 714/3275/1092 717/3276/1092
f 1442/3277/1093 717/3278/1093 1443/3279/1093
f 1444/3280/1094 772/3281/1094 1445/3282/1094
f 1444/3283/1095 1445/3284/1095 1446/3285/1095
f 1447/3286/1096 746/3287/1096 749/3288/1096
f 1447/3289/1097 749/3290/1097 1448/3291/1097
f 1428/3292/1098 1449/3293/1098 1450/3294/1098
f 1428/3295/1099 1450/3296/1099 1427/3297/1099
f 588/3298/1100 607/3299/1100 606/3300/1100
f 588/3301/1101 606/3302/1101 585/3303/1101
f 727/3304/1102 720/3305/1102 719/3306/1102
f 727/3307/1103 719/3308/1103 724/3309/1103
f 708/3310/1104 716/3311/1104 715/3312/1104
f 708/3313/1105 715/3314/1105 707/3315/1105
f 781/3316/1106 774/3317/1106 773/3318/1106
f 781/3319/1107 773/3320/1107 778/3321/1107
f 754/3322/1108 748/3323/1108 747/3324/1108
f 754/3325/1109 747/3326/1109 751/3327/1109
f 594/3328/1110 615/3329/1110 614/3330/1110
f 594/3331/1111 614/3332/1111 595/3333/1111
f 709/3334/1112 712/3335/1112 615/3336/1112
f 709/3337/1113 615/3338/1113 594/3339/1113
f 765/3340/1114 762/3341/1114 761/3342/1114
f 765/3343/1115 761/3344/1115 766/3345/1115
f 739/3346/1116 736/3347/1116 735/3348/1116
f 739/3349/1117 735/3350/1117 740/3351/1117
f 1451/3352/1118 1452/3353/1118 1453/3354/1118
f 1451/3355/1119 1453/3356/1119 1454/3357/1119
f 1455/3358/1120 731/3359/1120 730/3360/1120
f 1455/3361/1121 730/3362/1121 1456/3363/1121
f 1457/3364/1122 703/3365/1122 702/3366/1122
f 1457/3367/1123 702/3368/1123 1458/3369/1123
f 1459/3370/1124 785/3371/1124 784/3372/1124
f 1459/3373/1125 784/3374/1125 1460/3375/1125
f 1461/3376/1126 756/3377/1126 755/3378/1126
f 1461/3379/1127 755/3380/1127 1462/3381/1127
f 1463/3382/1128 598/3383/1128 597/3384/1128
f 1463/3385/1129 597/3386/1129 1464/3387/1129
f 1465/3388/1130 705/3389/1130 598/3390/1130
f 1465/3391/1131 598/3392/1131 1463/3393/1131
f 1466/3394/1132 769/3395/1132 768/3396/1132
f 1466/3397/1133 768/3398/1133 1467/3399/1133
f 1468/3400/1134 745/3401/1134 744/3402/1134
f 1468/3403/1135 744/3404/1135 1469/3405/1135
f 1470/3406/1136 1471/3407/1136 1472/3408/1136
f 1470/3409/1137 1472/3410/1137 1473/3411/1137
f 1474/3412/1138 1475/3413/1138 588/3414/1138
f 1474/3415/1139 588/3416/1139 587/3417/1139
f 1476/3418/1140 1474/3419/1140 587/3420/1140
f 1476/3421/1141 587/3422/1141 604/3423/1141
f 1477/3424/1142 1478/3425/1142 1479/3426/1142
f 1477/3427/1143 1479/3428/1143 1480/3429/1143
f 1481/3430/1144 1482/3431/1144 628/3432/1144
f 1481/3433/1145 628/3434/1145 627/3435/1145
f 1483/3436/1146 1484/3437/1146 1485/3438/1146
f 1483/3439/1147 1485/3440/1147 1486/3441/1147
f 1487/3442/1148 1488/3443/1148 643/3444/1148
f 1487/3445/1149 643/3446/1149 642/3447/1149
f 1489/3448/1150 1490/3449/1150 1491/3450/1150
f 1489/3451/1151 1491/3452/1151 1492/3453/1151
f 1475/3454/1152 1493/3455/1152 607/3456/1152
f 1475/3457/1153 607/3458/1153 588/3459/1153
f 1494/3460/1154 1495/3461/1154 1496/3462/1154
f 1494/3463/1155 1496/3464/1155 1497/3465/1155
f 1498/3466/1156 1499/3467/1156 1500/3468/1156
f 1498/3469/1157 1500/3470/1157 1501/3471/1157
f 1502/3472/1158 1503/3473/1158 1504/3474/1158
f 1502/3475/1159 1504/3476/1159 1505/3477/1159
f 1506/3478/1160 1507/3479/1160 1508/3480/1160
f 1506/3481/1161 1508/3482/1161 1509/3483/1161
f 1510/3484/1162 1511/3485/1162 1512/3486/1162
f 1510/3487/1163 1512/3488/1163 1513/3489/1163
f 1514/3490/1164 565/3491/1164 568/3492/1164
f 1514/3493/1165 568/3494/1165 1515/3495/1165
f 1516/3496/1166 1517/3497/1166 1518/3498/1166
f 1516/3499/1167 1518/3500/1167 1519/3501/1167
f 1520/3502/1168 1521/3503/1168 662/3504/1168
f 1520/3505/1169 662/3506/1169 661/3507/1169
f 1522/3508/1170 698/3509/1170 697/3510/1170
f 1522/3511/1171 697/3512/1171 1523/3513/1171
f 1524/3514/1172 1525/3515/1172 1526/3516/1172
f 1524/3517/1173 1526/3518/1173 1527/3519/1173
f 1528/3520/1174 1529/3521/1174 1530/3522/1174
f 1528/3523/1175 1530/3524/1175 1531/3525/1175
f 1532/3526/1176 604/3527/1176 603/3528/1176
f 1532/3529/1177 603/3530/1177 1533/3531/1177
f 1534/3532/1178 1535/3533/1178 1536/3534/1178
f 1534/3535/1179 1536/3536/1179 1537/3537/1179
f 1538/3538/1180 1539/3539/1180 1540/3540/1180
f 1538/3541/1181 1540/3542/1181 1541/3543/1181
f 847/3544/1182 848/3545/1182 849/3546/1182
o Object_12
v 1.06067960 1.50614025 0.77926063
v 1.06067960 1.48839849 0.78950383
v 1.06067960 1.47815529 0.75127567
v 0.62378638 1.49181290 0.80224655
v 0.62378638 1.51546856 0.78858894
v 0.36165046 1.51546856 0.78858894
v 0.36165046 1.49181290 0.80224655
v -0.07524276 1.48839849 0.78950383
v -0.07524276 1.50614025 0.77926063
v -0.07524276 1.47815529 0.75127567
v 1.06067960 1.51638345 0.76151887
v 0.62378638 1.51546856 0.78858894
v 0.62378638 1.52912617 0.76493328
v 0.36165046 1.52912617 0.76493328
v 0.36165046 1.51546856 0.78858894
v -0.07524276 1.51638345 0.76151887
v 1.06067960 1.51638345 0.74103247
v 1.06067960 1.51638345 0.76151887
v 1.06067960 1.47815529 0.75127567
v 0.62378638 1.52912617 0.76493328
v 0.62378638 1.52912617 0.73761807
v 0.36165046 1.52912617 0.73761807
v 0.36165046 1.52912617 0.76493328
v -0.07524276 1.51638345 0.74103247
v 1.06067960 1.50614025 0.72329072
v 0.62378638 1.52912617 0.73761807
v 0.62378638 1.51546856 0.71396241
v 0.36165046 1.51546856 0.71396241
v 0.36165046 1.52912617 0.73761807
v -0.07524276 1.51638345 0.74103247
v -0.07524276 1.50614025 0.72329072
v -0.07524276 1.47815529 0.75127567
v 1.06067960 1.48839849 0.71304752
v 0.62378638 1.51546856 0.71396241
v 0.62378638 1.49181290 0.70030480
v 0.36165046 1.49181290 0.70030480
v 0.36165046 1.51546856 0.71396241
v -0.07524276 1.48839849 0.71304752
v 1.06067960 1.46791209 0.71304752
v 1.06067960 1.48839849 0.71304752
v 0.62378638 1.49181290 0.70030480
v 0.62378638 1.46449769 0.70030480
v 0.36165046 1.46449769 0.70030480
v 0.36165046 1.49181290 0.70030480
v -0.07524276 1.48839849 0.71304752
v -0.07524276 1.46791209 0.71304752
v -0.07524276 1.47815529 0.75127567
v 1.06067960 1.45017034 0.72329072
v 1.06067960 1.46791209 0.71304752
v 1.06067960 1.47815529 0.75127567
v 0.62378638 1.46449769 0.70030480
v 0.62378638 1.44084203 0.71396241
v 0.36165046 1.44084203 0.71396241
v 0.36165046 1.46449769 0.70030480
v -0.07524276 1.45017034 0.72329072
v 1.06067960 1.43992714 0.74103247
v 0.62378638 1.44084203 0.71396241
v 0.62378638 1.42718442 0.73761807
v 0.36165046 1.42718442 0.73761807
v 0.36165046 1.44084203 0.71396241
v -0.07524276 1.43992714 0.74103247
v 1.06067960 1.43992714 0.76151887
v 1.06067960 1.43992714 0.74103247
v 0.62378638 1.42718442 0.73761807
v 0.62378638 1.42718442 0.76493328
v 0.36165046 1.42718442 0.76493328
v 0.36165046 1.42718442 0.73761807
v -0.07524276 1.43992714 0.76151887
v 1.06067960 1.45017034 0.77926063
v 0.62378638 1.42718442 0.76493328
v 0.62378638 1.44084203 0.78858894
v 0.36165046 1.44084203 0.78858894
v 0.36165046 1.42718442 0.76493328
v -0.07524276 1.45017034 0.77926063
v 1.06067960 1.46791209 0.78950383
v 0.62378638 1.44084203 0.78858894
v 0.62378638 1.46449769 0.80224655
v 0.36165046 1.46449769 0.80224655
v 0.36165046 1.44084203 0.78858894
v -0.07524276 1.46791209 0.78950383
v 0.62378638 1.46449769 0.80224655
v 0.62378638 1.49181290 0.80224655
v 0.36165046 1.49181290 0.80224655
v 0.36165046 1.46449769 0.80224655
v -0.07524276 1.48839849 0.78950383
v 0.62378638 1.48839849 0.78950383
v 0.62378638 1.50614025 0.77926063
v 0.62378638 1.51546856 0.78858894
v 0.62378638 1.49181290 0.80224655
v 0.62378638 1.51638345 0.76151887
v 0.62378638 1.52912617 0.76493328
v 0.62378638 1.51638345 0.74103247
v 0.62378638 1.52912617 0.73761807
v 0.62378638 1.50614025 0.72329072
v 0.62378638 1.51546856 0.71396241
v 0.62378638 1.48839849 0.71304752
v 0.62378638 1.49181290 0.70030480
v 0.62378638 1.46791209 0.71304752
v 0.62378638 1.46449769 0.70030480
v 0.62378638 1.45017034 0.72329072
v 0.62378638 1.44084203 0.71396241
v 0.62378638 1.43992714 0.74103247
v 0.62378638 1.42718442 0.73761807
v 0.62378638 1.43992714 0.76151887
v 0.62378638 1.42718442 0.76493328
v 0.62378638 1.45017034 0.77926063
v 0.62378638 1.44084203 0.78858894
v 0.62378638 1.46791209 0.78950383
v 0.62378638 1.46449769 0.80224655
v 1.06067960 1.48839849 0.78950383
v 1.06067960 1.50614025 0.77926063
v 0.62378638 1.50614025 0.77926063
v 0.62378638 1.48839849 0.78950383
v 1.06067960 1.50614025 0.77926063
v 1.06067960 1.51638345 0.76151887
v 0.62378638 1.51638345 0.76151887
v 0.62378638 1.50614025 0.77926063
v 1.06067960 1.51638345 0.76151887
v 1.06067960 1.51638345 0.74103247
v 0.62378638 1.51638345 0.74103247
v 0.62378638 1.51638345 0.76151887
v 1.06067960 1.51638345 0.74103247
v 1.06067960 1.50614025 0.72329072
v 0.62378638 1.50614025 0.72329072
v 0.62378638 1.51638345 0.74103247
v 1.06067960 1.50614025 0.72329072
v 1.06067960 1.48839849 0.71304752
v 0.62378638 1.48839849 0.71304752
v 0.62378638 1.50614025 0.72329072
v 1.06067960 1.48839849 0.71304752
v 1.06067960 1.46791209 0.71304752
v 0.62378638 1.46791209 0.71304752
v 0.62378638 1.48839849 0.71304752
v 1.06067960 1.46791209 0.71304752
v 1.06067960 1.45017034 0.72329072
v 0.62378638 1.45017034 0.72329072
v 0.62378638 1.46791209 0.71304752
v 1.06067960 1.45017034 0.72329072
v 1.06067960 1.43992714 0.74103247
v 0.62378638 1.43992714 0.74103247
v 0.62378638 1.45017034 0.72329072
v 1.06067960 1.43992714 0.74103247
v 1.06067960 1.43992714 0.76151887
v 0.62378638 1.43992714 0.76151887
v 0.62378638 1.43992714 0.74103247
v 1.06067960 1.43992714 0.76151887
v 1.06067960 1.45017034 0.77926063
v 0.62378638 1.45017034 0.77926063
v 0.62378638 1.43992714 0.76151887
v 1.06067960 1.45017034 0.77926063
v 1.06067960 1.46791209 0.78950383
v 0.62378638 1.46791209 0.78950383
v 0.62378638 1.45017034 0.77926063
v 1.06067960 1.46791209 0.78950383
v 1.06067960 1.48839849 0.78950383
v 0.62378638 1.48839849 0.78950383
v 0.62378638 1.46791209 0.78950383
v 0.36165046 1.50614025 0.77926063
v 0.36165046 1.48839849 0.78950383
v 0.36165046 1.49181290 0.80224655
v 0.36165046 1.51546856 0.78858894
v 0.36165046 1.51638345 0.76151887
v 0.36165046 1.52912617 0.76493328
v 0.36165046 1.51638345 0.74103247
v 0.36165046 1.52912617 0.73761807
v 0.36165046 1.50614025 0.72329072
v 0.36165046 1.51546856 0.71396241
v 0.36165046 1.48839849 0.71304752
v 0.36165046 1.49181290 0.70030480
v 0.36165046 1.46791209 0.71304752
v 0.36165046 1.46449769 0.70030480
v 0.36165046 1.45017034 0.72329072
v 0.36165046 1.44084203 0.71396241
v 0.36165046 1.43992714 0.74103247
v 0.36165046 1.42718442 0.73761807
v 0.36165046 1.43992714 0.76151887
v 0.36165046 1.42718442 0.76493328
v 0.36165046 1.45017034 0.77926063
v 0.36165046 1.44084203 0.78858894
v 0.36165046 1.46791209 0.78950383
v 0.36165046 1.46449769 0.80224655
v -0.07524276 1.50614025 0.77926063
v -0.07524276 1.48839849 0.78950383
v 0.36165046 1.48839849 0.78950383
v 0.36165046 1.50614025 0.77926063
v -0.07524276 1.51638345 0.76151887
v -0.07524276 1.50614025 0.77926063
v 0.36165046 1.50614025 0.77926063
v 0.36165046 1.51638345 0.76151887
v -0.07524276 1.51638345 0.74103247
v -0.07524276 1.51638345 0.76151887
v 0.36165046 1.51638345 0.76151887
v 0.36165046 1.51638345 0.74103247
v -0.07524276 1.50614025 0.72329072
v -0.07524276 1.51638345 0.74103247
v 0.36165046 1.51638345 0.74103247
v 0.36165046 1.50614025 0.72329072
v -0.07524276 1.48839849 0.71304752
v -0.07524276 1.50614025 0.72329072
v 0.36165046 1.50614025 0.72329072
v 0.36165046 1.48839849 0.71304752
v -0.07524276 1.46791209 0.71304752
v -0.07524276 1.48839849 0.71304752
v 0.36165046 1.48839849 0.71304752
v 0.36165046 1.46791209 0.71304752
v -0.07524276 1.45017034 0.72329072
v -0.07524276 1.46791209 0.71304752
v 0.36165046 1.46791209 0.71304752
v 0.36165046 1.45017034 0.72329072
v -0.07524276 1.43992714 0.74103247
v -0.07524276 1.45017034 0.72329072
v 0.36165046 1.45017034 0.72329072
v 0.36165046 1.43992714 0.74103247
v -0.07524276 1.43992714 0.76151887
v -0.07524276 1.43992714 0.74103247
v 0.36165046 1.43992714 0.74103247
v 0.36165046 1.43992714 0.76151887
v -0.07524276 1.45017034 0.77926063
v -0.07524276 1.43992714 0.76151887
v 0.36165046 1.43992714 0.76151887
v 0.36165046 1.45017034 0.77926063
v -0.07524276 1.46791209 0.78950383
v -0.07524276 1.45017034 0.77926063
v 0.36165046 1.45017034 0.77926063
v 0.36165046 1.46791209 0.78950383
v -0.07524276 1.48839849 0.78950383
v -0.07524276 1.46791209 0.78950383
v 0.36165046 1.46791209 0.78950383
v 0.36165046 1.48839849 0.78950383
vt 0.55709219 0.6869508
vt 0.55654299 0.68599844
vt 0.55859375 0.68544924
vt 0.52265626 0.67040938
vt 0.52265626 0.671875
vt 0.50859374 0.671875
vt 0.52265626 0.67040938
vt 0.50859374 0.671875
vt 0.50859374 0.67040938
vt 0.56064451 0.48287344
vt 0.56009531 0.4838258
vt 0.55859375 0.48232424000000007
vt 0.55804455 0.6875
vt 0.55709219 0.6869508
vt 0.55859375 0.68544924
vt 0.52265626 0.77685314
vt 0.52265626 0.77831876
vt 0.50859374 0.77831876
vt 0.52265626 0.77685314
vt 0.50859374 0.77831876
vt 0.50859374 0.77685314
vt 0.56009531 0.4838258
vt 0.55914295 0.484375
vt 0.55859375 0.48232424000000007
vt 0.55914295 0.6875
vt 0.55804455 0.6875
vt 0.55859375 0.68544924
vt 0.52265626 0.77831876
vt 0.52265626 0.77978438
vt 0.50859374 0.77978438
vt 0.52265626 0.77831876
vt 0.50859374 0.77978438
vt 0.50859374 0.77831876
vt 0.55914295 0.484375
vt 0.55804455 0.484375
vt 0.55859375 0.48232424000000007
vt 0.56009531 0.6869508
vt 0.55914295 0.6875
vt 0.55859375 0.68544924
vt 0.52265626 0.77978438
vt 0.52265626 0.78125
vt 0.50859374 0.78125
vt 0.52265626 0.77978438
vt 0.50859374 0.78125
vt 0.50859374 0.77978438
vt 0.55804455 0.484375
vt 0.55709219 0.4838258
vt 0.55859375 0.48232424000000007
vt 0.56064451 0.68599844
vt 0.56009531 0.6869508
vt 0.55859375 0.68544924
vt 0.50859374 0.65625
vt 0.50859374 0.65478438
vt 0.52265626 0.65478438
vt 0.50859374 0.65625
vt 0.52265626 0.65478438
vt 0.52265626 0.65625
vt 0.55709219 0.4838258
vt 0.55654299 0.48287344
vt 0.55859375 0.48232424000000007
vt 0.56064451 0.68489999
vt 0.56064451 0.68599844
vt 0.55859375 0.68544924
vt 0.50859374 0.65478438
vt 0.50859374 0.65331876
vt 0.52265626 0.65331876
vt 0.50859374 0.65478438
vt 0.52265626 0.65331876
vt 0.52265626 0.65478438
vt 0.55654299 0.48287344
vt 0.55654299 0.48177499
vt 0.55859375 0.48232424000000007
vt 0.56009531 0.68394768
vt 0.56064451 0.68489999
vt 0.55859375 0.68544924
vt 0.50859374 0.65331876
vt 0.50859374 0.65185314
vt 0.52265626 0.65185314
vt 0.50859374 0.65331876
vt 0.52265626 0.65185314
vt 0.52265626 0.65331876
vt 0.55654299 0.48177499
vt 0.55709219 0.48082267999999995
vt 0.55859375 0.48232424000000007
vt 0.55914295 0.68339843
vt 0.56009531 0.68394768
vt 0.55859375 0.68544924
vt 0.33515626 0.484375
vt 0.33515626 0.48584062000000006
vt 0.32109374 0.48584062000000006
vt 0.33515626 0.484375
vt 0.32109374 0.48584062000000006
vt 0.32109374 0.484375
vt 0.55709219 0.48082267999999995
vt 0.55804455 0.48027343
vt 0.55859375 0.48232424000000007
vt 0.55804455 0.68339843
vt 0.55914295 0.68339843
vt 0.55859375 0.68544924
vt 0.33515626 0.48584062000000006
vt 0.33515626 0.48730624
vt 0.32109374 0.48730624
vt 0.33515626 0.48584062000000006
vt 0.32109374 0.48730624
vt 0.32109374 0.48584062000000006
vt 0.55804455 0.48027343
vt 0.55914295 0.48027343
vt 0.55859375 0.48232424000000007
vt 0.55709219 0.68394768
vt 0.55804455 0.68339843
vt 0.55859375 0.68544924
vt 0.33515626 0.48730624
vt 0.33515626 0.48877192
vt 0.32109374 0.48877192
vt 0.33515626 0.48730624
vt 0.32109374 0.48877192
vt 0.32109374 0.48730624
vt 0.55914295 0.48027343
vt 0.56009531 0.48082267999999995
vt 0.55859375 0.48232424000000007
vt 0.55654299 0.68489999
vt 0.55709219 0.68394768
vt 0.55859375 0.68544924
vt 0.52265626 0.66747814
vt 0.52265626 0.66894376
vt 0.50859374 0.66894376
vt 0.52265626 0.66747814
vt 0.50859374 0.66894376
vt 0.50859374 0.66747814
vt 0.56009531 0.48082267999999995
vt 0.56064451 0.48177499
vt 0.55859375 0.48232424000000007
vt 0.55654299 0.68599844
vt 0.55654299 0.68489999
vt 0.55859375 0.68544924
vt 0.52265626 0.66894376
vt 0.52265626 0.67040938
vt 0.50859374 0.67040938
vt 0.52265626 0.66894376
vt 0.50859374 0.67040938
vt 0.50859374 0.66894376
vt 0.56064451 0.48177499
vt 0.56064451 0.48287344
vt 0.55859375 0.48232424000000007
vt 0.12685546 0.44312733000000004
vt 0.12740469 0.4440797000000001
vt 0.12690468 0.44457972
vt 0.12685546 0.44312733000000004
vt 0.12690468 0.44457972
vt 0.12617187 0.44331098
vt 0.12740469 0.4440797000000001
vt 0.12835704 0.44462888999999994
vt 0.12817344 0.4453125
vt 0.12740469 0.4440797000000001
vt 0.12817344 0.4453125
vt 0.12690468 0.44457972
vt 0.12835704 0.44462888999999994
vt 0.12945546 0.44462888999999994
vt 0.12963906 0.4453125
vt 0.12835704 0.44462888999999994
vt 0.12963906 0.4453125
vt 0.12817344 0.4453125
vt 0.12945546 0.44462888999999994
vt 0.13040781 0.4440797000000001
vt 0.13090782 0.44457972
vt 0.12945546 0.44462888999999994
vt 0.13090782 0.44457972
vt 0.12963906 0.4453125
vt 0.13040781 0.4440797000000001
vt 0.13095704 0.44312733000000004
vt 0.13164063 0.44331098
vt 0.13040781 0.4440797000000001
vt 0.13164063 0.44331098
vt 0.13090782 0.44457972
vt 0.13095704 0.44312733000000004
vt 0.13095704 0.44202888000000007
vt 0.13164063 0.4418453
vt 0.13095704 0.44312733000000004
vt 0.13164063 0.4418453
vt 0.13164063 0.44331098
vt 0.13095704 0.44202888000000007
vt 0.13040781 0.44107658000000005
vt 0.13090782 0.44057655000000007
vt 0.13095704 0.44202888000000007
vt 0.13090782 0.44057655000000007
vt 0.13164063 0.4418453
vt 0.13040781 0.44107658000000005
vt 0.12945546 0.44052731999999994
vt 0.12963906 0.43984376999999997
vt 0.13040781 0.44107658000000005
vt 0.12963906 0.43984376999999997
vt 0.13090782 0.44057655000000007
vt 0.12945546 0.44052731999999994
vt 0.12835704 0.44052731999999994
vt 0.12817344 0.43984376999999997
vt 0.12945546 0.44052731999999994
vt 0.12817344 0.43984376999999997
vt 0.12963906 0.43984376999999997
vt 0.12835704 0.44052731999999994
vt 0.12740469 0.44107658000000005
vt 0.12690468 0.44057655000000007
vt 0.12835704 0.44052731999999994
vt 0.12690468 0.44057655000000007
vt 0.12817344 0.43984376999999997
vt 0.12740469 0.44107658000000005
vt 0.12685546 0.44202888000000007
vt 0.12617187 0.4418453
vt 0.12740469 0.44107658000000005
vt 0.12617187 0.4418453
vt 0.12690468 0.44057655000000007
vt 0.12685546 0.44202888000000007
vt 0.12685546 0.44312733000000004
vt 0.12617187 0.44331098
vt 0.12685546 0.44202888000000007
vt 0.12617187 0.44331098
vt 0.12617187 0.4418453
vt 0.53125 0.99890155
vt 0.53125 1
vt 0.5078125 1
vt 0.53125 0.99890155
vt 0.5078125 1
vt 0.5078125 0.99890155
vt 0.515625 0.6842047
vt 0.515625 0.68530315
vt 0.4921875 0.68530315
vt 0.515625 0.6842047
vt 0.4921875 0.68530315
vt 0.4921875 0.6842047
vt 0.515625 0.68530315
vt 0.515625 0.68640155
vt 0.4921875 0.68640155
vt 0.515625 0.68530315
vt 0.4921875 0.68640155
vt 0.4921875 0.68530315
vt 0.515625 0.68640155
vt 0.515625 0.6875
vt 0.4921875 0.6875
vt 0.515625 0.68640155
vt 0.4921875 0.6875
vt 0.4921875 0.68640155
vt 0.5 0.796875
vt 0.5 0.79577655
vt 0.5234375 0.79577655
vt 0.5 0.796875
vt 0.5234375 0.79577655
vt 0.5234375 0.796875
vt 0.5 0.79577655
vt 0.5 0.79467815
vt 0.5234375 0.79467815
vt 0.5 0.79577655
vt 0.5234375 0.79467815
vt 0.5234375 0.79577655
vt 0.5 0.79467815
vt 0.5 0.7935797
vt 0.5234375 0.7935797
vt 0.5 0.79467815
vt 0.5234375 0.7935797
vt 0.5234375 0.79467815
vt 0.0234375 0.48828125
vt 0.0234375 0.48937964
vt 0 0.48937964
vt 0.0234375 0.48828125
vt 0 0.48937964
vt 0 0.48828125
vt 0.0234375 0.48937964
vt 0.0234375 0.49047816
vt 0 0.49047816
vt 0.0234375 0.48937964
vt 0 0.49047816
vt 0 0.48937964
vt 0.0234375 0.49047816
vt 0.0234375 0.49157655
vt 0 0.49157655
vt 0.0234375 0.49047816
vt 0 0.49157655
vt 0 0.49047816
vt 0.53125 0.9967047
vt 0.53125 0.99780315
vt 0.5078125 0.99780315
vt 0.53125 0.9967047
vt 0.5078125 0.99780315
vt 0.5078125 0.9967047
vt 0.53125 0.99780315
vt 0.53125 0.99890155
vt 0.5078125 0.99890155
vt 0.53125 0.99780315
vt 0.5078125 0.99890155
vt 0.5078125 0.99780315
vt 0.56009531 0.8659547
vt 0.56064451 0.86500233
vt 0.56132811 0.86518592
vt 0.56009531 0.8659547
vt 0.56132811 0.86518592
vt 0.56059533 0.86645466
vt 0.55914295 0.86650389
vt 0.56009531 0.8659547
vt 0.56059533 0.86645466
vt 0.55914295 0.86650389
vt 0.56059533 0.86645466
vt 0.55932659 0.8671875
vt 0.55804455 0.86650389
vt 0.55914295 0.86650389
vt 0.55932659 0.8671875
vt 0.55804455 0.86650389
vt 0.55932659 0.8671875
vt 0.55786091 0.8671875
vt 0.55709219 0.8659547
vt 0.55804455 0.86650389
vt 0.55786091 0.8671875
vt 0.55709219 0.8659547
vt 0.55786091 0.8671875
vt 0.55659217 0.86645466
vt 0.55654299 0.86500233
vt 0.55709219 0.8659547
vt 0.55659217 0.86645466
vt 0.55654299 0.86500233
vt 0.55659217 0.86645466
vt 0.55585939 0.86518592
vt 0.55654299 0.86390388
vt 0.55654299 0.86500233
vt 0.55585939 0.86518592
vt 0.55654299 0.86390388
vt 0.55585939 0.86518592
vt 0.55585939 0.8637203
vt 0.55709219 0.86295158
vt 0.55654299 0.86390388
vt 0.55585939 0.8637203
vt 0.55709219 0.86295158
vt 0.55585939 0.8637203
vt 0.55659217 0.86245155
vt 0.55804455 0.86240232
vt 0.55709219 0.86295158
vt 0.55659217 0.86245155
vt 0.55804455 0.86240232
vt 0.55659217 0.86245155
vt 0.55786091 0.86171877
vt 0.55914295 0.86240232
vt 0.55804455 0.86240232
vt 0.55786091 0.86171877
vt 0.55914295 0.86240232
vt 0.55786091 0.86171877
vt 0.55932659 0.86171877
vt 0.56009531 0.86295158
vt 0.55914295 0.86240232
vt 0.55932659 0.86171877
vt 0.56009531 0.86295158
vt 0.55932659 0.86171877
vt 0.56059533 0.86245155
vt 0.56064451 0.86390388
vt 0.56009531 0.86295158
vt 0.56059533 0.86245155
vt 0.56064451 0.86390388
vt 0.56059533 0.86245155
vt 0.56132811 0.8637203
vt 0.56064451 0.86500233
vt 0.56064451 0.86390388
vt 0.56132811 0.8637203
vt 0.56064451 0.86500233
vt 0.56132811 0.8637203
vt 0.56132811 0.86518592
vt 0.5078125 0.875
vt 0.5078125 0.87390155
vt 0.53125 0.87390155
vt 0.5078125 0.875
vt 0.53125 0.87390155
vt 0.53125 0.875
vt 0.5 0.81030315
vt 0.5 0.8092047
vt 0.5234375 0.8092047
vt 0.5 0.81030315
vt 0.5234375 0.8092047
vt 0.5234375 0.81030315
vt 0.5 0.81140155
vt 0.5 0.81030315
vt 0.5234375 0.81030315
vt 0.5 0.81140155
vt 0.5234375 0.81030315
vt 0.5234375 0.81140155
vt 0.5 0.8125
vt 0.5 0.81140155
vt 0.5234375 0.81140155
vt 0.5 0.8125
vt 0.5234375 0.81140155
vt 0.5234375 0.8125
vt 0.53125 0.90515155
vt 0.53125 0.90625
vt 0.5078125 0.90625
vt 0.53125 0.90515155
vt 0.5078125 0.90625
vt 0.5078125 0.90515155
vt 0.53125 0.90405315
vt 0.53125 0.90515155
vt 0.5078125 0.90515155
vt 0.53125 0.90405315
vt 0.5078125 0.90515155
vt 0.5078125 0.90405315
vt 0.53125 0.9029547
vt 0.53125 0.90405315
vt 0.5078125 0.90405315
vt 0.53125 0.9029547
vt 0.5078125 0.90405315
vt 0.5078125 0.9029547
vt 0.5078125 0.8878172
vt 0.5078125 0.88671875
vt 0.53125 0.88671875
vt 0.5078125 0.8878172
vt 0.53125 0.88671875
vt 0.53125 0.8878172
vt 0.5078125 0.8889156
vt 0.5078125 0.8878172
vt 0.53125 0.8878172
vt 0.5078125 0.8889156
vt 0.53125 0.8878172
vt 0.53125 0.8889156
vt 0.5078125 0.89001405
vt 0.5078125 0.8889156
vt 0.53125 0.8889156
vt 0.5078125 0.89001405
vt 0.53125 0.8889156
vt 0.53125 0.89001405
vt 0.5078125 0.87280315
vt 0.5078125 0.8717047
vt 0.53125 0.8717047
vt 0.5078125 0.87280315
vt 0.53125 0.8717047
vt 0.53125 0.87280315
vt 0.5078125 0.87390155
vt 0.5078125 0.87280315
vt 0.53125 0.87280315
vt 0.5078125 0.87390155
vt 0.53125 0.87280315
vt 0.53125 0.87390155
vn 1 0 0
vn 0 0.5000001951411307 0.866025291119625
vn 0 0.5000001951411307 0.866025291119625
vn -1 0 0
vn 1 0 0
vn 0 0.8660252911196277 0.5000001951411263
vn 0 0.8660252911196277 0.5000001951411263
vn -1 0 0
vn 1 0 0
vn 0 1 0
vn 0 1 0
vn -1 0 0
vn 1 0 0
vn 0 0.8660252911196277 -0.5000001951411263
vn 0 0.8660252911196277 -0.5000001951411263
vn -1 0 0
vn 1 0 0
vn 0 0.5000001951411307 -0.866025291119625
vn 0 0.5000001951411307 -0.866025291119625
vn -1 0 0
vn 1 0 0
vn 0 0 -1
vn 0 0 -1
vn -1 0 0
vn 1 0 0
vn 0 -0.5000001951411267 -0.8660252911196274
vn 0 -0.5000001951411267 -0.8660252911196274
vn -1 0 0
vn 1 0 0
vn 0 -0.8660252911196277 -0.5000001951411263
vn 0 -0.8660252911196277 -0.5000001951411263
vn -1 0 0
vn 1 0 0
vn 0 -1 0
vn 0 -1 0
vn -1 0 0
vn 1 0 0
vn 0 -0.8660252911196277 0.5000001951411263
vn 0 -0.8660252911196277 0.5000001951411263
vn -1 0 0
vn 1 0 0
vn 0 -0.5000001951411267 0.8660252911196274
vn 0 -0.5000001951411267 0.8660252911196274
vn -1 0 0
vn 1 0 0
vn 0 0 1
vn 0 0 1
vn -1 0 0
vn 1 0 0
vn 1 0 0
vn 1 0 0
vn 1 0 0
vn 1 0 0
vn 1 0 0
vn 1 0 0
vn 1 0 0
vn 1 0 0
vn 1 0 0
vn 1 0 0
vn 1 0 0
vn 1 0 0
vn 1 0 0
vn 1 0 0
vn 1 0 0
vn 1 0 0
vn 1 0 0
vn 1 0 0
vn 1 0 0
vn 1 0 0
vn 1 0 0
vn 1 0 0
vn 1 0 0
vn 0 0.49999973562960703 0.8660255564187024
vn 0 0.49999973562960703 0.8660255564187024
vn 0 0.8660255564187009 0.49999973562960975
vn 0 0.8660255564187009 0.49999973562960975
vn 0 1 0
vn 0 1 0
vn 0 0.8660255564187009 -0.49999973562960975
vn 0 0.8660255564187009 -0.49999973562960975
vn 0 0.49999973562960703 -0.8660255564187024
vn 0 0.49999973562960703 -0.8660255564187024
vn 0 0 -1
vn 0 0 -1
vn 0 -0.4999997356296016 -0.8660255564187056
vn 0 -0.4999997356296016 -0.8660255564187056
vn 0 -0.8660255564187064 -0.49999973562960026
vn 0 -0.8660255564187064 -0.49999973562960026
vn 0 -1 0
vn 0 -1 0
vn 0 -0.8660255564187064 0.49999973562960026
vn 0 -0.8660255564187064 0.49999973562960026
vn 0 -0.4999997356296016 0.8660255564187056
vn 0 -0.4999997356296016 0.8660255564187056
vn 0 0 1
vn 0 0 1
vn -1 0 0
vn -1 0 0
vn -1 0 0
vn -1 0 0
vn -1 0 0
vn -1 0 0
vn -1 0 0
vn -1 0 0
vn -1 0 0
vn -1 0 0
vn -1 0 0
vn -1 0 0
vn -1 0 0
vn -1 0 0
vn -1 0 0
vn -1 0 0
vn -1 0 0
vn -1 0 0
vn -1 0 0
vn -1 0 0
vn -1 0 0
vn -1 0 0
vn -1 0 0
vn -1 0 0
vn 0 0.49999973562960703 0.8660255564187024
vn 0 0.49999973562960703 0.8660255564187024
vn 0 0.8660255564187009 0.49999973562960975
vn 0 0.8660255564187009 0.49999973562960975
vn 0 1 0
vn 0 1 0
vn 0 0.8660255564187009 -0.49999973562960975
vn 0 0.8660255564187009 -0.49999973562960975
vn 0 0.49999973562960703 -0.8660255564187024
vn 0 0.49999973562960703 -0.8660255564187024
vn 0 0 -1
vn 0 0 -1
vn 0 -0.4999997356296016 -0.8660255564187056
vn 0 -0.4999997356296016 -0.8660255564187056
vn 0 -0.8660255564187064 -0.49999973562960026
vn 0 -0.8660255564187064 -0.49999973562960026
vn 0 -1 0
vn 0 -1 0
vn 0 -0.8660255564187064 0.49999973562960026
vn 0 -0.8660255564187064 0.49999973562960026
vn 0 -0.4999997356296016 0.8660255564187056
vn 0 -0.4999997356296016 0.8660255564187056
vn 0 0 1
vn 0 0 1
usemtl m_761276a1-4ce5-12c4-a3ce-5dee591014e7
f 1542/3547/1183 1543/3548/1183 1544/3549/1183
f 1545/3550/1184 1546/3551/1184 1547/3552/1184
f 1545/3553/1185 1547/3554/1185 1548/3555/1185
f 1549/3556/1186 1550/3557/1186 1551/3558/1186
f 1552/3559/1187 1542/3560/1187 1544/3561/1187
f 1553/3562/1188 1554/3563/1188 1555/3564/1188
f 1553/3565/1189 1555/3566/1189 1556/3567/1189
f 1550/3568/1190 1557/3569/1190 1551/3570/1190
f 1558/3571/1191 1559/3572/1191 1560/3573/1191
f 1561/3574/1192 1562/3575/1192 1563/3576/1192
f 1561/3577/1193 1563/3578/1193 1564/3579/1193
f 1557/3580/1194 1565/3581/1194 1551/3582/1194
f 1566/3583/1195 1558/3584/1195 1560/3585/1195
f 1567/3586/1196 1568/3587/1196 1569/3588/1196
f 1567/3589/1197 1569/3590/1197 1570/3591/1197
f 1571/3592/1198 1572/3593/1198 1573/3594/1198
f 1574/3595/1199 1566/3596/1199 1560/3597/1199
f 1575/3598/1200 1576/3599/1200 1577/3600/1200
f 1575/3601/1201 1577/3602/1201 1578/3603/1201
f 1572/3604/1202 1579/3605/1202 1573/3606/1202
f 1580/3607/1203 1581/3608/1203 1544/3609/1203
f 1582/3610/1204 1583/3611/1204 1584/3612/1204
f 1582/3613/1205 1584/3614/1205 1585/3615/1205
f 1586/3616/1206 1587/3617/1206 1588/3618/1206
f 1589/3619/1207 1590/3620/1207 1591/3621/1207
f 1592/3622/1208 1593/3623/1208 1594/3624/1208
f 1592/3625/1209 1594/3626/1209 1595/3627/1209
f 1587/3628/1210 1596/3629/1210 1588/3630/1210
f 1597/3631/1211 1589/3632/1211 1591/3633/1211
f 1598/3634/1212 1599/3635/1212 1600/3636/1212
f 1598/3637/1213 1600/3638/1213 1601/3639/1213
f 1596/3640/1214 1602/3641/1214 1588/3642/1214
f 1603/3643/1215 1604/3644/1215 1544/3645/1215
f 1605/3646/1216 1606/3647/1216 1607/3648/1216
f 1605/3649/1217 1607/3650/1217 1608/3651/1217
f 1602/3652/1218 1609/3653/1218 1588/3654/1218
f 1610/3655/1219 1603/3656/1219 1544/3657/1219
f 1611/3658/1220 1612/3659/1220 1613/3660/1220
f 1611/3661/1221 1613/3662/1221 1614/3663/1221
f 1609/3664/1222 1615/3665/1222 1588/3666/1222
f 1616/3667/1223 1610/3668/1223 1544/3669/1223
f 1617/3670/1224 1618/3671/1224 1619/3672/1224
f 1617/3673/1225 1619/3674/1225 1620/3675/1225
f 1615/3676/1226 1621/3677/1226 1588/3678/1226
f 1543/3679/1227 1616/3680/1227 1544/3681/1227
f 1622/3682/1228 1623/3683/1228 1624/3684/1228
f 1622/3685/1229 1624/3686/1229 1625/3687/1229
f 1621/3688/1230 1626/3689/1230 1588/3690/1230
f 1627/3691/1231 1628/3692/1231 1629/3693/1231
f 1627/3694/1232 1629/3695/1232 1630/3696/1232
f 1628/3697/1233 1631/3698/1233 1632/3699/1233
f 1628/3700/1234 1632/3701/1234 1629/3702/1234
f 1631/3703/1235 1633/3704/1235 1634/3705/1235
f 1631/3706/1236 1634/3707/1236 1632/3708/1236
f 1633/3709/1237 1635/3710/1237 1636/3711/1237
f 1633/3712/1238 1636/3713/1238 1634/3714/1238
f 1635/3715/1239 1637/3716/1239 1638/3717/1239
f 1635/3718/1240 1638/3719/1240 1636/3720/1240
f 1637/3721/1241 1639/3722/1241 1640/3723/1241
f 1637/3724/1242 1640/3725/1242 1638/3726/1242
f 1639/3727/1243 1641/3728/1243 1642/3729/1243
f 1639/3730/1244 1642/3731/1244 1640/3732/1244
f 1641/3733/1245 1643/3734/1245 1644/3735/1245
f 1641/3736/1246 1644/3737/1246 1642/3738/1246
f 1643/3739/1247 1645/3740/1247 1646/3741/1247
f 1643/3742/1248 1646/3743/1248 1644/3744/1248
f 1645/3745/1249 1647/3746/1249 1648/3747/1249
f 1645/3748/1250 1648/3749/1250 1646/3750/1250
f 1647/3751/1251 1649/3752/1251 1650/3753/1251
f 1647/3754/1252 1650/3755/1252 1648/3756/1252
f 1649/3757/1253 1627/3758/1253 1630/3759/1253
f 1649/3760/1254 1630/3761/1254 1650/3762/1254
f 1651/3763/1255 1652/3764/1255 1653/3765/1255
f 1651/3766/1256 1653/3767/1256 1654/3768/1256
f 1655/3769/1257 1656/3770/1257 1657/3771/1257
f 1655/3772/1258 1657/3773/1258 1658/3774/1258
f 1659/3775/1259 1660/3776/1259 1661/3777/1259
f 1659/3778/1260 1661/3779/1260 1662/3780/1260
f 1663/3781/1261 1664/3782/1261 1665/3783/1261
f 1663/3784/1262 1665/3785/1262 1666/3786/1262
f 1667/3787/1263 1668/3788/1263 1669/3789/1263
f 1667/3790/1264 1669/3791/1264 1670/3792/1264
f 1671/3793/1265 1672/3794/1265 1673/3795/1265
f 1671/3796/1266 1673/3797/1266 1674/3798/1266
f 1675/3799/1267 1676/3800/1267 1677/3801/1267
f 1675/3802/1268 1677/3803/1268 1678/3804/1268
f 1679/3805/1269 1680/3806/1269 1681/3807/1269
f 1679/3808/1270 1681/3809/1270 1682/3810/1270
f 1683/3811/1271 1684/3812/1271 1685/3813/1271
f 1683/3814/1272 1685/3815/1272 1686/3816/1272
f 1687/3817/1273 1688/3818/1273 1689/3819/1273
f 1687/3820/1274 1689/3821/1274 1690/3822/1274
f 1691/3823/1275 1692/3824/1275 1693/3825/1275
f 1691/3826/1276 1693/3827/1276 1694/3828/1276
f 1695/3829/1277 1696/3830/1277 1697/3831/1277
f 1695/3832/1278 1697/3833/1278 1698/3834/1278
f 1699/3835/1279 1700/3836/1279 1701/3837/1279
f 1699/3838/1280 1701/3839/1280 1702/3840/1280
f 1703/3841/1281 1699/3842/1281 1702/3843/1281
f 1703/3844/1282 1702/3845/1282 1704/3846/1282
f 1705/3847/1283 1703/3848/1283 1704/3849/1283
f 1705/3850/1284 1704/3851/1284 1706/3852/1284
f 1707/3853/1285 1705/3854/1285 1706/3855/1285
f 1707/3856/1286 1706/3857/1286 1708/3858/1286
f 1709/3859/1287 1707/3860/1287 1708/3861/1287
f 1709/3862/1288 1708/3863/1288 1710/3864/1288
f 1711/3865/1289 1709/3866/1289 1710/3867/1289
f 1711/3868/1290 1710/3869/1290 1712/3870/1290
f 1713/3871/1291 1711/3872/1291 1712/3873/1291
f 1713/3874/1292 1712/3875/1292 1714/3876/1292
f 1715/3877/1293 1713/3878/1293 1714/3879/1293
f 1715/3880/1294 1714/3881/1294 1716/3882/1294
f 1717/3883/1295 1715/3884/1295 1716/3885/1295
f 1717/3886/1296 1716/3887/1296 1718/3888/1296
f 1719/3889/1297 1717/3890/1297 1718/3891/1297
f 1719/3892/1298 1718/3893/1298 1720/3894/1298
f 1721/3895/1299 1719/3896/1299 1720/3897/1299
f 1721/3898/1300 1720/3899/1300 1722/3900/1300
f 1700/3901/1301 1721/3902/1301 1722/3903/1301
f 1700/3904/1302 1722/3905/1302 1701/3906/1302
f 1723/3907/1303 1724/3908/1303 1725/3909/1303
f 1723/3910/1304 1725/3911/1304 1726/3912/1304
f 1727/3913/1305 1728/3914/1305 1729/3915/1305
f 1727/3916/1306 1729/3917/1306 1730/3918/1306
f 1731/3919/1307 1732/3920/1307 1733/3921/1307
f 1731/3922/1308 1733/3923/1308 1734/3924/1308
f 1735/3925/1309 1736/3926/1309 1737/3927/1309
f 1735/3928/1310 1737/3929/1310 1738/3930/1310
f 1739/3931/1311 1740/3932/1311 1741/3933/1311
f 1739/3934/1312 1741/3935/1312 1742/3936/1312
f 1743/3937/1313 1744/3938/1313 1745/3939/1313
f 1743/3940/1314 1745/3941/1314 1746/3942/1314
f 1747/3943/1315 1748/3944/1315 1749/3945/1315
f 1747/3946/1316 1749/3947/1316 1750/3948/1316
f 1751/3949/1317 1752/3950/1317 1753/3951/1317
f 1751/3952/1318 1753/3953/1318 1754/3954/1318
f 1755/3955/1319 1756/3956/1319 1757/3957/1319
f 1755/3958/1320 1757/3959/1320 1758/3960/1320
f 1759/3961/1321 1760/3962/1321 1761/3963/1321
f 1759/3964/1322 1761/3965/1322 1762/3966/1322
f 1763/3967/1323 1764/3968/1323 1765/3969/1323
f 1763/3970/1324 1765/3971/1324 1766/3972/1324
f 1767/3973/1325 1768/3974/1325 1769/3975/1325
f 1767/3976/1326 1769/3977/1326 1770/3978/1326
o Object_10
v 0.54602310 0.14563107 0.80458035
v 0.51222928 0.14563107 0.82409121
v 0.49271842 0.14563107 0.75127567
v 0.54602310 0.29126213 0.80458035
v 0.54602310 0.69615005 0.80458035
v 0.51222928 0.69615005 0.82409121
v 0.51222928 0.29126213 0.82409121
v 0.51222928 1.45631066 0.82409121
v 0.54602310 1.45631066 0.80458035
v 0.49271842 1.45631066 0.75127567
v 0.56553396 0.14563107 0.77078653
v 0.56553396 0.29126213 0.77078653
v 0.56553396 0.69615005 0.77078653
v 0.54602310 0.69615005 0.80458035
v 0.54602310 0.29126213 0.80458035
v 0.56553396 1.45631066 0.77078653
v 0.56553396 0.14563107 0.73176482
v 0.56553396 0.14563107 0.77078653
v 0.49271842 0.14563107 0.75127567
v 0.56553396 0.29126213 0.73176482
v 0.56553396 0.69615005 0.73176482
v 0.56553396 0.69615005 0.77078653
v 0.56553396 0.29126213 0.77078653
v 0.56553396 1.45631066 0.73176482
v 0.54602310 0.14563107 0.69797100
v 0.54602310 0.29126213 0.69797100
v 0.54602310 0.69615005 0.69797100
v 0.56553396 0.69615005 0.73176482
v 0.56553396 0.29126213 0.73176482
v 0.54602310 1.45631066 0.69797100
v 0.51222928 0.14563107 0.67846014
v 0.51222928 0.29126213 0.67846014
v 0.51222928 0.69615005 0.67846014
v 0.54602310 0.69615005 0.69797100
v 0.54602310 0.29126213 0.69797100
v 0.51222928 1.45631066 0.67846014
v 0.47320757 0.14563107 0.67846014
v 0.47320757 0.29126213 0.67846014
v 0.47320757 0.69615005 0.67846014
v 0.51222928 0.69615005 0.67846014
v 0.51222928 0.29126213 0.67846014
v 0.47320757 1.45631066 0.67846014
v 0.43941375 0.14563107 0.69797100
v 0.43941375 0.29126213 0.69797100
v 0.43941375 0.69615005 0.69797100
v 0.47320757 0.69615005 0.67846014
v 0.47320757 0.29126213 0.67846014
v 0.47320757 1.45631066 0.67846014
v 0.43941375 1.45631066 0.69797100
v 0.49271842 1.45631066 0.75127567
v 0.41990289 0.14563107 0.73176482
v 0.41990289 0.29126213 0.73176482
v 0.41990289 0.69615005 0.73176482
v 0.43941375 0.69615005 0.69797100
v 0.43941375 0.29126213 0.69797100
v 0.41990289 1.45631066 0.73176482
v 0.41990289 0.14563107 0.77078653
v 0.41990289 0.29126213 0.77078653
v 0.41990289 0.69615005 0.77078653
v 0.41990289 0.69615005 0.73176482
v 0.41990289 0.29126213 0.73176482
v 0.41990289 1.45631066 0.77078653
v 0.43941375 0.14563107 0.80458035
v 0.41990289 0.14563107 0.77078653
v 0.49271842 0.14563107 0.75127567
v 0.43941375 0.29126213 0.80458035
v 0.43941375 0.69615005 0.80458035
v 0.41990289 0.69615005 0.77078653
v 0.41990289 0.29126213 0.77078653
v 0.41990289 1.45631066 0.77078653
v 0.43941375 1.45631066 0.80458035
v 0.49271842 1.45631066 0.75127567
v 0.47320757 0.14563107 0.82409121
v 0.47320757 0.29126213 0.82409121
v 0.47320757 0.69615005 0.82409121
v 0.43941375 0.69615005 0.80458035
v 0.43941375 0.29126213 0.80458035
v 0.47320757 1.45631066 0.82409121
v 0.47320757 0.14563107 0.82409121
v 0.51222928 0.29126213 0.82409121
v 0.51222928 0.69615005 0.82409121
v 0.47320757 0.69615005 0.82409121
v 0.47320757 0.29126213 0.82409121
v 0.51222928 1.45631066 0.82409121
v 0.55596989 0.14563107 0.81452714
v 0.55596989 0.29126213 0.81452714
v 0.51587006 0.29126213 0.83767877
v 0.51587006 0.14563107 0.83767877
v 0.51587006 0.14563107 0.83767877
v 0.51587006 0.29126213 0.83767877
v 0.46956679 0.29126213 0.83767877
v 0.46956679 0.14563107 0.83767877
v 0.46956679 0.14563107 0.83767877
v 0.46956679 0.29126213 0.83767877
v 0.42946696 0.29126213 0.81452714
v 0.42946696 0.14563107 0.81452714
v 0.42946696 0.14563107 0.81452714
v 0.42946696 0.29126213 0.81452714
v 0.40631533 0.29126213 0.77442731
v 0.40631533 0.14563107 0.77442731
v 0.40631533 0.14563107 0.77442731
v 0.40631533 0.29126213 0.77442731
v 0.40631533 0.29126213 0.72812404
v 0.40631533 0.14563107 0.72812404
v 0.40631533 0.14563107 0.72812404
v 0.40631533 0.29126213 0.72812404
v 0.42946696 0.29126213 0.68802421
v 0.42946696 0.14563107 0.68802421
v 0.42946696 0.14563107 0.68802421
v 0.42946696 0.29126213 0.68802421
v 0.46956679 0.29126213 0.66487258
v 0.46956679 0.14563107 0.66487258
v 0.46956679 0.14563107 0.66487258
v 0.46956679 0.29126213 0.66487258
v 0.51587006 0.29126213 0.66487258
v 0.51587006 0.14563107 0.66487258
v 0.51587006 0.14563107 0.66487258
v 0.51587006 0.29126213 0.66487258
v 0.55596989 0.29126213 0.68802421
v 0.55596989 0.14563107 0.68802421
v 0.55596989 0.14563107 0.68802421
v 0.55596989 0.29126213 0.68802421
v 0.57912152 0.29126213 0.72812404
v 0.57912152 0.14563107 0.72812404
v 0.57912152 0.14563107 0.72812404
v 0.57912152 0.29126213 0.72812404
v 0.57912152 0.29126213 0.77442731
v 0.57912152 0.14563107 0.77442731
v 0.57912152 0.14563107 0.77442731
v 0.57912152 0.29126213 0.77442731
v 0.55596989 0.29126213 0.81452714
v 0.55596989 0.14563107 0.81452714
v 0.51587006 0.29126213 0.83767877
v 0.55596989 0.29126213 0.81452714
v 0.54602310 0.29126213 0.80458035
v 0.51222928 0.29126213 0.82409121
v 0.55596989 0.14563107 0.81452714
v 0.51587006 0.14563107 0.83767877
v 0.51222928 0.14563107 0.82409121
v 0.54602310 0.14563107 0.80458035
v 0.42946696 0.29126213 0.81452714
v 0.46956679 0.29126213 0.83767877
v 0.47320757 0.29126213 0.82409121
v 0.43941375 0.29126213 0.80458035
v 0.46956679 0.14563107 0.83767877
v 0.42946696 0.14563107 0.81452714
v 0.43941375 0.14563107 0.80458035
v 0.47320757 0.14563107 0.82409121
v 0.40631533 0.29126213 0.77442731
v 0.41990289 0.29126213 0.77078653
v 0.40631533 0.14563107 0.77442731
v 0.40631533 0.29126213 0.72812404
v 0.41990289 0.29126213 0.73176482
v 0.40631533 0.14563107 0.72812404
v 0.42946696 0.29126213 0.68802421
v 0.43941375 0.29126213 0.69797100
v 0.42946696 0.14563107 0.68802421
v 0.46956679 0.29126213 0.66487258
v 0.47320757 0.29126213 0.67846014
v 0.46956679 0.14563107 0.66487258
v 0.57912152 0.29126213 0.72812404
v 0.55596989 0.29126213 0.68802421
v 0.54602310 0.29126213 0.69797100
v 0.56553396 0.29126213 0.73176482
v 0.55596989 0.14563107 0.68802421
v 0.57912152 0.14563107 0.72812404
v 0.57912152 0.29126213 0.77442731
v 0.56553396 0.29126213 0.77078653
v 0.57912152 0.14563107 0.77442731
v 0.51587006 0.29126213 0.66487258
v 0.51222928 0.29126213 0.67846014
v 0.51587006 0.14563107 0.66487258
v 0.51222928 1.31067959 0.82409121
v 0.51222928 1.21359221 0.82409121
v 0.54602310 1.21359221 0.80458035
v 0.54602310 1.31067959 0.80458035
v 0.51222928 1.10818307 0.82409121
v 0.54602310 1.10818307 0.80458035
v 0.51222928 0.99148006 0.82409121
v 0.54602310 0.99148006 0.80458035
v 0.51222928 0.85810524 0.82409121
v 0.54602310 0.85810524 0.80458035
v 0.54602310 1.31067959 0.80458035
v 0.54602310 1.21359221 0.80458035
v 0.56553396 1.21359221 0.77078653
v 0.56553396 1.31067959 0.77078653
v 0.54602310 1.10818307 0.80458035
v 0.56553396 1.10818307 0.77078653
v 0.54602310 0.99148006 0.80458035
v 0.56553396 0.99148006 0.77078653
v 0.54602310 0.85810524 0.80458035
v 0.56553396 0.85810524 0.77078653
v 0.56553396 1.31067959 0.77078653
v 0.56553396 1.21359221 0.77078653
v 0.56553396 1.21359221 0.73176482
v 0.56553396 1.31067959 0.73176482
v 0.56553396 1.10818307 0.77078653
v 0.56553396 1.10818307 0.73176482
v 0.56553396 0.99148006 0.77078653
v 0.56553396 0.99148006 0.73176482
v 0.56553396 0.85810524 0.77078653
v 0.56553396 0.85810524 0.73176482
v 0.56553396 1.31067959 0.73176482
v 0.56553396 1.21359221 0.73176482
v 0.54602310 1.21359221 0.69797100
v 0.54602310 1.31067959 0.69797100
v 0.56553396 1.10818307 0.73176482
v 0.54602310 1.10818307 0.69797100
v 0.56553396 0.99148006 0.73176482
v 0.54602310 0.99148006 0.69797100
v 0.56553396 0.85810524 0.73176482
v 0.54602310 0.85810524 0.69797100
v 0.54602310 1.31067959 0.69797100
v 0.54602310 1.21359221 0.69797100
v 0.51222928 1.21359221 0.67846014
v 0.51222928 1.31067959 0.67846014
v 0.54602310 1.10818307 0.69797100
v 0.51222928 1.10818307 0.67846014
v 0.54602310 0.99148006 0.69797100
v 0.51222928 0.99148006 0.67846014
v 0.54602310 0.85810524 0.69797100
v 0.51222928 0.85810524 0.67846014
v 0.51222928 1.31067959 0.67846014
v 0.51222928 1.21359221 0.67846014
v 0.47320757 1.21359221 0.67846014
v 0.47320757 1.31067959 0.67846014
v 0.51222928 1.10818307 0.67846014
v 0.47320757 1.10818307 0.67846014
v 0.51222928 0.99148006 0.67846014
v 0.47320757 0.99148006 0.67846014
v 0.51222928 0.85810524 0.67846014
v 0.47320757 0.85810524 0.67846014
v 0.47320757 1.31067959 0.67846014
v 0.47320757 1.21359221 0.67846014
v 0.43941375 1.21359221 0.69797100
v 0.43941375 1.31067959 0.69797100
v 0.47320757 1.10818307 0.67846014
v 0.43941375 1.10818307 0.69797100
v 0.47320757 0.99148006 0.67846014
v 0.43941375 0.99148006 0.69797100
v 0.47320757 0.85810524 0.67846014
v 0.43941375 0.85810524 0.69797100
v 0.43941375 1.31067959 0.69797100
v 0.43941375 1.21359221 0.69797100
v 0.41990289 1.21359221 0.73176482
v 0.41990289 1.31067959 0.73176482
v 0.43941375 1.10818307 0.69797100
v 0.41990289 1.10818307 0.73176482
v 0.43941375 0.99148006 0.69797100
v 0.41990289 0.99148006 0.73176482
v 0.43941375 0.85810524 0.69797100
v 0.41990289 0.85810524 0.73176482
v 0.41990289 1.31067959 0.73176482
v 0.41990289 1.21359221 0.73176482
v 0.41990289 1.21359221 0.77078653
v 0.41990289 1.31067959 0.77078653
v 0.41990289 1.10818307 0.73176482
v 0.41990289 1.10818307 0.77078653
v 0.41990289 0.99148006 0.73176482
v 0.41990289 0.99148006 0.77078653
v 0.41990289 0.85810524 0.73176482
v 0.41990289 0.85810524 0.77078653
v 0.41990289 1.31067959 0.77078653
v 0.41990289 1.21359221 0.77078653
v 0.43941375 1.21359221 0.80458035
v 0.43941375 1.31067959 0.80458035
v 0.41990289 1.10818307 0.77078653
v 0.43941375 1.10818307 0.80458035
v 0.41990289 0.99148006 0.77078653
v 0.43941375 0.99148006 0.80458035
v 0.41990289 0.85810524 0.77078653
v 0.43941375 0.85810524 0.80458035
v 0.43941375 1.31067959 0.80458035
v 0.43941375 1.21359221 0.80458035
v 0.47320757 1.21359221 0.82409121
v 0.47320757 1.31067959 0.82409121
v 0.43941375 1.10818307 0.80458035
v 0.47320757 1.10818307 0.82409121
v 0.43941375 0.99148006 0.80458035
v 0.47320757 0.99148006 0.82409121
v 0.43941375 0.85810524 0.80458035
v 0.47320757 0.85810524 0.82409121
v 0.47320757 1.31067959 0.82409121
v 0.47320757 1.21359221 0.82409121
v 0.51222928 1.21359221 0.82409121
v 0.51222928 1.31067959 0.82409121
v 0.47320757 1.10818307 0.82409121
v 0.51222928 1.10818307 0.82409121
v 0.47320757 0.99148006 0.82409121
v 0.51222928 0.99148006 0.82409121
v 0.47320757 0.85810524 0.82409121
v 0.51222928 0.85810524 0.82409121
v 0.55596989 1.45631066 0.81452714
v 0.51587006 1.45631066 0.83767877
v 0.51587006 1.31067959 0.83767877
v 0.55596989 1.31067959 0.81452714
v 0.57912152 1.45631066 0.77442731
v 0.55596989 1.45631066 0.81452714
v 0.55596989 1.31067959 0.81452714
v 0.57912152 1.31067959 0.77442731
v 0.57912152 1.45631066 0.72812404
v 0.57912152 1.45631066 0.77442731
v 0.57912152 1.31067959 0.77442731
v 0.57912152 1.31067959 0.72812404
v 0.55596989 1.45631066 0.68802421
v 0.57912152 1.45631066 0.72812404
v 0.57912152 1.31067959 0.72812404
v 0.55596989 1.31067959 0.68802421
v 0.51587006 1.45631066 0.66487258
v 0.55596989 1.45631066 0.68802421
v 0.55596989 1.31067959 0.68802421
v 0.51587006 1.31067959 0.66487258
v 0.46956679 1.45631066 0.66487258
v 0.51587006 1.45631066 0.66487258
v 0.51587006 1.31067959 0.66487258
v 0.46956679 1.31067959 0.66487258
v 0.42946696 1.45631066 0.68802421
v 0.46956679 1.45631066 0.66487258
v 0.46956679 1.31067959 0.66487258
v 0.42946696 1.31067959 0.68802421
v 0.40631533 1.45631066 0.72812404
v 0.42946696 1.45631066 0.68802421
v 0.42946696 1.31067959 0.68802421
v 0.40631533 1.31067959 0.72812404
v 0.40631533 1.45631066 0.77442731
v 0.40631533 1.45631066 0.72812404
v 0.40631533 1.31067959 0.72812404
v 0.40631533 1.31067959 0.77442731
v 0.42946696 1.45631066 0.81452714
v 0.40631533 1.45631066 0.77442731
v 0.40631533 1.31067959 0.77442731
v 0.42946696 1.31067959 0.81452714
v 0.46956679 1.45631066 0.83767877
v 0.42946696 1.45631066 0.81452714
v 0.42946696 1.31067959 0.81452714
v 0.46956679 1.31067959 0.83767877
v 0.51587006 1.45631066 0.83767877
v 0.46956679 1.45631066 0.83767877
v 0.46956679 1.31067959 0.83767877
v 0.51587006 1.31067959 0.83767877
v 0.40631533 1.45631066 0.77442731
v 0.42946696 1.45631066 0.81452714
v 0.43941375 1.45631066 0.80458035
v 0.41990289 1.45631066 0.77078653
v 0.42946696 1.31067959 0.81452714
v 0.40631533 1.31067959 0.77442731
v 0.41990289 1.31067959 0.77078653
v 0.43941375 1.31067959 0.80458035
v 0.46956679 1.45631066 0.83767877
v 0.47320757 1.45631066 0.82409121
v 0.46956679 1.31067959 0.83767877
v 0.47320757 1.31067959 0.82409121
v 0.51587006 1.45631066 0.83767877
v 0.51587006 1.31067959 0.83767877
v 0.51222928 1.31067959 0.82409121
v 0.55596989 1.45631066 0.81452714
v 0.55596989 1.31067959 0.81452714
v 0.54602310 1.31067959 0.80458035
v 0.57912152 1.45631066 0.77442731
v 0.57912152 1.31067959 0.77442731
v 0.56553396 1.31067959 0.77078653
v 0.57912152 1.45631066 0.72812404
v 0.57912152 1.31067959 0.72812404
v 0.56553396 1.31067959 0.73176482
v 0.55596989 1.45631066 0.68802421
v 0.55596989 1.31067959 0.68802421
v 0.54602310 1.31067959 0.69797100
v 0.51587006 1.45631066 0.66487258
v 0.51587006 1.31067959 0.66487258
v 0.51222928 1.31067959 0.67846014
v 0.46956679 1.45631066 0.66487258
v 0.46956679 1.31067959 0.66487258
v 0.47320757 1.31067959 0.67846014
v 0.42946696 1.45631066 0.68802421
v 0.43941375 1.45631066 0.69797100
v 0.42946696 1.31067959 0.68802421
v 0.43941375 1.31067959 0.69797100
v 0.40631533 1.45631066 0.72812404
v 0.41990289 1.45631066 0.73176482
v 0.40631533 1.31067959 0.72812404
v 0.41990289 1.31067959 0.73176482
vt 0.50871873 0.83171326
vt 0.50690627 0.83276016
vt 0.50585938 0.82885391
vt 0.37423438 0.8828125
vt 0.37423438 0.90453279
vt 0.37214062 0.90453279
vt 0.37423438 0.8828125
vt 0.37214062 0.90453279
vt 0.37214062 0.8828125
vt 0.50690627 0.97583359
vt 0.50871873 0.97688049
vt 0.50585938 0.97973984
vt 0.50976562 0.8299008
vt 0.50871873 0.83171326
vt 0.50585938 0.82885391
vt 0.21379687 0.8671875
vt 0.21379687 0.88890779
vt 0.21170312 0.88890779
vt 0.21379687 0.8671875
vt 0.21170312 0.88890779
vt 0.21170312 0.8671875
vt 0.50871873 0.97688049
vt 0.50976562 0.97869295
vt 0.50585938 0.97973984
vt 0.50976562 0.82780701
vt 0.50976562 0.8299008
vt 0.50585938 0.82885391
vt 0.21589063 0.8671875
vt 0.21589063 0.88890779
vt 0.21379687 0.88890779
vt 0.21589063 0.8671875
vt 0.21379687 0.88890779
vt 0.21379687 0.8671875
vt 0.50976562 0.97869295
vt 0.50976562 0.98078674
vt 0.50585938 0.97973984
vt 0.50871873 0.82599455
vt 0.50976562 0.82780701
vt 0.50585938 0.82885391
vt 0.21798438 0.8671875
vt 0.21798438 0.88890779
vt 0.21589063 0.88890779
vt 0.21798438 0.8671875
vt 0.21589063 0.88890779
vt 0.21589063 0.8671875
vt 0.50976562 0.98078674
vt 0.50871873 0.9825992
vt 0.50585938 0.97973984
vt 0.50690627 0.82494766
vt 0.50871873 0.82599455
vt 0.50585938 0.82885391
vt 0.33879688 0.578125
vt 0.33879688 0.59984529
vt 0.33670312 0.59984529
vt 0.33879688 0.578125
vt 0.33670312 0.59984529
vt 0.33670312 0.578125
vt 0.50871873 0.9825992
vt 0.50690627 0.98364609
vt 0.50585938 0.97973984
vt 0.50481248 0.82494766
vt 0.50690627 0.82494766
vt 0.50585938 0.82885391
vt 0.34089062 0.578125
vt 0.34089062 0.59984529
vt 0.33879688 0.59984529
vt 0.34089062 0.578125
vt 0.33879688 0.59984529
vt 0.33879688 0.578125
vt 0.50690627 0.98364609
vt 0.50481248 0.98364609
vt 0.50585938 0.97973984
vt 0.50300002 0.82599455
vt 0.50481248 0.82494766
vt 0.50585938 0.82885391
vt 0.34298438 0.578125
vt 0.34298438 0.59984529
vt 0.34089062 0.59984529
vt 0.34298438 0.578125
vt 0.34089062 0.59984529
vt 0.34089062 0.578125
vt 0.50481248 0.98364609
vt 0.50300002 0.9825992
vt 0.50585938 0.97973984
vt 0.50195312 0.82780701
vt 0.50300002 0.82599455
vt 0.50585938 0.82885391
vt 0.32317188 0.578125
vt 0.32317188 0.59984529
vt 0.32107812 0.59984529
vt 0.32317188 0.578125
vt 0.32107812 0.59984529
vt 0.32107812 0.578125
vt 0.50300002 0.9825992
vt 0.50195312 0.98078674
vt 0.50585938 0.97973984
vt 0.50195312 0.8299008
vt 0.50195312 0.82780701
vt 0.50585938 0.82885391
vt 0.32526562 0.578125
vt 0.32526562 0.59984529
vt 0.32317188 0.59984529
vt 0.32526562 0.578125
vt 0.32317188 0.59984529
vt 0.32317188 0.578125
vt 0.50195312 0.98078674
vt 0.50195312 0.97869295
vt 0.50585938 0.97973984
vt 0.50300002 0.83171326
vt 0.50195312 0.8299008
vt 0.50585938 0.82885391
vt 0.32735938 0.578125
vt 0.32735938 0.59984529
vt 0.32526562 0.59984529
vt 0.32735938 0.578125
vt 0.32526562 0.59984529
vt 0.32526562 0.578125
vt 0.50195312 0.97869295
vt 0.50300002 0.97688049
vt 0.50585938 0.97973984
vt 0.50481248 0.83276016
vt 0.50300002 0.83171326
vt 0.50585938 0.82885391
vt 0.37004688 0.8828125
vt 0.37004688 0.90453279
vt 0.36795312 0.90453279
vt 0.37004688 0.8828125
vt 0.36795312 0.90453279
vt 0.36795312 0.8828125
vt 0.50300002 0.97688049
vt 0.50481248 0.97583359
vt 0.50585938 0.97973984
vt 0.50690627 0.83276016
vt 0.50481248 0.83276016
vt 0.50585938 0.82885391
vt 0.37214062 0.8828125
vt 0.37214062 0.90453279
vt 0.37004688 0.90453279
vt 0.37214062 0.8828125
vt 0.37004688 0.90453279
vt 0.37004688 0.8828125
vt 0.50481248 0.97583359
vt 0.50690627 0.97583359
vt 0.50585938 0.97973984
vt 0.21075781 0.4453125
vt 0.21075781 0.453125
vt 0.20827344 0.453125
vt 0.21075781 0.4453125
vt 0.20827344 0.453125
vt 0.20827344 0.4453125
vt 0.20827344 0.4453125
vt 0.20827344 0.453125
vt 0.20578906 0.453125
vt 0.20827344 0.4453125
vt 0.20578906 0.453125
vt 0.20578906 0.4453125
vt 0.20578906 0.4453125
vt 0.20578906 0.453125
vt 0.20330469 0.453125
vt 0.20578906 0.4453125
vt 0.20330469 0.453125
vt 0.20330469 0.4453125
vt 0.55450779 0.7421875
vt 0.55450779 0.75
vt 0.55202341 0.75
vt 0.55450779 0.7421875
vt 0.55202341 0.75
vt 0.55202341 0.7421875
vt 0.55202341 0.7421875
vt 0.55202341 0.75
vt 0.54953909 0.75
vt 0.55202341 0.7421875
vt 0.54953909 0.75
vt 0.54953909 0.7421875
vt 0.54953909 0.7421875
vt 0.54953909 0.75
vt 0.54705471 0.75
vt 0.54953909 0.7421875
vt 0.54705471 0.75
vt 0.54705471 0.7421875
vt 0.55450779 0.7109375
vt 0.55450779 0.71875
vt 0.55202341 0.71875
vt 0.55450779 0.7109375
vt 0.55202341 0.71875
vt 0.55202341 0.7109375
vt 0.55202341 0.7109375
vt 0.55202341 0.71875
vt 0.54953909 0.71875
vt 0.55202341 0.7109375
vt 0.54953909 0.71875
vt 0.54953909 0.7109375
vt 0.54953909 0.7109375
vt 0.54953909 0.71875
vt 0.54705471 0.71875
vt 0.54953909 0.7109375
vt 0.54705471 0.71875
vt 0.54705471 0.7109375
vt 0.55450779 0.7890625
vt 0.55450779 0.796875
vt 0.55202341 0.796875
vt 0.55450779 0.7890625
vt 0.55202341 0.796875
vt 0.55202341 0.7890625
vt 0.55202341 0.7890625
vt 0.55202341 0.796875
vt 0.54953909 0.796875
vt 0.55202341 0.7890625
vt 0.54953909 0.796875
vt 0.54953909 0.7890625
vt 0.54953909 0.7890625
vt 0.54953909 0.796875
vt 0.54705471 0.796875
vt 0.54953909 0.7890625
vt 0.54705471 0.796875
vt 0.54705471 0.7890625
vt 0.49928907 0.70166719
vt 0.50143987 0.70290935
vt 0.50090623 0.70344299
vt 0.49928907 0.70166719
vt 0.50090623 0.70344299
vt 0.49909374 0.70239609
vt 0.50925237 0.8322469
vt 0.50710154 0.83348906
vt 0.50690627 0.83276016
vt 0.50925237 0.8322469
vt 0.50690627 0.83276016
vt 0.50871873 0.83171326
vt 0.49465391 0.70290935
vt 0.49680468 0.70166719
vt 0.49700001 0.70239609
vt 0.49465391 0.70290935
vt 0.49700001 0.70239609
vt 0.49518749 0.70344299
vt 0.50461721 0.83348906
vt 0.50246638 0.8322469
vt 0.50300002 0.83171326
vt 0.50461721 0.83348906
vt 0.50300002 0.83171326
vt 0.50481248 0.83276016
vt 0.49341172 0.70506018
vt 0.49465391 0.70290935
vt 0.49518749 0.70344299
vt 0.49341172 0.70506018
vt 0.49518749 0.70344299
vt 0.49414062 0.70525545
vt 0.50246638 0.8322469
vt 0.50122422 0.83009607
vt 0.50195312 0.8299008
vt 0.50246638 0.8322469
vt 0.50195312 0.8299008
vt 0.50300002 0.83171326
vt 0.49341172 0.70754451
vt 0.49341172 0.70506018
vt 0.49414062 0.70525545
vt 0.49341172 0.70754451
vt 0.49414062 0.70525545
vt 0.49414062 0.70734924
vt 0.50122422 0.83009607
vt 0.50122422 0.82761174
vt 0.50195312 0.82780701
vt 0.50122422 0.83009607
vt 0.50195312 0.82780701
vt 0.50195312 0.8299008
vt 0.49465391 0.70969534
vt 0.49341172 0.70754451
vt 0.49414062 0.70734924
vt 0.49465391 0.70969534
vt 0.49414062 0.70734924
vt 0.49518749 0.7091617
vt 0.50122422 0.82761174
vt 0.50246638 0.82546091
vt 0.50300002 0.82599455
vt 0.50122422 0.82761174
vt 0.50300002 0.82599455
vt 0.50195312 0.82780701
vt 0.49680468 0.7109375
vt 0.49465391 0.70969534
vt 0.49518749 0.7091617
vt 0.49680468 0.7109375
vt 0.49518749 0.7091617
vt 0.49700001 0.71020859
vt 0.50246638 0.82546091
vt 0.50461721 0.82421875
vt 0.50481248 0.82494766
vt 0.50246638 0.82546091
vt 0.50481248 0.82494766
vt 0.50300002 0.82599455
vt 0.50268203 0.70754451
vt 0.50143987 0.70969534
vt 0.50090623 0.7091617
vt 0.50268203 0.70754451
vt 0.50090623 0.7091617
vt 0.50195312 0.70734924
vt 0.50925237 0.82546091
vt 0.51049453 0.82761174
vt 0.50976562 0.82780701
vt 0.50925237 0.82546091
vt 0.50976562 0.82780701
vt 0.50871873 0.82599455
vt 0.50268203 0.70506018
vt 0.50268203 0.70754451
vt 0.50195312 0.70734924
vt 0.50268203 0.70506018
vt 0.50195312 0.70734924
vt 0.50195312 0.70525545
vt 0.51049453 0.82761174
vt 0.51049453 0.83009607
vt 0.50976562 0.8299008
vt 0.51049453 0.82761174
vt 0.50976562 0.8299008
vt 0.50976562 0.82780701
vt 0.50143987 0.70290935
vt 0.50268203 0.70506018
vt 0.50195312 0.70525545
vt 0.50143987 0.70290935
vt 0.50195312 0.70525545
vt 0.50090623 0.70344299
vt 0.51049453 0.83009607
vt 0.50925237 0.8322469
vt 0.50871873 0.83171326
vt 0.51049453 0.83009607
vt 0.50871873 0.83171326
vt 0.50976562 0.8299008
vt 0.49928907 0.7109375
vt 0.49680468 0.7109375
vt 0.49700001 0.71020859
vt 0.49928907 0.7109375
vt 0.49700001 0.71020859
vt 0.49909374 0.71020859
vt 0.50461721 0.82421875
vt 0.50710154 0.82421875
vt 0.50690627 0.82494766
vt 0.50461721 0.82421875
vt 0.50690627 0.82494766
vt 0.50481248 0.82494766
vt 0.50143987 0.70969534
vt 0.49928907 0.7109375
vt 0.49909374 0.71020859
vt 0.50143987 0.70969534
vt 0.49909374 0.71020859
vt 0.50090623 0.7091617
vt 0.50710154 0.82421875
vt 0.50925237 0.82546091
vt 0.50871873 0.82599455
vt 0.50710154 0.82421875
vt 0.50871873 0.82599455
vt 0.50690627 0.82494766
vt 0.49680468 0.70166719
vt 0.49928907 0.70166719
vt 0.49909374 0.70239609
vt 0.49680468 0.70166719
vt 0.49909374 0.70239609
vt 0.49700001 0.70239609
vt 0.50710154 0.83348906
vt 0.50461721 0.83348906
vt 0.50481248 0.83276016
vt 0.50710154 0.83348906
vt 0.50481248 0.83276016
vt 0.50690627 0.83276016
vt 0.37214062 0.9375
vt 0.37214062 0.93229139
vt 0.37423438 0.93229139
vt 0.37214062 0.9375
vt 0.37423438 0.93229139
vt 0.37423438 0.9375
vt 0.37214062 0.93229139
vt 0.37214062 0.9266367
vt 0.37423438 0.9266367
vt 0.37214062 0.93229139
vt 0.37423438 0.9266367
vt 0.37423438 0.93229139
vt 0.37214062 0.9266367
vt 0.37214062 0.92037576
vt 0.37423438 0.92037576
vt 0.37214062 0.9266367
vt 0.37423438 0.92037576
vt 0.37423438 0.9266367
vt 0.37214062 0.92037576
vt 0.37214062 0.91322112
vt 0.37423438 0.91322112
vt 0.37214062 0.92037576
vt 0.37423438 0.91322112
vt 0.37423438 0.92037576
vt 0.37214062 0.91322112
vt 0.37214062 0.90453279
vt 0.37423438 0.90453279
vt 0.37214062 0.91322112
vt 0.37423438 0.90453279
vt 0.37423438 0.91322112
vt 0.21170312 0.921875
vt 0.21170312 0.91666639
vt 0.21379687 0.91666639
vt 0.21170312 0.921875
vt 0.21379687 0.91666639
vt 0.21379687 0.921875
vt 0.21170312 0.91666639
vt 0.21170312 0.9110117
vt 0.21379687 0.9110117
vt 0.21170312 0.91666639
vt 0.21379687 0.9110117
vt 0.21379687 0.91666639
vt 0.21170312 0.9110117
vt 0.21170312 0.90475076
vt 0.21379687 0.90475076
vt 0.21170312 0.9110117
vt 0.21379687 0.90475076
vt 0.21379687 0.9110117
vt 0.21170312 0.90475076
vt 0.21170312 0.89759612
vt 0.21379687 0.89759612
vt 0.21170312 0.90475076
vt 0.21379687 0.89759612
vt 0.21379687 0.90475076
vt 0.21170312 0.89759612
vt 0.21170312 0.88890779
vt 0.21379687 0.88890779
vt 0.21170312 0.89759612
vt 0.21379687 0.88890779
vt 0.21379687 0.89759612
vt 0.21379687 0.921875
vt 0.21379687 0.91666639
vt 0.21589063 0.91666639
vt 0.21379687 0.921875
vt 0.21589063 0.91666639
vt 0.21589063 0.921875
vt 0.21379687 0.91666639
vt 0.21379687 0.9110117
vt 0.21589063 0.9110117
vt 0.21379687 0.91666639
vt 0.21589063 0.9110117
vt 0.21589063 0.91666639
vt 0.21379687 0.9110117
vt 0.21379687 0.90475076
vt 0.21589063 0.90475076
vt 0.21379687 0.9110117
vt 0.21589063 0.90475076
vt 0.21589063 0.9110117
vt 0.21379687 0.90475076
vt 0.21379687 0.89759612
vt 0.21589063 0.89759612
vt 0.21379687 0.90475076
vt 0.21589063 0.89759612
vt 0.21589063 0.90475076
vt 0.21379687 0.89759612
vt 0.21379687 0.88890779
vt 0.21589063 0.88890779
vt 0.21379687 0.89759612
vt 0.21589063 0.88890779
vt 0.21589063 0.89759612
vt 0.21589063 0.921875
vt 0.21589063 0.91666639
vt 0.21798438 0.91666639
vt 0.21589063 0.921875
vt 0.21798438 0.91666639
vt 0.21798438 0.921875
vt 0.21589063 0.91666639
vt 0.21589063 0.9110117
vt 0.21798438 0.9110117
vt 0.21589063 0.91666639
vt 0.21798438 0.9110117
vt 0.21798438 0.91666639
vt 0.21589063 0.9110117
vt 0.21589063 0.90475076
vt 0.21798438 0.90475076
vt 0.21589063 0.9110117
vt 0.21798438 0.90475076
vt 0.21798438 0.9110117
vt 0.21589063 0.90475076
vt 0.21589063 0.89759612
vt 0.21798438 0.89759612
vt 0.21589063 0.90475076
vt 0.21798438 0.89759612
vt 0.21798438 0.90475076
vt 0.21589063 0.89759612
vt 0.21589063 0.88890779
vt 0.21798438 0.88890779
vt 0.21589063 0.89759612
vt 0.21798438 0.88890779
vt 0.21798438 0.89759612
vt 0.33670312 0.6328125
vt 0.33670312 0.62760389
vt 0.33879688 0.62760389
vt 0.33670312 0.6328125
vt 0.33879688 0.62760389
vt 0.33879688 0.6328125
vt 0.33670312 0.62760389
vt 0.33670312 0.6219492
vt 0.33879688 0.6219492
vt 0.33670312 0.62760389
vt 0.33879688 0.6219492
vt 0.33879688 0.62760389
vt 0.33670312 0.6219492
vt 0.33670312 0.61568826
vt 0.33879688 0.61568826
vt 0.33670312 0.6219492
vt 0.33879688 0.61568826
vt 0.33879688 0.6219492
vt 0.33670312 0.61568826
vt 0.33670312 0.60853362
vt 0.33879688 0.60853362
vt 0.33670312 0.61568826
vt 0.33879688 0.60853362
vt 0.33879688 0.61568826
vt 0.33670312 0.60853362
vt 0.33670312 0.59984529
vt 0.33879688 0.59984529
vt 0.33670312 0.60853362
vt 0.33879688 0.59984529
vt 0.33879688 0.60853362
vt 0.33879688 0.6328125
vt 0.33879688 0.62760389
vt 0.34089062 0.62760389
vt 0.33879688 0.6328125
vt 0.34089062 0.62760389
vt 0.34089062 0.6328125
vt 0.33879688 0.62760389
vt 0.33879688 0.6219492
vt 0.34089062 0.6219492
vt 0.33879688 0.62760389
vt 0.34089062 0.6219492
vt 0.34089062 0.62760389
vt 0.33879688 0.6219492
vt 0.33879688 0.61568826
vt 0.34089062 0.61568826
vt 0.33879688 0.6219492
vt 0.34089062 0.61568826
vt 0.34089062 0.6219492
vt 0.33879688 0.61568826
vt 0.33879688 0.60853362
vt 0.34089062 0.60853362
vt 0.33879688 0.61568826
vt 0.34089062 0.60853362
vt 0.34089062 0.61568826
vt 0.33879688 0.60853362
vt 0.33879688 0.59984529
vt 0.34089062 0.59984529
vt 0.33879688 0.60853362
vt 0.34089062 0.59984529
vt 0.34089062 0.60853362
vt 0.34089062 0.6328125
vt 0.34089062 0.62760389
vt 0.34298438 0.62760389
vt 0.34089062 0.6328125
vt 0.34298438 0.62760389
vt 0.34298438 0.6328125
vt 0.34089062 0.62760389
vt 0.34089062 0.6219492
vt 0.34298438 0.6219492
vt 0.34089062 0.62760389
vt 0.34298438 0.6219492
vt 0.34298438 0.62760389
vt 0.34089062 0.6219492
vt 0.34089062 0.61568826
vt 0.34298438 0.61568826
vt 0.34089062 0.6219492
vt 0.34298438 0.61568826
vt 0.34298438 0.6219492
vt 0.34089062 0.61568826
vt 0.34089062 0.60853362
vt 0.34298438 0.60853362
vt 0.34089062 0.61568826
vt 0.34298438 0.60853362
vt 0.34298438 0.61568826
vt 0.34089062 0.60853362
vt 0.34089062 0.59984529
vt 0.34298438 0.59984529
vt 0.34089062 0.60853362
vt 0.34298438 0.59984529
vt 0.34298438 0.60853362
vt 0.32107812 0.6328125
vt 0.32107812 0.62760389
vt 0.32317188 0.62760389
vt 0.32107812 0.6328125
vt 0.32317188 0.62760389
vt 0.32317188 0.6328125
vt 0.32107812 0.62760389
vt 0.32107812 0.6219492
vt 0.32317188 0.6219492
vt 0.32107812 0.62760389
vt 0.32317188 0.6219492
vt 0.32317188 0.62760389
vt 0.32107812 0.6219492
vt 0.32107812 0.61568826
vt 0.32317188 0.61568826
vt 0.32107812 0.6219492
vt 0.32317188 0.61568826
vt 0.32317188 0.6219492
vt 0.32107812 0.61568826
vt 0.32107812 0.60853362
vt 0.32317188 0.60853362
vt 0.32107812 0.61568826
vt 0.32317188 0.60853362
vt 0.32317188 0.61568826
vt 0.32107812 0.60853362
vt 0.32107812 0.59984529
vt 0.32317188 0.59984529
vt 0.32107812 0.60853362
vt 0.32317188 0.59984529
vt 0.32317188 0.60853362
vt 0.32317188 0.6328125
vt 0.32317188 0.62760389
vt 0.32526562 0.62760389
vt 0.32317188 0.6328125
vt 0.32526562 0.62760389
vt 0.32526562 0.6328125
vt 0.32317188 0.62760389
vt 0.32317188 0.6219492
vt 0.32526562 0.6219492
vt 0.32317188 0.62760389
vt 0.32526562 0.6219492
vt 0.32526562 0.62760389
vt 0.32317188 0.6219492
vt 0.32317188 0.61568826
vt 0.32526562 0.61568826
vt 0.32317188 0.6219492
vt 0.32526562 0.61568826
vt 0.32526562 0.6219492
vt 0.32317188 0.61568826
vt 0.32317188 0.60853362
vt 0.32526562 0.60853362
vt 0.32317188 0.61568826
vt 0.32526562 0.60853362
vt 0.32526562 0.61568826
vt 0.32317188 0.60853362
vt 0.32317188 0.59984529
vt 0.32526562 0.59984529
vt 0.32317188 0.60853362
vt 0.32526562 0.59984529
vt 0.32526562 0.60853362
vt 0.32526562 0.6328125
vt 0.32526562 0.62760389
vt 0.32735938 0.62760389
vt 0.32526562 0.6328125
vt 0.32735938 0.62760389
vt 0.32735938 0.6328125
vt 0.32526562 0.62760389
vt 0.32526562 0.6219492
vt 0.32735938 0.6219492
vt 0.32526562 0.62760389
vt 0.32735938 0.6219492
vt 0.32735938 0.62760389
vt 0.32526562 0.6219492
vt 0.32526562 0.61568826
vt 0.32735938 0.61568826
vt 0.32526562 0.6219492
vt 0.32735938 0.61568826
vt 0.32735938 0.6219492
vt 0.32526562 0.61568826
vt 0.32526562 0.60853362
vt 0.32735938 0.60853362
vt 0.32526562 0.61568826
vt 0.32735938 0.60853362
vt 0.32735938 0.61568826
vt 0.32526562 0.60853362
vt 0.32526562 0.59984529
vt 0.32735938 0.59984529
vt 0.32526562 0.60853362
vt 0.32735938 0.59984529
vt 0.32735938 0.60853362
vt 0.36795312 0.9375
vt 0.36795312 0.93229139
vt 0.37004688 0.93229139
vt 0.36795312 0.9375
vt 0.37004688 0.93229139
vt 0.37004688 0.9375
vt 0.36795312 0.93229139
vt 0.36795312 0.9266367
vt 0.37004688 0.9266367
vt 0.36795312 0.93229139
vt 0.37004688 0.9266367
vt 0.37004688 0.93229139
vt 0.36795312 0.9266367
vt 0.36795312 0.92037576
vt 0.37004688 0.92037576
vt 0.36795312 0.9266367
vt 0.37004688 0.92037576
vt 0.37004688 0.9266367
vt 0.36795312 0.92037576
vt 0.36795312 0.91322112
vt 0.37004688 0.91322112
vt 0.36795312 0.92037576
vt 0.37004688 0.91322112
vt 0.37004688 0.92037576
vt 0.36795312 0.91322112
vt 0.36795312 0.90453279
vt 0.37004688 0.90453279
vt 0.36795312 0.91322112
vt 0.37004688 0.90453279
vt 0.37004688 0.91322112
vt 0.37004688 0.9375
vt 0.37004688 0.93229139
vt 0.37214062 0.93229139
vt 0.37004688 0.9375
vt 0.37214062 0.93229139
vt 0.37214062 0.9375
vt 0.37004688 0.93229139
vt 0.37004688 0.9266367
vt 0.37214062 0.9266367
vt 0.37004688 0.93229139
vt 0.37214062 0.9266367
vt 0.37214062 0.93229139
vt 0.37004688 0.9266367
vt 0.37004688 0.92037576
vt 0.37214062 0.92037576
vt 0.37004688 0.9266367
vt 0.37214062 0.92037576
vt 0.37214062 0.9266367
vt 0.37004688 0.92037576
vt 0.37004688 0.91322112
vt 0.37214062 0.91322112
vt 0.37004688 0.92037576
vt 0.37214062 0.91322112
vt 0.37214062 0.92037576
vt 0.37004688 0.91322112
vt 0.37004688 0.90453279
vt 0.37214062 0.90453279
vt 0.37004688 0.91322112
vt 0.37214062 0.90453279
vt 0.37214062 0.91322112
vt 0.55450779 0.765625
vt 0.55202341 0.765625
vt 0.55202341 0.7578125
vt 0.55450779 0.765625
vt 0.55202341 0.7578125
vt 0.55450779 0.7578125
vt 0.54953909 0.78125
vt 0.54705471 0.78125
vt 0.54705471 0.7734375
vt 0.54953909 0.78125
vt 0.54705471 0.7734375
vt 0.54953909 0.7734375
vt 0.55202341 0.78125
vt 0.54953909 0.78125
vt 0.54953909 0.7734375
vt 0.55202341 0.78125
vt 0.54953909 0.7734375
vt 0.55202341 0.7734375
vt 0.55450779 0.78125
vt 0.55202341 0.78125
vt 0.55202341 0.7734375
vt 0.55450779 0.78125
vt 0.55202341 0.7734375
vt 0.55450779 0.7734375
vt 0.54953909 0.703125
vt 0.54705471 0.703125
vt 0.54705471 0.6953125
vt 0.54953909 0.703125
vt 0.54705471 0.6953125
vt 0.54953909 0.6953125
vt 0.55202341 0.703125
vt 0.54953909 0.703125
vt 0.54953909 0.6953125
vt 0.55202341 0.703125
vt 0.54953909 0.6953125
vt 0.55202341 0.6953125
vt 0.55450779 0.703125
vt 0.55202341 0.703125
vt 0.55202341 0.6953125
vt 0.55450779 0.703125
vt 0.55202341 0.6953125
vt 0.55450779 0.6953125
vt 0.54953909 0.734375
vt 0.54705471 0.734375
vt 0.54705471 0.7265625
vt 0.54953909 0.734375
vt 0.54705471 0.7265625
vt 0.54953909 0.7265625
vt 0.55202341 0.734375
vt 0.54953909 0.734375
vt 0.54953909 0.7265625
vt 0.55202341 0.734375
vt 0.54953909 0.7265625
vt 0.55202341 0.7265625
vt 0.55450779 0.734375
vt 0.55202341 0.734375
vt 0.55202341 0.7265625
vt 0.55450779 0.734375
vt 0.55202341 0.7265625
vt 0.55450779 0.7265625
vt 0.54953909 0.765625
vt 0.54705471 0.765625
vt 0.54705471 0.7578125
vt 0.54953909 0.765625
vt 0.54705471 0.7578125
vt 0.54953909 0.7578125
vt 0.55202341 0.765625
vt 0.54953909 0.765625
vt 0.54953909 0.7578125
vt 0.55202341 0.765625
vt 0.54953909 0.7578125
vt 0.55202341 0.7578125
vt 0.50122422 0.97849768
vt 0.50246638 0.97634685
vt 0.50300002 0.97688049
vt 0.50122422 0.97849768
vt 0.50300002 0.97688049
vt 0.50195312 0.97869295
vt 0.50246638 0.8556844
vt 0.50122422 0.85353357
vt 0.50195312 0.8533383
vt 0.50246638 0.8556844
vt 0.50195312 0.8533383
vt 0.50300002 0.85515076
vt 0.50246638 0.97634685
vt 0.50461721 0.97510469
vt 0.50481248 0.97583359
vt 0.50246638 0.97634685
vt 0.50481248 0.97583359
vt 0.50300002 0.97688049
vt 0.50461721 0.85692656
vt 0.50246638 0.8556844
vt 0.50300002 0.85515076
vt 0.50461721 0.85692656
vt 0.50300002 0.85515076
vt 0.50481248 0.85619766
vt 0.50461721 0.97510469
vt 0.50710154 0.97510469
vt 0.50690627 0.97583359
vt 0.50461721 0.97510469
vt 0.50690627 0.97583359
vt 0.50481248 0.97583359
vt 0.50710154 0.85692656
vt 0.50461721 0.85692656
vt 0.50481248 0.85619766
vt 0.50710154 0.85692656
vt 0.50481248 0.85619766
vt 0.50690627 0.85619766
vt 0.50710154 0.97510469
vt 0.50925237 0.97634685
vt 0.50871873 0.97688049
vt 0.50710154 0.97510469
vt 0.50871873 0.97688049
vt 0.50690627 0.97583359
vt 0.50925237 0.8556844
vt 0.50710154 0.85692656
vt 0.50690627 0.85619766
vt 0.50925237 0.8556844
vt 0.50690627 0.85619766
vt 0.50871873 0.85515076
vt 0.50925237 0.97634685
vt 0.51049453 0.97849768
vt 0.50976562 0.97869295
vt 0.50925237 0.97634685
vt 0.50976562 0.97869295
vt 0.50871873 0.97688049
vt 0.51049453 0.85353357
vt 0.50925237 0.8556844
vt 0.50871873 0.85515076
vt 0.51049453 0.85353357
vt 0.50871873 0.85515076
vt 0.50976562 0.8533383
vt 0.51049453 0.97849768
vt 0.51049453 0.98098201
vt 0.50976562 0.98078674
vt 0.51049453 0.97849768
vt 0.50976562 0.98078674
vt 0.50976562 0.97869295
vt 0.51049453 0.85104924
vt 0.51049453 0.85353357
vt 0.50976562 0.8533383
vt 0.51049453 0.85104924
vt 0.50976562 0.8533383
vt 0.50976562 0.85124451
vt 0.51049453 0.98098201
vt 0.50925237 0.98313284
vt 0.50871873 0.9825992
vt 0.51049453 0.98098201
vt 0.50871873 0.9825992
vt 0.50976562 0.98078674
vt 0.50925237 0.84889841
vt 0.51049453 0.85104924
vt 0.50976562 0.85124451
vt 0.50925237 0.84889841
vt 0.50976562 0.85124451
vt 0.50871873 0.84943205
vt 0.50925237 0.98313284
vt 0.50710154 0.984375
vt 0.50690627 0.98364609
vt 0.50925237 0.98313284
vt 0.50690627 0.98364609
vt 0.50871873 0.9825992
vt 0.50710154 0.84765625
vt 0.50925237 0.84889841
vt 0.50871873 0.84943205
vt 0.50710154 0.84765625
vt 0.50871873 0.84943205
vt 0.50690627 0.84838516
vt 0.50710154 0.984375
vt 0.50461721 0.984375
vt 0.50481248 0.98364609
vt 0.50710154 0.984375
vt 0.50481248 0.98364609
vt 0.50690627 0.98364609
vt 0.50461721 0.84765625
vt 0.50710154 0.84765625
vt 0.50690627 0.84838516
vt 0.50461721 0.84765625
vt 0.50690627 0.84838516
vt 0.50481248 0.84838516
vt 0.50461721 0.984375
vt 0.50246638 0.98313284
vt 0.50300002 0.9825992
vt 0.50461721 0.984375
vt 0.50300002 0.9825992
vt 0.50481248 0.98364609
vt 0.50246638 0.84889841
vt 0.50461721 0.84765625
vt 0.50481248 0.84838516
vt 0.50246638 0.84889841
vt 0.50481248 0.84838516
vt 0.50300002 0.84943205
vt 0.50246638 0.98313284
vt 0.50122422 0.98098201
vt 0.50195312 0.98078674
vt 0.50246638 0.98313284
vt 0.50195312 0.98078674
vt 0.50300002 0.9825992
vt 0.50122422 0.85104924
vt 0.50246638 0.84889841
vt 0.50300002 0.84943205
vt 0.50122422 0.85104924
vt 0.50300002 0.84943205
vt 0.50195312 0.85124451
vt 0.50122422 0.98098201
vt 0.50122422 0.97849768
vt 0.50195312 0.97869295
vt 0.50122422 0.98098201
vt 0.50195312 0.97869295
vt 0.50195312 0.98078674
vt 0.50122422 0.85353357
vt 0.50122422 0.85104924
vt 0.50195312 0.85124451
vt 0.50122422 0.85353357
vt 0.50195312 0.85124451
vt 0.50195312 0.8533383
vn 0 -1 0
vn 0.4999997815807501 0 0.8660255298888149
vn 0.4999997815807501 0 0.8660255298888149
vn 0 1 0
vn 0 -1 0
vn 0.8660255298888149 0 0.4999997815807501
vn 0.8660255298888149 0 0.4999997815807501
vn 0 1 0
vn 0 -1 0
vn 1 0 0
vn 1 0 0
vn 0 1 0
vn 0 -1 0
vn 0.8660255298888149 0 -0.4999997815807501
vn 0.8660255298888149 0 -0.4999997815807501
vn 0 1 0
vn 0 -1 0
vn 0.4999997815807501 0 -0.8660255298888149
vn 0.4999997815807501 0 -0.8660255298888149
vn 0 1 0
vn 0 -1 0
vn 0 0 -1
vn 0 0 -1
vn 0 1 0
vn 0 -1 0
vn -0.4999997815807501 0 -0.8660255298888149
vn -0.4999997815807501 0 -0.8660255298888149
vn 0 1 0
vn 0 -1 0
vn -0.8660255298888149 0 -0.4999997815807501
vn -0.8660255298888149 0 -0.4999997815807501
vn 0 1 0
vn 0 -1 0
vn -1 0 0
vn -1 0 0
vn 0 1 0
vn 0 -1 0
vn -0.8660255298888149 0 0.4999997815807501
vn -0.8660255298888149 0 0.4999997815807501
vn 0 1 0
vn 0 -1 0
vn -0.4999997815807501 0 0.8660255298888149
vn -0.4999997815807501 0 0.8660255298888149
vn 0 1 0
vn 0 -1 0
vn 0 0 1
vn 0 0 1
vn 0 1 0
vn 0.4999998025676625 0 0.8660255177720221
vn 0.4999998025676625 0 0.8660255177720221
vn 0 0 1
vn 0 0 1
vn -0.4999998025676625 0 0.8660255177720221
vn -0.4999998025676625 0 0.8660255177720221
vn -0.8660255177720221 0 0.4999998025676625
vn -0.8660255177720221 0 0.4999998025676625
vn -1 0 0
vn -1 0 0
vn -0.8660255177720221 0 -0.4999998025676625
vn -0.8660255177720221 0 -0.4999998025676625
vn -0.4999998025676625 0 -0.8660255177720221
vn -0.4999998025676625 0 -0.8660255177720221
vn 0 0 -1
vn 0 0 -1
vn 0.4999998025676625 0 -0.8660255177720221
vn 0.4999998025676625 0 -0.8660255177720221
vn 0.8660255177720221 0 -0.4999998025676625
vn 0.8660255177720221 0 -0.4999998025676625
vn 1 0 0
vn 1 0 0
vn 0.8660255177720221 0 0.4999998025676625
vn 0.8660255177720221 0 0.4999998025676625
vn 0 1 0
vn 0 1 0
vn 0 -1 0
vn 0 -1 0
vn 0 1 0
vn 0 1 0
vn 0 -1 0
vn 0 -1 0
vn 0 1 0
vn 0 1 0
vn 0 -1 0
vn 0 -1 0
vn 0 1 0
vn 0 1 0
vn 0 -1 0
vn 0 -1 0
vn 0 1 0
vn 0 1 0
vn 0 -1 0
vn 0 -1 0
vn 0 1 0
vn 0 1 0
vn 0 -1 0
vn 0 -1 0
vn 0 1 0
vn 0 1 0
vn 0 -1 0
vn 0 -1 0
vn 0 1 0
vn 0 1 0
vn 0 -1 0
vn 0 -1 0
vn 0 1 0
vn 0 1 0
vn 0 -1 0
vn 0 -1 0
vn 0 1 0
vn 0 1 0
vn 0 -1 0
vn 0 -1 0
vn 0 1 0
vn 0 1 0
vn 0 -1 0
vn 0 -1 0
vn 0 1 0
vn 0 1 0
vn 0 -1 0
vn 0 -1 0
vn 0.49999978158075 0 0.8660255298888148
vn 0.49999978158075 0 0.8660255298888148
vn 0.49999978158075004 0 0.8660255298888148
vn 0.49999978158075004 0 0.8660255298888148
vn 0.4999997815807501 0 0.8660255298888149
vn 0.4999997815807501 0 0.8660255298888149
vn 0.49999978158075 0 0.8660255298888148
vn 0.49999978158075 0 0.8660255298888148
vn 0.49999978158075 0 0.8660255298888148
vn 0.49999978158075 0 0.8660255298888148
vn 0.8660255298888148 0 0.49999978158075
vn 0.8660255298888148 0 0.49999978158075
vn 0.8660255298888148 0 0.49999978158075004
vn 0.8660255298888148 0 0.49999978158075004
vn 0.8660255298888149 0 0.4999997815807501
vn 0.8660255298888149 0 0.4999997815807501
vn 0.8660255298888148 0 0.49999978158075
vn 0.8660255298888148 0 0.49999978158075
vn 0.8660255298888148 0 0.49999978158075
vn 0.8660255298888148 0 0.49999978158075
vn 1 0 0
vn 1 0 0
vn 1 0 0
vn 1 0 0
vn 1 0 0
vn 1 0 0
vn 1 0 0
vn 1 0 0
vn 1 0 0
vn 1 0 0
vn 0.8660255298888148 0 -0.49999978158075
vn 0.8660255298888148 0 -0.49999978158075
vn 0.8660255298888148 0 -0.49999978158075004
vn 0.8660255298888148 0 -0.49999978158075004
vn 0.8660255298888149 0 -0.4999997815807501
vn 0.8660255298888149 0 -0.4999997815807501
vn 0.8660255298888148 0 -0.49999978158075
vn 0.8660255298888148 0 -0.49999978158075
vn 0.8660255298888148 0 -0.49999978158075
vn 0.8660255298888148 0 -0.49999978158075
vn 0.49999978158075 0 -0.8660255298888148
vn 0.49999978158075 0 -0.8660255298888148
vn 0.49999978158075004 0 -0.8660255298888148
vn 0.49999978158075004 0 -0.8660255298888148
vn 0.4999997815807501 0 -0.8660255298888149
vn 0.4999997815807501 0 -0.8660255298888149
vn 0.49999978158075 0 -0.8660255298888148
vn 0.49999978158075 0 -0.8660255298888148
vn 0.49999978158075 0 -0.8660255298888148
vn 0.49999978158075 0 -0.8660255298888148
vn 0 0 -1
vn 0 0 -1
vn 0 0 -1
vn 0 0 -1
vn 0 0 -1
vn 0 0 -1
vn 0 0 -1
vn 0 0 -1
vn 0 0 -1
vn 0 0 -1
vn -0.49999978158075 0 -0.8660255298888148
vn -0.49999978158075 0 -0.8660255298888148
vn -0.49999978158075004 0 -0.8660255298888148
vn -0.49999978158075004 0 -0.8660255298888148
vn -0.4999997815807501 0 -0.8660255298888149
vn -0.4999997815807501 0 -0.8660255298888149
vn -0.49999978158075 0 -0.8660255298888148
vn -0.49999978158075 0 -0.8660255298888148
vn -0.49999978158075 0 -0.8660255298888148
vn -0.49999978158075 0 -0.8660255298888148
vn -0.8660255298888148 0 -0.49999978158075
vn -0.8660255298888148 0 -0.49999978158075
vn -0.8660255298888148 0 -0.49999978158075004
vn -0.8660255298888148 0 -0.49999978158075004
vn -0.8660255298888149 0 -0.4999997815807501
vn -0.8660255298888149 0 -0.4999997815807501
vn -0.8660255298888148 0 -0.49999978158075
vn -0.8660255298888148 0 -0.49999978158075
vn -0.8660255298888148 0 -0.49999978158075
vn -0.8660255298888148 0 -0.49999978158075
vn -1 0 0
vn -1 0 0
vn -1 0 0
vn -1 0 0
vn -1 0 0
vn -1 0 0
vn -1 0 0
vn -1 0 0
vn -1 0 0
vn -1 0 0
vn -0.8660255298888148 0 0.49999978158075
vn -0.8660255298888148 0 0.49999978158075
vn -0.8660255298888148 0 0.49999978158075004
vn -0.8660255298888148 0 0.49999978158075004
vn -0.8660255298888149 0 0.4999997815807501
vn -0.8660255298888149 0 0.4999997815807501
vn -0.8660255298888148 0 0.49999978158075
vn -0.8660255298888148 0 0.49999978158075
vn -0.8660255298888148 0 0.49999978158075
vn -0.8660255298888148 0 0.49999978158075
vn -0.49999978158075 0 0.8660255298888148
vn -0.49999978158075 0 0.8660255298888148
vn -0.49999978158075004 0 0.8660255298888148
vn -0.49999978158075004 0 0.8660255298888148
vn -0.4999997815807501 0 0.8660255298888149
vn -0.4999997815807501 0 0.8660255298888149
vn -0.49999978158075 0 0.8660255298888148
vn -0.49999978158075 0 0.8660255298888148
vn -0.49999978158075 0 0.8660255298888148
vn -0.49999978158075 0 0.8660255298888148
vn 0 0 1
vn 0 0 1
vn 0 0 1
vn 0 0 1
vn 0 0 1
vn 0 0 1
vn 0 0 1
vn 0 0 1
vn 0 0 1
vn 0 0 1
vn 0.4999998025676625 0 0.8660255177720221
vn 0.4999998025676625 0 0.8660255177720221
vn 0.8660255177720221 0 0.4999998025676625
vn 0.8660255177720221 0 0.4999998025676625
vn 1 0 0
vn 1 0 0
vn 0.8660255177720221 0 -0.4999998025676625
vn 0.8660255177720221 0 -0.4999998025676625
vn 0.4999998025676625 0 -0.8660255177720221
vn 0.4999998025676625 0 -0.8660255177720221
vn 0 0 -1
vn 0 0 -1
vn -0.4999998025676625 0 -0.8660255177720221
vn -0.4999998025676625 0 -0.8660255177720221
vn -0.8660255177720221 0 -0.4999998025676625
vn -0.8660255177720221 0 -0.4999998025676625
vn -1 0 0
vn -1 0 0
vn -0.8660255177720221 0 0.4999998025676625
vn -0.8660255177720221 0 0.4999998025676625
vn -0.4999998025676625 0 0.8660255177720221
vn -0.4999998025676625 0 0.8660255177720221
vn 0 0 1
vn 0 0 1
vn 0 1 0
vn 0 1 0
vn 0 -1 0
vn 0 -1 0
vn 0 1 0
vn 0 1 0
vn 0 -1 0
vn 0 -1 0
vn 0 1 0
vn 0 1 0
vn 0 -1 0
vn 0 -1 0
vn 0 1 0
vn 0 1 0
vn 0 -1 0
vn 0 -1 0
vn 0 1 0
vn 0 1 0
vn 0 -1 0
vn 0 -1 0
vn 0 1 0
vn 0 1 0
vn 0 -1 0
vn 0 -1 0
vn 0 1 0
vn 0 1 0
vn 0 -1 0
vn 0 -1 0
vn 0 1 0
vn 0 1 0
vn 0 -1 0
vn 0 -1 0
vn 0 1 0
vn 0 1 0
vn 0 -1 0
vn 0 -1 0
vn 0 1 0
vn 0 1 0
vn 0 -1 0
vn 0 -1 0
vn 0 1 0
vn 0 1 0
vn 0 -1 0
vn 0 -1 0
vn 0 1 0
vn 0 1 0
vn 0 -1 0
vn 0 -1 0
usemtl m_761276a1-4ce5-12c4-a3ce-5dee591014e7
f 1771/3979/1327 1772/3980/1327 1773/3981/1327
f 1774/3982/1328 1775/3983/1328 1776/3984/1328
f 1774/3985/1329 1776/3986/1329 1777/3987/1329
f 1778/3988/1330 1779/3989/1330 1780/3990/1330
f 1781/3991/1331 1771/3992/1331 1773/3993/1331
f 1782/3994/1332 1783/3995/1332 1784/3996/1332
f 1782/3997/1333 1784/3998/1333 1785/3999/1333
f 1779/4000/1334 1786/4001/1334 1780/4002/1334
f 1787/4003/1335 1788/4004/1335 1789/4005/1335
f 1790/4006/1336 1791/4007/1336 1792/4008/1336
f 1790/4009/1337 1792/4010/1337 1793/4011/1337
f 1786/4012/1338 1794/4013/1338 1780/4014/1338
f 1795/4015/1339 1787/4016/1339 1789/4017/1339
f 1796/4018/1340 1797/4019/1340 1798/4020/1340
f 1796/4021/1341 1798/4022/1341 1799/4023/1341
f 1794/4024/1342 1800/4025/1342 1780/4026/1342
f 1801/4027/1343 1795/4028/1343 1789/4029/1343
f 1802/4030/1344 1803/4031/1344 1804/4032/1344
f 1802/4033/1345 1804/4034/1345 1805/4035/1345
f 1800/4036/1346 1806/4037/1346 1780/4038/1346
f 1807/4039/1347 1801/4040/1347 1789/4041/1347
f 1808/4042/1348 1809/4043/1348 1810/4044/1348
f 1808/4045/1349 1810/4046/1349 1811/4047/1349
f 1806/4048/1350 1812/4049/1350 1780/4050/1350
f 1813/4051/1351 1807/4052/1351 1789/4053/1351
f 1814/4054/1352 1815/4055/1352 1816/4056/1352
f 1814/4057/1353 1816/4058/1353 1817/4059/1353
f 1818/4060/1354 1819/4061/1354 1820/4062/1354
f 1821/4063/1355 1813/4064/1355 1789/4065/1355
f 1822/4066/1356 1823/4067/1356 1824/4068/1356
f 1822/4069/1357 1824/4070/1357 1825/4071/1357
f 1819/4072/1358 1826/4073/1358 1820/4074/1358
f 1827/4075/1359 1821/4076/1359 1789/4077/1359
f 1828/4078/1360 1829/4079/1360 1830/4080/1360
f 1828/4081/1361 1830/4082/1361 1831/4083/1361
f 1826/4084/1362 1832/4085/1362 1820/4086/1362
f 1833/4087/1363 1834/4088/1363 1835/4089/1363
f 1836/4090/1364 1837/4091/1364 1838/4092/1364
f 1836/4093/1365 1838/4094/1365 1839/4095/1365
f 1840/4096/1366 1841/4097/1366 1842/4098/1366
f 1843/4099/1367 1833/4100/1367 1835/4101/1367
f 1844/4102/1368 1845/4103/1368 1846/4104/1368
f 1844/4105/1369 1846/4106/1369 1847/4107/1369
f 1841/4108/1370 1848/4109/1370 1842/4110/1370
f 1772/4111/1371 1849/4112/1371 1773/4113/1371
f 1850/4114/1372 1851/4115/1372 1852/4116/1372
f 1850/4117/1373 1852/4118/1373 1853/4119/1373
f 1848/4120/1374 1854/4121/1374 1842/4122/1374
f 1855/4123/1375 1856/4124/1375 1857/4125/1375
f 1855/4126/1376 1857/4127/1376 1858/4128/1376
f 1859/4129/1377 1860/4130/1377 1861/4131/1377
f 1859/4132/1378 1861/4133/1378 1862/4134/1378
f 1863/4135/1379 1864/4136/1379 1865/4137/1379
f 1863/4138/1380 1865/4139/1380 1866/4140/1380
f 1867/4141/1381 1868/4142/1381 1869/4143/1381
f 1867/4144/1382 1869/4145/1382 1870/4146/1382
f 1871/4147/1383 1872/4148/1383 1873/4149/1383
f 1871/4150/1384 1873/4151/1384 1874/4152/1384
f 1875/4153/1385 1876/4154/1385 1877/4155/1385
f 1875/4156/1386 1877/4157/1386 1878/4158/1386
f 1879/4159/1387 1880/4160/1387 1881/4161/1387
f 1879/4162/1388 1881/4163/1388 1882/4164/1388
f 1883/4165/1389 1884/4166/1389 1885/4167/1389
f 1883/4168/1390 1885/4169/1390 1886/4170/1390
f 1887/4171/1391 1888/4172/1391 1889/4173/1391
f 1887/4174/1392 1889/4175/1392 1890/4176/1392
f 1891/4177/1393 1892/4178/1393 1893/4179/1393
f 1891/4180/1394 1893/4181/1394 1894/4182/1394
f 1895/4183/1395 1896/4184/1395 1897/4185/1395
f 1895/4186/1396 1897/4187/1396 1898/4188/1396
f 1899/4189/1397 1900/4190/1397 1901/4191/1397
f 1899/4192/1398 1901/4193/1398 1902/4194/1398
f 1903/4195/1399 1904/4196/1399 1905/4197/1399
f 1903/4198/1400 1905/4199/1400 1906/4200/1400
f 1907/4201/1401 1908/4202/1401 1909/4203/1401
f 1907/4204/1402 1909/4205/1402 1910/4206/1402
f 1911/4207/1403 1912/4208/1403 1913/4209/1403
f 1911/4210/1404 1913/4211/1404 1914/4212/1404
f 1915/4213/1405 1916/4214/1405 1917/4215/1405
f 1915/4216/1406 1917/4217/1406 1918/4218/1406
f 1919/4219/1407 1911/4220/1407 1914/4221/1407
f 1919/4222/1408 1914/4223/1408 1920/4224/1408
f 1916/4225/1409 1921/4226/1409 1827/4227/1409
f 1916/4228/1410 1827/4229/1410 1917/4230/1410
f 1922/4231/1411 1919/4232/1411 1920/4233/1411
f 1922/4234/1412 1920/4235/1412 1923/4236/1412
f 1921/4237/1413 1924/4238/1413 1821/4239/1413
f 1921/4240/1414 1821/4241/1414 1827/4242/1414
f 1925/4243/1415 1922/4244/1415 1923/4245/1415
f 1925/4246/1416 1923/4247/1416 1926/4248/1416
f 1924/4249/1417 1927/4250/1417 1813/4251/1417
f 1924/4252/1418 1813/4253/1418 1821/4254/1418
f 1928/4255/1419 1925/4256/1419 1926/4257/1419
f 1928/4258/1420 1926/4259/1420 1929/4260/1420
f 1927/4261/1421 1930/4262/1421 1807/4263/1421
f 1927/4264/1422 1807/4265/1422 1813/4266/1422
f 1931/4267/1423 1932/4268/1423 1933/4269/1423
f 1931/4270/1424 1933/4271/1424 1934/4272/1424
f 1935/4273/1425 1936/4274/1425 1787/4275/1425
f 1935/4276/1426 1787/4277/1426 1795/4278/1426
f 1937/4279/1427 1931/4280/1427 1934/4281/1427
f 1937/4282/1428 1934/4283/1428 1938/4284/1428
f 1936/4285/1429 1939/4286/1429 1788/4287/1429
f 1936/4288/1430 1788/4289/1430 1787/4290/1430
f 1904/4291/1431 1937/4292/1431 1938/4293/1431
f 1904/4294/1432 1938/4295/1432 1905/4296/1432
f 1939/4297/1433 1907/4298/1433 1910/4299/1433
f 1939/4300/1434 1910/4301/1434 1788/4302/1434
f 1940/4303/1435 1928/4304/1435 1929/4305/1435
f 1940/4306/1436 1929/4307/1436 1941/4308/1436
f 1930/4309/1437 1942/4310/1437 1801/4311/1437
f 1930/4312/1438 1801/4313/1438 1807/4314/1438
f 1932/4315/1439 1940/4316/1439 1941/4317/1439
f 1932/4318/1440 1941/4319/1440 1933/4320/1440
f 1942/4321/1441 1935/4322/1441 1795/4323/1441
f 1942/4324/1442 1795/4325/1442 1801/4326/1442
f 1912/4327/1443 1903/4328/1443 1906/4329/1443
f 1912/4330/1444 1906/4331/1444 1913/4332/1444
f 1908/4333/1445 1915/4334/1445 1918/4335/1445
f 1908/4336/1446 1918/4337/1446 1909/4338/1446
f 1943/4339/1447 1944/4340/1447 1945/4341/1447
f 1943/4342/1448 1945/4343/1448 1946/4344/1448
f 1944/4345/1449 1947/4346/1449 1948/4347/1449
f 1944/4348/1450 1948/4349/1450 1945/4350/1450
f 1947/4351/1451 1949/4352/1451 1950/4353/1451
f 1947/4354/1452 1950/4355/1452 1948/4356/1452
f 1949/4357/1453 1951/4358/1453 1952/4359/1453
f 1949/4360/1454 1952/4361/1454 1950/4362/1454
f 1951/4363/1455 1776/4364/1455 1775/4365/1455
f 1951/4366/1456 1775/4367/1456 1952/4368/1456
f 1953/4369/1457 1954/4370/1457 1955/4371/1457
f 1953/4372/1458 1955/4373/1458 1956/4374/1458
f 1954/4375/1459 1957/4376/1459 1958/4377/1459
f 1954/4378/1460 1958/4379/1460 1955/4380/1460
f 1957/4381/1461 1959/4382/1461 1960/4383/1461
f 1957/4384/1462 1960/4385/1462 1958/4386/1462
f 1959/4387/1463 1961/4388/1463 1962/4389/1463
f 1959/4390/1464 1962/4391/1464 1960/4392/1464
f 1961/4393/1465 1784/4394/1465 1783/4395/1465
f 1961/4396/1466 1783/4397/1466 1962/4398/1466
f 1963/4399/1467 1964/4400/1467 1965/4401/1467
f 1963/4402/1468 1965/4403/1468 1966/4404/1468
f 1964/4405/1469 1967/4406/1469 1968/4407/1469
f 1964/4408/1470 1968/4409/1470 1965/4410/1470
f 1967/4411/1471 1969/4412/1471 1970/4413/1471
f 1967/4414/1472 1970/4415/1472 1968/4416/1472
f 1969/4417/1473 1971/4418/1473 1972/4419/1473
f 1969/4420/1474 1972/4421/1474 1970/4422/1474
f 1971/4423/1475 1792/4424/1475 1791/4425/1475
f 1971/4426/1476 1791/4427/1476 1972/4428/1476
f 1973/4429/1477 1974/4430/1477 1975/4431/1477
f 1973/4432/1478 1975/4433/1478 1976/4434/1478
f 1974/4435/1479 1977/4436/1479 1978/4437/1479
f 1974/4438/1480 1978/4439/1480 1975/4440/1480
f 1977/4441/1481 1979/4442/1481 1980/4443/1481
f 1977/4444/1482 1980/4445/1482 1978/4446/1482
f 1979/4447/1483 1981/4448/1483 1982/4449/1483
f 1979/4450/1484 1982/4451/1484 1980/4452/1484
f 1981/4453/1485 1798/4454/1485 1797/4455/1485
f 1981/4456/1486 1797/4457/1486 1982/4458/1486
f 1983/4459/1487 1984/4460/1487 1985/4461/1487
f 1983/4462/1488 1985/4463/1488 1986/4464/1488
f 1984/4465/1489 1987/4466/1489 1988/4467/1489
f 1984/4468/1490 1988/4469/1490 1985/4470/1490
f 1987/4471/1491 1989/4472/1491 1990/4473/1491
f 1987/4474/1492 1990/4475/1492 1988/4476/1492
f 1989/4477/1493 1991/4478/1493 1992/4479/1493
f 1989/4480/1494 1992/4481/1494 1990/4482/1494
f 1991/4483/1495 1804/4484/1495 1803/4485/1495
f 1991/4486/1496 1803/4487/1496 1992/4488/1496
f 1993/4489/1497 1994/4490/1497 1995/4491/1497
f 1993/4492/1498 1995/4493/1498 1996/4494/1498
f 1994/4495/1499 1997/4496/1499 1998/4497/1499
f 1994/4498/1500 1998/4499/1500 1995/4500/1500
f 1997/4501/1501 1999/4502/1501 2000/4503/1501
f 1997/4504/1502 2000/4505/1502 1998/4506/1502
f 1999/4507/1503 2001/4508/1503 2002/4509/1503
f 1999/4510/1504 2002/4511/1504 2000/4512/1504
f 2001/4513/1505 1810/4514/1505 1809/4515/1505
f 2001/4516/1506 1809/4517/1506 2002/4518/1506
f 2003/4519/1507 2004/4520/1507 2005/4521/1507
f 2003/4522/1508 2005/4523/1508 2006/4524/1508
f 2004/4525/1509 2007/4526/1509 2008/4527/1509
f 2004/4528/1510 2008/4529/1510 2005/4530/1510
f 2007/4531/1511 2009/4532/1511 2010/4533/1511
f 2007/4534/1512 2010/4535/1512 2008/4536/1512
f 2009/4537/1513 2011/4538/1513 2012/4539/1513
f 2009/4540/1514 2012/4541/1514 2010/4542/1514
f 2011/4543/1515 1816/4544/1515 1815/4545/1515
f 2011/4546/1516 1815/4547/1516 2012/4548/1516
f 2013/4549/1517 2014/4550/1517 2015/4551/1517
f 2013/4552/1518 2015/4553/1518 2016/4554/1518
f 2014/4555/1519 2017/4556/1519 2018/4557/1519
f 2014/4558/1520 2018/4559/1520 2015/4560/1520
f 2017/4561/1521 2019/4562/1521 2020/4563/1521
f 2017/4564/1522 2020/4565/1522 2018/4566/1522
f 2019/4567/1523 2021/4568/1523 2022/4569/1523
f 2019/4570/1524 2022/4571/1524 2020/4572/1524
f 2021/4573/1525 1824/4574/1525 1823/4575/1525
f 2021/4576/1526 1823/4577/1526 2022/4578/1526
f 2023/4579/1527 2024/4580/1527 2025/4581/1527
f 2023/4582/1528 2025/4583/1528 2026/4584/1528
f 2024/4585/1529 2027/4586/1529 2028/4587/1529
f 2024/4588/1530 2028/4589/1530 2025/4590/1530
f 2027/4591/1531 2029/4592/1531 2030/4593/1531
f 2027/4594/1532 2030/4595/1532 2028/4596/1532
f 2029/4597/1533 2031/4598/1533 2032/4599/1533
f 2029/4600/1534 2032/4601/1534 2030/4602/1534
f 2031/4603/1535 1830/4604/1535 1829/4605/1535
f 2031/4606/1536 1829/4607/1536 2032/4608/1536
f 2033/4609/1537 2034/4610/1537 2035/4611/1537
f 2033/4612/1538 2035/4613/1538 2036/4614/1538
f 2034/4615/1539 2037/4616/1539 2038/4617/1539
f 2034/4618/1540 2038/4619/1540 2035/4620/1540
f 2037/4621/1541 2039/4622/1541 2040/4623/1541
f 2037/4624/1542 2040/4625/1542 2038/4626/1542
f 2039/4627/1543 2041/4628/1543 2042/4629/1543
f 2039/4630/1544 2042/4631/1544 2040/4632/1544
f 2041/4633/1545 1838/4634/1545 1837/4635/1545
f 2041/4636/1546 1837/4637/1546 2042/4638/1546
f 2043/4639/1547 2044/4640/1547 2045/4641/1547
f 2043/4642/1548 2045/4643/1548 2046/4644/1548
f 2044/4645/1549 2047/4646/1549 2048/4647/1549
f 2044/4648/1550 2048/4649/1550 2045/4650/1550
f 2047/4651/1551 2049/4652/1551 2050/4653/1551
f 2047/4654/1552 2050/4655/1552 2048/4656/1552
f 2049/4657/1553 2051/4658/1553 2052/4659/1553
f 2049/4660/1554 2052/4661/1554 2050/4662/1554
f 2051/4663/1555 1846/4664/1555 1845/4665/1555
f 2051/4666/1556 1845/4667/1556 2052/4668/1556
f 2053/4669/1557 2054/4670/1557 2055/4671/1557
f 2053/4672/1558 2055/4673/1558 2056/4674/1558
f 2054/4675/1559 2057/4676/1559 2058/4677/1559
f 2054/4678/1560 2058/4679/1560 2055/4680/1560
f 2057/4681/1561 2059/4682/1561 2060/4683/1561
f 2057/4684/1562 2060/4685/1562 2058/4686/1562
f 2059/4687/1563 2061/4688/1563 2062/4689/1563
f 2059/4690/1564 2062/4691/1564 2060/4692/1564
f 2061/4693/1565 1852/4694/1565 1851/4695/1565
f 2061/4696/1566 1851/4697/1566 2062/4698/1566
f 2063/4699/1567 2064/4700/1567 2065/4701/1567
f 2063/4702/1568 2065/4703/1568 2066/4704/1568
f 2067/4705/1569 2068/4706/1569 2069/4707/1569
f 2067/4708/1570 2069/4709/1570 2070/4710/1570
f 2071/4711/1571 2072/4712/1571 2073/4713/1571
f 2071/4714/1572 2073/4715/1572 2074/4716/1572
f 2075/4717/1573 2076/4718/1573 2077/4719/1573
f 2075/4720/1574 2077/4721/1574 2078/4722/1574
f 2079/4723/1575 2080/4724/1575 2081/4725/1575
f 2079/4726/1576 2081/4727/1576 2082/4728/1576
f 2083/4729/1577 2084/4730/1577 2085/4731/1577
f 2083/4732/1578 2085/4733/1578 2086/4734/1578
f 2087/4735/1579 2088/4736/1579 2089/4737/1579
f 2087/4738/1580 2089/4739/1580 2090/4740/1580
f 2091/4741/1581 2092/4742/1581 2093/4743/1581
f 2091/4744/1582 2093/4745/1582 2094/4746/1582
f 2095/4747/1583 2096/4748/1583 2097/4749/1583
f 2095/4750/1584 2097/4751/1584 2098/4752/1584
f 2099/4753/1585 2100/4754/1585 2101/4755/1585
f 2099/4756/1586 2101/4757/1586 2102/4758/1586
f 2103/4759/1587 2104/4760/1587 2105/4761/1587
f 2103/4762/1588 2105/4763/1588 2106/4764/1588
f 2107/4765/1589 2108/4766/1589 2109/4767/1589
f 2107/4768/1590 2109/4769/1590 2110/4770/1590
f 2111/4771/1591 2112/4772/1591 2113/4773/1591
f 2111/4774/1592 2113/4775/1592 2114/4776/1592
f 2115/4777/1593 2116/4778/1593 2117/4779/1593
f 2115/4780/1594 2117/4781/1594 2118/4782/1594
f 2112/4783/1595 2119/4784/1595 2120/4785/1595
f 2112/4786/1596 2120/4787/1596 2113/4788/1596
f 2121/4789/1597 2115/4790/1597 2118/4791/1597
f 2121/4792/1598 2118/4793/1598 2122/4794/1598
f 2119/4795/1599 2123/4796/1599 1778/4797/1599
f 2119/4798/1600 1778/4799/1600 2120/4800/1600
f 2124/4801/1601 2121/4802/1601 2122/4803/1601
f 2124/4804/1602 2122/4805/1602 2125/4806/1602
f 2123/4807/1603 2126/4808/1603 1779/4809/1603
f 2123/4810/1604 1779/4811/1604 1778/4812/1604
f 2127/4813/1605 2124/4814/1605 2125/4815/1605
f 2127/4816/1606 2125/4817/1606 2128/4818/1606
f 2126/4819/1607 2129/4820/1607 1786/4821/1607
f 2126/4822/1608 1786/4823/1608 1779/4824/1608
f 2130/4825/1609 2127/4826/1609 2128/4827/1609
f 2130/4828/1610 2128/4829/1610 2131/4830/1610
f 2129/4831/1611 2132/4832/1611 1794/4833/1611
f 2129/4834/1612 1794/4835/1612 1786/4836/1612
f 2133/4837/1613 2130/4838/1613 2131/4839/1613
f 2133/4840/1614 2131/4841/1614 2134/4842/1614
f 2132/4843/1615 2135/4844/1615 1800/4845/1615
f 2132/4846/1616 1800/4847/1616 1794/4848/1616
f 2136/4849/1617 2133/4850/1617 2134/4851/1617
f 2136/4852/1618 2134/4853/1618 2137/4854/1618
f 2135/4855/1619 2138/4856/1619 1806/4857/1619
f 2135/4858/1620 1806/4859/1620 1800/4860/1620
f 2139/4861/1621 2136/4862/1621 2137/4863/1621
f 2139/4864/1622 2137/4865/1622 2140/4866/1622
f 2138/4867/1623 2141/4868/1623 1812/4869/1623
f 2138/4870/1624 1812/4871/1624 1806/4872/1624
f 2142/4873/1625 2139/4874/1625 2140/4875/1625
f 2142/4876/1626 2140/4877/1626 2143/4878/1626
f 2141/4879/1627 2144/4880/1627 2145/4881/1627
f 2141/4882/1628 2145/4883/1628 1812/4884/1628
f 2146/4885/1629 2142/4886/1629 2143/4887/1629
f 2146/4888/1630 2143/4889/1630 2147/4890/1630
f 2144/4891/1631 2148/4892/1631 2149/4893/1631
f 2144/4894/1632 2149/4895/1632 2145/4896/1632
f 2150/4897/1633 2146/4898/1633 2147/4899/1633
f 2150/4900/1634 2147/4901/1634 2151/4902/1634
f 2148/4903/1635 2111/4904/1635 2114/4905/1635
f 2148/4906/1636 2114/4907/1636 2149/4908/1636
f 2116/4909/1637 2150/4910/1637 2151/4911/1637
f 2116/4912/1638 2151/4913/1638 2117/4914/1638
o Object_8
v 1.14805822 -0.00000002 1.40661547
v 1.14805822 -0.00000002 1.14447955
v 1.14805822 0.07281551 1.14447955
v 1.14805822 0.07281551 1.40661547
v -0.16262137 0.07281551 1.40661547
v -0.16262137 0.07281551 1.14447955
v -0.16262137 -0.00000002 1.14447955
v -0.16262137 -0.00000002 1.40661547
v 0.88592230 -0.00000002 1.40661547
v 0.88592230 -0.00000002 1.14447955
v 1.14805822 -0.00000002 1.14447955
v 1.14805822 -0.00000002 1.40661547
v 1.14805822 0.07281551 1.40661547
v 0.88592230 0.07281551 1.40661547
v 0.88592230 -0.00000002 1.40661547
v 1.14805822 -0.00000002 1.40661547
v 1.14805822 -0.00000002 0.09593588
v 0.88592230 -0.00000002 0.09593588
v 0.88592230 0.07281551 0.09593588
v 1.14805822 0.07281551 0.09593588
v 1.14805822 0.07281551 1.40661547
v 1.14805822 0.07281551 1.14447955
v 0.88592230 0.07281551 1.14447955
v 0.88592230 0.07281551 1.40661547
v 0.09951455 0.07281551 1.40661547
v 0.09951455 0.07281551 1.14447955
v -0.16262137 0.07281551 1.14447955
v -0.16262137 0.07281551 1.40661547
v 0.36165046 0.07281551 1.40661547
v 0.36165046 0.07281551 1.14447955
v 0.62378638 0.07281551 1.40661547
v 0.62378638 0.07281551 1.14447955
v -0.16262137 0.07281551 0.09593588
v 0.09951455 0.07281551 0.09593588
v 0.09951455 -0.00000002 0.09593588
v -0.16262137 -0.00000002 0.09593588
v 0.36165046 0.07281551 0.09593588
v 0.36165046 -0.00000002 0.09593588
v 0.62378638 0.07281551 0.09593588
v 0.62378638 -0.00000002 0.09593588
v -0.16262137 -0.00000002 1.40661547
v -0.16262137 -0.00000002 1.14447955
v 0.09951455 -0.00000002 1.14447955
v 0.09951455 -0.00000002 1.40661547
v 0.36165046 -0.00000002 1.14447955
v 0.36165046 -0.00000002 1.40661547
v 0.62378638 -0.00000002 1.14447955
v 0.62378638 -0.00000002 1.40661547
v -0.16262137 -0.00000002 1.40661547
v 0.09951455 -0.00000002 1.40661547
v 0.09951455 0.07281551 1.40661547
v -0.16262137 0.07281551 1.40661547
v 0.36165046 -0.00000002 1.40661547
v 0.36165046 0.07281551 1.40661547
v 0.62378638 -0.00000002 1.40661547
v 0.62378638 0.07281551 1.40661547
v 0.88592230 0.07281551 0.09593588
v 0.88592230 0.07281551 0.35807180
v 1.14805822 0.07281551 0.35807180
v 1.14805822 0.07281551 0.09593588
v 0.88592230 0.07281551 0.62020771
v 1.14805822 0.07281551 0.62020771
v 0.88592230 0.07281551 0.88234363
v 1.14805822 0.07281551 0.88234363
v 1.14805822 0.07281551 0.09593588
v 1.14805822 0.07281551 0.35807180
v 1.14805822 -0.00000002 0.35807180
v 1.14805822 -0.00000002 0.09593588
v 1.14805822 0.07281551 0.62020771
v 1.14805822 -0.00000002 0.62020771
v 1.14805822 0.07281551 0.88234363
v 1.14805822 -0.00000002 0.88234363
v 1.14805822 -0.00000002 0.09593588
v 1.14805822 -0.00000002 0.35807180
v 0.88592230 -0.00000002 0.35807180
v 0.88592230 -0.00000002 0.09593588
v 1.14805822 -0.00000002 0.62020771
v 0.88592230 -0.00000002 0.62020771
v 1.14805822 -0.00000002 0.88234363
v 0.88592230 -0.00000002 0.88234363
v 0.62378638 -0.00000002 0.35807180
v 0.62378638 -0.00000002 0.09593588
v 0.62378638 -0.00000002 0.62020771
v 0.62378638 -0.00000002 0.88234363
v 0.36165046 -0.00000002 0.35807180
v 0.36165046 -0.00000002 0.09593588
v 0.36165046 -0.00000002 0.62020771
v 0.36165046 -0.00000002 0.88234363
v 0.09951455 -0.00000002 0.35807180
v 0.09951455 -0.00000002 0.09593588
v 0.09951455 -0.00000002 0.62020771
v 0.09951455 -0.00000002 0.88234363
v -0.16262137 -0.00000002 0.35807180
v -0.16262137 -0.00000002 0.09593588
v -0.16262137 -0.00000002 0.62020771
v -0.16262137 -0.00000002 0.88234363
v -0.16262137 -0.00000002 0.09593588
v -0.16262137 -0.00000002 0.35807180
v -0.16262137 0.07281551 0.35807180
v -0.16262137 0.07281551 0.09593588
v -0.16262137 -0.00000002 0.62020771
v -0.16262137 0.07281551 0.62020771
v -0.16262137 -0.00000002 0.88234363
v -0.16262137 0.07281551 0.88234363
v -0.16262137 0.07281551 0.09593588
v -0.16262137 0.07281551 0.35807180
v 0.09951455 0.07281551 0.35807180
v 0.09951455 0.07281551 0.09593588
v -0.16262137 0.07281551 0.35807180
v -0.16262137 0.07281551 0.62020771
v 0.09951455 0.07281551 0.62020771
v 0.09951455 0.07281551 0.35807180
v -0.16262137 0.07281551 0.88234363
v 0.09951455 0.07281551 0.88234363
v 0.36165046 0.07281551 0.35807180
v 0.36165046 0.07281551 0.09593588
v 0.09951455 0.07281551 0.35807180
v 0.09951455 0.07281551 0.62020771
v 0.36165046 0.14563104 0.62020771
v 0.36165046 0.07281551 0.35807180
v 0.09951455 0.07281551 0.88234363
v 0.36165046 0.14563104 0.88234363
v 0.36165046 0.14563104 0.88234363
v 0.62378638 0.07281551 0.35807180
v 0.62378638 0.07281551 0.09593588
v 0.36165046 0.07281551 0.35807180
v 0.36165046 0.14563104 0.62020771
v 0.62378638 0.14563104 0.62020771
v 0.62378638 0.07281551 0.35807180
v 0.36165046 0.14563104 0.62020771
v 0.36165046 0.14563104 0.88234363
v 0.62378638 0.14563104 0.88234363
v 0.62378638 0.14563104 0.62020771
v 0.36165046 0.14563104 0.88234363
v 0.36165046 0.07281551 1.14447955
v 0.62378638 0.07281551 1.14447955
v 0.62378638 0.14563104 0.88234363
v 0.62378638 0.07281551 0.09593588
v 0.62378638 0.07281551 0.35807180
v 0.62378638 0.07281551 0.35807180
v 0.62378638 0.14563104 0.62020771
v 0.88592230 0.07281551 0.62020771
v 0.88592230 0.07281551 0.35807180
v 0.62378638 0.14563104 0.62020771
v 0.62378638 0.14563104 0.88234363
v 0.88592230 0.07281551 0.88234363
v 0.88592230 0.07281551 0.62020771
v 0.88592230 0.07281551 1.14447955
v 0.88592230 0.07281551 0.88234363
vt 0.4140625 0.74609375
vt 0.42812499 0.74609375
vt 0.42812499 0.75
vt 0.4140625 0.74609375
vt 0.42812499 0.75
vt 0.4140625 0.75
vt 0.484375 0.734375
vt 0.47031251 0.734375
vt 0.47031251 0.73046875
vt 0.484375 0.734375
vt 0.47031251 0.73046875
vt 0.484375 0.73046875
vt 0.22812501 1
vt 0.22812501 0.98593748
vt 0.2421875 0.98593748
vt 0.22812501 1
vt 0.2421875 0.98593748
vt 0.2421875 1
vt 0.484375 0.71875
vt 0.47031251 0.71875
vt 0.47031251 0.71484375
vt 0.484375 0.71875
vt 0.47031251 0.71484375
vt 0.484375 0.71484375
vt 0.4140625 0.69921875
vt 0.42812499 0.69921875
vt 0.42812499 0.703125
vt 0.4140625 0.69921875
vt 0.42812499 0.703125
vt 0.4140625 0.703125
vt 0.21875 0.77237344
vt 0.21875 0.78643596
vt 0.20468751 0.78643596
vt 0.21875 0.77237344
vt 0.20468751 0.78643596
vt 0.20468751 0.77237344
vt 0.16249999 0.77237344
vt 0.16249999 0.78643596
vt 0.1484375 0.78643596
vt 0.16249999 0.77237344
vt 0.1484375 0.78643596
vt 0.1484375 0.77237344
vt 0.1765625 0.77237344
vt 0.1765625 0.78643596
vt 0.16249999 0.78643596
vt 0.1765625 0.77237344
vt 0.16249999 0.78643596
vt 0.16249999 0.77237344
vt 0.190625 0.77237344
vt 0.190625 0.78643596
vt 0.1765625 0.78643596
vt 0.190625 0.77237344
vt 0.1765625 0.78643596
vt 0.1765625 0.77237344
vt 0.20468751 0.77237344
vt 0.20468751 0.78643596
vt 0.190625 0.78643596
vt 0.20468751 0.77237344
vt 0.190625 0.78643596
vt 0.190625 0.77237344
vt 0.484375 0.703125
vt 0.47031251 0.703125
vt 0.47031251 0.69921875
vt 0.484375 0.703125
vt 0.47031251 0.69921875
vt 0.484375 0.69921875
vt 0.47031251 0.703125
vt 0.45625001 0.703125
vt 0.45625001 0.69921875
vt 0.47031251 0.703125
vt 0.45625001 0.69921875
vt 0.47031251 0.69921875
vt 0.45625001 0.703125
vt 0.44218749 0.703125
vt 0.44218749 0.69921875
vt 0.45625001 0.703125
vt 0.44218749 0.69921875
vt 0.45625001 0.69921875
vt 0.44218749 0.703125
vt 0.42812499 0.703125
vt 0.42812499 0.69921875
vt 0.44218749 0.703125
vt 0.42812499 0.69921875
vt 0.44218749 0.69921875
vt 0.171875 1
vt 0.171875 0.98593748
vt 0.18593749 0.98593748
vt 0.171875 1
vt 0.18593749 0.98593748
vt 0.18593749 1
vt 0.18593749 1
vt 0.18593749 0.98593748
vt 0.2 0.98593748
vt 0.18593749 1
vt 0.2 0.98593748
vt 0.2 1
vt 0.2 1
vt 0.2 0.98593748
vt 0.2140625 0.98593748
vt 0.2 1
vt 0.2140625 0.98593748
vt 0.2140625 1
vt 0.2140625 1
vt 0.2140625 0.98593748
vt 0.22812501 0.98593748
vt 0.2140625 1
vt 0.22812501 0.98593748
vt 0.22812501 1
vt 0.4140625 0.71484375
vt 0.42812499 0.71484375
vt 0.42812499 0.71875
vt 0.4140625 0.71484375
vt 0.42812499 0.71875
vt 0.4140625 0.71875
vt 0.42812499 0.71484375
vt 0.44218749 0.71484375
vt 0.44218749 0.71875
vt 0.42812499 0.71484375
vt 0.44218749 0.71875
vt 0.42812499 0.71875
vt 0.44218749 0.71484375
vt 0.45625001 0.71484375
vt 0.45625001 0.71875
vt 0.44218749 0.71484375
vt 0.45625001 0.71875
vt 0.44218749 0.71875
vt 0.45625001 0.71484375
vt 0.47031251 0.71484375
vt 0.47031251 0.71875
vt 0.45625001 0.71484375
vt 0.47031251 0.71875
vt 0.45625001 0.71875
vt 0.20468751 0.84268594
vt 0.20468751 0.82862341
vt 0.21875 0.82862341
vt 0.20468751 0.84268594
vt 0.21875 0.82862341
vt 0.21875 0.84268594
vt 0.20468751 0.82862341
vt 0.20468751 0.81456095
vt 0.21875 0.81456095
vt 0.20468751 0.82862341
vt 0.21875 0.81456095
vt 0.21875 0.82862341
vt 0.20468751 0.81456095
vt 0.20468751 0.80049843
vt 0.21875 0.80049843
vt 0.20468751 0.81456095
vt 0.21875 0.80049843
vt 0.21875 0.81456095
vt 0.20468751 0.80049843
vt 0.20468751 0.78643596
vt 0.21875 0.78643596
vt 0.20468751 0.80049843
vt 0.21875 0.78643596
vt 0.21875 0.80049843
vt 0.484375 0.75
vt 0.47031251 0.75
vt 0.47031251 0.74609375
vt 0.484375 0.75
vt 0.47031251 0.74609375
vt 0.484375 0.74609375
vt 0.47031251 0.75
vt 0.45625001 0.75
vt 0.45625001 0.74609375
vt 0.47031251 0.75
vt 0.45625001 0.74609375
vt 0.47031251 0.74609375
vt 0.45625001 0.75
vt 0.44218749 0.75
vt 0.44218749 0.74609375
vt 0.45625001 0.75
vt 0.44218749 0.74609375
vt 0.45625001 0.74609375
vt 0.44218749 0.75
vt 0.42812499 0.75
vt 0.42812499 0.74609375
vt 0.44218749 0.75
vt 0.42812499 0.74609375
vt 0.44218749 0.74609375
vt 0.2421875 0.9296875
vt 0.2421875 0.94375002
vt 0.22812501 0.94375002
vt 0.2421875 0.9296875
vt 0.22812501 0.94375002
vt 0.22812501 0.9296875
vt 0.2421875 0.94375002
vt 0.2421875 0.95781249
vt 0.22812501 0.95781249
vt 0.2421875 0.94375002
vt 0.22812501 0.95781249
vt 0.22812501 0.94375002
vt 0.2421875 0.95781249
vt 0.2421875 0.97187501
vt 0.22812501 0.97187501
vt 0.2421875 0.95781249
vt 0.22812501 0.97187501
vt 0.22812501 0.95781249
vt 0.2421875 0.97187501
vt 0.2421875 0.98593748
vt 0.22812501 0.98593748
vt 0.2421875 0.97187501
vt 0.22812501 0.98593748
vt 0.22812501 0.97187501
vt 0.22812501 0.9296875
vt 0.22812501 0.94375002
vt 0.2140625 0.94375002
vt 0.22812501 0.9296875
vt 0.2140625 0.94375002
vt 0.2140625 0.9296875
vt 0.22812501 0.94375002
vt 0.22812501 0.95781249
vt 0.2140625 0.95781249
vt 0.22812501 0.94375002
vt 0.2140625 0.95781249
vt 0.2140625 0.94375002
vt 0.22812501 0.95781249
vt 0.22812501 0.97187501
vt 0.2140625 0.97187501
vt 0.22812501 0.95781249
vt 0.2140625 0.97187501
vt 0.2140625 0.95781249
vt 0.22812501 0.97187501
vt 0.22812501 0.98593748
vt 0.2140625 0.98593748
vt 0.22812501 0.97187501
vt 0.2140625 0.98593748
vt 0.2140625 0.97187501
vt 0.2140625 0.9296875
vt 0.2140625 0.94375002
vt 0.2 0.94375002
vt 0.2140625 0.9296875
vt 0.2 0.94375002
vt 0.2 0.9296875
vt 0.2140625 0.94375002
vt 0.2140625 0.95781249
vt 0.2 0.95781249
vt 0.2140625 0.94375002
vt 0.2 0.95781249
vt 0.2 0.94375002
vt 0.2140625 0.95781249
vt 0.2140625 0.97187501
vt 0.2 0.97187501
vt 0.2140625 0.95781249
vt 0.2 0.97187501
vt 0.2 0.95781249
vt 0.2140625 0.97187501
vt 0.2140625 0.98593748
vt 0.2 0.98593748
vt 0.2140625 0.97187501
vt 0.2 0.98593748
vt 0.2 0.97187501
vt 0.2 0.9296875
vt 0.2 0.94375002
vt 0.18593749 0.94375002
vt 0.2 0.9296875
vt 0.18593749 0.94375002
vt 0.18593749 0.9296875
vt 0.2 0.94375002
vt 0.2 0.95781249
vt 0.18593749 0.95781249
vt 0.2 0.94375002
vt 0.18593749 0.95781249
vt 0.18593749 0.94375002
vt 0.2 0.95781249
vt 0.2 0.97187501
vt 0.18593749 0.97187501
vt 0.2 0.95781249
vt 0.18593749 0.97187501
vt 0.18593749 0.95781249
vt 0.2 0.97187501
vt 0.2 0.98593748
vt 0.18593749 0.98593748
vt 0.2 0.97187501
vt 0.18593749 0.98593748
vt 0.18593749 0.97187501
vt 0.18593749 0.9296875
vt 0.18593749 0.94375002
vt 0.171875 0.94375002
vt 0.18593749 0.9296875
vt 0.171875 0.94375002
vt 0.171875 0.9296875
vt 0.18593749 0.94375002
vt 0.18593749 0.95781249
vt 0.171875 0.95781249
vt 0.18593749 0.94375002
vt 0.171875 0.95781249
vt 0.171875 0.94375002
vt 0.18593749 0.95781249
vt 0.18593749 0.97187501
vt 0.171875 0.97187501
vt 0.18593749 0.95781249
vt 0.171875 0.97187501
vt 0.171875 0.95781249
vt 0.18593749 0.97187501
vt 0.18593749 0.98593748
vt 0.171875 0.98593748
vt 0.18593749 0.97187501
vt 0.171875 0.98593748
vt 0.171875 0.97187501
vt 0.4140625 0.73046875
vt 0.42812499 0.73046875
vt 0.42812499 0.734375
vt 0.4140625 0.73046875
vt 0.42812499 0.734375
vt 0.4140625 0.734375
vt 0.42812499 0.73046875
vt 0.44218749 0.73046875
vt 0.44218749 0.734375
vt 0.42812499 0.73046875
vt 0.44218749 0.734375
vt 0.42812499 0.734375
vt 0.44218749 0.73046875
vt 0.45625001 0.73046875
vt 0.45625001 0.734375
vt 0.44218749 0.73046875
vt 0.45625001 0.734375
vt 0.44218749 0.734375
vt 0.45625001 0.73046875
vt 0.47031251 0.73046875
vt 0.47031251 0.734375
vt 0.45625001 0.73046875
vt 0.47031251 0.734375
vt 0.45625001 0.734375
vt 0.1484375 0.84375
vt 0.1484375 0.82968748
vt 0.16249999 0.82968748
vt 0.1484375 0.84375
vt 0.16249999 0.82968748
vt 0.16249999 0.84375
vt 0.1484375 0.82862341
vt 0.1484375 0.81456095
vt 0.16249999 0.81456095
vt 0.1484375 0.82862341
vt 0.16249999 0.81456095
vt 0.16249999 0.82862341
vt 0.1484375 0.81456095
vt 0.1484375 0.80049843
vt 0.16249999 0.80049843
vt 0.1484375 0.81456095
vt 0.16249999 0.80049843
vt 0.16249999 0.81456095
vt 0.1484375 0.80049843
vt 0.1484375 0.78643596
vt 0.16249999 0.78643596
vt 0.1484375 0.80049843
vt 0.16249999 0.78643596
vt 0.16249999 0.80049843
vt 0.16249999 0.84375
vt 0.16249999 0.82968748
vt 0.1765625 0.82968748
vt 0.16249999 0.84375
vt 0.1765625 0.82968748
vt 0.1765625 0.84375
vt 0.16249999 0.82862341
vt 0.16249999 0.81456095
vt 0.17709453 0.81456095
vt 0.16249999 0.82862341
vt 0.17709453 0.81456095
vt 0.17604922 0.82862341
vt 0.16249999 0.81456095
vt 0.16249999 0.80049843
vt 0.17709453 0.80049843
vt 0.16249999 0.81456095
vt 0.17709453 0.80049843
vt 0.17709453 0.81456095
vt 0.16249999 0.80049843
vt 0.16249999 0.78643596
vt 0.1765625 0.78643596
vt 0.16249999 0.80049843
vt 0.1765625 0.78643596
vt 0.1765625 0.80049843
vt 0.1765625 0.84375
vt 0.1765625 0.82968748
vt 0.190625 0.82968748
vt 0.1765625 0.84375
vt 0.190625 0.82968748
vt 0.190625 0.84375
vt 0.1765625 0.82968748
vt 0.1765625 0.81509298
vt 0.190625 0.81509298
vt 0.1765625 0.82968748
vt 0.190625 0.81509298
vt 0.190625 0.82968748
vt 0.1765625 0.81509298
vt 0.1765625 0.80103046
vt 0.190625 0.80103046
vt 0.1765625 0.81509298
vt 0.190625 0.80103046
vt 0.190625 0.81509298
vt 0.1765625 0.80103046
vt 0.1765625 0.78643596
vt 0.190625 0.78643596
vt 0.1765625 0.80103046
vt 0.190625 0.78643596
vt 0.190625 0.80103046
vt 0.190625 0.84268594
vt 0.190625 0.82862341
vt 0.20468751 0.82862341
vt 0.190625 0.84268594
vt 0.20468751 0.82862341
vt 0.20468751 0.84268594
vt 0.1911386 0.82911855
vt 0.19009297 0.81456095
vt 0.20468809 0.81456095
vt 0.1911386 0.82911855
vt 0.20468809 0.81456095
vt 0.20468774 0.82814503
vt 0.19009297 0.81456095
vt 0.19009297 0.80049843
vt 0.20468751 0.80049843
vt 0.19009297 0.81456095
vt 0.20468751 0.80049843
vt 0.20468751 0.81456095
vt 0.190625 0.80103046
vt 0.190625 0.78643596
vt 0.20468751 0.78643596
vt 0.190625 0.80103046
vt 0.20468751 0.78643596
vt 0.20468751 0.79998517
vn 1 0 0
vn 1 0 0
vn -1 0 0
vn -1 0 0
vn 0 -1 0
vn 0 -1 0
vn 0 0 1
vn 0 0 1
vn 0 0 -1
vn 0 0 -1
vn 0 1 0
vn 0 1 0
vn 0 1 0
vn 0 1 0
vn 0 1 0
vn 0 1 0
vn 0 1 0
vn 0 1 0
vn 0 1 0
vn 0 1 0
vn 0 0 -1
vn 0 0 -1
vn 0 0 -1
vn 0 0 -1
vn 0 0 -1
vn 0 0 -1
vn 0 0 -1
vn 0 0 -1
vn 0 -1 0
vn 0 -1 0
vn 0 -1 0
vn 0 -1 0
vn 0 -1 0
vn 0 -1 0
vn 0 -1 0
vn 0 -1 0
vn 0 0 1
vn 0 0 1
vn 0 0 1
vn 0 0 1
vn 0 0 1
vn 0 0 1
vn 0 0 1
vn 0 0 1
vn 0 1 0
vn 0 1 0
vn 0 1 0
vn 0 1 0
vn 0 1 0
vn 0 1 0
vn 0 1 0
vn 0 1 0
vn 1 0 0
vn 1 0 0
vn 1 0 0
vn 1 0 0
vn 1 0 0
vn 1 0 0
vn 1 0 0
vn 1 0 0
vn 0 -1 0
vn 0 -1 0
vn 0 -1 0
vn 0 -1 0
vn 0 -1 0
vn 0 -1 0
vn 0 -1 0
vn 0 -1 0
vn 0 -1 0
vn 0 -1 0
vn 0 -1 0
vn 0 -1 0
vn 0 -1 0
vn 0 -1 0
vn 0 -1 0
vn 0 -1 0
vn 0 -1 0
vn 0 -1 0
vn 0 -1 0
vn 0 -1 0
vn 0 -1 0
vn 0 -1 0
vn 0 -1 0
vn 0 -1 0
vn 0 -1 0
vn 0 -1 0
vn 0 -1 0
vn 0 -1 0
vn 0 -1 0
vn 0 -1 0
vn 0 -1 0
vn 0 -1 0
vn 0 -1 0
vn 0 -1 0
vn 0 -1 0
vn 0 -1 0
vn 0 -1 0
vn 0 -1 0
vn 0 -1 0
vn 0 -1 0
vn -1 0 0
vn -1 0 0
vn -1 0 0
vn -1 0 0
vn -1 0 0
vn -1 0 0
vn -1 0 0
vn -1 0 0
vn 0 1 0
vn 0 1 0
vn 0 1 0
vn 0 1 0
vn 0 1 0
vn 0 1 0
vn 0 1 0
vn 0 1 0
vn 0 1 0
vn 0 1 0
vn -0.26764386378609456 0.9635179096299407 0
vn 0 0.9635179096299407 -0.26764386378609456
vn -0.26764386378609456 0.9635179096299407 0
vn -0.26764386378609456 0.9635179096299407 0
vn 0 1 0
vn -0.25854384499750954 0.9307578419910346 0.25854384499750954
vn 0 1 0
vn 0 1 0
vn 0 0.9635179096299407 -0.26764386378609456
vn 0 0.9635179096299407 -0.26764386378609456
vn 0 1 0
vn 0 1 0
vn 0 0.9635179096299407 0.26764386378609456
vn 0 0.9635179096299407 0.26764386378609456
vn 0 1 0
vn 0 1 0
vn 0.25854384499750954 0.9307578419910346 -0.25854384499750954
vn 0 1 0
vn 0.26764386378609456 0.9635179096299407 0
vn 0.26764386378609456 0.9635179096299407 0
vn 0 0.9635179096299407 0.26764386378609456
vn 0.26764386378609456 0.9635179096299407 0
usemtl m_761276a1-4ce5-12c4-a3ce-5dee591014e7
f 2152/4915/1639 2153/4916/1639 2154/4917/1639
f 2152/4918/1640 2154/4919/1640 2155/4920/1640
f 2156/4921/1641 2157/4922/1641 2158/4923/1641
f 2156/4924/1642 2158/4925/1642 2159/4926/1642
f 2160/4927/1643 2161/4928/1643 2162/4929/1643
f 2160/4930/1644 2162/4931/1644 2163/4932/1644
f 2164/4933/1645 2165/4934/1645 2166/4935/1645
f 2164/4936/1646 2166/4937/1646 2167/4938/1646
f 2168/4939/1647 2169/4940/1647 2170/4941/1647
f 2168/4942/1648 2170/4943/1648 2171/4944/1648
f 2172/4945/1649 2173/4946/1649 2174/4947/1649
f 2172/4948/1650 2174/4949/1650 2175/4950/1650
f 2176/4951/1651 2177/4952/1651 2178/4953/1651
f 2176/4954/1652 2178/4955/1652 2179/4956/1652
f 2180/4957/1653 2181/4958/1653 2177/4959/1653
f 2180/4960/1654 2177/4961/1654 2176/4962/1654
f 2182/4963/1655 2183/4964/1655 2181/4965/1655
f 2182/4966/1656 2181/4967/1656 2180/4968/1656
f 2175/4969/1657 2174/4970/1657 2183/4971/1657
f 2175/4972/1658 2183/4973/1658 2182/4974/1658
f 2184/4975/1659 2185/4976/1659 2186/4977/1659
f 2184/4978/1660 2186/4979/1660 2187/4980/1660
f 2185/4981/1661 2188/4982/1661 2189/4983/1661
f 2185/4984/1662 2189/4985/1662 2186/4986/1662
f 2188/4987/1663 2190/4988/1663 2191/4989/1663
f 2188/4990/1664 2191/4991/1664 2189/4992/1664
f 2190/4993/1665 2170/4994/1665 2169/4995/1665
f 2190/4996/1666 2169/4997/1666 2191/4998/1666
f 2192/4999/1667 2193/5000/1667 2194/5001/1667
f 2192/5002/1668 2194/5003/1668 2195/5004/1668
f 2195/5005/1669 2194/5006/1669 2196/5007/1669
f 2195/5008/1670 2196/5009/1670 2197/5010/1670
f 2197/5011/1671 2196/5012/1671 2198/5013/1671
f 2197/5014/1672 2198/5015/1672 2199/5016/1672
f 2199/5017/1673 2198/5018/1673 2161/5019/1673
f 2199/5020/1674 2161/5021/1674 2160/5022/1674
f 2200/5023/1675 2201/5024/1675 2202/5025/1675
f 2200/5026/1676 2202/5027/1676 2203/5028/1676
f 2201/5029/1677 2204/5030/1677 2205/5031/1677
f 2201/5032/1678 2205/5033/1678 2202/5034/1678
f 2204/5035/1679 2206/5036/1679 2207/5037/1679
f 2204/5038/1680 2207/5039/1680 2205/5040/1680
f 2206/5041/1681 2166/5042/1681 2165/5043/1681
f 2206/5044/1682 2165/5045/1682 2207/5046/1682
f 2208/5047/1683 2209/5048/1683 2210/5049/1683
f 2208/5050/1684 2210/5051/1684 2211/5052/1684
f 2209/5053/1685 2212/5054/1685 2213/5055/1685
f 2209/5056/1686 2213/5057/1686 2210/5058/1686
f 2212/5059/1687 2214/5060/1687 2215/5061/1687
f 2212/5062/1688 2215/5063/1688 2213/5064/1688
f 2214/5065/1689 2174/5066/1689 2173/5067/1689
f 2214/5068/1690 2173/5069/1690 2215/5070/1690
f 2216/5071/1691 2217/5072/1691 2218/5073/1691
f 2216/5074/1692 2218/5075/1692 2219/5076/1692
f 2217/5077/1693 2220/5078/1693 2221/5079/1693
f 2217/5080/1694 2221/5081/1694 2218/5082/1694
f 2220/5083/1695 2222/5084/1695 2223/5085/1695
f 2220/5086/1696 2223/5087/1696 2221/5088/1696
f 2222/5089/1697 2154/5090/1697 2153/5091/1697
f 2222/5092/1698 2153/5093/1698 2223/5094/1698
f 2224/5095/1699 2225/5096/1699 2226/5097/1699
f 2224/5098/1700 2226/5099/1700 2227/5100/1700
f 2225/5101/1701 2228/5102/1701 2229/5103/1701
f 2225/5104/1702 2229/5105/1702 2226/5106/1702
f 2228/5107/1703 2230/5108/1703 2231/5109/1703
f 2228/5110/1704 2231/5111/1704 2229/5112/1704
f 2230/5113/1705 2162/5114/1705 2161/5115/1705
f 2230/5116/1706 2161/5117/1706 2231/5118/1706
f 2227/5119/1707 2226/5120/1707 2232/5121/1707
f 2227/5122/1708 2232/5123/1708 2233/5124/1708
f 2226/5125/1709 2229/5126/1709 2234/5127/1709
f 2226/5128/1710 2234/5129/1710 2232/5130/1710
f 2229/5131/1711 2231/5132/1711 2235/5133/1711
f 2229/5134/1712 2235/5135/1712 2234/5136/1712
f 2231/5137/1713 2161/5138/1713 2198/5139/1713
f 2231/5140/1714 2198/5141/1714 2235/5142/1714
f 2233/5143/1715 2232/5144/1715 2236/5145/1715
f 2233/5146/1716 2236/5147/1716 2237/5148/1716
f 2232/5149/1717 2234/5150/1717 2238/5151/1717
f 2232/5152/1718 2238/5153/1718 2236/5154/1718
f 2234/5155/1719 2235/5156/1719 2239/5157/1719
f 2234/5158/1720 2239/5159/1720 2238/5160/1720
f 2235/5161/1721 2198/5162/1721 2196/5163/1721
f 2235/5164/1722 2196/5165/1722 2239/5166/1722
f 2237/5167/1723 2236/5168/1723 2240/5169/1723
f 2237/5170/1724 2240/5171/1724 2241/5172/1724
f 2236/5173/1725 2238/5174/1725 2242/5175/1725
f 2236/5176/1726 2242/5177/1726 2240/5178/1726
f 2238/5179/1727 2239/5180/1727 2243/5181/1727
f 2238/5182/1728 2243/5183/1728 2242/5184/1728
f 2239/5185/1729 2196/5186/1729 2194/5187/1729
f 2239/5188/1730 2194/5189/1730 2243/5190/1730
f 2241/5191/1731 2240/5192/1731 2244/5193/1731
f 2241/5194/1732 2244/5195/1732 2245/5196/1732
f 2240/5197/1733 2242/5198/1733 2246/5199/1733
f 2240/5200/1734 2246/5201/1734 2244/5202/1734
f 2242/5203/1735 2243/5204/1735 2247/5205/1735
f 2242/5206/1736 2247/5207/1736 2246/5208/1736
f 2243/5209/1737 2194/5210/1737 2193/5211/1737
f 2243/5212/1738 2193/5213/1738 2247/5214/1738
f 2248/5215/1739 2249/5216/1739 2250/5217/1739
f 2248/5218/1740 2250/5219/1740 2251/5220/1740
f 2249/5221/1741 2252/5222/1741 2253/5223/1741
f 2249/5224/1742 2253/5225/1742 2250/5226/1742
f 2252/5227/1743 2254/5228/1743 2255/5229/1743
f 2252/5230/1744 2255/5231/1744 2253/5232/1744
f 2254/5233/1745 2158/5234/1745 2157/5235/1745
f 2254/5236/1746 2157/5237/1746 2255/5238/1746
f 2256/5239/1747 2257/5240/1747 2258/5241/1747
f 2256/5242/1748 2258/5243/1748 2259/5244/1748
f 2260/5245/1749 2261/5246/1749 2262/5247/1749
f 2260/5248/1750 2262/5249/1750 2263/5250/1750
f 2261/5251/1751 2264/5252/1751 2265/5253/1751
f 2261/5254/1752 2265/5255/1752 2262/5256/1752
f 2264/5257/1753 2178/5258/1753 2177/5259/1753
f 2264/5260/1754 2177/5261/1754 2265/5262/1754
f 2259/5263/1755 2258/5264/1755 2266/5265/1755
f 2259/5266/1756 2266/5267/1756 2267/5268/1756
f 2268/5269/1757 2269/5270/1757 2270/5271/1757
f 2268/5272/1758 2270/5273/1758 2271/5274/1758
f 2269/5275/1759 2272/5276/1759 2273/5277/1759
f 2269/5278/1760 2273/5279/1760 2270/5280/1760
f 2265/5281/1761 2177/5282/1761 2181/5283/1761
f 2265/5284/1762 2181/5285/1762 2274/5286/1762
f 2267/5287/1763 2266/5288/1763 2275/5289/1763
f 2267/5290/1764 2275/5291/1764 2276/5292/1764
f 2277/5293/1765 2278/5294/1765 2279/5295/1765
f 2277/5296/1766 2279/5297/1766 2280/5298/1766
f 2281/5299/1767 2282/5300/1767 2283/5301/1767
f 2281/5302/1768 2283/5303/1768 2284/5304/1768
f 2285/5305/1769 2286/5306/1769 2287/5307/1769
f 2285/5308/1770 2287/5309/1770 2288/5310/1770
f 2289/5311/1771 2290/5312/1771 2209/5313/1771
f 2289/5314/1772 2209/5315/1772 2208/5316/1772
f 2291/5317/1773 2292/5318/1773 2293/5319/1773
f 2291/5320/1774 2293/5321/1774 2294/5322/1774
f 2295/5323/1775 2296/5324/1775 2297/5325/1775
f 2295/5326/1776 2297/5327/1776 2298/5328/1776
f 2288/5329/1777 2287/5330/1777 2299/5331/1777
f 2288/5332/1778 2299/5333/1778 2300/5334/1778
o Object_6
v 1.06067958 2.07605041 0.92991967
v 1.06067958 0.98109703 0.40323173
v 1.06067958 0.95186135 0.44498463
v 1.06067958 1.05127299 0.51459341
v 1.06067958 1.08050869 0.47284052
v 1.16262133 0.95186135 0.44498463
v 1.16262133 0.98109703 0.40323173
v 1.16262133 1.08050869 0.47284052
v 1.16262133 1.05127299 0.51459341
v 1.06067958 0.95186135 0.44498463
v 1.16262133 0.95186135 0.44498463
v 1.16262133 1.05127299 0.51459341
v 1.06067958 1.05127299 0.51459341
v 1.06067958 1.94597785 1.14107251
v 1.06067958 1.97521355 1.09931961
v 1.06067958 1.87580190 1.02971083
v 1.06067958 1.84656622 1.07146372
v 1.06067958 1.67697861 0.89049324
v 1.06067958 1.64774290 0.93224613
v 1.04611647 1.48868759 0.82087441
v 1.04611647 1.51792327 0.77912152
v 1.04611647 1.47815529 0.75127567
v 1.04611647 1.44891961 0.79302857
v 1.04611647 1.28986428 0.68165682
v 1.04611647 1.31909996 0.63990393
v 1.04611647 1.27933198 0.61205811
v 1.04611647 1.25009630 0.65381100
v 1.06067958 1.27933198 0.61205811
v 1.06067958 1.25009630 0.65381100
v 1.16262133 1.70621429 0.84874035
v 1.06067958 1.70621429 0.84874035
v 1.06067958 1.90503760 0.98795794
v 1.16262133 1.90503760 0.98795794
v 1.06067958 1.54715897 0.73736861
v 1.16262133 1.54715897 0.73736861
v 1.16262133 1.50739100 0.70952278
v 1.06067958 1.50739100 0.70952278
v 1.06067958 1.35668871 0.58622164
v 1.16262133 1.35668871 0.58622164
v 1.16262133 1.31692073 0.55837582
v 1.06067958 1.31692073 0.55837582
v 1.16262133 1.10974437 0.43108762
v 1.06067958 1.10974437 0.43108762
v 1.06067958 1.30856768 0.57030521
v 1.16262133 1.30856768 0.57030521
v 1.16262133 1.97521355 1.09931961
v 1.16262133 1.94597785 1.14107251
v 1.16262133 1.84656622 1.07146372
v 1.16262133 1.87580190 1.02971083
v 1.16262133 1.67697861 0.89049324
v 1.16262133 1.64774290 0.93224613
v 1.16262133 1.51792327 0.77912152
v 1.16262133 1.48868759 0.82087441
v 1.16262133 1.44891961 0.79302857
v 1.16262133 1.47815529 0.75127567
v 1.17718443 1.31909996 0.63990393
v 1.17718443 1.28986428 0.68165682
v 1.17718443 1.25009630 0.65381100
v 1.17718443 1.27933198 0.61205811
v 1.16262133 1.27933198 0.61205811
v 1.16262133 1.25009630 0.65381100
v 1.16262133 1.94597785 1.14107251
v 1.06067958 1.94597785 1.14107251
v 1.06067958 1.84656622 1.07146372
v 1.16262133 1.84656622 1.07146372
v 1.06067958 1.64774290 0.93224613
v 1.16262133 1.64774290 0.93224613
v 1.16262133 1.48868759 0.82087441
v 1.06067958 1.48868759 0.82087441
v 1.06067958 1.44891961 0.79302857
v 1.16262133 1.44891961 0.79302857
v 1.16262133 1.28986428 0.68165682
v 1.06067958 1.28986428 0.68165682
v 1.06067958 1.25009630 0.65381100
v 1.16262133 1.25009630 0.65381100
v 1.06067958 1.01033274 0.36147884
v 1.06067958 1.10974437 0.43108762
v 1.16262133 1.01033274 0.36147884
v 1.16262133 1.10974437 0.43108762
v 1.16262133 1.30856768 0.57030521
v 1.17718443 1.34833564 0.59815104
v 1.17718443 1.31909996 0.63990393
v 1.17718443 1.27933198 0.61205811
v 1.17718443 1.30856768 0.57030521
v 1.16262133 1.54715897 0.73736861
v 1.16262133 1.50739100 0.70952278
v 1.16262133 1.70621429 0.84874035
v 1.16262133 1.90503760 0.98795794
v 1.16262133 2.00444923 1.05756672
v 1.06067958 2.00444923 1.05756672
v 1.06067958 1.90503760 0.98795794
v 1.06067958 1.70621429 0.84874035
v 1.04611647 1.54715897 0.73736861
v 1.04611647 1.50739100 0.70952278
v 1.04611647 1.34833564 0.59815104
v 1.04611647 1.30856768 0.57030521
v 1.06067958 1.30856768 0.57030521
v 1.06067958 1.10221634 0.23025546
v 1.16262133 1.10221634 0.23025546
v 1.16262133 1.00280466 0.16064666
v 1.06067958 1.00280466 0.16064666
v 1.06067958 0.91092106 0.29187003
v 1.06067958 0.88168538 0.33362295
v 1.06067958 0.85244967 0.37537584
v 1.06067958 0.85244967 0.37537584
v 1.16262133 0.85244967 0.37537584
v 1.16262133 0.85244967 0.37537584
v 1.16262133 0.88168538 0.33362295
v 1.16262133 0.91092106 0.29187003
v 1.16262133 2.09633284 0.92634332
v 1.06067958 2.09633284 0.92634332
v 1.06067958 2.19574452 0.99595213
v 1.16262133 2.19574452 0.99595213
v 1.16262133 2.10386091 1.12717550
v 1.16262133 2.07462523 1.16892840
v 1.16262133 2.04538953 1.21068131
v 1.16262133 2.04538953 1.21068131
v 1.06067958 2.04538953 1.21068131
v 1.06067958 2.04538953 1.21068131
v 1.06067958 2.07462523 1.16892840
v 1.06067958 2.10386091 1.12717550
v 1.06067958 1.70621429 0.84874035
v 1.04611647 1.70621429 0.84874035
v 1.04611647 1.67697861 0.89049324
v 1.06067958 1.67697861 0.89049324
v 1.04611647 1.55551202 0.72543921
v 1.06067958 1.55551202 0.72543921
v 1.06067958 1.51574405 0.69759338
v 1.04611647 1.51574405 0.69759338
v 1.04611647 1.64774290 0.93224613
v 1.06067958 1.64774290 0.93224613
v 1.06067958 1.48033452 0.83280381
v 1.04611647 1.48033452 0.83280381
v 1.04611647 1.44056654 0.80495796
v 1.06067958 1.44056654 0.80495796
v 1.06067958 1.27933198 0.61205811
v 1.04611647 1.27933198 0.61205811
v 1.04611647 1.30856768 0.57030521
v 1.06067958 1.30856768 0.57030521
v 1.04611647 1.35668871 0.58622164
v 1.06067958 1.35668871 0.58622164
v 1.06067958 1.31692073 0.55837582
v 1.04611647 1.31692073 0.55837582
v 1.06067958 1.25009630 0.65381100
v 1.04611647 1.25009630 0.65381100
v 1.06067958 1.28151120 0.69358622
v 1.04611647 1.28151120 0.69358622
v 1.04611647 1.24174325 0.66574040
v 1.06067958 1.24174325 0.66574040
v 1.04611647 1.55551202 0.72543921
v 1.04611647 1.51574405 0.69759338
v 1.06067958 1.55551202 0.72543921
v 1.06067958 1.54715897 0.73736861
v 1.06067958 1.50739100 0.70952278
v 1.06067958 1.51574405 0.69759338
v 1.06067958 1.71456734 0.83681095
v 1.04611647 1.71456734 0.83681095
v 1.04611647 1.35668871 0.58622164
v 1.04611647 1.31692073 0.55837582
v 1.04611647 1.31692073 0.55837582
v 1.06067958 1.31692073 0.55837582
v 1.06067958 1.35668871 0.58622164
v 1.06067958 1.34833564 0.59815104
v 1.06067958 1.30856768 0.57030521
v 1.06067958 1.31692073 0.55837582
v 1.04611647 1.48033452 0.83280381
v 1.04611647 1.44056654 0.80495796
v 1.04611647 1.63938985 0.94417553
v 1.06067958 1.63938985 0.94417553
v 1.06067958 1.48868759 0.82087441
v 1.06067958 1.48033452 0.83280381
v 1.06067958 1.44056654 0.80495796
v 1.06067958 1.44891961 0.79302857
v 1.04611647 1.28151120 0.69358622
v 1.04611647 1.24174325 0.66574040
v 1.06067958 1.28986428 0.68165682
v 1.06067958 1.28151120 0.69358622
v 1.06067958 1.24174325 0.66574040
v 1.06067958 1.25009630 0.65381100
v 1.06067958 1.24174325 0.66574040
v 1.04611647 1.24174325 0.66574040
v 1.16262133 1.67480428 0.80896857
v 1.06067958 1.67480428 0.80896857
v 1.06067958 1.71456734 0.83681095
v 1.16262133 1.71456734 0.83681095
v 1.16262133 1.62668775 0.79305527
v 1.06067958 1.62668775 0.79305527
v 1.06067958 1.66645123 0.82089797
v 1.16262133 1.66645123 0.82089797
v 1.16262133 1.58692376 0.76521222
v 1.06067958 1.58692376 0.76521222
v 1.17718443 1.63721555 0.86265086
v 1.17718443 1.66645123 0.82089797
v 1.17718443 1.70621429 0.84874035
v 1.17718443 1.67697861 0.89049324
v 1.16262133 1.59745207 0.83480816
v 1.16262133 1.62668775 0.79305527
v 1.16262133 1.66645123 0.82089797
v 1.16262133 1.63721555 0.86265086
v 1.16262133 1.55768805 0.80696511
v 1.16262133 1.58692376 0.76521222
v 1.17718443 1.60797984 0.90440376
v 1.17718443 1.63721555 0.86265086
v 1.17718443 1.67697861 0.89049324
v 1.17718443 1.64774290 0.93224613
v 1.16262133 1.56821639 0.87656108
v 1.16262133 1.60797984 0.90440376
v 1.16262133 1.52845237 0.84871800
v 1.06067958 1.60797984 0.90440376
v 1.16262133 1.60797984 0.90440376
v 1.06067958 1.56821639 0.87656108
v 1.16262133 1.56821639 0.87656108
v 1.06067958 1.52845237 0.84871800
v 1.16262133 1.52845237 0.84871800
v 1.06067958 1.59962679 0.91633315
v 1.06067958 1.60797984 0.90440376
v 1.06067958 1.64774290 0.93224613
v 1.06067958 1.63938985 0.94417553
v 1.06067958 1.55986332 0.88849048
v 1.06067958 1.56821639 0.87656108
v 1.06067958 1.52009932 0.86064740
v 1.06067958 1.52845237 0.84871800
v 1.04611647 1.59962679 0.91633315
v 1.06067958 1.59962679 0.91633315
v 1.06067958 1.63938985 0.94417553
v 1.04611647 1.63938985 0.94417553
v 1.04611647 1.55986332 0.88849048
v 1.06067958 1.55986332 0.88849048
v 1.04611647 1.52009932 0.86064740
v 1.06067958 1.52009932 0.86064740
v 1.04611647 1.60797984 0.90440376
v 1.04611647 1.59962679 0.91633315
v 1.04611647 1.63938985 0.94417553
v 1.04611647 1.64774290 0.93224613
v 1.04611647 1.56821639 0.87656108
v 1.04611647 1.55986332 0.88849048
v 1.04611647 1.52845237 0.84871800
v 1.04611647 1.52009932 0.86064740
v 1.04611647 1.63721555 0.86265086
v 1.04611647 1.67697861 0.89049324
v 1.04611647 1.59745207 0.83480816
v 1.04611647 1.55768805 0.80696511
v 1.04611647 1.66645123 0.82089797
v 1.04611647 1.70621429 0.84874035
v 1.04611647 1.62668775 0.79305527
v 1.04611647 1.58692376 0.76521222
v 1.04611647 1.67480428 0.80896857
v 1.04611647 1.71456734 0.83681095
v 1.04611647 1.63504082 0.78112587
v 1.04611647 1.59527681 0.75328282
v 1.06067958 1.67480428 0.80896857
v 1.04611647 1.67480428 0.80896857
v 1.04611647 1.71456734 0.83681095
v 1.06067958 1.71456734 0.83681095
v 1.06067958 1.63504082 0.78112587
v 1.04611647 1.63504082 0.78112587
v 1.06067958 1.59527681 0.75328282
v 1.04611647 1.59527681 0.75328282
v 1.06067958 1.66645123 0.82089797
v 1.06067958 1.67480428 0.80896857
v 1.06067958 1.71456734 0.83681095
v 1.06067958 1.70621429 0.84874035
v 1.06067958 1.62668775 0.79305527
v 1.06067958 1.63504082 0.78112587
v 1.06067958 1.58692376 0.76521222
v 1.06067958 1.59527681 0.75328282
v 1.16262133 1.46762792 0.68168038
v 1.06067958 1.46762792 0.68168038
v 1.16262133 1.42786446 0.65383770
v 1.06067958 1.42786446 0.65383770
v 1.16262133 1.38810044 0.62599465
v 1.06067958 1.38810044 0.62599465
v 1.16262133 1.34833564 0.59815104
v 1.06067958 1.34833564 0.59815104
v 1.16262133 1.43839223 0.72343327
v 1.16262133 1.46762792 0.68168038
v 1.16262133 1.39862875 0.69559060
v 1.16262133 1.42786446 0.65383770
v 1.16262133 1.35886476 0.66774754
v 1.16262133 1.38810044 0.62599465
v 1.16262133 1.31909996 0.63990393
v 1.16262133 1.34833564 0.59815104
v 1.16262133 1.40915653 0.76518617
v 1.16262133 1.36939307 0.73734349
v 1.16262133 1.32962906 0.70950044
v 1.16262133 1.28986428 0.68165682
v 1.06067958 1.40915653 0.76518617
v 1.16262133 1.40915653 0.76518617
v 1.06067958 1.36939307 0.73734349
v 1.16262133 1.36939307 0.73734349
v 1.06067958 1.32962906 0.70950044
v 1.16262133 1.32962906 0.70950044
v 1.06067958 1.40080348 0.77711556
v 1.06067958 1.40915653 0.76518617
v 1.06067958 1.36104000 0.74927289
v 1.06067958 1.36939307 0.73734349
v 1.06067958 1.32127601 0.72142983
v 1.06067958 1.32962906 0.70950044
v 1.04611647 1.40080348 0.77711556
v 1.06067958 1.40080348 0.77711556
v 1.04611647 1.36104000 0.74927289
v 1.06067958 1.36104000 0.74927289
v 1.04611647 1.32127601 0.72142983
v 1.06067958 1.32127601 0.72142983
v 1.04611647 1.40915653 0.76518617
v 1.04611647 1.40080348 0.77711556
v 1.04611647 1.36939307 0.73734349
v 1.04611647 1.36104000 0.74927289
v 1.04611647 1.32962906 0.70950044
v 1.04611647 1.32127601 0.72142983
v 1.04611647 1.43839223 0.72343327
v 1.04611647 1.39862875 0.69559060
v 1.04611647 1.35886476 0.66774754
v 1.04611647 1.46762792 0.68168038
v 1.04611647 1.42786446 0.65383770
v 1.04611647 1.38810044 0.62599465
v 1.04611647 1.47598096 0.66975098
v 1.04611647 1.43621751 0.64190830
v 1.04611647 1.39645349 0.61406525
v 1.06067958 1.47598096 0.66975098
v 1.04611647 1.47598096 0.66975098
v 1.06067958 1.43621751 0.64190830
v 1.04611647 1.43621751 0.64190830
v 1.06067958 1.39645349 0.61406525
v 1.04611647 1.39645349 0.61406525
v 1.06067958 1.46762792 0.68168038
v 1.06067958 1.47598096 0.66975098
v 1.06067958 1.42786446 0.65383770
v 1.06067958 1.43621751 0.64190830
v 1.06067958 1.38810044 0.62599465
v 1.06067958 1.39645349 0.61406525
v 1.06067958 1.70621429 0.84874035
v 1.06067958 1.71456734 0.83681095
v 1.06067958 1.67480428 0.80896857
v 1.06067958 1.66645123 0.82089797
v 1.06067958 1.66645123 0.82089797
v 1.06067958 1.67480428 0.80896857
v 1.16262133 1.67480428 0.80896857
v 1.16262133 1.66645123 0.82089797
v 1.17718443 1.66645123 0.82089797
v 1.17718443 1.67480428 0.80896857
v 1.17718443 1.71456734 0.83681095
v 1.17718443 1.70621429 0.84874035
v 1.16262133 1.70621429 0.84874035
v 1.16262133 1.71456734 0.83681095
v 1.06067958 1.71456734 0.83681095
v 1.06067958 1.70621429 0.84874035
v 1.16262133 1.70621429 0.84874035
v 1.17718443 1.70621429 0.84874035
v 1.17718443 1.66645123 0.82089797
v 1.16262133 1.66645123 0.82089797
v 1.16262133 1.66645123 0.82089797
v 1.17718443 1.66645123 0.82089797
v 1.17718443 1.63721555 0.86265086
v 1.16262133 1.63721555 0.86265086
v 1.16262133 1.63721555 0.86265086
v 1.17718443 1.63721555 0.86265086
v 1.17718443 1.67697861 0.89049324
v 1.16262133 1.67697861 0.89049324
v 1.16262133 1.67697861 0.89049324
v 1.17718443 1.67697861 0.89049324
v 1.17718443 1.70621429 0.84874035
v 1.16262133 1.70621429 0.84874035
v 1.16262133 1.67697861 0.89049324
v 1.17718443 1.67697861 0.89049324
v 1.17718443 1.63721555 0.86265086
v 1.16262133 1.63721555 0.86265086
v 1.16262133 1.63721555 0.86265086
v 1.17718443 1.63721555 0.86265086
v 1.17718443 1.60797984 0.90440376
v 1.16262133 1.60797984 0.90440376
v 1.17718443 1.60797984 0.90440376
v 1.17718443 1.64774290 0.93224613
v 1.16262133 1.64774290 0.93224613
v 1.17718443 1.64774290 0.93224613
v 1.17718443 1.67697861 0.89049324
v 1.16262133 1.67697861 0.89049324
v 1.17718443 1.71456734 0.83681095
v 1.17718443 1.67480428 0.80896857
v 1.17718443 1.67480428 0.80896857
v 1.17718443 1.66645123 0.82089797
v 1.16262133 1.66645123 0.82089797
v 1.17718443 1.66645123 0.82089797
v 1.17718443 1.70621429 0.84874035
v 1.16262133 1.70621429 0.84874035
v 1.17718443 1.70621429 0.84874035
v 1.17718443 1.71456734 0.83681095
v 1.17718443 1.30856768 0.57030521
v 1.17718443 1.31692073 0.55837582
v 1.17718443 1.35668871 0.58622164
v 1.17718443 1.34833564 0.59815104
v 1.16262133 1.34833564 0.59815104
v 1.16262133 1.35668871 0.58622164
v 1.06067958 1.35668871 0.58622164
v 1.06067958 1.34833564 0.59815104
v 1.06067958 1.34833564 0.59815104
v 1.06067958 1.35668871 0.58622164
v 1.06067958 1.31692073 0.55837582
v 1.06067958 1.30856768 0.57030521
v 1.06067958 1.30856768 0.57030521
v 1.06067958 1.31692073 0.55837582
v 1.16262133 1.31692073 0.55837582
v 1.16262133 1.30856768 0.57030521
v 1.16262133 1.27933198 0.61205811
v 1.17718443 1.27933198 0.61205811
v 1.17718443 1.31909996 0.63990393
v 1.16262133 1.31909996 0.63990393
v 1.16262133 1.31909996 0.63990393
v 1.17718443 1.31909996 0.63990393
v 1.17718443 1.34833564 0.59815104
v 1.16262133 1.34833564 0.59815104
v 1.16262133 1.34833564 0.59815104
v 1.17718443 1.34833564 0.59815104
v 1.17718443 1.30856768 0.57030521
v 1.16262133 1.30856768 0.57030521
v 1.16262133 1.30856768 0.57030521
v 1.17718443 1.30856768 0.57030521
v 1.17718443 1.27933198 0.61205811
v 1.16262133 1.27933198 0.61205811
v 1.17718443 1.25009630 0.65381100
v 1.17718443 1.28986428 0.68165682
v 1.16262133 1.28986428 0.68165682
v 1.17718443 1.28986428 0.68165682
v 1.17718443 1.31909996 0.63990393
v 1.16262133 1.31909996 0.63990393
v 1.16262133 1.31909996 0.63990393
v 1.17718443 1.31909996 0.63990393
v 1.17718443 1.27933198 0.61205811
v 1.16262133 1.27933198 0.61205811
v 1.16262133 1.27933198 0.61205811
v 1.17718443 1.27933198 0.61205811
v 1.17718443 1.25009630 0.65381100
v 1.16262133 1.25009630 0.65381100
v 1.17718443 1.35668871 0.58622164
v 1.17718443 1.31692073 0.55837582
v 1.17718443 1.31692073 0.55837582
v 1.17718443 1.30856768 0.57030521
v 1.16262133 1.30856768 0.57030521
v 1.17718443 1.30856768 0.57030521
v 1.17718443 1.34833564 0.59815104
v 1.16262133 1.34833564 0.59815104
v 1.17718443 1.34833564 0.59815104
v 1.17718443 1.35668871 0.58622164
v 1.16262133 1.10579267 0.25053791
v 1.06067958 1.10579267 0.25053791
v 1.06067958 1.02226211 0.36983189
v 1.16262133 1.02226211 0.36983189
v 1.06067958 0.99445161 0.17257606
v 1.16262133 0.99445161 0.17257606
v 1.16262133 0.91092106 0.29187003
v 1.06067958 0.91092106 0.29187003
v 1.16262133 1.09386329 0.24218486
v 1.30825239 1.09386329 0.24218486
v 1.30825239 0.99445161 0.17257606
v 1.16262133 0.99445161 0.17257606
v 1.16262133 1.01033274 0.36147884
v 1.30825239 1.01033274 0.36147884
v 1.30825239 1.09386329 0.24218486
v 1.16262133 1.09386329 0.24218486
v 1.16262133 0.91092106 0.29187003
v 1.30825239 0.91092106 0.29187003
v 1.30825239 1.01033274 0.36147884
v 1.16262133 1.01033274 0.36147884
v 1.16262133 0.99445161 0.17257606
v 1.30825239 0.99445161 0.17257606
v 1.30825239 0.91092106 0.29187003
v 1.16262133 0.91092106 0.29187003
v 1.16262133 2.07605041 0.92991967
v 1.16262133 1.99251986 1.04921367
v 1.06067958 1.99251986 1.04921367
v 1.16262133 2.18739147 1.00788153
v 1.06067958 2.18739147 1.00788153
v 1.06067958 2.10386091 1.12717550
v 1.16262133 2.10386091 1.12717550
v 1.16262133 2.18739147 1.00788153
v 1.30825239 2.18739147 1.00788153
v 1.30825239 2.08797979 0.93827272
v 1.16262133 2.08797979 0.93827272
v 1.30825239 2.10386091 1.12717550
v 1.30825239 2.18739147 1.00788153
v 1.16262133 2.00444923 1.05756672
v 1.30825239 2.00444923 1.05756672
v 1.30825239 2.10386091 1.12717550
v 1.16262133 2.10386091 1.12717550
v 1.16262133 2.08797979 0.93827272
v 1.30825239 2.08797979 0.93827272
v 1.30825239 2.00444923 1.05756672
v 1.16262133 2.00444923 1.05756672
v 1.06067958 0.99445161 0.17257606
v 0.96601939 0.99445161 0.17257606
v 0.96601939 1.09386329 0.24218486
v 1.06067958 1.09386329 0.24218486
v 0.96601939 0.91092106 0.29187003
v 0.96601939 0.99445161 0.17257606
v 1.06067958 1.01033274 0.36147884
v 0.96601939 1.01033274 0.36147884
v 0.96601939 0.91092106 0.29187003
v 1.06067958 0.91092106 0.29187003
v 1.06067958 1.09386329 0.24218486
v 0.96601939 1.09386329 0.24218486
v 0.96601939 1.01033274 0.36147884
v 1.06067958 1.01033274 0.36147884
v 1.06067958 2.08797979 0.93827272
v 0.96601939 2.08797979 0.93827272
v 0.96601939 2.18739147 1.00788153
v 1.06067958 2.18739147 1.00788153
v 1.06067958 2.00444923 1.05756672
v 0.96601939 2.00444923 1.05756672
v 0.96601939 2.08797979 0.93827272
v 1.06067958 2.08797979 0.93827272
v 1.06067958 2.10386091 1.12717550
v 0.96601939 2.10386091 1.12717550
v 0.96601939 2.00444923 1.05756672
v 1.06067958 2.00444923 1.05756672
v 1.06067958 2.18739147 1.00788153
v 0.96601939 2.18739147 1.00788153
v 0.96601939 2.10386091 1.12717550
v 1.06067958 2.10386091 1.12717550
v 1.06067958 1.11414571 0.23860851
v 1.16262133 1.11414571 0.23860851
v 1.16262133 1.10221634 0.23025546
v 1.06067958 1.10221634 0.23025546
v 1.06067958 1.02226211 0.36983189
v 1.06067958 1.10579267 0.25053791
v 1.06067958 1.09386329 0.24218486
v 1.06067958 1.01033274 0.36147884
v 1.16262133 1.10579267 0.25053791
v 1.16262133 1.02226211 0.36983189
v 1.16262133 1.01033274 0.36147884
v 1.16262133 1.09386329 0.24218486
v 1.16262133 1.10221634 0.23025546
v 1.06067958 1.10221634 0.23025546
v 1.06067958 1.09386329 0.24218486
v 1.16262133 1.09386329 0.24218486
v 1.16262133 1.00280466 0.16064666
v 1.16262133 1.10221634 0.23025546
v 1.16262133 1.09386329 0.24218486
v 1.16262133 0.99445161 0.17257606
v 1.06067958 1.00280466 0.16064666
v 1.16262133 1.00280466 0.16064666
v 1.06067958 1.10221634 0.23025546
v 1.06067958 1.00280466 0.16064666
v 1.06067958 0.99445161 0.17257606
v 1.06067958 1.09386329 0.24218486
v 1.16262133 1.11414571 0.23860851
v 1.06067958 1.11414571 0.23860851
v 1.16262133 1.10221634 0.23025546
v 1.16262133 1.11414571 0.23860851
v 1.06067958 1.10221634 0.23025546
v 1.16262133 1.10221634 0.23025546
v 1.16262133 1.09386329 0.24218486
v 1.06067958 1.09386329 0.24218486
v 1.06067958 1.11414571 0.23860851
v 1.06067958 1.10221634 0.23025546
v 1.06067958 2.08440346 0.91799027
v 1.16262133 2.08440346 0.91799027
v 1.16262133 2.07605041 0.92991967
v 1.06067958 2.07605041 0.92991967
v 1.16262133 2.19574452 0.99595213
v 1.06067958 2.19574452 0.99595213
v 1.16262133 2.09633284 0.92634332
v 1.16262133 2.19574452 0.99595213
v 1.16262133 2.18739147 1.00788153
v 1.16262133 2.08797979 0.93827272
v 1.16262133 1.99251986 1.04921367
v 1.16262133 2.07605041 0.92991967
v 1.16262133 2.08797979 0.93827272
v 1.16262133 2.00444923 1.05756672
v 1.06067958 2.07605041 0.92991967
v 1.06067958 1.99251986 1.04921367
v 1.06067958 2.00444923 1.05756672
v 1.06067958 2.08797979 0.93827272
v 1.16262133 2.08440346 0.91799027
v 1.06067958 2.08440346 0.91799027
v 1.16262133 2.07605041 0.92991967
v 1.16262133 2.08440346 0.91799027
v 1.06067958 2.07605041 0.92991967
v 1.16262133 2.07605041 0.92991967
v 1.16262133 2.08797979 0.93827272
v 1.06067958 2.08797979 0.93827272
v 1.06067958 2.08440346 0.91799027
v 1.06067958 2.07605041 0.92991967
v 1.06067958 2.08797979 0.93827272
v 1.06067958 2.09633284 0.92634332
v -0.07524269 1.09386329 0.24218486
v 0.01941746 1.09386329 0.24218486
v 0.01941746 0.99445161 0.17257606
v -0.07524269 0.99445161 0.17257606
v 0.01941746 1.10221634 0.23025546
v 0.11407768 1.10221634 0.23025546
v 0.11407768 1.00280466 0.16064666
v 0.01941746 1.00280466 0.16064666
v 0.12317962 1.16089396 0.09355925
v 0.17050967 1.16089396 0.09355925
v 0.17050967 1.11118815 0.05875487
v 0.12317962 1.11118815 0.05875487
v 0.20873787 1.09386329 0.24218486
v 0.30339801 1.09386329 0.24218486
v 0.30339801 0.99445161 0.17257606
v 0.20873787 0.99445161 0.17257606
v 0.39805821 1.09386329 0.24218486
v 0.39805821 0.99445161 0.17257606
v 0.49271842 1.09386329 0.24218486
v 0.49271842 0.99445161 0.17257606
v 0.58737864 1.09386329 0.24218486
v 0.58737864 0.99445161 0.17257606
v 0.68203881 1.09386329 0.24218486
v 0.68203881 0.99445161 0.17257606
v 0.77669900 1.09386329 0.24218486
v 0.77669900 0.99445161 0.17257606
v 0.82108008 1.15443218 0.08903469
v 0.85610433 1.15443218 0.08903469
v 0.85610433 1.11764985 0.06327943
v 0.82108008 1.11764985 0.06327943
v 0.87135919 1.10221634 0.23025546
v 0.96601939 1.10221634 0.23025546
v 0.96601939 1.00280466 0.16064666
v 0.87135919 1.00280466 0.16064666
v -0.07524269 0.99445161 0.17257606
v 0.01941746 0.99445161 0.17257606
v 0.01941746 0.91092106 0.29187003
v -0.07524269 0.91092106 0.29187003
v 0.11407768 0.99445161 0.17257606
v 0.11407768 0.91092106 0.29187003
v 0.20873787 0.99445161 0.17257606
v 0.30339801 0.99445161 0.17257606
v 0.30339801 0.91092106 0.29187003
v 0.20873787 0.91092106 0.29187003
v 0.39805821 0.99445161 0.17257606
v 0.39805821 0.91092106 0.29187003
v 0.49271842 0.99445161 0.17257606
v 0.49271842 0.91092106 0.29187003
v 0.58737864 0.99445161 0.17257606
v 0.58737864 0.91092106 0.29187003
v 0.68203881 0.99445161 0.17257606
v 0.68203881 0.91092106 0.29187003
v 0.77669900 0.99445161 0.17257606
v 0.77669900 0.91092106 0.29187003
v 0.87135919 0.99445161 0.17257606
v 0.87135919 0.91092106 0.29187003
v -0.07524269 0.91092106 0.29187003
v 0.01941746 0.91092106 0.29187003
v 0.01941746 1.01033274 0.36147884
v -0.07524269 1.01033274 0.36147884
v 0.11407768 0.91092106 0.29187003
v 0.11407768 1.01033274 0.36147884
v 0.20873787 0.91092106 0.29187003
v 0.20873787 1.01033274 0.36147884
v 0.30339801 0.91092106 0.29187003
v 0.30339801 1.01033274 0.36147884
v 0.39805821 0.91092106 0.29187003
v 0.39805821 1.01033274 0.36147884
v 0.49271842 0.91092106 0.29187003
v 0.49271842 1.01033274 0.36147884
v 0.58737864 0.91092106 0.29187003
v 0.58737864 1.01033274 0.36147884
v 0.68203881 0.91092106 0.29187003
v 0.68203881 1.01033274 0.36147884
v 0.77669900 0.91092106 0.29187003
v 0.77669900 1.01033274 0.36147884
v -0.07524269 1.01033274 0.36147884
v 0.01941746 1.01033274 0.36147884
v 0.01941746 1.09386329 0.24218486
v -0.07524269 1.09386329 0.24218486
v 0.20873787 1.01033274 0.36147884
v 0.30339801 1.01033274 0.36147884
v 0.30339801 1.09386329 0.24218486
v 0.20873787 1.09386329 0.24218486
v 0.39805821 1.01033274 0.36147884
v 0.39805821 1.09386329 0.24218486
v 0.49271842 1.01033274 0.36147884
v 0.49271842 1.09386329 0.24218486
v 0.58737864 1.01033274 0.36147884
v 0.58737864 1.09386329 0.24218486
v 0.68203881 1.01033274 0.36147884
v 0.68203881 1.09386329 0.24218486
v 0.77669900 1.01033274 0.36147884
v 0.77669900 1.09386329 0.24218486
v 0.87135919 1.01033274 0.36147884
v 0.87135919 1.09386329 0.24218486
v 0.11407768 1.10221634 0.23025546
v 0.01941746 1.10221634 0.23025546
v 0.11407768 1.09386329 0.24218486
v 0.01941746 1.00280466 0.16064666
v 0.11407768 1.00280466 0.16064666
v 0.01941746 1.10221634 0.23025546
v 0.01941746 1.00280466 0.16064666
v 0.01941746 0.99445161 0.17257606
v 0.01941746 1.09386329 0.24218486
v 0.96601939 1.10221634 0.23025546
v 0.87135919 1.10221634 0.23025546
v 0.96601939 1.00280466 0.16064666
v 0.96601939 1.10221634 0.23025546
v 0.96601939 1.09386329 0.24218486
v 0.96601939 0.99445161 0.17257606
v 0.87135919 1.00280466 0.16064666
v 0.96601939 1.00280466 0.16064666
v 0.82108008 1.06254858 0.22025807
v 0.82108008 1.02576625 0.19450280
v 0.85609706 1.10221634 0.23025546
v 0.85609706 1.00280466 0.16064666
v 0.85609706 0.99445161 0.17257606
v 0.85609706 1.09386329 0.24218486
v 0.85610433 2.69690093 1.18686120
v 0.82108008 2.69690093 1.18686120
v 0.82108008 2.61337040 1.30615518
v 0.85610433 2.61337040 1.30615518
v 0.85610433 1.10929678 0.07520883
v 0.85610433 1.14607911 0.10096409
v 0.85610433 1.06254858 0.22025807
v 0.85610433 1.02576625 0.19450280
v 0.82108008 0.51282687 -0.34244390
v 0.85610433 0.51282687 -0.34244390
v 0.85610433 0.42929634 -0.22314992
v 0.82108008 0.42929634 -0.22314992
v 0.85610433 0.52117994 -0.35437332
v 0.82108008 0.52117994 -0.35437332
v 0.85610433 0.42929634 -0.22314992
v 0.85610433 0.51282687 -0.34244390
v 0.82108008 0.42929634 -0.22314992
v 0.85610433 0.42929634 -0.22314992
v 0.85610433 1.02576625 0.19450280
v 0.82108008 1.02576625 0.19450280
v 0.82108008 0.51282687 -0.34244390
v 0.82108008 0.42929634 -0.22314992
v 0.82108008 1.02576625 0.19450280
v 0.82108008 1.10929678 0.07520883
v 0.82108008 2.70525400 1.17493180
v 0.85610433 2.70525400 1.17493180
v 0.82108008 2.61337040 1.30615518
v 0.82108008 2.69690093 1.18686120
v 0.82108008 1.14607911 0.10096409
v 0.82108008 1.06254858 0.22025807
v 0.85610433 2.61337040 1.30615518
v 0.82108008 2.61337040 1.30615518
v 0.82108008 1.06254858 0.22025807
v 0.85610433 1.06254858 0.22025807
v 0.85610433 2.69690093 1.18686120
v 0.85610433 2.61337040 1.30615518
v 0.85609706 1.07798214 0.05328208
v 0.85609706 1.17739382 0.12289088
v 0.87135919 1.17739382 0.12289088
v 0.87135919 1.07798214 0.05328208
v 0.85609706 0.99445161 0.17257606
v 0.85609706 1.00280466 0.16064666
v 0.87135919 1.00280466 0.16064666
v 0.87135919 0.99445161 0.17257606
v 0.85609706 1.10221634 0.23025546
v 0.85609706 1.09386329 0.24218486
v 0.87135919 1.09386329 0.24218486
v 0.87135919 1.10221634 0.23025546
v 0.85609706 1.17739382 0.12289088
v 0.85609706 1.07798214 0.05328208
v 0.85609706 1.00280466 0.16064666
v 0.85609706 1.10221634 0.23025546
v 0.87135919 1.17739382 0.12289088
v 0.85609706 1.17739382 0.12289088
v 0.85609706 1.10221634 0.23025546
v 0.87135919 1.10221634 0.23025546
v 0.87135919 1.07798214 0.05328208
v 0.87135919 1.17739382 0.12289088
v 0.87135919 1.10221634 0.23025546
v 0.87135919 1.00280466 0.16064666
v 0.85609706 1.07798214 0.05328208
v 0.87135919 1.07798214 0.05328208
v 0.87135919 1.00280466 0.16064666
v 0.85609706 1.00280466 0.16064666
v -0.07524269 2.18739147 1.00788153
v 0.01941746 2.18739147 1.00788153
v 0.01941746 2.08797979 0.93827272
v -0.07524269 2.08797979 0.93827272
v 0.01941746 2.19574452 0.99595213
v 0.11407768 2.19574452 0.99595213
v 0.11407768 2.09633284 0.92634332
v 0.01941746 2.09633284 0.92634332
v 0.20873787 2.18739147 1.00788153
v 0.30339801 2.18739147 1.00788153
v 0.30339801 2.08797979 0.93827272
v 0.20873787 2.08797979 0.93827272
v 0.39805821 2.18739147 1.00788153
v 0.39805821 2.08797979 0.93827272
v 0.49271842 2.18739147 1.00788153
v 0.49271842 2.08797979 0.93827272
v 0.58737864 2.18739147 1.00788153
v 0.58737864 2.08797979 0.93827272
v 0.68203881 2.18739147 1.00788153
v 0.68203881 2.08797979 0.93827272
v 0.77669900 2.18739147 1.00788153
v 0.77669900 2.08797979 0.93827272
v 0.87135919 2.19574452 0.99595213
v 0.96601939 2.19574452 0.99595213
v 0.96601939 2.09633284 0.92634332
v 0.87135919 2.09633284 0.92634332
v -0.07524269 2.08797979 0.93827272
v 0.01941746 2.08797979 0.93827272
v 0.01941746 2.00444923 1.05756672
v -0.07524269 2.00444923 1.05756672
v 0.11407768 2.08797979 0.93827272
v 0.11407768 2.00444923 1.05756672
v 0.20873787 2.08797979 0.93827272
v 0.30339801 2.08797979 0.93827272
v 0.30339801 2.00444923 1.05756672
v 0.20873787 2.00444923 1.05756672
v 0.39805821 2.08797979 0.93827272
v 0.39805821 2.00444923 1.05756672
v 0.49271842 2.08797979 0.93827272
v 0.49271842 2.00444923 1.05756672
v 0.58737864 2.08797979 0.93827272
v 0.58737864 2.00444923 1.05756672
v 0.68203881 2.08797979 0.93827272
v 0.68203881 2.00444923 1.05756672
v 0.77669900 2.08797979 0.93827272
v 0.77669900 2.00444923 1.05756672
v 0.87135919 2.08797979 0.93827272
v 0.87135919 2.00444923 1.05756672
v -0.07524269 2.00444923 1.05756672
v 0.01941746 2.00444923 1.05756672
v 0.01941746 2.10386091 1.12717550
v -0.07524269 2.10386091 1.12717550
v 0.11407768 2.00444923 1.05756672
v 0.11407768 2.10386091 1.12717550
v 0.20873787 2.00444923 1.05756672
v 0.20873787 2.10386091 1.12717550
v 0.30339801 2.00444923 1.05756672
v 0.30339801 2.10386091 1.12717550
v 0.39805821 2.00444923 1.05756672
v 0.39805821 2.10386091 1.12717550
v 0.49271842 2.00444923 1.05756672
v 0.49271842 2.10386091 1.12717550
v 0.58737864 2.00444923 1.05756672
v 0.58737864 2.10386091 1.12717550
v 0.68203881 2.00444923 1.05756672
v 0.68203881 2.10386091 1.12717550
v 0.77669900 2.00444923 1.05756672
v 0.77669900 2.10386091 1.12717550
v 0.87135919 2.00444923 1.05756672
v 0.87135919 2.10386091 1.12717550
v -0.07524269 2.10386091 1.12717550
v 0.01941746 2.10386091 1.12717550
v 0.01941746 2.18739147 1.00788153
v -0.07524269 2.18739147 1.00788153
v 0.11407768 2.10386091 1.12717550
v 0.11407768 2.18739147 1.00788153
v 0.20873787 2.10386091 1.12717550
v 0.30339801 2.10386091 1.12717550
v 0.30339801 2.18739147 1.00788153
v 0.20873787 2.18739147 1.00788153
v 0.39805821 2.10386091 1.12717550
v 0.39805821 2.18739147 1.00788153
v 0.49271842 2.10386091 1.12717550
v 0.49271842 2.18739147 1.00788153
v 0.58737864 2.10386091 1.12717550
v 0.58737864 2.18739147 1.00788153
v 0.68203881 2.10386091 1.12717550
v 0.68203881 2.18739147 1.00788153
v 0.77669900 2.10386091 1.12717550
v 0.77669900 2.18739147 1.00788153
v 0.87135919 2.10386091 1.12717550
v 0.87135919 2.18739147 1.00788153
v 0.96601939 2.19574452 0.99595213
v 0.87135919 2.19574452 0.99595213
v 0.96601939 2.09633284 0.92634332
v 0.96601939 2.19574452 0.99595213
v 0.96601939 2.18739147 1.00788153
v 0.96601939 2.08797979 0.93827272
v 0.87135919 2.09633284 0.92634332
v 0.96601939 2.09633284 0.92634332
v 0.85609706 2.19574452 0.99595213
v 0.85609706 2.09633284 0.92634332
v 0.85609706 2.08797979 0.93827272
v 0.85609706 2.18739147 1.00788153
v 0.85609706 2.17151032 0.81897874
v 0.85609706 2.27092200 0.88858755
v 0.87135919 2.27092200 0.88858755
v 0.87135919 2.17151032 0.81897874
v 0.85609706 2.08797979 0.93827272
v 0.85609706 2.09633284 0.92634332
v 0.87135919 2.09633284 0.92634332
v 0.87135919 2.08797979 0.93827272
v 0.85609706 2.18739147 1.00788153
v 0.85609706 2.08797979 0.93827272
v 0.87135919 2.08797979 0.93827272
v 0.87135919 2.18739147 1.00788153
v 0.85609706 2.19574452 0.99595213
v 0.85609706 2.18739147 1.00788153
v 0.87135919 2.18739147 1.00788153
v 0.87135919 2.19574452 0.99595213
v 0.85609706 2.27092200 0.88858755
v 0.85609706 2.17151032 0.81897874
v 0.87135919 2.27092200 0.88858755
v 0.85609706 2.27092200 0.88858755
v 0.87135919 2.17151032 0.81897874
v 0.87135919 2.27092200 0.88858755
v 0.87135919 2.19574452 0.99595213
v 0.87135919 2.09633284 0.92634332
v 0.85609706 2.17151032 0.81897874
v 0.87135919 2.17151032 0.81897874
v 0.85610433 2.70525400 1.17493180
v 0.82108008 2.70525400 1.17493180
v 0.87066746 1.15443218 0.08903469
v 0.87066746 2.70525400 1.17493180
v 0.87066746 2.69690093 1.18686120
v 0.87066746 1.14607911 0.10096409
v 0.82108008 2.70525400 1.17493180
v 0.82108008 1.15443218 0.08903469
v 0.87066746 1.11764985 0.06327943
v 0.87066746 1.10929678 0.07520883
v 0.82108008 1.11764985 0.06327943
v 0.82108008 0.52117994 -0.35437332
v 0.85610433 0.52117994 -0.35437332
v 0.82108008 0.52117994 -0.35437332
v 0.87066746 0.52117994 -0.35437332
v 0.87066746 0.51282687 -0.34244390
v 0.87066746 2.70525400 1.17493180
v 0.87066746 1.15443218 0.08903469
v 0.87066746 2.69690093 1.18686120
v 0.87066746 2.70525400 1.17493180
v 0.87066746 1.14607911 0.10096409
v 0.87066746 2.69690093 1.18686120
v 0.85610433 2.69690093 1.18686120
v 0.85610433 1.14607911 0.10096409
v 0.87066746 1.11764985 0.06327943
v 0.87066746 1.10929678 0.07520883
v 0.85610433 1.10929678 0.07520883
v 0.87066746 0.52117994 -0.35437332
v 0.87066746 0.51282687 -0.34244390
v 0.85610433 0.51282687 -0.34244390
v 0.87066746 0.52117994 -0.35437332
v 0.87066746 0.51282687 -0.34244390
v 1.16262133 2.00444923 1.05756672
v 1.06067958 2.00444923 1.05756672
v 1.06067958 2.10386091 1.12717550
v 1.16262133 2.10386091 1.12717550
v 1.16262133 1.01033274 0.36147884
v 1.06067958 1.01033274 0.36147884
v 1.16262133 0.91092106 0.29187003
v 1.06067958 0.91092106 0.29187003
v 1.06067958 2.19574452 0.99595213
v 1.06067958 2.18739147 1.00788153
v 0.17050967 2.70336271 1.19138578
v 0.12317962 2.70336271 1.19138578
v 0.12317962 2.61983215 1.31067976
v 0.17050967 2.61983215 1.31067976
v 0.17050967 1.10283507 0.07068429
v 0.17050967 1.15254089 0.10548867
v 0.17050967 1.06901036 0.22478265
v 0.17050967 1.01930454 0.18997827
v 0.12317962 0.50636509 -0.34696848
v 0.17050967 0.50636509 -0.34696848
v 0.17050967 0.42283456 -0.22767450
v 0.12317962 0.42283456 -0.22767450
v 0.17050967 0.51471816 -0.35889790
v 0.12317962 0.51471816 -0.35889790
v 0.17050967 0.42283456 -0.22767450
v 0.17050967 0.50636509 -0.34696848
v 0.12317962 0.42283456 -0.22767450
v 0.17050967 0.42283456 -0.22767450
v 0.17050967 1.01930454 0.18997827
v 0.12317962 1.01930454 0.18997827
v 0.12317962 0.50636509 -0.34696848
v 0.12317962 0.42283456 -0.22767450
v 0.12317962 1.01930454 0.18997827
v 0.12317962 1.10283507 0.07068429
v 0.12317962 2.71171576 1.17945636
v 0.17050967 2.71171576 1.17945636
v 0.17050967 2.70336271 1.19138578
v 0.17050967 2.61983215 1.31067976
v 0.12317962 1.17739382 0.12289088
v 0.12317962 1.07798214 0.05328208
v 0.11407768 1.07798214 0.05328208
v 0.11407768 1.17739382 0.12289088
v 0.12317962 1.09386329 0.24218486
v 0.12317962 1.10221634 0.23025546
v 0.12317962 1.00280466 0.16064666
v 0.12317962 0.99445161 0.17257606
v 0.11407768 1.07798214 0.05328208
v 0.12317962 1.07798214 0.05328208
v 0.11407768 1.17739382 0.12289088
v 0.11407768 1.07798214 0.05328208
v 0.11407768 1.00280466 0.16064666
v 0.11407768 1.10221634 0.23025546
v 0.12317962 1.17739382 0.12289088
v 0.11407768 1.17739382 0.12289088
v 0.11407768 2.19574452 0.99595213
v 0.01941746 2.19574452 0.99595213
v 0.01941746 2.09633284 0.92634332
v 0.11407768 2.09633284 0.92634332
v 0.01941746 2.19574452 0.99595213
v 0.01941746 2.09633284 0.92634332
v 0.01941746 2.08797979 0.93827272
v 0.01941746 2.18739147 1.00788153
v 0.12317962 2.27092200 0.88858755
v 0.12317962 2.17151032 0.81897874
v 0.11407768 2.17151032 0.81897874
v 0.11407768 2.27092200 0.88858755
v 0.12317962 2.18739147 1.00788153
v 0.12317962 2.19574452 0.99595213
v 0.12317962 2.09633284 0.92634332
v 0.12317962 2.08797979 0.93827272
v 0.11407768 2.17151032 0.81897874
v 0.12317962 2.17151032 0.81897874
v 0.11407768 2.27092200 0.88858755
v 0.11407768 2.17151032 0.81897874
v 0.11407768 2.09633284 0.92634332
v 0.11407768 2.19574452 0.99595213
v 0.12317962 2.27092200 0.88858755
v 0.11407768 2.27092200 0.88858755
v 0.17050967 2.71171576 1.17945636
v 0.12317962 2.71171576 1.17945636
v 0.17050967 1.16089396 0.09355925
v 0.17050967 2.71171576 1.17945636
v 0.10861651 2.71171576 1.17945636
v 0.10861651 1.16089396 0.09355925
v 0.10861651 1.15254089 0.10548867
v 0.10861651 2.70336271 1.19138578
v 0.17050967 1.11118815 0.05875487
v 0.10861651 1.11118815 0.05875487
v 0.10861651 1.10283507 0.07068429
v 0.12317962 0.51471816 -0.35889790
v 0.17050967 0.51471816 -0.35889790
v 0.10861651 0.51471816 -0.35889790
v 0.10861651 0.50636509 -0.34696848
v 0.17050967 0.51471816 -0.35889790
v 0.10861651 0.51471816 -0.35889790
v 0.10861651 1.11118815 0.05875487
v 0.10861651 0.50636509 -0.34696848
v 0.10861651 0.51471816 -0.35889790
v 0.10861651 1.10283507 0.07068429
v 0.10861651 0.50636509 -0.34696848
v 0.12317962 0.50636509 -0.34696848
v 0.12317962 1.10283507 0.07068429
v 0.10861651 1.16089396 0.09355925
v 0.10861651 2.71171576 1.17945636
v 0.10861651 2.70336271 1.19138578
v 0.10861651 1.15254089 0.10548867
v 0.12317962 1.15254089 0.10548867
v 0.12317962 2.70336271 1.19138578
v 0.10861651 2.71171576 1.17945636
v 0.10861651 2.70336271 1.19138578
v 1.69417472 1.11118815 0.05875487
v 1.62135918 1.11118815 0.05875487
v 1.62135918 1.16089396 0.09355925
v 1.69417472 1.16089396 0.09355925
v 1.59951450 1.00280466 0.16064666
v 1.45388343 1.00280466 0.16064666
v 1.45388343 1.10221634 0.23025546
v 1.59951450 1.10221634 0.23025546
v 1.45388343 0.99445161 0.17257606
v 1.45388343 1.09386329 0.24218486
v 1.74514557 1.09386329 0.24218486
v 1.59951450 1.09386329 0.24218486
v 1.59951450 1.01033274 0.36147884
v 1.74514557 1.01033274 0.36147884
v 1.45388343 1.09386329 0.24218486
v 1.45388343 1.01033274 0.36147884
v 1.74514557 1.01033274 0.36147884
v 1.59951450 1.01033274 0.36147884
v 1.59951450 0.91092106 0.29187003
v 1.74514557 0.91092106 0.29187003
v 1.45388343 1.01033274 0.36147884
v 1.45388343 0.91092106 0.29187003
v 1.74514557 0.91092106 0.29187003
v 1.59951450 0.91092106 0.29187003
v 1.59951450 0.99445161 0.17257606
v 1.74514557 0.99445161 0.17257606
v 1.45388343 0.91092106 0.29187003
v 1.45388343 0.99445161 0.17257606
v 1.62135918 0.50636509 -0.34696848
v 1.69417472 0.50636509 -0.34696848
v 1.69417472 0.42283456 -0.22767450
v 1.62135918 0.42283456 -0.22767450
v 1.62135918 1.15254089 0.10548867
v 1.62135918 1.10283507 0.07068429
v 1.62135918 1.01930454 0.18997827
v 1.62135918 1.06901036 0.22478265
v 1.69417472 2.70336271 1.19138578
v 1.62135918 2.70336271 1.19138578
v 1.62135918 2.61983215 1.31067976
v 1.69417472 2.61983215 1.31067976
v 1.69417472 1.10283507 0.07068429
v 1.69417472 1.15254089 0.10548867
v 1.69417472 1.06901036 0.22478265
v 1.69417472 1.01930454 0.18997827
v 1.69417472 1.06065729 0.23671205
v 1.69417472 1.08570902 0.25425346
v 1.62135918 1.08570902 0.25425346
v 1.62135918 1.06065729 0.23671205
v 1.69417472 1.17759263 0.12303008
v 1.69417472 1.09406210 0.24232406
v 1.69417472 0.99425281 0.17243686
v 1.69417472 1.07778334 0.05314288
v 1.62135918 1.01095149 0.20190767
v 1.62135918 0.98589974 0.18436625
v 1.69417472 0.98589974 0.18436625
v 1.69417472 1.01095149 0.20190767
v 1.60679610 1.16089396 0.09355925
v 1.60679610 1.11118815 0.05875487
v 1.60679610 1.10283507 0.07068429
v 1.60679610 1.15254089 0.10548867
v 1.69417472 1.11118815 0.05875487
v 1.69417472 1.16089396 0.09355925
v 1.62135918 0.51471816 -0.35889790
v 1.69417472 0.51471816 -0.35889790
v 1.60679610 1.08613641 0.04121346
v 1.60679610 1.07778334 0.05314288
v 1.69417472 1.08613641 0.04121346
v 1.69417472 2.71171576 1.17945636
v 1.62135918 2.71171576 1.17945636
v 1.69417472 1.18594570 0.11110069
v 1.60679610 1.17759263 0.12303008
v 1.60679610 1.18594570 0.11110069
v 1.62135918 1.08613641 0.04121346
v 1.60679610 1.08613641 0.04121346
v 1.60679610 1.11118815 0.05875487
v 1.60679610 0.50636509 -0.34696848
v 1.60679610 0.51471816 -0.35889790
v 1.60679610 1.10283507 0.07068429
v 1.60679610 1.07778334 0.05314288
v 1.62135918 1.07778334 0.05314288
v 1.62135918 1.10283507 0.07068429
v 1.60679610 1.16089396 0.09355925
v 1.60679610 1.15254089 0.10548867
v 1.62135918 1.15254089 0.10548867
v 1.60679610 1.18594570 0.11110069
v 1.62135918 1.18594570 0.11110069
v 1.62135918 1.17759263 0.12303008
v 1.60679610 1.17759263 0.12303008
v 1.60679610 2.71171576 1.17945636
v 1.60679610 2.70336271 1.19138578
v 1.45388343 1.00280466 0.16064666
v 1.59951450 1.00280466 0.16064666
v 1.45388343 1.10221634 0.23025546
v 1.45388343 1.00280466 0.16064666
v 1.45388343 0.99445161 0.17257606
v 1.45388343 1.09386329 0.24218486
v 1.59951450 1.10221634 0.23025546
v 1.45388343 1.10221634 0.23025546
v 1.62135918 1.00280466 0.16064666
v 1.62135918 1.10221634 0.23025546
v 1.62135918 1.09386329 0.24218486
v 1.62135918 0.99445161 0.17257606
v 1.69417472 1.08613641 0.04121346
v 1.62135918 1.07778334 0.05314288
v 1.62135918 0.99425281 0.17243686
v 1.62135918 1.17739382 0.12289088
v 1.62135918 1.07798214 0.05328208
v 1.59951450 1.07798214 0.05328208
v 1.59951450 1.17739382 0.12289088
v 1.62135918 1.09386329 0.24218486
v 1.62135918 1.10221634 0.23025546
v 1.59951450 1.10221634 0.23025546
v 1.59951450 1.09386329 0.24218486
v 1.62135918 0.98609854 0.18450545
v 1.62135918 1.08551022 0.25411426
v 1.59951450 1.08551022 0.25411426
v 1.59951450 0.98609854 0.18450545
v 1.62135918 1.00280466 0.16064666
v 1.62135918 0.99445161 0.17257606
v 1.59951450 0.99445161 0.17257606
v 1.59951450 1.00280466 0.16064666
v 1.62135918 1.07798214 0.05328208
v 1.62135918 1.17739382 0.12289088
v 1.59951450 1.07798214 0.05328208
v 1.62135918 1.07798214 0.05328208
v 1.59951450 1.17739382 0.12289088
v 1.59951450 1.07798214 0.05328208
v 1.59951450 1.00280466 0.16064666
v 1.59951450 1.10221634 0.23025546
v 1.62135918 1.17739382 0.12289088
v 1.59951450 1.17739382 0.12289088
v 1.59951450 2.09633284 0.92634332
v 1.45388343 2.09633284 0.92634332
v 1.45388343 2.19574452 0.99595213
v 1.59951450 2.19574452 0.99595213
v 1.45388343 2.08797979 0.93827272
v 1.45388343 2.18739147 1.00788153
v 1.74514557 2.18739147 1.00788153
v 1.59951450 2.18739147 1.00788153
v 1.59951450 2.10386091 1.12717550
v 1.74514557 2.10386091 1.12717550
v 1.45388343 2.18739147 1.00788153
v 1.45388343 2.10386091 1.12717550
v 1.74514557 2.10386091 1.12717550
v 1.59951450 2.10386091 1.12717550
v 1.59951450 2.00444923 1.05756672
v 1.74514557 2.00444923 1.05756672
v 1.45388343 2.10386091 1.12717550
v 1.45388343 2.00444923 1.05756672
v 1.59951450 2.00444923 1.05756672
v 1.45388343 2.00444923 1.05756672
v 1.45388343 2.08797979 0.93827272
v 1.59951450 2.08797979 0.93827272
v 1.45388343 2.09633284 0.92634332
v 1.59951450 2.09633284 0.92634332
v 1.45388343 2.19574452 0.99595213
v 1.45388343 2.09633284 0.92634332
v 1.45388343 2.08797979 0.93827272
v 1.45388343 2.18739147 1.00788153
v 1.59951450 2.19574452 0.99595213
v 1.45388343 2.19574452 0.99595213
v 1.62135918 2.09633284 0.92634332
v 1.62135918 2.19574452 0.99595213
v 1.62135918 2.18739147 1.00788153
v 1.62135918 2.08797979 0.93827272
v 1.62135918 1.09406210 0.24232406
v 1.62135918 1.17759263 0.12303008
v 1.69417472 1.18594570 0.11110069
v 1.62135918 2.27092200 0.88858755
v 1.62135918 2.17151032 0.81897874
v 1.59951450 2.17151032 0.81897874
v 1.59951450 2.27092200 0.88858755
v 1.62135918 2.18739147 1.00788153
v 1.62135918 2.19574452 0.99595213
v 1.59951450 2.19574452 0.99595213
v 1.59951450 2.18739147 1.00788153
v 1.62135918 2.08797979 0.93827272
v 1.62135918 2.18739147 1.00788153
v 1.59951450 2.18739147 1.00788153
v 1.59951450 2.08797979 0.93827272
v 1.62135918 2.09633284 0.92634332
v 1.62135918 2.08797979 0.93827272
v 1.59951450 2.08797979 0.93827272
v 1.59951450 2.09633284 0.92634332
v 1.59951450 2.17151032 0.81897874
v 1.62135918 2.17151032 0.81897874
v 1.59951450 2.27092200 0.88858755
v 1.59951450 2.17151032 0.81897874
v 1.59951450 2.09633284 0.92634332
v 1.59951450 2.19574452 0.99595213
v 1.62135918 2.27092200 0.88858755
v 1.59951450 2.27092200 0.88858755
v 1.74514557 2.07962674 0.95020212
v 1.74514557 2.17903840 1.01981092
v 1.74514557 2.18739147 1.00788153
v 1.74514557 2.08797979 0.93827272
v 1.74514557 2.07962674 0.95020212
v 1.59951450 2.07962674 0.95020212
v 1.59951450 2.17903840 1.01981092
v 1.74514557 2.17903840 1.01981092
v 1.74514557 2.00444923 1.05756672
v 1.74514557 2.08797979 0.93827272
v 0.77669900 1.09386329 0.24218486
v 0.92233007 1.09386329 0.24218486
v 0.92233007 0.99445161 0.17257606
v 0.77669900 0.99445161 0.17257606
v 0.85610433 1.02576625 0.19450280
v 0.85610433 1.06254858 0.22025807
v 0.87135919 1.09386329 0.24218486
v 0.87135919 0.99445161 0.17257606
v 0.85609706 1.09386329 0.24218486
v 0.85609706 0.99445161 0.17257606
v 0.87135919 0.99445161 0.17257606
v 0.87135919 1.09386329 0.24218486
v 0.87135919 0.91092106 0.29187003
v 0.87135919 1.01033274 0.36147884
v 1.69417472 0.42283456 -0.22767450
v 1.69417472 0.99425281 0.17243686
v 1.62135918 0.99425281 0.17243686
v 1.62135918 0.42283456 -0.22767450
v 1.62135918 0.42283456 -0.22767450
v 1.62135918 0.50636509 -0.34696848
v 1.62135918 0.50636509 -0.34696848
v 1.60679610 0.50636509 -0.34696848
v 1.60679610 0.50636509 -0.34696848
v 1.60679610 0.51471816 -0.35889790
v 1.60679610 0.51471816 -0.35889790
v 1.62135918 0.51471816 -0.35889790
v 1.69417472 0.51471816 -0.35889790
v 1.69417472 0.51471816 -0.35889790
v 1.69417472 0.50636509 -0.34696848
v 1.69417472 0.42283456 -0.22767450
v 1.62135918 2.61983215 1.31067976
v 1.62135918 1.09406210 0.24232406
v 1.69417472 1.09406210 0.24232406
v 1.69417472 2.61983215 1.31067976
v 1.69417472 2.61983215 1.31067976
v 1.69417472 2.70336271 1.19138578
v 1.69417472 2.71171576 1.17945636
v 1.69417472 2.71171576 1.17945636
v 1.62135918 2.71171576 1.17945636
v 1.60679610 2.71171576 1.17945636
v 1.60679610 2.71171576 1.17945636
v 1.60679610 2.70336271 1.19138578
v 1.60679610 2.70336271 1.19138578
v 1.62135918 2.70336271 1.19138578
v 1.69417472 1.08570902 0.25425346
v 1.69417472 0.98589974 0.18436625
v 1.74514557 0.98609854 0.18450545
v 1.74514557 1.08551022 0.25411426
v 1.69417472 0.98589974 0.18436625
v 1.69417472 1.08570902 0.25425346
v 1.69417472 1.09406210 0.24232406
v 1.69417472 0.99425281 0.17243686
v 1.74514557 0.98609854 0.18450545
v 1.69417472 0.98589974 0.18436625
v 1.69417472 0.99425281 0.17243686
v 1.74514557 0.99445161 0.17257606
v 1.74514557 1.08551022 0.25411426
v 1.74514557 0.98609854 0.18450545
v 1.74514557 0.99445161 0.17257606
v 1.74514557 1.09386329 0.24218486
v 1.69417472 1.08570902 0.25425346
v 1.74514557 1.08551022 0.25411426
v 1.74514557 1.09386329 0.24218486
v 1.69417472 1.09406210 0.24232406
v 1.69417472 1.08570902 0.25425346
v 1.69417472 1.06065729 0.23671205
v 1.62135918 1.08570902 0.25425346
v 1.69417472 1.08570902 0.25425346
v 1.69417472 1.09406210 0.24232406
v 1.62135918 1.09406210 0.24232406
v 1.62135918 1.06065729 0.23671205
v 1.62135918 1.08570902 0.25425346
v 1.62135918 1.08551022 0.25411426
v 1.62135918 0.98609854 0.18450545
v 1.59951450 1.08551022 0.25411426
v 1.62135918 1.08551022 0.25411426
v 1.59951450 0.98609854 0.18450545
v 1.59951450 1.08551022 0.25411426
v 1.59951450 1.09386329 0.24218486
v 1.59951450 0.99445161 0.17257606
v 1.62135918 0.98609854 0.18450545
v 1.59951450 0.98609854 0.18450545
v 1.62135918 1.01095149 0.20190767
v 1.69417472 1.01095149 0.20190767
v 1.62135918 0.98589974 0.18436625
v 1.69417472 0.98589974 0.18436625
v 1.62135918 0.98589974 0.18436625
v 1.62135918 0.99425281 0.17243686
v 1.69417472 0.99425281 0.17243686
v 1.69417472 0.98589974 0.18436625
v 0.17050967 2.61983215 1.31067976
v 0.12317962 2.61983215 1.31067976
v 0.12317962 1.06901036 0.22478265
v 0.17050967 1.06901036 0.22478265
v 0.12317962 2.61983215 1.31067976
v 0.12317962 2.70336271 1.19138578
v 0.12317962 1.15254089 0.10548867
v 0.12317962 1.06901036 0.22478265
v 0.11407768 2.18739147 1.00788153
v 0.11407768 2.08797979 0.93827272
v 0.11407768 2.09633284 0.92634332
v 0.11407768 2.19574452 0.99595213
v 0.20873787 2.17903840 1.01981092
v 0.20873787 2.07962674 0.95020212
v 0.11407768 2.07962674 0.95020212
v 0.11407768 2.17903840 1.01981092
v 0.20873787 2.07962674 0.95020212
v 0.20873787 2.17903840 1.01981092
v 0.20873787 2.18739147 1.00788153
v 0.20873787 2.08797979 0.93827272
v 0.11407768 2.17903840 1.01981092
v 0.11407768 2.07962674 0.95020212
v 0.11407768 2.08797979 0.93827272
v 0.11407768 2.18739147 1.00788153
v 0.77669900 2.17903840 1.01981092
v 0.87135919 2.17903840 1.01981092
v 0.87135919 2.07962674 0.95020212
v 0.77669900 2.07962674 0.95020212
v 0.87135919 2.07962674 0.95020212
v 0.87135919 2.17903840 1.01981092
v 0.87135919 2.18739147 1.00788153
v 0.87135919 2.08797979 0.93827272
v 0.77669900 2.17903840 1.01981092
v 0.77669900 2.07962674 0.95020212
v 0.77669900 2.08797979 0.93827272
v 0.77669900 2.18739147 1.00788153
v 0.87135919 2.18739147 1.00788153
v 0.96601939 2.18739147 1.00788153
v 0.96601939 2.08797979 0.93827272
v 0.87135919 2.08797979 0.93827272
v 0.77669900 2.08797979 0.93827272
v 0.77669900 2.18739147 1.00788153
v 0.85609706 2.18739147 1.00788153
v 0.85609706 2.08797979 0.93827272
v 1.62135918 2.17151032 0.81897874
v 1.62135918 2.27092200 0.88858755
v 1.62135918 2.70336271 1.19138578
v 1.62135918 2.61983215 1.31067976
v 1.59951450 2.17903840 1.01981092
v 1.59951450 2.07962674 0.95020212
v 1.59951450 2.08797979 0.93827272
v 1.59951450 2.18739147 1.00788153
v 1.59951450 2.19574452 0.99595213
v 1.59951450 2.18739147 1.00788153
v 1.59951450 2.08797979 0.93827272
v 1.59951450 2.09633284 0.92634332
v 1.59951450 2.10386091 1.12717550
v 1.59951450 2.18739147 1.00788153
v 1.45388343 2.18739147 1.00788153
v 1.45388343 2.10386091 1.12717550
v 0.20873787 2.18739147 1.00788153
v 0.20873787 2.08797979 0.93827272
v 0.11407768 2.08797979 0.93827272
v 0.11407768 2.18739147 1.00788153
v 0.11407768 0.99445161 0.17257606
v 0.11407768 1.00280466 0.16064666
v 0.11407768 1.10221634 0.23025546
v 0.11407768 1.09386329 0.24218486
v 0.11407768 0.99445161 0.17257606
v 0.12317962 0.99445161 0.17257606
v 0.12317962 1.09386329 0.24218486
v 0.11407768 1.09386329 0.24218486
v 0.11407768 0.98609854 0.18450545
v 0.11407768 1.08551022 0.25411426
v 0.20873787 1.08551022 0.25411426
v 0.20873787 0.98609854 0.18450545
v 0.11407768 1.08551022 0.25411426
v 0.11407768 0.98609854 0.18450545
v 0.11407768 0.99445161 0.17257606
v 0.11407768 1.09386329 0.24218486
v 0.20873787 0.98609854 0.18450545
v 0.20873787 1.08551022 0.25411426
v 0.20873787 1.09386329 0.24218486
v 0.20873787 0.99445161 0.17257606
v 0.11407768 0.99445161 0.17257606
v 0.11407768 0.98609854 0.18450545
v 0.20873787 0.98609854 0.18450545
v 0.20873787 0.99445161 0.17257606
v 0.11407768 1.01033274 0.36147884
v 0.11407768 1.09386329 0.24218486
v 0.01941746 1.09386329 0.24218486
v 0.01941746 1.01033274 0.36147884
v 0.11407768 1.01033274 0.36147884
vt 0.40234375 0.50390625
vt 0.40507811 0.50390625
vt 0.40507811 0.51041716
vt 0.40234375 0.50390625
vt 0.40507811 0.51041716
vt 0.40234375 0.51041716
vt 0.48554689 0.83984375
vt 0.48828125 0.83984375
vt 0.48828125 0.84635466
vt 0.48554689 0.83984375
vt 0.48828125 0.84635466
vt 0.48554689 0.84635466
vt 0.11015625 0.57682264
vt 0.115625 0.57682264
vt 0.115625 0.58333361
vt 0.11015625 0.57682264
vt 0.115625 0.58333361
vt 0.11015625 0.58333361
vt 0.49101561 0.81380236
vt 0.48828125 0.81380236
vt 0.48828125 0.80729139
vt 0.49101561 0.81380236
vt 0.48828125 0.80729139
vt 0.49101561 0.80729139
vt 0.48828125 0.80729139
vt 0.48828125 0.79427111
vt 0.49101561 0.79427111
vt 0.48828125 0.80729139
vt 0.49101561 0.79427111
vt 0.49101561 0.80729139
vt 0.34257811 0.52083361
vt 0.33984375 0.52083361
vt 0.33984375 0.51822889
vt 0.34257811 0.52083361
vt 0.33984375 0.51822889
vt 0.34257811 0.51822889
vt 0.34257811 0.5078125
vt 0.33984375 0.5078125
vt 0.33984375 0.50520784
vt 0.34257811 0.5078125
vt 0.33984375 0.50520784
vt 0.34257811 0.50520784
vt 0.40234375 0.5234375
vt 0.40234375 0.51041716
vt 0.40507811 0.51041716
vt 0.40234375 0.5234375
vt 0.40507811 0.51041716
vt 0.40507811 0.5234375
vt 0.26679689 0.48958360999999995
vt 0.27226561 0.48958360999999995
vt 0.27226561 0.50260389
vt 0.26679689 0.48958360999999995
vt 0.27226561 0.50260389
vt 0.26679689 0.50260389
vt 0.45195311 0.50781327
vt 0.44648439 0.50781327
vt 0.44648439 0.50520861
vt 0.45195311 0.50781327
vt 0.44648439 0.50520861
vt 0.45195311 0.50520861
vt 0.56953126 0.9765625
vt 0.56406248 0.9765625
vt 0.56406248 0.97395784
vt 0.56953126 0.9765625
vt 0.56406248 0.97395784
vt 0.56953126 0.97395784
vt 0.28242189 0.50260466
vt 0.28789061 0.50260466
vt 0.28789061 0.515625
vt 0.28242189 0.50260466
vt 0.28789061 0.515625
vt 0.28242189 0.515625
vt 0.43359375 0.50911486
vt 0.43085939 0.50911486
vt 0.43085939 0.50260389
vt 0.43359375 0.50911486
vt 0.43085939 0.50260389
vt 0.43359375 0.50260389
vt 0.43359375 0.48958360999999995
vt 0.43359375 0.50260389
vt 0.43085939 0.50260389
vt 0.43359375 0.48958360999999995
vt 0.43085939 0.50260389
vt 0.43085939 0.48958360999999995
vt 0.46484375 0.50781327
vt 0.46210939 0.50781327
vt 0.46210939 0.50520861
vt 0.46484375 0.50781327
vt 0.46210939 0.50520861
vt 0.46484375 0.50520861
vt 0.2890625 0.4765625
vt 0.28125 0.4765625
vt 0.28125 0.46875
vt 0.2890625 0.4765625
vt 0.28125 0.46875
vt 0.2890625 0.46875
vt 0.48828125 0.84635466
vt 0.48828125 0.859375
vt 0.48554689 0.859375
vt 0.48828125 0.84635466
vt 0.48554689 0.859375
vt 0.48554689 0.84635466
vt 0.115625 0.64192736
vt 0.11015625 0.64192736
vt 0.11015625 0.63541639
vt 0.115625 0.64192736
vt 0.11015625 0.63541639
vt 0.115625 0.63541639
vt 0.11015625 0.62239611
vt 0.115625 0.62239611
vt 0.115625 0.63541639
vt 0.11015625 0.62239611
vt 0.115625 0.63541639
vt 0.11015625 0.63541639
vt 0.115625 0.61197966
vt 0.11015625 0.61197966
vt 0.11015625 0.609375
vt 0.115625 0.61197966
vt 0.11015625 0.609375
vt 0.115625 0.609375
vt 0.115625 0.59895861
vt 0.11015625 0.59895861
vt 0.11015625 0.59635389
vt 0.115625 0.59895861
vt 0.11015625 0.59635389
vt 0.115625 0.59635389
vt 0.11015625 0.58333361
vt 0.115625 0.58333361
vt 0.115625 0.59635389
vt 0.11015625 0.58333361
vt 0.115625 0.59635389
vt 0.11015625 0.59635389
vt 0.39960939 0.50390625
vt 0.40234375 0.50390625
vt 0.40234375 0.51041716
vt 0.39960939 0.50390625
vt 0.40234375 0.51041716
vt 0.39960939 0.51041716
vt 0.48828125 0.83984375
vt 0.49101561 0.83984375
vt 0.49101561 0.84635466
vt 0.48828125 0.83984375
vt 0.49101561 0.84635466
vt 0.48828125 0.84635466
vt 0.48828125 0.859375
vt 0.48828125 0.84635466
vt 0.49101561 0.84635466
vt 0.48828125 0.859375
vt 0.49101561 0.84635466
vt 0.49101561 0.859375
vt 0.3046875 0.4765625
vt 0.296875 0.4765625
vt 0.296875 0.46875
vt 0.3046875 0.4765625
vt 0.296875 0.46875
vt 0.3046875 0.46875
vt 0.46757811 0.50781327
vt 0.46484375 0.50781327
vt 0.46484375 0.50520861
vt 0.46757811 0.50781327
vt 0.46484375 0.50520861
vt 0.46757811 0.50520861
vt 0.43359375 0.50260389
vt 0.43359375 0.48958360999999995
vt 0.43632811 0.48958360999999995
vt 0.43359375 0.50260389
vt 0.43632811 0.48958360999999995
vt 0.43632811 0.50260389
vt 0.43632811 0.50911486
vt 0.43359375 0.50911486
vt 0.43359375 0.50260389
vt 0.43632811 0.50911486
vt 0.43359375 0.50260389
vt 0.43632811 0.50260389
vt 0.48828125 0.81380236
vt 0.48554689 0.81380236
vt 0.48554689 0.80729139
vt 0.48828125 0.81380236
vt 0.48554689 0.80729139
vt 0.48828125 0.80729139
vt 0.48828125 0.79427111
vt 0.48828125 0.80729139
vt 0.48554689 0.80729139
vt 0.48828125 0.79427111
vt 0.48554689 0.80729139
vt 0.48554689 0.79427111
vt 0.33984375 0.52083361
vt 0.33710939 0.52083361
vt 0.33710939 0.51822889
vt 0.33984375 0.52083361
vt 0.33710939 0.51822889
vt 0.33984375 0.51822889
vt 0.33984375 0.5078125
vt 0.33710939 0.5078125
vt 0.33710939 0.50520784
vt 0.33984375 0.5078125
vt 0.33710939 0.50520784
vt 0.33984375 0.50520784
vt 0.40234375 0.51041716
vt 0.40234375 0.5234375
vt 0.39960939 0.5234375
vt 0.40234375 0.51041716
vt 0.39960939 0.5234375
vt 0.39960939 0.51041716
vt 0.3203125 0.4765625
vt 0.3125 0.4765625
vt 0.3125 0.46875
vt 0.3203125 0.4765625
vt 0.3125 0.46875
vt 0.3203125 0.46875
vt 0.40234375 0.50390625
vt 0.39960939 0.50390625
vt 0.39960939 0.49739610999999995
vt 0.40234375 0.50390625
vt 0.39960939 0.49739610999999995
vt 0.40234375 0.49739610999999995
vt 0.40507811 0.50390625
vt 0.40234375 0.50390625
vt 0.40234375 0.49739610999999995
vt 0.40507811 0.50390625
vt 0.40234375 0.49739610999999995
vt 0.40507811 0.49739610999999995
vt 0.115625 0.57682264
vt 0.11015625 0.57682264
vt 0.11015625 0.5703125
vt 0.115625 0.57682264
vt 0.11015625 0.5703125
vt 0.115625 0.5703125
vt 0.48828125 0.83984375
vt 0.48554689 0.83984375
vt 0.48554689 0.83333361
vt 0.48828125 0.83984375
vt 0.48554689 0.83333361
vt 0.48828125 0.83333361
vt 0.49101561 0.83984375
vt 0.48828125 0.83984375
vt 0.48828125 0.83333361
vt 0.49101561 0.83984375
vt 0.48828125 0.83333361
vt 0.49101561 0.83333361
vt 0.55585939 0.87630236
vt 0.56132811 0.87630236
vt 0.56132811 0.8828125
vt 0.55585939 0.87630236
vt 0.56132811 0.8828125
vt 0.55585939 0.8828125
vt 0.43359375 0.50911486
vt 0.43632811 0.50911486
vt 0.43632811 0.515625
vt 0.43359375 0.50911486
vt 0.43632811 0.515625
vt 0.43359375 0.515625
vt 0.43085939 0.50911486
vt 0.43359375 0.50911486
vt 0.43359375 0.515625
vt 0.43085939 0.50911486
vt 0.43359375 0.515625
vt 0.43085939 0.515625
vt 0.11015625 0.64192736
vt 0.115625 0.64192736
vt 0.115625 0.6484375
vt 0.11015625 0.64192736
vt 0.115625 0.6484375
vt 0.11015625 0.6484375
vt 0.48828125 0.81380236
vt 0.49101561 0.81380236
vt 0.49101561 0.8203125
vt 0.48828125 0.81380236
vt 0.49101561 0.8203125
vt 0.48828125 0.8203125
vt 0.48554689 0.81380236
vt 0.48828125 0.81380236
vt 0.48828125 0.8203125
vt 0.48554689 0.81380236
vt 0.48828125 0.8203125
vt 0.48554689 0.8203125
vt 0.55703127 0.43671876
vt 0.55624998 0.43671876
vt 0.55624998 0.43398439999999994
vt 0.55703127 0.43671876
vt 0.55624998 0.43398439999999994
vt 0.55703127 0.43398439999999994
vt 0.55703127 0.59114611
vt 0.55624998 0.59114611
vt 0.55624998 0.58854139
vt 0.55703127 0.59114611
vt 0.55624998 0.58854139
vt 0.55703127 0.58854139
vt 0.55703127 0.43398439999999994
vt 0.55624998 0.43398439999999994
vt 0.55624998 0.43124998000000003
vt 0.55703127 0.43398439999999994
vt 0.55624998 0.43124998000000003
vt 0.55703127 0.43124998000000003
vt 0.43203124 0.43489610999999995
vt 0.43125001 0.43489610999999995
vt 0.43125001 0.43229139000000005
vt 0.43203124 0.43489610999999995
vt 0.43125001 0.43229139000000005
vt 0.43203124 0.43229139000000005
vt 0.00234375 0.42539060000000006
vt 0.0015625 0.42539060000000006
vt 0.0015625 0.42265624
vt 0.00234375 0.42539060000000006
vt 0.0015625 0.42265624
vt 0.00234375 0.42265624
vt 0.55703127 0.578125
vt 0.55624998 0.578125
vt 0.55624998 0.57552034
vt 0.55703127 0.578125
vt 0.55624998 0.57552034
vt 0.55703127 0.57552034
vt 0.00234375 0.42812501999999997
vt 0.0015625 0.42812501999999997
vt 0.0015625 0.42539060000000006
vt 0.00234375 0.42812501999999997
vt 0.0015625 0.42539060000000006
vt 0.00234375 0.42539060000000006
vt 0.43203124 0.421875
vt 0.43125001 0.421875
vt 0.43125001 0.41927028
vt 0.43203124 0.421875
vt 0.43125001 0.41927028
vt 0.43203124 0.41927028
vt 0.33710939 0.52083361
vt 0.33632812 0.52083361
vt 0.33632812 0.51822889
vt 0.33710939 0.52083361
vt 0.33632812 0.51822889
vt 0.33710939 0.51822889
vt 0.55703127 0.55208361
vt 0.55624998 0.55208361
vt 0.55624998 0.54947889
vt 0.55703127 0.55208361
vt 0.55624998 0.54947889
vt 0.55703127 0.54947889
vt 0.55703127 0.43671876
vt 0.55703127 0.4375
vt 0.55624998 0.4375
vt 0.55703127 0.43671876
vt 0.55624998 0.4375
vt 0.55624998 0.43671876
vt 0.33710939 0.5078125
vt 0.33632812 0.5078125
vt 0.33632812 0.50520784
vt 0.33710939 0.5078125
vt 0.33632812 0.50520784
vt 0.33710939 0.50520784
vt 0.0015625 0.42265624
vt 0.0015625 0.421875
vt 0.00234375 0.421875
vt 0.0015625 0.42265624
vt 0.00234375 0.421875
vt 0.00234375 0.42265624
vt 0.55703127 0.5390625
vt 0.55624998 0.5390625
vt 0.55624998 0.53645784
vt 0.55703127 0.5390625
vt 0.55624998 0.53645784
vt 0.55703127 0.53645784
vt 0.34335938 0.52083361
vt 0.34257811 0.52083361
vt 0.34257811 0.51822889
vt 0.34335938 0.52083361
vt 0.34257811 0.51822889
vt 0.34335938 0.51822889
vt 0.55624998 0.43124998000000003
vt 0.55624998 0.43046874
vt 0.55703127 0.43046874
vt 0.55624998 0.43124998000000003
vt 0.55703127 0.43046874
vt 0.55703127 0.43124998000000003
vt 0.55703127 0.51302111
vt 0.55624998 0.51302111
vt 0.55624998 0.51041639
vt 0.55703127 0.51302111
vt 0.55624998 0.51041639
vt 0.55703127 0.51041639
vt 0.34335938 0.5078125
vt 0.34257811 0.5078125
vt 0.34257811 0.50520784
vt 0.34335938 0.5078125
vt 0.34257811 0.50520784
vt 0.34335938 0.50520784
vt 0.55703127 0.5
vt 0.55624998 0.5
vt 0.55624998 0.49739528
vt 0.55703127 0.5
vt 0.55624998 0.49739528
vt 0.55703127 0.49739528
vt 0.00234375 0.42812501999999997
vt 0.00234375 0.42890626
vt 0.0015625 0.42890626
vt 0.00234375 0.42812501999999997
vt 0.0015625 0.42890626
vt 0.0015625 0.42812501999999997
vt 0.56406248 0.95833284
vt 0.56953126 0.95833284
vt 0.56953126 0.9609375
vt 0.56406248 0.95833284
vt 0.56953126 0.9609375
vt 0.56406248 0.9609375
vt 0.44648439 0.51302111
vt 0.45195311 0.51302111
vt 0.45195311 0.515625
vt 0.44648439 0.51302111
vt 0.45195311 0.515625
vt 0.44648439 0.515625
vt 0.44648439 0.51041716
vt 0.45195311 0.51041716
vt 0.45195311 0.51302111
vt 0.44648439 0.51041716
vt 0.45195311 0.51302111
vt 0.44648439 0.51302111
vt 0.44648439 0.50781327
vt 0.45195311 0.50781327
vt 0.45195311 0.51041716
vt 0.44648439 0.50781327
vt 0.45195311 0.51041716
vt 0.44648439 0.51041716
vt 0.5234375 0.6796875
vt 0.53125 0.6796875
vt 0.53125 0.6875
vt 0.5234375 0.6796875
vt 0.53125 0.6875
vt 0.5234375 0.6875
vt 0.46484375 0.51302111
vt 0.46757811 0.51302111
vt 0.46757811 0.515625
vt 0.46484375 0.51302111
vt 0.46757811 0.515625
vt 0.46484375 0.515625
vt 0.46484375 0.51041716
vt 0.46757811 0.51041716
vt 0.46757811 0.51302111
vt 0.46484375 0.51041716
vt 0.46757811 0.51302111
vt 0.46484375 0.51302111
vt 0.46484375 0.50781327
vt 0.46757811 0.50781327
vt 0.46757811 0.51041716
vt 0.46484375 0.50781327
vt 0.46757811 0.51041716
vt 0.46484375 0.51041716
vt 0.328125 0.46875
vt 0.3359375 0.46875
vt 0.3359375 0.4765625
vt 0.328125 0.46875
vt 0.3359375 0.4765625
vt 0.328125 0.4765625
vt 0.46210939 0.51302111
vt 0.46484375 0.51302111
vt 0.46484375 0.515625
vt 0.46210939 0.51302111
vt 0.46484375 0.515625
vt 0.46210939 0.515625
vt 0.46210939 0.51041716
vt 0.46484375 0.51041716
vt 0.46484375 0.51302111
vt 0.46210939 0.51041716
vt 0.46484375 0.51302111
vt 0.46210939 0.51302111
vt 0.46210939 0.50781327
vt 0.46484375 0.50781327
vt 0.46484375 0.51041716
vt 0.46210939 0.50781327
vt 0.46484375 0.51041716
vt 0.46210939 0.51041716
vt 0.11015625 0.61979139
vt 0.115625 0.61979139
vt 0.115625 0.62239611
vt 0.11015625 0.61979139
vt 0.115625 0.62239611
vt 0.11015625 0.62239611
vt 0.11015625 0.6171875
vt 0.115625 0.6171875
vt 0.115625 0.61979139
vt 0.11015625 0.6171875
vt 0.115625 0.61979139
vt 0.11015625 0.61979139
vt 0.11015625 0.61458361
vt 0.115625 0.61458361
vt 0.115625 0.6171875
vt 0.11015625 0.61458361
vt 0.115625 0.6171875
vt 0.11015625 0.6171875
vt 0.11015625 0.61197966
vt 0.115625 0.61197966
vt 0.115625 0.61458361
vt 0.11015625 0.61197966
vt 0.115625 0.61458361
vt 0.11015625 0.61458361
vt 0.55624998 0.52083284
vt 0.55703127 0.52083284
vt 0.55703127 0.5234375
vt 0.55624998 0.52083284
vt 0.55703127 0.5234375
vt 0.55624998 0.5234375
vt 0.55624998 0.51822889
vt 0.55703127 0.51822889
vt 0.55703127 0.52083284
vt 0.55624998 0.51822889
vt 0.55703127 0.52083284
vt 0.55624998 0.52083284
vt 0.55624998 0.515625
vt 0.55703127 0.515625
vt 0.55703127 0.51822889
vt 0.55624998 0.515625
vt 0.55703127 0.51822889
vt 0.55624998 0.51822889
vt 0.55624998 0.51302111
vt 0.55703127 0.51302111
vt 0.55703127 0.515625
vt 0.55624998 0.51302111
vt 0.55703127 0.515625
vt 0.55624998 0.515625
vt 0.43125001 0.44270778
vt 0.43203124 0.44270778
vt 0.43203124 0.4453125
vt 0.43125001 0.44270778
vt 0.43203124 0.4453125
vt 0.43125001 0.4453125
vt 0.43125001 0.44010389000000005
vt 0.43203124 0.44010389000000005
vt 0.43203124 0.44270778
vt 0.43125001 0.44010389000000005
vt 0.43203124 0.44270778
vt 0.43125001 0.44270778
vt 0.43125001 0.4375
vt 0.43203124 0.4375
vt 0.43203124 0.44010389000000005
vt 0.43125001 0.4375
vt 0.43203124 0.44010389000000005
vt 0.43125001 0.44010389000000005
vt 0.43125001 0.43489610999999995
vt 0.43203124 0.43489610999999995
vt 0.43203124 0.4375
vt 0.43125001 0.43489610999999995
vt 0.43203124 0.4375
vt 0.43125001 0.4375
vt 0.34257811 0.52864534
vt 0.34335938 0.52864534
vt 0.34335938 0.53125
vt 0.34257811 0.52864534
vt 0.34335938 0.53125
vt 0.34257811 0.53125
vt 0.34257811 0.52604139
vt 0.34335938 0.52604139
vt 0.34335938 0.52864534
vt 0.34257811 0.52604139
vt 0.34335938 0.52864534
vt 0.34257811 0.52864534
vt 0.34257811 0.5234375
vt 0.34335938 0.5234375
vt 0.34335938 0.52604139
vt 0.34257811 0.5234375
vt 0.34335938 0.52604139
vt 0.34257811 0.52604139
vt 0.34257811 0.52083361
vt 0.34335938 0.52083361
vt 0.34335938 0.5234375
vt 0.34257811 0.52083361
vt 0.34335938 0.5234375
vt 0.34257811 0.5234375
vt 0.33984375 0.52864534
vt 0.34257811 0.52864534
vt 0.34257811 0.53125
vt 0.33984375 0.52864534
vt 0.34257811 0.53125
vt 0.33984375 0.53125
vt 0.33984375 0.52604139
vt 0.34257811 0.52604139
vt 0.34257811 0.52864534
vt 0.33984375 0.52604139
vt 0.34257811 0.52864534
vt 0.33984375 0.52864534
vt 0.33984375 0.5234375
vt 0.34257811 0.5234375
vt 0.34257811 0.52604139
vt 0.33984375 0.5234375
vt 0.34257811 0.52604139
vt 0.33984375 0.52604139
vt 0.33984375 0.52083361
vt 0.34257811 0.52083361
vt 0.34257811 0.5234375
vt 0.33984375 0.52083361
vt 0.34257811 0.5234375
vt 0.33984375 0.5234375
vt 0.33710939 0.52864534
vt 0.33984375 0.52864534
vt 0.33984375 0.53125
vt 0.33710939 0.52864534
vt 0.33984375 0.53125
vt 0.33710939 0.53125
vt 0.33710939 0.52604139
vt 0.33984375 0.52604139
vt 0.33984375 0.52864534
vt 0.33710939 0.52604139
vt 0.33984375 0.52864534
vt 0.33710939 0.52864534
vt 0.33710939 0.5234375
vt 0.33984375 0.5234375
vt 0.33984375 0.52604139
vt 0.33710939 0.5234375
vt 0.33984375 0.52604139
vt 0.33710939 0.52604139
vt 0.33710939 0.52083361
vt 0.33984375 0.52083361
vt 0.33984375 0.5234375
vt 0.33710939 0.52083361
vt 0.33984375 0.5234375
vt 0.33710939 0.5234375
vt 0.33632812 0.52864534
vt 0.33710939 0.52864534
vt 0.33710939 0.53125
vt 0.33632812 0.52864534
vt 0.33710939 0.53125
vt 0.33632812 0.53125
vt 0.33632812 0.52604139
vt 0.33710939 0.52604139
vt 0.33710939 0.52864534
vt 0.33632812 0.52604139
vt 0.33710939 0.52864534
vt 0.33632812 0.52864534
vt 0.33632812 0.5234375
vt 0.33710939 0.5234375
vt 0.33710939 0.52604139
vt 0.33632812 0.5234375
vt 0.33710939 0.52604139
vt 0.33632812 0.52604139
vt 0.33632812 0.52083361
vt 0.33710939 0.52083361
vt 0.33710939 0.5234375
vt 0.33632812 0.52083361
vt 0.33710939 0.5234375
vt 0.33632812 0.5234375
vt 0.55624998 0.59895784
vt 0.55703127 0.59895784
vt 0.55703127 0.6015625
vt 0.55624998 0.59895784
vt 0.55703127 0.6015625
vt 0.55624998 0.6015625
vt 0.55624998 0.59635389
vt 0.55703127 0.59635389
vt 0.55703127 0.59895784
vt 0.55624998 0.59635389
vt 0.55703127 0.59895784
vt 0.55624998 0.59895784
vt 0.55624998 0.59375
vt 0.55703127 0.59375
vt 0.55703127 0.59635389
vt 0.55624998 0.59375
vt 0.55703127 0.59635389
vt 0.55624998 0.59635389
vt 0.55624998 0.59114611
vt 0.55703127 0.59114611
vt 0.55703127 0.59375
vt 0.55624998 0.59114611
vt 0.55703127 0.59375
vt 0.55624998 0.59375
vt 0.55624998 0.55989534
vt 0.55703127 0.55989534
vt 0.55703127 0.5625
vt 0.55624998 0.55989534
vt 0.55703127 0.5625
vt 0.55624998 0.5625
vt 0.55624998 0.55729139
vt 0.55703127 0.55729139
vt 0.55703127 0.55989534
vt 0.55624998 0.55729139
vt 0.55703127 0.55989534
vt 0.55624998 0.55989534
vt 0.55624998 0.5546875
vt 0.55703127 0.5546875
vt 0.55703127 0.55729139
vt 0.55624998 0.5546875
vt 0.55703127 0.55729139
vt 0.55624998 0.55729139
vt 0.55624998 0.55208361
vt 0.55703127 0.55208361
vt 0.55703127 0.5546875
vt 0.55624998 0.55208361
vt 0.55703127 0.5546875
vt 0.55624998 0.5546875
vt 0.44648439 0.50260466
vt 0.45195311 0.50260466
vt 0.45195311 0.50520861
vt 0.44648439 0.50260466
vt 0.45195311 0.50520861
vt 0.44648439 0.50520861
vt 0.44648439 0.50000077
vt 0.45195311 0.50000077
vt 0.45195311 0.50260466
vt 0.44648439 0.50000077
vt 0.45195311 0.50260466
vt 0.44648439 0.50260466
vt 0.44648439 0.49739610999999995
vt 0.45195311 0.49739610999999995
vt 0.45195311 0.50000077
vt 0.44648439 0.49739610999999995
vt 0.45195311 0.50000077
vt 0.44648439 0.50000077
vt 0.44648439 0.49479222
vt 0.45195311 0.49479222
vt 0.45195311 0.49739610999999995
vt 0.44648439 0.49479222
vt 0.45195311 0.49739610999999995
vt 0.44648439 0.49739610999999995
vt 0.46484375 0.50260466
vt 0.46757811 0.50260466
vt 0.46757811 0.50520861
vt 0.46484375 0.50260466
vt 0.46757811 0.50520861
vt 0.46484375 0.50520861
vt 0.46484375 0.50000077
vt 0.46757811 0.50000077
vt 0.46757811 0.50260466
vt 0.46484375 0.50000077
vt 0.46757811 0.50260466
vt 0.46484375 0.50260466
vt 0.46484375 0.49739610999999995
vt 0.46757811 0.49739610999999995
vt 0.46757811 0.50000077
vt 0.46484375 0.49739610999999995
vt 0.46757811 0.50000077
vt 0.46484375 0.50000077
vt 0.46484375 0.49479222
vt 0.46757811 0.49479222
vt 0.46757811 0.49739610999999995
vt 0.46484375 0.49479222
vt 0.46757811 0.49739610999999995
vt 0.46484375 0.49739610999999995
vt 0.46210939 0.50260466
vt 0.46484375 0.50260466
vt 0.46484375 0.50520861
vt 0.46210939 0.50260466
vt 0.46484375 0.50520861
vt 0.46210939 0.50520861
vt 0.46210939 0.50000077
vt 0.46484375 0.50000077
vt 0.46484375 0.50260466
vt 0.46210939 0.50000077
vt 0.46484375 0.50260466
vt 0.46210939 0.50260466
vt 0.46210939 0.49739610999999995
vt 0.46484375 0.49739610999999995
vt 0.46484375 0.50000077
vt 0.46210939 0.49739610999999995
vt 0.46484375 0.50000077
vt 0.46210939 0.50000077
vt 0.46210939 0.49479222
vt 0.46484375 0.49479222
vt 0.46484375 0.49739610999999995
vt 0.46210939 0.49479222
vt 0.46484375 0.49739610999999995
vt 0.46210939 0.49739610999999995
vt 0.11015625 0.60677111
vt 0.115625 0.60677111
vt 0.115625 0.609375
vt 0.11015625 0.60677111
vt 0.115625 0.609375
vt 0.11015625 0.609375
vt 0.11015625 0.60416716
vt 0.115625 0.60416716
vt 0.115625 0.60677111
vt 0.11015625 0.60416716
vt 0.115625 0.60677111
vt 0.11015625 0.60677111
vt 0.11015625 0.6015625
vt 0.115625 0.6015625
vt 0.115625 0.60416716
vt 0.11015625 0.6015625
vt 0.115625 0.60416716
vt 0.11015625 0.60416716
vt 0.11015625 0.59895861
vt 0.115625 0.59895861
vt 0.115625 0.6015625
vt 0.11015625 0.59895861
vt 0.115625 0.6015625
vt 0.11015625 0.6015625
vt 0.55624998 0.5078125
vt 0.55703127 0.5078125
vt 0.55703127 0.51041639
vt 0.55624998 0.5078125
vt 0.55703127 0.51041639
vt 0.55624998 0.51041639
vt 0.55624998 0.50520861
vt 0.55703127 0.50520861
vt 0.55703127 0.5078125
vt 0.55624998 0.50520861
vt 0.55703127 0.5078125
vt 0.55624998 0.5078125
vt 0.55624998 0.50260389
vt 0.55703127 0.50260389
vt 0.55703127 0.50520861
vt 0.55624998 0.50260389
vt 0.55703127 0.50520861
vt 0.55624998 0.50520861
vt 0.55624998 0.5
vt 0.55703127 0.5
vt 0.55703127 0.50260389
vt 0.55624998 0.5
vt 0.55703127 0.50260389
vt 0.55624998 0.50260389
vt 0.43125001 0.4296875
vt 0.43203124 0.4296875
vt 0.43203124 0.43229139000000005
vt 0.43125001 0.4296875
vt 0.43203124 0.43229139000000005
vt 0.43125001 0.43229139000000005
vt 0.43125001 0.42708360999999995
vt 0.43203124 0.42708360999999995
vt 0.43203124 0.4296875
vt 0.43125001 0.42708360999999995
vt 0.43203124 0.4296875
vt 0.43125001 0.4296875
vt 0.43125001 0.42447889000000005
vt 0.43203124 0.42447889000000005
vt 0.43203124 0.42708360999999995
vt 0.43125001 0.42447889000000005
vt 0.43203124 0.42708360999999995
vt 0.43125001 0.42708360999999995
vt 0.43125001 0.421875
vt 0.43203124 0.421875
vt 0.43203124 0.42447889000000005
vt 0.43125001 0.421875
vt 0.43203124 0.42447889000000005
vt 0.43125001 0.42447889000000005
vt 0.34257811 0.515625
vt 0.34335938 0.515625
vt 0.34335938 0.51822889
vt 0.34257811 0.515625
vt 0.34335938 0.51822889
vt 0.34257811 0.51822889
vt 0.34257811 0.51302111
vt 0.34335938 0.51302111
vt 0.34335938 0.515625
vt 0.34257811 0.51302111
vt 0.34335938 0.515625
vt 0.34257811 0.515625
vt 0.34257811 0.51041639
vt 0.34335938 0.51041639
vt 0.34335938 0.51302111
vt 0.34257811 0.51041639
vt 0.34335938 0.51302111
vt 0.34257811 0.51302111
vt 0.34257811 0.5078125
vt 0.34335938 0.5078125
vt 0.34335938 0.51041639
vt 0.34257811 0.5078125
vt 0.34335938 0.51041639
vt 0.34257811 0.51041639
vt 0.33984375 0.515625
vt 0.34257811 0.515625
vt 0.34257811 0.51822889
vt 0.33984375 0.515625
vt 0.34257811 0.51822889
vt 0.33984375 0.51822889
vt 0.33984375 0.51302111
vt 0.34257811 0.51302111
vt 0.34257811 0.515625
vt 0.33984375 0.51302111
vt 0.34257811 0.515625
vt 0.33984375 0.515625
vt 0.33984375 0.51041639
vt 0.34257811 0.51041639
vt 0.34257811 0.51302111
vt 0.33984375 0.51041639
vt 0.34257811 0.51302111
vt 0.33984375 0.51302111
vt 0.33984375 0.5078125
vt 0.34257811 0.5078125
vt 0.34257811 0.51041639
vt 0.33984375 0.5078125
vt 0.34257811 0.51041639
vt 0.33984375 0.51041639
vt 0.33710939 0.515625
vt 0.33984375 0.515625
vt 0.33984375 0.51822889
vt 0.33710939 0.515625
vt 0.33984375 0.51822889
vt 0.33710939 0.51822889
vt 0.33710939 0.51302111
vt 0.33984375 0.51302111
vt 0.33984375 0.515625
vt 0.33710939 0.51302111
vt 0.33984375 0.515625
vt 0.33710939 0.515625
vt 0.33710939 0.51041639
vt 0.33984375 0.51041639
vt 0.33984375 0.51302111
vt 0.33710939 0.51041639
vt 0.33984375 0.51302111
vt 0.33710939 0.51302111
vt 0.33710939 0.5078125
vt 0.33984375 0.5078125
vt 0.33984375 0.51041639
vt 0.33710939 0.5078125
vt 0.33984375 0.51041639
vt 0.33710939 0.51041639
vt 0.33632812 0.515625
vt 0.33710939 0.515625
vt 0.33710939 0.51822889
vt 0.33632812 0.515625
vt 0.33710939 0.51822889
vt 0.33632812 0.51822889
vt 0.33632812 0.51302111
vt 0.33710939 0.51302111
vt 0.33710939 0.515625
vt 0.33632812 0.51302111
vt 0.33710939 0.515625
vt 0.33632812 0.515625
vt 0.33632812 0.51041639
vt 0.33710939 0.51041639
vt 0.33710939 0.51302111
vt 0.33632812 0.51041639
vt 0.33710939 0.51302111
vt 0.33632812 0.51302111
vt 0.33632812 0.5078125
vt 0.33710939 0.5078125
vt 0.33710939 0.51041639
vt 0.33632812 0.5078125
vt 0.33710939 0.51041639
vt 0.33632812 0.51041639
vt 0.55624998 0.5859375
vt 0.55703127 0.5859375
vt 0.55703127 0.58854139
vt 0.55624998 0.5859375
vt 0.55703127 0.58854139
vt 0.55624998 0.58854139
vt 0.55624998 0.58333361
vt 0.55703127 0.58333361
vt 0.55703127 0.5859375
vt 0.55624998 0.58333361
vt 0.55703127 0.5859375
vt 0.55624998 0.5859375
vt 0.55624998 0.58072889
vt 0.55703127 0.58072889
vt 0.55703127 0.58333361
vt 0.55624998 0.58072889
vt 0.55703127 0.58333361
vt 0.55624998 0.58333361
vt 0.55624998 0.578125
vt 0.55703127 0.578125
vt 0.55703127 0.58072889
vt 0.55624998 0.578125
vt 0.55703127 0.58072889
vt 0.55624998 0.58072889
vt 0.55624998 0.546875
vt 0.55703127 0.546875
vt 0.55703127 0.54947889
vt 0.55624998 0.546875
vt 0.55703127 0.54947889
vt 0.55624998 0.54947889
vt 0.55624998 0.54427111
vt 0.55703127 0.54427111
vt 0.55703127 0.546875
vt 0.55624998 0.54427111
vt 0.55703127 0.546875
vt 0.55624998 0.546875
vt 0.55624998 0.54166639
vt 0.55703127 0.54166639
vt 0.55703127 0.54427111
vt 0.55624998 0.54166639
vt 0.55703127 0.54427111
vt 0.55624998 0.54427111
vt 0.55624998 0.5390625
vt 0.55703127 0.5390625
vt 0.55703127 0.54166639
vt 0.55624998 0.5390625
vt 0.55703127 0.54166639
vt 0.55624998 0.54166639
vt 0.3515625 0.4765625
vt 0.34375 0.4765625
vt 0.34375 0.46875
vt 0.3515625 0.4765625
vt 0.34375 0.46875
vt 0.3515625 0.46875
vt 0.57109374 0.85624999
vt 0.57109374 0.85546875
vt 0.57656252 0.85546875
vt 0.57109374 0.85624999
vt 0.57656252 0.85546875
vt 0.57656252 0.85624999
vt 0.359375 0.46875
vt 0.3671875 0.46875
vt 0.3671875 0.4765625
vt 0.359375 0.46875
vt 0.3671875 0.4765625
vt 0.359375 0.4765625
vt 0.57656252 0.84296876
vt 0.57656252 0.84375
vt 0.57109374 0.84375
vt 0.57656252 0.84296876
vt 0.57109374 0.84375
vt 0.57109374 0.84296876
vt 0.53125 0.640625
vt 0.5234375 0.640625
vt 0.5234375 0.6328125
vt 0.53125 0.640625
vt 0.5234375 0.6328125
vt 0.53125 0.6328125
vt 0.5234375 0.6171875
vt 0.53125 0.6171875
vt 0.53125 0.625
vt 0.5234375 0.6171875
vt 0.53125 0.625
vt 0.5234375 0.625
vt 0.5234375 0.6015625
vt 0.53125 0.6015625
vt 0.53125 0.609375
vt 0.5234375 0.6015625
vt 0.53125 0.609375
vt 0.5234375 0.609375
vt 0.5234375 0.5859375
vt 0.53125 0.5859375
vt 0.53125 0.59375
vt 0.5234375 0.5859375
vt 0.53125 0.59375
vt 0.5234375 0.59375
vt 0.53125 0.578125
vt 0.5234375 0.578125
vt 0.5234375 0.5703125
vt 0.53125 0.578125
vt 0.5234375 0.5703125
vt 0.53125 0.5703125
vt 0.4296875 0.46875
vt 0.4375 0.46875
vt 0.4375 0.4765625
vt 0.4296875 0.46875
vt 0.4375 0.4765625
vt 0.4296875 0.4765625
vt 0.115625 0.61979139
vt 0.11640625 0.61979139
vt 0.11640625 0.62239611
vt 0.115625 0.61979139
vt 0.11640625 0.62239611
vt 0.115625 0.62239611
vt 0.5234375 0.5546875
vt 0.53125 0.5546875
vt 0.53125 0.5625
vt 0.5234375 0.5546875
vt 0.53125 0.5625
vt 0.5234375 0.5625
vt 0.56406248 0.9609375
vt 0.56328124 0.9609375
vt 0.56328124 0.95833284
vt 0.56406248 0.9609375
vt 0.56328124 0.95833284
vt 0.56406248 0.95833284
vt 0.57656252 0.85546875
vt 0.57734376 0.85546875
vt 0.57734376 0.85624999
vt 0.57656252 0.85546875
vt 0.57734376 0.85624999
vt 0.57656252 0.85624999
vt 0.5234375 0.5390625
vt 0.53125 0.5390625
vt 0.53125 0.546875
vt 0.5234375 0.5390625
vt 0.53125 0.546875
vt 0.5234375 0.546875
vt 0.57656252 0.84296876
vt 0.57734376 0.84296876
vt 0.57734376 0.84375
vt 0.57656252 0.84296876
vt 0.57734376 0.84375
vt 0.57656252 0.84375
vt 0.5234375 0.5234375
vt 0.53125 0.5234375
vt 0.53125 0.53125
vt 0.5234375 0.5234375
vt 0.53125 0.53125
vt 0.5234375 0.53125
vt 0.57656252 0.82734376
vt 0.57656252 0.828125
vt 0.57109374 0.828125
vt 0.57656252 0.82734376
vt 0.57109374 0.828125
vt 0.57109374 0.82734376
vt 0.53125 0.515625
vt 0.5234375 0.515625
vt 0.5234375 0.5078125
vt 0.53125 0.515625
vt 0.5234375 0.5078125
vt 0.53125 0.5078125
vt 0.28203124 0.42656249
vt 0.28203124 0.42578125
vt 0.28749999 0.42578125
vt 0.28203124 0.42656249
vt 0.28749999 0.42578125
vt 0.28749999 0.42656249
vt 0.5234375 0.4921875
vt 0.53125 0.4921875
vt 0.53125 0.5
vt 0.5234375 0.4921875
vt 0.53125 0.5
vt 0.5234375 0.5
vt 0.5234375 0.4765625
vt 0.53125 0.4765625
vt 0.53125 0.484375
vt 0.5234375 0.4765625
vt 0.53125 0.484375
vt 0.5234375 0.484375
vt 0.5390625 0.96875
vt 0.53125 0.96875
vt 0.53125 0.9609375
vt 0.5390625 0.96875
vt 0.53125 0.9609375
vt 0.5390625 0.9609375
vt 0.53125 0.9453125
vt 0.5390625 0.9453125
vt 0.5390625 0.953125
vt 0.53125 0.9453125
vt 0.5390625 0.953125
vt 0.53125 0.953125
vt 0.115625 0.59635389
vt 0.11640625 0.59635389
vt 0.11640625 0.59895861
vt 0.115625 0.59635389
vt 0.11640625 0.59895861
vt 0.115625 0.59895861
vt 0.140625 0.4609375
vt 0.1484375 0.4609375
vt 0.1484375 0.46875
vt 0.140625 0.4609375
vt 0.1484375 0.46875
vt 0.140625 0.46875
vt 0.1640625 0.46875
vt 0.15625 0.46875
vt 0.15625 0.4609375
vt 0.1640625 0.46875
vt 0.15625 0.4609375
vt 0.1640625 0.4609375
vt 0.171875 0.4609375
vt 0.1796875 0.4609375
vt 0.1796875 0.46875
vt 0.171875 0.4609375
vt 0.1796875 0.46875
vt 0.171875 0.46875
vt 0.56406248 0.9765625
vt 0.56328124 0.9765625
vt 0.56328124 0.97395784
vt 0.56406248 0.9765625
vt 0.56328124 0.97395784
vt 0.56406248 0.97395784
vt 0.28749999 0.42578125
vt 0.28828126 0.42578125
vt 0.28828126 0.42656249
vt 0.28749999 0.42578125
vt 0.28828126 0.42656249
vt 0.28749999 0.42656249
vt 0.1875 0.4609375
vt 0.1953125 0.4609375
vt 0.1953125 0.46875
vt 0.1875 0.4609375
vt 0.1953125 0.46875
vt 0.1875 0.46875
vt 0.57656252 0.82734376
vt 0.57734376 0.82734376
vt 0.57734376 0.828125
vt 0.57656252 0.82734376
vt 0.57734376 0.828125
vt 0.57656252 0.828125
vt 0.02226562 0.44453126
vt 0.01679688 0.44453126
vt 0.01679688 0.43671876
vt 0.02226562 0.44453126
vt 0.01679688 0.43671876
vt 0.02226562 0.43671876
vt 0.34999999 0.78125
vt 0.35546875 0.78125
vt 0.35546875 0.7890625
vt 0.34999999 0.78125
vt 0.35546875 0.7890625
vt 0.34999999 0.7890625
vt 0.5078125 0.7421875
vt 0.5 0.7421875
vt 0.5 0.73567736
vt 0.5078125 0.7421875
vt 0.5 0.73567736
vt 0.5078125 0.73567736
vt 0.4140625 0.65546876
vt 0.421875 0.65546876
vt 0.421875 0.66328126
vt 0.4140625 0.65546876
vt 0.421875 0.66328126
vt 0.4140625 0.66328126
vt 0.03125 0.51692736
vt 0.0390625 0.51692736
vt 0.0390625 0.5234375
vt 0.03125 0.51692736
vt 0.0390625 0.5234375
vt 0.03125 0.5234375
vt 0.4140625 0.62968749
vt 0.421875 0.62968749
vt 0.421875 0.63749999
vt 0.4140625 0.62968749
vt 0.421875 0.63749999
vt 0.4140625 0.63749999
vt 0.53125 0.8046875
vt 0.5390625 0.8046875
vt 0.5390625 0.8125
vt 0.53125 0.8046875
vt 0.5390625 0.8125
vt 0.53125 0.8125
vt 0.37382811 0.79609376
vt 0.36835939 0.79609376
vt 0.36835939 0.78828126
vt 0.37382811 0.79609376
vt 0.36835939 0.78828126
vt 0.37382811 0.78828126
vt 0.5078125 0.7265625
vt 0.5 0.7265625
vt 0.5 0.72005236
vt 0.5078125 0.7265625
vt 0.5 0.72005236
vt 0.5078125 0.72005236
vt 0.37382811 0.78828126
vt 0.38164061 0.78828126
vt 0.38164061 0.79609376
vt 0.37382811 0.78828126
vt 0.38164061 0.79609376
vt 0.37382811 0.79609376
vt 0.4765625 0.94661486
vt 0.484375 0.94661486
vt 0.484375 0.953125
vt 0.4765625 0.94661486
vt 0.484375 0.953125
vt 0.4765625 0.953125
vt 0.4140625 0.60624999
vt 0.421875 0.60624999
vt 0.421875 0.61406249
vt 0.4140625 0.60624999
vt 0.421875 0.61406249
vt 0.4140625 0.61406249
vt 0.203125 0.4609375
vt 0.2109375 0.4609375
vt 0.2109375 0.46875
vt 0.203125 0.4609375
vt 0.2109375 0.46875
vt 0.203125 0.46875
vt 0.34999999 0.7890625
vt 0.34492189 0.7890625
vt 0.34492189 0.78125
vt 0.34999999 0.7890625
vt 0.34492189 0.78125
vt 0.34999999 0.78125
vt 0.40546876 0.671875
vt 0.40039062 0.671875
vt 0.40039062 0.66536486
vt 0.40546876 0.671875
vt 0.40039062 0.66536486
vt 0.40546876 0.66536486
vt 0.38984376 0.8125
vt 0.38476562 0.8125
vt 0.38476562 0.8046875
vt 0.38984376 0.8125
vt 0.38476562 0.8046875
vt 0.38984376 0.8046875
vt 0.53125 0.7890625
vt 0.5390625 0.7890625
vt 0.5390625 0.796875
vt 0.53125 0.7890625
vt 0.5390625 0.796875
vt 0.53125 0.796875
vt 0.36640626 0.65625
vt 0.36132812 0.65625
vt 0.36132812 0.6484375
vt 0.36640626 0.65625
vt 0.36132812 0.6484375
vt 0.36640626 0.6484375
vt 0.42890626 0.953125
vt 0.42382812 0.953125
vt 0.42382812 0.94661486
vt 0.42890626 0.953125
vt 0.42382812 0.94661486
vt 0.42890626 0.94661486
vt 0.41328126 0.96875
vt 0.40820312 0.96875
vt 0.40820312 0.9609375
vt 0.41328126 0.96875
vt 0.40820312 0.9609375
vt 0.41328126 0.9609375
vt 0.5390625 0.78125
vt 0.53125 0.78125
vt 0.53125 0.7734375
vt 0.5390625 0.78125
vt 0.53125 0.7734375
vt 0.5390625 0.7734375
vt 0.57265627 0.734375
vt 0.56484377 0.734375
vt 0.56484377 0.73359376
vt 0.57265627 0.734375
vt 0.56484377 0.73359376
vt 0.57265627 0.73359376
vt 0.57187498 0.71875
vt 0.56406248 0.71875
vt 0.56406248 0.71796876
vt 0.57187498 0.71875
vt 0.56406248 0.71796876
vt 0.57187498 0.71796876
vt 0.5390625 0.765625
vt 0.53125 0.765625
vt 0.53125 0.7578125
vt 0.5390625 0.765625
vt 0.53125 0.7578125
vt 0.5390625 0.7578125
vt 0.5390625 0.7421875
vt 0.5390625 0.75
vt 0.53125 0.75
vt 0.5390625 0.7421875
vt 0.53125 0.75
vt 0.53125 0.7421875
vt 0.34999999 0.78046876
vt 0.35546875 0.78046876
vt 0.35546875 0.78125
vt 0.34999999 0.78046876
vt 0.35546875 0.78125
vt 0.34999999 0.78125
vt 0.53125 0.734375
vt 0.53125 0.7265625
vt 0.5390625 0.7265625
vt 0.53125 0.734375
vt 0.5390625 0.7265625
vt 0.5390625 0.734375
vt 0.02226562 0.4453125
vt 0.01679688 0.4453125
vt 0.01679688 0.44453126
vt 0.02226562 0.4453125
vt 0.01679688 0.44453126
vt 0.02226562 0.44453126
vt 0.57265627 0.71796876
vt 0.57265627 0.71875
vt 0.57187498 0.71875
vt 0.57265627 0.71796876
vt 0.57187498 0.71875
vt 0.57187498 0.71796876
vt 0.53125 0.7109375
vt 0.5390625 0.7109375
vt 0.5390625 0.71875
vt 0.53125 0.7109375
vt 0.5390625 0.71875
vt 0.53125 0.71875
vt 0.56406248 0.734375
vt 0.56406248 0.73359376
vt 0.56484377 0.73359376
vt 0.56406248 0.734375
vt 0.56484377 0.73359376
vt 0.56484377 0.734375
vt 0.53125 0.6953125
vt 0.5390625 0.6953125
vt 0.5390625 0.703125
vt 0.53125 0.6953125
vt 0.5390625 0.703125
vt 0.53125 0.703125
vt 0.37382811 0.796875
vt 0.36835939 0.796875
vt 0.36835939 0.79609376
vt 0.37382811 0.796875
vt 0.36835939 0.79609376
vt 0.37382811 0.79609376
vt 0.46328124 0.43098985999999995
vt 0.46328124 0.4375
vt 0.46250001 0.4375
vt 0.46328124 0.43098985999999995
vt 0.46250001 0.4375
vt 0.46250001 0.43098985999999995
vt 0.53125 0.6484375
vt 0.5390625 0.6484375
vt 0.5390625 0.65625
vt 0.53125 0.6484375
vt 0.5390625 0.65625
vt 0.53125 0.65625
vt 0.375 0.4609375
vt 0.3828125 0.4609375
vt 0.3828125 0.46875
vt 0.375 0.4609375
vt 0.3828125 0.46875
vt 0.375 0.46875
vt 0.55585939 0.87552112
vt 0.56132811 0.87552112
vt 0.56132811 0.87630236
vt 0.55585939 0.87552112
vt 0.56132811 0.87630236
vt 0.55585939 0.87630236
vt 0.46250001 0.4302085600000001
vt 0.46328124 0.4302085600000001
vt 0.46328124 0.43098985999999995
vt 0.46250001 0.4302085600000001
vt 0.46328124 0.43098985999999995
vt 0.46250001 0.43098985999999995
vt 0.390625 0.4609375
vt 0.3984375 0.4609375
vt 0.3984375 0.46875
vt 0.390625 0.4609375
vt 0.3984375 0.46875
vt 0.390625 0.46875
vt 0.50937498 0.4302085600000001
vt 0.51015627 0.4302085600000001
vt 0.51015627 0.43098985999999995
vt 0.50937498 0.4302085600000001
vt 0.51015627 0.43098985999999995
vt 0.50937498 0.43098985999999995
vt 0.453125 0.46875
vt 0.4453125 0.46875
vt 0.4453125 0.4609375
vt 0.453125 0.46875
vt 0.4453125 0.4609375
vt 0.453125 0.4609375
vt 0.46875 0.46875
vt 0.4609375 0.46875
vt 0.4609375 0.4609375
vt 0.46875 0.46875
vt 0.4609375 0.4609375
vt 0.46875 0.4609375
vt 0.12783203 0.546875
vt 0.12529297 0.546875
vt 0.12529297 0.54361951
vt 0.12783203 0.546875
vt 0.12529297 0.54361951
vt 0.12783203 0.54361951
vt 0.45529181 1
vt 0.45021367 1
vt 0.45021367 0.99348986
vt 0.45529181 1
vt 0.45021367 0.99348986
vt 0.45529181 0.99348986
vt 0.45021367 1
vt 0.44513553 1
vt 0.44513553 0.99348986
vt 0.45021367 1
vt 0.44513553 0.99348986
vt 0.45021367 0.99348986
vt 0.44513553 1
vt 0.44005743 1
vt 0.44005743 0.99348986
vt 0.44513553 1
vt 0.44005743 0.99348986
vt 0.44513553 0.99348986
vt 0.44005743 1
vt 0.43497929 1
vt 0.43497929 0.99348986
vt 0.44005743 1
vt 0.43497929 0.99348986
vt 0.44005743 0.99348986
vt 0.43497929 1
vt 0.42990118 1
vt 0.42990118 0.99348986
vt 0.43497929 1
vt 0.42990118 0.99348986
vt 0.43497929 0.99348986
vt 0.42990118 1
vt 0.42482305 1
vt 0.42482305 0.99348986
vt 0.42990118 1
vt 0.42482305 0.99348986
vt 0.42990118 0.99348986
vt 0.3079707 0.53125
vt 0.30609179 0.53125
vt 0.30609179 0.52884144
vt 0.3079707 0.53125
vt 0.30609179 0.52884144
vt 0.3079707 0.52884144
vt 0.515625 0.46875
vt 0.5078125 0.46875
vt 0.5078125 0.4609375
vt 0.515625 0.46875
vt 0.5078125 0.4609375
vt 0.515625 0.4609375
vt 0.2890625 0.78125
vt 0.29414064 0.78125
vt 0.29414064 0.7890625
vt 0.2890625 0.78125
vt 0.29414064 0.7890625
vt 0.2890625 0.7890625
vt 0.29414064 0.78125
vt 0.29921874 0.78125
vt 0.29921874 0.7890625
vt 0.29414064 0.78125
vt 0.29921874 0.7890625
vt 0.29414064 0.7890625
vt 0.30429688 0.78125
vt 0.30937499 0.78125
vt 0.30937499 0.7890625
vt 0.30429688 0.78125
vt 0.30937499 0.7890625
vt 0.30429688 0.7890625
vt 0.30937499 0.78125
vt 0.31445312 0.78125
vt 0.31445312 0.7890625
vt 0.30937499 0.78125
vt 0.31445312 0.7890625
vt 0.30937499 0.7890625
vt 0.31445312 0.78125
vt 0.31953126 0.78125
vt 0.31953126 0.7890625
vt 0.31445312 0.78125
vt 0.31953126 0.7890625
vt 0.31445312 0.7890625
vt 0.31953126 0.78125
vt 0.32460937 0.78125
vt 0.32460937 0.7890625
vt 0.31953126 0.78125
vt 0.32460937 0.7890625
vt 0.31953126 0.7890625
vt 0.32460937 0.78125
vt 0.32968751 0.78125
vt 0.32968751 0.7890625
vt 0.32460937 0.78125
vt 0.32968751 0.7890625
vt 0.32460937 0.7890625
vt 0.32968751 0.78125
vt 0.33476561 0.78125
vt 0.33476561 0.7890625
vt 0.32968751 0.78125
vt 0.33476561 0.7890625
vt 0.32968751 0.7890625
vt 0.33476561 0.78125
vt 0.33984375 0.78125
vt 0.33984375 0.7890625
vt 0.33476561 0.78125
vt 0.33984375 0.7890625
vt 0.33476561 0.7890625
vt 0.33984375 0.78125
vt 0.34492189 0.78125
vt 0.34492189 0.7890625
vt 0.33984375 0.78125
vt 0.34492189 0.7890625
vt 0.33984375 0.7890625
vt 0.34453124 0.66536486
vt 0.34960938 0.66536486
vt 0.34960938 0.671875
vt 0.34453124 0.66536486
vt 0.34960938 0.671875
vt 0.34453124 0.671875
vt 0.34960938 0.66536486
vt 0.35468751 0.66536486
vt 0.35468751 0.671875
vt 0.34960938 0.66536486
vt 0.35468751 0.671875
vt 0.34960938 0.671875
vt 0.35468751 0.66536486
vt 0.35976562 0.66536486
vt 0.35976562 0.671875
vt 0.35468751 0.66536486
vt 0.35976562 0.671875
vt 0.35468751 0.671875
vt 0.35976562 0.66536486
vt 0.36484376 0.66536486
vt 0.36484376 0.671875
vt 0.35976562 0.66536486
vt 0.36484376 0.671875
vt 0.35976562 0.671875
vt 0.36484376 0.66536486
vt 0.36992186 0.66536486
vt 0.36992186 0.671875
vt 0.36484376 0.66536486
vt 0.36992186 0.671875
vt 0.36484376 0.671875
vt 0.36992186 0.66536486
vt 0.375 0.66536486
vt 0.375 0.671875
vt 0.36992186 0.66536486
vt 0.375 0.671875
vt 0.36992186 0.671875
vt 0.375 0.66536486
vt 0.38007814 0.66536486
vt 0.38007814 0.671875
vt 0.375 0.66536486
vt 0.38007814 0.671875
vt 0.375 0.671875
vt 0.38007814 0.66536486
vt 0.38515624 0.66536486
vt 0.38515624 0.671875
vt 0.38007814 0.66536486
vt 0.38515624 0.671875
vt 0.38007814 0.671875
vt 0.38515624 0.66536486
vt 0.39023438 0.66536486
vt 0.39023438 0.671875
vt 0.38515624 0.66536486
vt 0.39023438 0.671875
vt 0.38515624 0.671875
vt 0.32890624 0.8046875
vt 0.33398438 0.8046875
vt 0.33398438 0.8125
vt 0.32890624 0.8046875
vt 0.33398438 0.8125
vt 0.32890624 0.8125
vt 0.34414062 0.8046875
vt 0.34921876 0.8046875
vt 0.34921876 0.8125
vt 0.34414062 0.8046875
vt 0.34921876 0.8125
vt 0.34414062 0.8125
vt 0.34921876 0.8046875
vt 0.35429686 0.8046875
vt 0.35429686 0.8125
vt 0.34921876 0.8046875
vt 0.35429686 0.8125
vt 0.34921876 0.8125
vt 0.35429686 0.8046875
vt 0.359375 0.8046875
vt 0.359375 0.8125
vt 0.35429686 0.8046875
vt 0.359375 0.8125
vt 0.35429686 0.8125
vt 0.359375 0.8046875
vt 0.36445314 0.8046875
vt 0.36445314 0.8125
vt 0.359375 0.8046875
vt 0.36445314 0.8125
vt 0.359375 0.8125
vt 0.36445314 0.8046875
vt 0.36953124 0.8046875
vt 0.36953124 0.8125
vt 0.36445314 0.8046875
vt 0.36953124 0.8125
vt 0.36445314 0.8125
vt 0.36953124 0.8046875
vt 0.37460938 0.8046875
vt 0.37460938 0.8125
vt 0.36953124 0.8046875
vt 0.37460938 0.8125
vt 0.36953124 0.8125
vt 0.37460938 0.8046875
vt 0.37968749 0.8046875
vt 0.37968749 0.8125
vt 0.37460938 0.8046875
vt 0.37968749 0.8125
vt 0.37460938 0.8125
vt 0.37968749 0.8046875
vt 0.38476562 0.8046875
vt 0.38476562 0.8125
vt 0.37968749 0.8046875
vt 0.38476562 0.8125
vt 0.37968749 0.8125
vt 0.33906251 0.81328124
vt 0.33398438 0.81328124
vt 0.33398438 0.8125
vt 0.33906251 0.81328124
vt 0.33398438 0.8125
vt 0.33906251 0.8125
vt 0.29414064 0.78046876
vt 0.29921874 0.78046876
vt 0.29921874 0.78125
vt 0.29414064 0.78046876
vt 0.29921874 0.78125
vt 0.29414064 0.78125
vt 0.5234375 0.46875
vt 0.5234375 0.4609375
vt 0.53125 0.4609375
vt 0.5234375 0.46875
vt 0.53125 0.4609375
vt 0.53125 0.46875
vt 0.38476562 0.81328124
vt 0.37968749 0.81328124
vt 0.37968749 0.8125
vt 0.38476562 0.81328124
vt 0.37968749 0.8125
vt 0.38476562 0.8125
vt 0.0078125 0.453125
vt 0.0078125 0.4609375
vt 0 0.4609375
vt 0.0078125 0.453125
vt 0 0.4609375
vt 0 0.453125
vt 0.33984375 0.78046876
vt 0.34492189 0.78046876
vt 0.34492189 0.78125
vt 0.33984375 0.78046876
vt 0.34492189 0.78125
vt 0.33984375 0.78125
vt 0.42244259 0.99794924
vt 0.42244259 0.99554062
vt 0.42482305 0.99348986
vt 0.42244259 0.99794924
vt 0.42482305 0.99348986
vt 0.42482305 1
vt 0.5390625 1
vt 0.5390625 0.9921875
vt 0.546875 0.9921875
vt 0.5390625 1
vt 0.546875 0.9921875
vt 0.546875 1
vt 0.29937696 0.44453126
vt 0.29749805 0.44453126
vt 0.29749805 0.43671876
vt 0.29937696 0.44453126
vt 0.29749805 0.43671876
vt 0.29937696 0.43671876
vt 0.0234375 0.58352894
vt 0.0234375 0.5859375
vt 0.015625 0.5859375
vt 0.0234375 0.58352894
vt 0.015625 0.5859375
vt 0.015625 0.58352894
vt 0.31312305 0.43437499
vt 0.31500196 0.43437499
vt 0.31500196 0.44218749
vt 0.31312305 0.43437499
vt 0.31500196 0.44218749
vt 0.31312305 0.44218749
vt 0.30609179 0.48977888
vt 0.3079707 0.48977888
vt 0.3079707 0.52884144
vt 0.30609179 0.48977888
vt 0.3079707 0.52884144
vt 0.30609179 0.52884144
vt 0.015625 0.54446644
vt 0.0234375 0.54446644
vt 0.0234375 0.58352894
vt 0.015625 0.54446644
vt 0.0234375 0.58352894
vt 0.015625 0.58352894
vt 0.4140625 0.7578125
vt 0.421875 0.7578125
vt 0.421875 0.796875
vt 0.4140625 0.7578125
vt 0.421875 0.796875
vt 0.4140625 0.796875
vt 0.24453124 0.59915394
vt 0.25234374 0.59915394
vt 0.25234374 0.63821644
vt 0.24453124 0.59915394
vt 0.25234374 0.63821644
vt 0.24453124 0.63821644
vt 0.3079707 0.6328125
vt 0.30609179 0.6328125
vt 0.30609179 0.53125
vt 0.3079707 0.6328125
vt 0.30609179 0.53125
vt 0.3079707 0.53125
vt 0.25234374 0.7421875
vt 0.24453124 0.7421875
vt 0.24453124 0.640625
vt 0.25234374 0.7421875
vt 0.24453124 0.640625
vt 0.25234374 0.640625
vt 0.0546875 0.6484375
vt 0.046875 0.6484375
vt 0.046875 0.546875
vt 0.0546875 0.6484375
vt 0.046875 0.546875
vt 0.0546875 0.546875
vt 0.0234375 0.6875
vt 0.015625 0.6875
vt 0.015625 0.5859375
vt 0.0234375 0.6875
vt 0.015625 0.5859375
vt 0.0234375 0.5859375
vt 0.0234375 0.453125
vt 0.0234375 0.4609375
vt 0.015625 0.4609375
vt 0.0234375 0.453125
vt 0.015625 0.4609375
vt 0.015625 0.453125
vt 0.5390625 0.984375
vt 0.5390625 0.9765625
vt 0.546875 0.9765625
vt 0.5390625 0.984375
vt 0.546875 0.9765625
vt 0.546875 0.984375
vt 0.09375 0.4609375
vt 0.09375 0.453125
vt 0.1015625 0.453125
vt 0.09375 0.4609375
vt 0.1015625 0.453125
vt 0.1015625 0.4609375
vt 0.5390625 0.90625
vt 0.5390625 0.8984375
vt 0.546875 0.8984375
vt 0.5390625 0.90625
vt 0.546875 0.8984375
vt 0.546875 0.90625
vt 0.1171875 0.4609375
vt 0.109375 0.4609375
vt 0.109375 0.453125
vt 0.1171875 0.4609375
vt 0.109375 0.453125
vt 0.1171875 0.453125
vt 0.546875 0.8828125
vt 0.546875 0.890625
vt 0.5390625 0.890625
vt 0.546875 0.8828125
vt 0.5390625 0.890625
vt 0.5390625 0.8828125
vt 0.125 0.453125
vt 0.1328125 0.453125
vt 0.1328125 0.4609375
vt 0.125 0.453125
vt 0.1328125 0.4609375
vt 0.125 0.4609375
vt 0.546875 0.875
vt 0.5390625 0.875
vt 0.5390625 0.8671875
vt 0.546875 0.875
vt 0.5390625 0.8671875
vt 0.546875 0.8671875
vt 0.546875 0.859375
vt 0.5390625 0.859375
vt 0.5390625 0.8515625
vt 0.546875 0.859375
vt 0.5390625 0.8515625
vt 0.546875 0.8515625
vt 0.45078126 0.59375
vt 0.44570312 0.59375
vt 0.44570312 0.58723986
vt 0.45078126 0.59375
vt 0.44570312 0.58723986
vt 0.45078126 0.58723986
vt 0.44570312 0.59375
vt 0.44062501 0.59375
vt 0.44062501 0.58723986
vt 0.44570312 0.59375
vt 0.44062501 0.58723986
vt 0.44570312 0.58723986
vt 0.44062501 0.59375
vt 0.43554688 0.59375
vt 0.43554688 0.58723986
vt 0.44062501 0.59375
vt 0.43554688 0.58723986
vt 0.44062501 0.58723986
vt 0.43554688 0.59375
vt 0.43046874 0.59375
vt 0.43046874 0.58723986
vt 0.43554688 0.59375
vt 0.43046874 0.58723986
vt 0.43554688 0.58723986
vt 0.43046874 0.59375
vt 0.42539063 0.59375
vt 0.42539063 0.58723986
vt 0.43046874 0.59375
vt 0.42539063 0.58723986
vt 0.43046874 0.58723986
vt 0.42539063 0.59375
vt 0.42031249 0.59375
vt 0.42031249 0.58723986
vt 0.42539063 0.59375
vt 0.42031249 0.58723986
vt 0.42539063 0.58723986
vt 0.546875 0.84375
vt 0.5390625 0.84375
vt 0.5390625 0.8359375
vt 0.546875 0.84375
vt 0.5390625 0.8359375
vt 0.546875 0.8359375
vt 0.30546874 0.6484375
vt 0.31054688 0.6484375
vt 0.31054688 0.65625
vt 0.30546874 0.6484375
vt 0.31054688 0.65625
vt 0.30546874 0.65625
vt 0.31054688 0.6484375
vt 0.31562501 0.6484375
vt 0.31562501 0.65625
vt 0.31054688 0.6484375
vt 0.31562501 0.65625
vt 0.31054688 0.65625
vt 0.32070312 0.6484375
vt 0.32578126 0.6484375
vt 0.32578126 0.65625
vt 0.32070312 0.6484375
vt 0.32578126 0.65625
vt 0.32070312 0.65625
vt 0.32578126 0.6484375
vt 0.33085936 0.6484375
vt 0.33085936 0.65625
vt 0.32578126 0.6484375
vt 0.33085936 0.65625
vt 0.32578126 0.65625
vt 0.33085936 0.6484375
vt 0.3359375 0.6484375
vt 0.3359375 0.65625
vt 0.33085936 0.6484375
vt 0.3359375 0.65625
vt 0.33085936 0.65625
vt 0.3359375 0.6484375
vt 0.34101564 0.6484375
vt 0.34101564 0.65625
vt 0.3359375 0.6484375
vt 0.34101564 0.65625
vt 0.3359375 0.65625
vt 0.34101564 0.6484375
vt 0.34609374 0.6484375
vt 0.34609374 0.65625
vt 0.34101564 0.6484375
vt 0.34609374 0.65625
vt 0.34101564 0.65625
vt 0.34609374 0.6484375
vt 0.35117188 0.6484375
vt 0.35117188 0.65625
vt 0.34609374 0.6484375
vt 0.35117188 0.65625
vt 0.34609374 0.65625
vt 0.35624999 0.6484375
vt 0.36132812 0.6484375
vt 0.36132812 0.65625
vt 0.35624999 0.6484375
vt 0.36132812 0.65625
vt 0.35624999 0.65625
vt 0.36796874 0.94661486
vt 0.37304688 0.94661486
vt 0.37304688 0.953125
vt 0.36796874 0.94661486
vt 0.37304688 0.953125
vt 0.36796874 0.953125
vt 0.37304688 0.94661486
vt 0.37812501 0.94661486
vt 0.37812501 0.953125
vt 0.37304688 0.94661486
vt 0.37812501 0.953125
vt 0.37304688 0.953125
vt 0.37812501 0.94661486
vt 0.38320312 0.94661486
vt 0.38320312 0.953125
vt 0.37812501 0.94661486
vt 0.38320312 0.953125
vt 0.37812501 0.953125
vt 0.38320312 0.94661486
vt 0.38828126 0.94661486
vt 0.38828126 0.953125
vt 0.38320312 0.94661486
vt 0.38828126 0.953125
vt 0.38320312 0.953125
vt 0.38828126 0.94661486
vt 0.39335936 0.94661486
vt 0.39335936 0.953125
vt 0.38828126 0.94661486
vt 0.39335936 0.953125
vt 0.38828126 0.953125
vt 0.39335936 0.94661486
vt 0.3984375 0.94661486
vt 0.3984375 0.953125
vt 0.39335936 0.94661486
vt 0.3984375 0.953125
vt 0.39335936 0.953125
vt 0.3984375 0.94661486
vt 0.40351564 0.94661486
vt 0.40351564 0.953125
vt 0.3984375 0.94661486
vt 0.40351564 0.953125
vt 0.3984375 0.953125
vt 0.40351564 0.94661486
vt 0.40859374 0.94661486
vt 0.40859374 0.953125
vt 0.40351564 0.94661486
vt 0.40859374 0.953125
vt 0.40351564 0.953125
vt 0.40859374 0.94661486
vt 0.41367188 0.94661486
vt 0.41367188 0.953125
vt 0.40859374 0.94661486
vt 0.41367188 0.953125
vt 0.40859374 0.953125
vt 0.41367188 0.94661486
vt 0.41874999 0.94661486
vt 0.41874999 0.953125
vt 0.41367188 0.94661486
vt 0.41874999 0.953125
vt 0.41367188 0.953125
vt 0.41874999 0.94661486
vt 0.42382812 0.94661486
vt 0.42382812 0.953125
vt 0.41874999 0.94661486
vt 0.42382812 0.953125
vt 0.41874999 0.953125
vt 0.35234374 0.9609375
vt 0.35742188 0.9609375
vt 0.35742188 0.96875
vt 0.35234374 0.9609375
vt 0.35742188 0.96875
vt 0.35234374 0.96875
vt 0.35742188 0.9609375
vt 0.36250001 0.9609375
vt 0.36250001 0.96875
vt 0.35742188 0.9609375
vt 0.36250001 0.96875
vt 0.35742188 0.96875
vt 0.36757812 0.9609375
vt 0.37265626 0.9609375
vt 0.37265626 0.96875
vt 0.36757812 0.9609375
vt 0.37265626 0.96875
vt 0.36757812 0.96875
vt 0.37265626 0.9609375
vt 0.37773436 0.9609375
vt 0.37773436 0.96875
vt 0.37265626 0.9609375
vt 0.37773436 0.96875
vt 0.37265626 0.96875
vt 0.37773436 0.9609375
vt 0.3828125 0.9609375
vt 0.3828125 0.96875
vt 0.37773436 0.9609375
vt 0.3828125 0.96875
vt 0.37773436 0.96875
vt 0.3828125 0.9609375
vt 0.38789064 0.9609375
vt 0.38789064 0.96875
vt 0.3828125 0.9609375
vt 0.38789064 0.96875
vt 0.3828125 0.96875
vt 0.38789064 0.9609375
vt 0.39296874 0.9609375
vt 0.39296874 0.96875
vt 0.38789064 0.9609375
vt 0.39296874 0.96875
vt 0.38789064 0.96875
vt 0.39296874 0.9609375
vt 0.39804688 0.9609375
vt 0.39804688 0.96875
vt 0.39296874 0.9609375
vt 0.39804688 0.96875
vt 0.39296874 0.96875
vt 0.40312499 0.9609375
vt 0.40820312 0.9609375
vt 0.40820312 0.96875
vt 0.40312499 0.9609375
vt 0.40820312 0.96875
vt 0.40312499 0.96875
vt 0.40820312 0.96953124
vt 0.40312499 0.96953124
vt 0.40312499 0.96875
vt 0.40820312 0.96953124
vt 0.40312499 0.96875
vt 0.40820312 0.96875
vt 0.546875 0.8203125
vt 0.546875 0.828125
vt 0.5390625 0.828125
vt 0.546875 0.8203125
vt 0.5390625 0.828125
vt 0.5390625 0.8203125
vt 0.35624999 0.64765626
vt 0.36132812 0.64765626
vt 0.36132812 0.6484375
vt 0.35624999 0.64765626
vt 0.36132812 0.6484375
vt 0.35624999 0.6484375
vt 0.51484376 0.453125
vt 0.51484376 0.44661485999999995
vt 0.515625 0.44661485999999995
vt 0.51484376 0.453125
vt 0.515625 0.44661485999999995
vt 0.515625 0.453125
vt 0.2734375 0.453125
vt 0.2734375 0.4609375
vt 0.265625 0.4609375
vt 0.2734375 0.453125
vt 0.265625 0.4609375
vt 0.265625 0.453125
vt 0.56404376 0.703125
vt 0.56404376 0.70234376
vt 0.56486249 0.70234376
vt 0.56404376 0.703125
vt 0.56486249 0.70234376
vt 0.56486249 0.703125
vt 0.28125 0.4609375
vt 0.28125 0.453125
vt 0.2890625 0.453125
vt 0.28125 0.4609375
vt 0.2890625 0.453125
vt 0.2890625 0.4609375
vt 0.37654376 0.43046874
vt 0.37654376 0.4296875
vt 0.37736249 0.4296875
vt 0.37654376 0.43046874
vt 0.37736249 0.4296875
vt 0.37736249 0.43046874
vt 0.5078125 0.453125
vt 0.5078125 0.44661485999999995
vt 0.51484376 0.44661485999999995
vt 0.5078125 0.453125
vt 0.51484376 0.44661485999999995
vt 0.51484376 0.453125
vt 0.37736249 0.4375
vt 0.37654376 0.4375
vt 0.37654376 0.43046874
vt 0.37736249 0.4375
vt 0.37654376 0.43046874
vt 0.37736249 0.43046874
vt 0.3046875 0.453125
vt 0.3046875 0.4609375
vt 0.296875 0.4609375
vt 0.3046875 0.453125
vt 0.296875 0.4609375
vt 0.296875 0.453125
vt 0.56404376 0.6953125
vt 0.56486249 0.6953125
vt 0.56486249 0.70234376
vt 0.56404376 0.6953125
vt 0.56486249 0.70234376
vt 0.56404376 0.70234376
vt 0.29937696 0.4453125
vt 0.29749805 0.4453125
vt 0.29749805 0.44453126
vt 0.29937696 0.4453125
vt 0.29749805 0.44453126
vt 0.29937696 0.44453126
vt 0.25234374 0.3984375
vt 0.25234374 0.5
vt 0.25156251 0.5
vt 0.25234374 0.3984375
vt 0.25156251 0.5
vt 0.25156251 0.3984375
vt 0.24375001 0.7421875
vt 0.24375001 0.640625
vt 0.24453124 0.640625
vt 0.24375001 0.7421875
vt 0.24453124 0.640625
vt 0.24453124 0.7421875
vt 0.25234374 0.39602888
vt 0.25234374 0.3984375
vt 0.25156251 0.3984375
vt 0.25234374 0.39602888
vt 0.25156251 0.3984375
vt 0.25156251 0.39602888
vt 0.24375001 0.640625
vt 0.24375001 0.63821644
vt 0.24453124 0.63821644
vt 0.24375001 0.640625
vt 0.24453124 0.63821644
vt 0.24453124 0.640625
vt 0.31312305 0.43359375
vt 0.31500196 0.43359375
vt 0.31500196 0.43437499
vt 0.31312305 0.43359375
vt 0.31500196 0.43437499
vt 0.31312305 0.43437499
vt 0.24375001 0.63821644
vt 0.24375001 0.59915394
vt 0.24453124 0.59915394
vt 0.24375001 0.63821644
vt 0.24453124 0.59915394
vt 0.24453124 0.63821644
vt 0.25234374 0.35696638
vt 0.25234374 0.39602888
vt 0.25156251 0.39602888
vt 0.25234374 0.35696638
vt 0.25156251 0.39602888
vt 0.25156251 0.35696638
vt 0.30531055 0.6328125
vt 0.30531055 0.53125
vt 0.30609179 0.53125
vt 0.30531055 0.6328125
vt 0.30609179 0.53125
vt 0.30609179 0.6328125
vt 0.3001582 0.44453126
vt 0.3001582 0.4453125
vt 0.29937696 0.4453125
vt 0.3001582 0.44453126
vt 0.29937696 0.4453125
vt 0.29937696 0.44453126
vt 0.41640624 0.3984375
vt 0.41640624 0.5
vt 0.41562501 0.5
vt 0.41640624 0.3984375
vt 0.41562501 0.5
vt 0.41562501 0.3984375
vt 0.30531055 0.53125
vt 0.30531055 0.52884144
vt 0.30609179 0.52884144
vt 0.30531055 0.53125
vt 0.30609179 0.52884144
vt 0.30609179 0.53125
vt 0.41640624 0.39602888
vt 0.41640624 0.3984375
vt 0.41562501 0.3984375
vt 0.41640624 0.39602888
vt 0.41562501 0.3984375
vt 0.41562501 0.39602888
vt 0.30531055 0.52884144
vt 0.30531055 0.48977888
vt 0.30609179 0.48977888
vt 0.30531055 0.52884144
vt 0.30609179 0.48977888
vt 0.30609179 0.52884144
vt 0.41640624 0.35696638
vt 0.41640624 0.39602888
vt 0.41562501 0.39602888
vt 0.41640624 0.35696638
vt 0.41562501 0.39602888
vt 0.41562501 0.35696638
vt 0.3157832 0.43359375
vt 0.3157832 0.43437499
vt 0.31500196 0.43437499
vt 0.3157832 0.43359375
vt 0.31500196 0.43437499
vt 0.31500196 0.43359375
vt 0.26679689 0.50911486
vt 0.27226561 0.50911486
vt 0.27226561 0.515625
vt 0.26679689 0.50911486
vt 0.27226561 0.515625
vt 0.26679689 0.515625
vt 0.27226561 0.50911486
vt 0.26679689 0.50911486
vt 0.26679689 0.50260389
vt 0.27226561 0.50911486
vt 0.26679689 0.50260389
vt 0.27226561 0.50260389
vt 0.28242189 0.49609375
vt 0.28789061 0.49609375
vt 0.28789061 0.50260466
vt 0.28242189 0.49609375
vt 0.28789061 0.50260466
vt 0.28242189 0.50260466
vt 0.28789061 0.49609375
vt 0.28242189 0.49609375
vt 0.28242189 0.48958360999999995
vt 0.28789061 0.49609375
vt 0.28242189 0.48958360999999995
vt 0.28789061 0.48958360999999995
vt 0.50937498 0.4375
vt 0.50937498 0.43098985999999995
vt 0.51015627 0.43098985999999995
vt 0.50937498 0.4375
vt 0.51015627 0.43098985999999995
vt 0.51015627 0.4375
vt 0.24453124 0.640625
vt 0.24453124 0.63821644
vt 0.25234374 0.63821644
vt 0.24453124 0.640625
vt 0.25234374 0.63821644
vt 0.25234374 0.640625
vt 0.55830079 0.85078126
vt 0.55576169 0.85078126
vt 0.55576169 0.84296876
vt 0.55830079 0.85078126
vt 0.55576169 0.84296876
vt 0.55830079 0.84296876
vt 0.25937501 0.87174451
vt 0.25937501 0.875
vt 0.25156251 0.875
vt 0.25937501 0.87174451
vt 0.25156251 0.875
vt 0.25156251 0.87174451
vt 0.26669922 0.43437499
vt 0.26923829 0.43437499
vt 0.26923829 0.44218749
vt 0.26669922 0.43437499
vt 0.26923829 0.44218749
vt 0.26669922 0.44218749
vt 0.12529297 0.50455701
vt 0.12783203 0.50455701
vt 0.12783203 0.54361951
vt 0.12529297 0.50455701
vt 0.12783203 0.54361951
vt 0.12529297 0.54361951
vt 0.25156251 0.83268201
vt 0.25937501 0.83268201
vt 0.25937501 0.87174451
vt 0.25156251 0.83268201
vt 0.25937501 0.87174451
vt 0.25156251 0.87174451
vt 0.234375 0.546875
vt 0.2421875 0.546875
vt 0.2421875 0.5859375
vt 0.234375 0.546875
vt 0.2421875 0.5859375
vt 0.234375 0.5859375
vt 0 0.54361951
vt 0.0078125 0.54361951
vt 0.0078125 0.58268201
vt 0 0.54361951
vt 0.0078125 0.58268201
vt 0 0.58268201
vt 0.12783203 0.6484375
vt 0.12529297 0.6484375
vt 0.12529297 0.546875
vt 0.12783203 0.6484375
vt 0.12529297 0.546875
vt 0.12783203 0.546875
vt 0.25937501 0.9765625
vt 0.25156251 0.9765625
vt 0.25156251 0.875
vt 0.25937501 0.9765625
vt 0.25156251 0.875
vt 0.25937501 0.875
vt 0.3125 0.4609375
vt 0.3125 0.453125
vt 0.3203125 0.453125
vt 0.3125 0.4609375
vt 0.3203125 0.453125
vt 0.3203125 0.4609375
vt 0.33955079 0.8125
vt 0.33955079 0.81328124
vt 0.33906251 0.81328124
vt 0.33955079 0.8125
vt 0.33906251 0.81328124
vt 0.33906251 0.8125
vt 0.29970703 0.78046876
vt 0.29970703 0.78125
vt 0.29921874 0.78125
vt 0.29970703 0.78046876
vt 0.29921874 0.78125
vt 0.29921874 0.78046876
vt 0.29921874 0.7734375
vt 0.29970703 0.7734375
vt 0.29970703 0.78046876
vt 0.29921874 0.7734375
vt 0.29970703 0.78046876
vt 0.29921874 0.78046876
vt 0.328125 0.4609375
vt 0.328125 0.453125
vt 0.3359375 0.453125
vt 0.328125 0.4609375
vt 0.3359375 0.453125
vt 0.3359375 0.4609375
vt 0.33955079 0.8203125
vt 0.33906251 0.8203125
vt 0.33906251 0.81328124
vt 0.33955079 0.8203125
vt 0.33906251 0.81328124
vt 0.33955079 0.81328124
vt 0.36250001 0.96953124
vt 0.35742188 0.96953124
vt 0.35742188 0.96875
vt 0.36250001 0.96953124
vt 0.35742188 0.96875
vt 0.36250001 0.96875
vt 0.31054688 0.64765626
vt 0.31562501 0.64765626
vt 0.31562501 0.6484375
vt 0.31054688 0.64765626
vt 0.31562501 0.6484375
vt 0.31054688 0.6484375
vt 0.34375 0.4609375
vt 0.34375 0.453125
vt 0.3515625 0.453125
vt 0.34375 0.4609375
vt 0.3515625 0.453125
vt 0.3515625 0.4609375
vt 0.359375 0.4609375
vt 0.359375 0.453125
vt 0.3671875 0.453125
vt 0.359375 0.4609375
vt 0.3671875 0.453125
vt 0.3671875 0.4609375
vt 0.36298829 0.96875
vt 0.36298829 0.96953124
vt 0.36250001 0.96953124
vt 0.36298829 0.96875
vt 0.36250001 0.96953124
vt 0.36250001 0.96875
vt 0.31611329 0.64765626
vt 0.31611329 0.6484375
vt 0.31562501 0.6484375
vt 0.31611329 0.64765626
vt 0.31562501 0.6484375
vt 0.31562501 0.64765626
vt 0.31562501 0.640625
vt 0.31611329 0.640625
vt 0.31611329 0.64765626
vt 0.31562501 0.640625
vt 0.31611329 0.64765626
vt 0.31562501 0.64765626
vt 0.5390625 0.625
vt 0.5390625 0.6171875
vt 0.546875 0.6171875
vt 0.5390625 0.625
vt 0.546875 0.6171875
vt 0.546875 0.625
vt 0.36298829 0.9765625
vt 0.36250001 0.9765625
vt 0.36250001 0.96953124
vt 0.36298829 0.9765625
vt 0.36250001 0.96953124
vt 0.36298829 0.96953124
vt 0.55830079 0.8515625
vt 0.55576169 0.8515625
vt 0.55576169 0.85078126
vt 0.55830079 0.8515625
vt 0.55576169 0.85078126
vt 0.55830079 0.85078126
vt 0.26015624 0.875
vt 0.26015624 0.9765625
vt 0.25937501 0.9765625
vt 0.26015624 0.875
vt 0.25937501 0.9765625
vt 0.25937501 0.875
vt 0.0640625 0.5
vt 0.0640625 0.3984375
vt 0.06484375 0.3984375
vt 0.0640625 0.5
vt 0.06484375 0.3984375
vt 0.06484375 0.5
vt 0.26015624 0.87174451
vt 0.26015624 0.875
vt 0.25937501 0.875
vt 0.26015624 0.87174451
vt 0.25937501 0.875
vt 0.25937501 0.87174451
vt 0.0640625 0.3984375
vt 0.0640625 0.39518201
vt 0.06484375 0.39518201
vt 0.0640625 0.3984375
vt 0.06484375 0.39518201
vt 0.06484375 0.3984375
vt 0.26669922 0.43359375
vt 0.26923829 0.43359375
vt 0.26923829 0.43437499
vt 0.26669922 0.43359375
vt 0.26923829 0.43437499
vt 0.26669922 0.43437499
vt 0.0640625 0.39518201
vt 0.0640625 0.35611951
vt 0.06484375 0.35611951
vt 0.0640625 0.39518201
vt 0.06484375 0.35611951
vt 0.06484375 0.39518201
vt 0.26015624 0.83268201
vt 0.26015624 0.87174451
vt 0.25937501 0.87174451
vt 0.26015624 0.83268201
vt 0.25937501 0.87174451
vt 0.25937501 0.83268201
vt 0.12861328 0.50455701
vt 0.12861328 0.54361951
vt 0.12783203 0.54361951
vt 0.12861328 0.50455701
vt 0.12783203 0.54361951
vt 0.12783203 0.50455701
vt 0.26591796 0.43437499
vt 0.26591796 0.43359375
vt 0.26669922 0.43359375
vt 0.26591796 0.43437499
vt 0.26669922 0.43359375
vt 0.26669922 0.43437499
vt 0.47812501 0.41080701
vt 0.47812501 0.37174451
vt 0.47890624 0.37174451
vt 0.47812501 0.41080701
vt 0.47890624 0.37174451
vt 0.47890624 0.41080701
vt 0.12861328 0.546875
vt 0.12861328 0.6484375
vt 0.12783203 0.6484375
vt 0.12861328 0.546875
vt 0.12783203 0.6484375
vt 0.12783203 0.546875
vt 0.47812501 0.515625
vt 0.47812501 0.4140625
vt 0.47890624 0.4140625
vt 0.47812501 0.515625
vt 0.47890624 0.4140625
vt 0.47890624 0.515625
vt 0.55498046 0.8515625
vt 0.55498046 0.85078126
vt 0.55576169 0.85078126
vt 0.55498046 0.8515625
vt 0.55576169 0.85078126
vt 0.55576169 0.8515625
vt 0.12861328 0.54361951
vt 0.12861328 0.546875
vt 0.12783203 0.546875
vt 0.12861328 0.54361951
vt 0.12783203 0.546875
vt 0.12783203 0.54361951
vt 0.47812501 0.4140625
vt 0.47812501 0.41080701
vt 0.47890624 0.41080701
vt 0.47812501 0.4140625
vt 0.47890624 0.41080701
vt 0.47890624 0.4140625
vt 0.0953125 0.54361951
vt 0.09921875 0.54361951
vt 0.09921875 0.546875
vt 0.0953125 0.54361951
vt 0.09921875 0.546875
vt 0.0953125 0.546875
vt 0.5390625 0.6015625
vt 0.546875 0.6015625
vt 0.546875 0.609375
vt 0.5390625 0.6015625
vt 0.546875 0.609375
vt 0.5390625 0.609375
vt 0.4921875 0.73567736
vt 0.5 0.73567736
vt 0.5 0.7421875
vt 0.4921875 0.73567736
vt 0.5 0.7421875
vt 0.4921875 0.7421875
vt 0.4453125 0.66328126
vt 0.4375 0.66328126
vt 0.4375 0.65546876
vt 0.4453125 0.66328126
vt 0.4375 0.65546876
vt 0.4453125 0.65546876
vt 0.4375 0.66328126
vt 0.4296875 0.66328126
vt 0.4296875 0.65546876
vt 0.4375 0.66328126
vt 0.4296875 0.65546876
vt 0.4375 0.65546876
vt 0.4296875 0.66328126
vt 0.421875 0.66328126
vt 0.421875 0.65546876
vt 0.4296875 0.66328126
vt 0.421875 0.65546876
vt 0.4296875 0.65546876
vt 0.0625 0.5234375
vt 0.0546875 0.5234375
vt 0.0546875 0.51692736
vt 0.0625 0.5234375
vt 0.0546875 0.51692736
vt 0.0625 0.51692736
vt 0.0546875 0.5234375
vt 0.046875 0.5234375
vt 0.046875 0.51692736
vt 0.0546875 0.5234375
vt 0.046875 0.51692736
vt 0.0546875 0.51692736
vt 0.046875 0.5234375
vt 0.0390625 0.5234375
vt 0.0390625 0.51692736
vt 0.046875 0.5234375
vt 0.0390625 0.51692736
vt 0.046875 0.51692736
vt 0.4453125 0.63749999
vt 0.4375 0.63749999
vt 0.4375 0.62968749
vt 0.4453125 0.63749999
vt 0.4375 0.62968749
vt 0.4453125 0.62968749
vt 0.4375 0.63749999
vt 0.4296875 0.63749999
vt 0.4296875 0.62968749
vt 0.4375 0.63749999
vt 0.4296875 0.62968749
vt 0.4375 0.62968749
vt 0.4296875 0.63749999
vt 0.421875 0.63749999
vt 0.421875 0.62968749
vt 0.4296875 0.63749999
vt 0.421875 0.62968749
vt 0.4296875 0.62968749
vt 0.09609375 0.43437499
vt 0.1 0.43437499
vt 0.1 0.44218749
vt 0.09609375 0.43437499
vt 0.1 0.44218749
vt 0.09609375 0.44218749
vt 0.22031251 0.6484375
vt 0.22031251 0.64518201
vt 0.22812501 0.64518201
vt 0.22031251 0.6484375
vt 0.22812501 0.64518201
vt 0.22812501 0.6484375
vt 0.56093752 0.90546876
vt 0.55703127 0.90546876
vt 0.55703127 0.89765626
vt 0.56093752 0.90546876
vt 0.55703127 0.89765626
vt 0.56093752 0.89765626
vt 0.18164062 0.65299451
vt 0.18164062 0.65625
vt 0.17382812 0.65625
vt 0.18164062 0.65299451
vt 0.17382812 0.65625
vt 0.17382812 0.65299451
vt 0.28515625 0.44367188
vt 0.28515625 0.4453125
vt 0.28125 0.4453125
vt 0.28515625 0.44367188
vt 0.28125 0.4453125
vt 0.28125 0.44367188
vt 0.18164062 0.65625
vt 0.18164062 0.65789062
vt 0.17382812 0.65789062
vt 0.18164062 0.65625
vt 0.17382812 0.65789062
vt 0.17382812 0.65625
vt 0.17382812 0.65299451
vt 0.17382812 0.6513539
vt 0.18164062 0.6513539
vt 0.17382812 0.65299451
vt 0.18164062 0.6513539
vt 0.18164062 0.65299451
vt 0.28125 0.44041639999999993
vt 0.28125 0.43877578000000006
vt 0.28515625 0.43877578000000006
vt 0.28125 0.44041639999999993
vt 0.28515625 0.43877578000000006
vt 0.28515625 0.44041639999999993
vt 0.0796875 0.3984375
vt 0.0796875 0.39518201
vt 0.08046875 0.39518201
vt 0.0796875 0.3984375
vt 0.08046875 0.39518201
vt 0.08046875 0.3984375
vt 0.18242188 0.65299451
vt 0.18242188 0.65625
vt 0.18164062 0.65625
vt 0.18242188 0.65299451
vt 0.18164062 0.65625
vt 0.18164062 0.65299451
vt 0.09609375 0.43359375
vt 0.1 0.43359375
vt 0.1 0.43437499
vt 0.09609375 0.43359375
vt 0.1 0.43437499
vt 0.09609375 0.43437499
vt 0.0796875 0.39518201
vt 0.0796875 0.39354139999999993
vt 0.08046875 0.39354139999999993
vt 0.0796875 0.39518201
vt 0.08046875 0.39354139999999993
vt 0.08046875 0.39518201
vt 0.18164062 0.65299451
vt 0.18164062 0.6513539
vt 0.18242188 0.6513539
vt 0.18164062 0.65299451
vt 0.18242188 0.6513539
vt 0.18242188 0.65299451
vt 0.56093752 0.90625
vt 0.55703127 0.90625
vt 0.55703127 0.90546876
vt 0.56093752 0.90625
vt 0.55703127 0.90546876
vt 0.56093752 0.90546876
vt 0.18242188 0.65625
vt 0.18242188 0.65789062
vt 0.18164062 0.65789062
vt 0.18242188 0.65625
vt 0.18164062 0.65789062
vt 0.18164062 0.65625
vt 0.08046875 0.3984375
vt 0.08046875 0.40007812
vt 0.0796875 0.40007812
vt 0.08046875 0.3984375
vt 0.0796875 0.40007812
vt 0.0796875 0.3984375
vt 0.09921875 0.54361951
vt 0.09921875 0.5419789
vt 0.1 0.5419789
vt 0.09921875 0.54361951
vt 0.1 0.5419789
vt 0.1 0.54361951
vt 0.0953125 0.43437499
vt 0.0953125 0.43359375
vt 0.09609375 0.43359375
vt 0.0953125 0.43437499
vt 0.09609375 0.43359375
vt 0.09609375 0.43437499
vt 0.23593751 0.39518201
vt 0.23593751 0.39354139999999993
vt 0.23671874 0.39354139999999993
vt 0.23593751 0.39518201
vt 0.23671874 0.39354139999999993
vt 0.23671874 0.39518201
vt 0.1 0.54361951
vt 0.1 0.546875
vt 0.09921875 0.546875
vt 0.1 0.54361951
vt 0.09921875 0.546875
vt 0.09921875 0.54361951
vt 0.23593751 0.3984375
vt 0.23593751 0.39518201
vt 0.23671874 0.39518201
vt 0.23593751 0.3984375
vt 0.23671874 0.39518201
vt 0.23671874 0.3984375
vt 0.1 0.546875
vt 0.1 0.54851562
vt 0.09921875 0.54851562
vt 0.1 0.546875
vt 0.09921875 0.54851562
vt 0.09921875 0.546875
vt 0.23671874 0.3984375
vt 0.23671874 0.40007812
vt 0.23593751 0.40007812
vt 0.23671874 0.3984375
vt 0.23593751 0.40007812
vt 0.23593751 0.3984375
vt 0.55624998 0.90625
vt 0.55624998 0.90546876
vt 0.55703127 0.90546876
vt 0.55624998 0.90625
vt 0.55703127 0.90546876
vt 0.55703127 0.90625
vt 0.4296875 0.62890625
vt 0.4375 0.62890625
vt 0.4375 0.62968749
vt 0.4296875 0.62890625
vt 0.4375 0.62968749
vt 0.4296875 0.62968749
vt 0.5390625 0.59375
vt 0.5390625 0.5859375
vt 0.546875 0.5859375
vt 0.5390625 0.59375
vt 0.546875 0.5859375
vt 0.546875 0.59375
vt 0.4375 0.6640625
vt 0.4296875 0.6640625
vt 0.4296875 0.66328126
vt 0.4375 0.6640625
vt 0.4296875 0.66328126
vt 0.4375 0.66328126
vt 0.55000001 0.64973986
vt 0.55000001 0.65625
vt 0.54921877 0.65625
vt 0.55000001 0.64973986
vt 0.54921877 0.65625
vt 0.54921877 0.64973986
vt 0.0953125 0.54361951
vt 0.0953125 0.5419789
vt 0.09921875 0.5419789
vt 0.0953125 0.54361951
vt 0.09921875 0.5419789
vt 0.09921875 0.54361951
vt 0.22031251 0.64518201
vt 0.22031251 0.6435414
vt 0.22812501 0.6435414
vt 0.22031251 0.64518201
vt 0.22812501 0.6435414
vt 0.22812501 0.64518201
vt 0.5390625 0.578125
vt 0.5390625 0.5703125
vt 0.546875 0.5703125
vt 0.5390625 0.578125
vt 0.546875 0.5703125
vt 0.546875 0.578125
vt 0.17441407 0.4296875
vt 0.17441407 0.43046874
vt 0.17324218 0.43046874
vt 0.17441407 0.4296875
vt 0.17324218 0.43046874
vt 0.17324218 0.4296875
vt 0.4375 0.453125
vt 0.4375 0.4609375
vt 0.4296875 0.4609375
vt 0.4375 0.453125
vt 0.4296875 0.4609375
vt 0.4296875 0.453125
vt 0.19003907 0.43281251
vt 0.19003907 0.43359375
vt 0.18886718 0.43359375
vt 0.19003907 0.43281251
vt 0.18886718 0.43359375
vt 0.18886718 0.43281251
vt 0.55703127 0.64973986
vt 0.55703127 0.65625
vt 0.55000001 0.65625
vt 0.55703127 0.64973986
vt 0.55000001 0.65625
vt 0.55000001 0.64973986
vt 0.18886718 0.42578125
vt 0.19003907 0.42578125
vt 0.19003907 0.43281251
vt 0.18886718 0.42578125
vt 0.19003907 0.43281251
vt 0.18886718 0.43281251
vt 0.5390625 0.5625
vt 0.5390625 0.5546875
vt 0.546875 0.5546875
vt 0.5390625 0.5625
vt 0.546875 0.5546875
vt 0.546875 0.5625
vt 0.17441407 0.4375
vt 0.17324218 0.4375
vt 0.17324218 0.43046874
vt 0.17441407 0.4375
vt 0.17324218 0.43046874
vt 0.17441407 0.43046874
vt 0.5390625 0.5390625
vt 0.546875 0.5390625
vt 0.546875 0.546875
vt 0.5390625 0.5390625
vt 0.546875 0.546875
vt 0.5390625 0.546875
vt 0.4921875 0.72005236
vt 0.5 0.72005236
vt 0.5 0.7265625
vt 0.4921875 0.72005236
vt 0.5 0.7265625
vt 0.4921875 0.7265625
vt 0.40507811 0.79609376
vt 0.39726561 0.79609376
vt 0.39726561 0.78828126
vt 0.40507811 0.79609376
vt 0.39726561 0.78828126
vt 0.40507811 0.78828126
vt 0.38945311 0.79609376
vt 0.38164061 0.79609376
vt 0.38164061 0.78828126
vt 0.38945311 0.79609376
vt 0.38164061 0.78828126
vt 0.38945311 0.78828126
vt 0.5078125 0.953125
vt 0.5 0.953125
vt 0.5 0.94661486
vt 0.5078125 0.953125
vt 0.5 0.94661486
vt 0.5078125 0.94661486
vt 0.5 0.953125
vt 0.4921875 0.953125
vt 0.4921875 0.94661486
vt 0.5 0.953125
vt 0.4921875 0.94661486
vt 0.5 0.94661486
vt 0.4921875 0.953125
vt 0.484375 0.953125
vt 0.484375 0.94661486
vt 0.4921875 0.953125
vt 0.484375 0.94661486
vt 0.4921875 0.94661486
vt 0.4375 0.61406249
vt 0.4296875 0.61406249
vt 0.4296875 0.60624999
vt 0.4375 0.61406249
vt 0.4296875 0.60624999
vt 0.4375 0.60624999
vt 0.4296875 0.61406249
vt 0.421875 0.61406249
vt 0.421875 0.60624999
vt 0.4296875 0.61406249
vt 0.421875 0.60624999
vt 0.4296875 0.60624999
vt 0.4296875 0.60546875
vt 0.4375 0.60546875
vt 0.4375 0.60624999
vt 0.4296875 0.60546875
vt 0.4375 0.60624999
vt 0.4296875 0.60624999
vt 0.5390625 0.53125
vt 0.5390625 0.5234375
vt 0.546875 0.5234375
vt 0.5390625 0.53125
vt 0.546875 0.5234375
vt 0.546875 0.53125
vt 0.39726561 0.796875
vt 0.38945311 0.796875
vt 0.38945311 0.79609376
vt 0.39726561 0.796875
vt 0.38945311 0.79609376
vt 0.39726561 0.79609376
vt 0.53984374 0.44661485999999995
vt 0.53984374 0.453125
vt 0.5390625 0.453125
vt 0.53984374 0.44661485999999995
vt 0.5390625 0.453125
vt 0.5390625 0.44661485999999995
vt 0.22812501 0.6484375
vt 0.22812501 0.65007812
vt 0.22031251 0.65007812
vt 0.22812501 0.6484375
vt 0.22031251 0.65007812
vt 0.22031251 0.6484375
vt 0.09921875 0.546875
vt 0.09921875 0.54851562
vt 0.0953125 0.54851562
vt 0.09921875 0.546875
vt 0.0953125 0.54851562
vt 0.0953125 0.546875
vt 0.5390625 0.515625
vt 0.5390625 0.5078125
vt 0.546875 0.5078125
vt 0.5390625 0.515625
vt 0.546875 0.5078125
vt 0.546875 0.515625
vt 0.56503904 0.7890625
vt 0.56503904 0.78984374
vt 0.56386721 0.78984374
vt 0.56503904 0.7890625
vt 0.56386721 0.78984374
vt 0.56386721 0.7890625
vt 0.546875 0.4921875
vt 0.546875 0.5
vt 0.5390625 0.5
vt 0.546875 0.4921875
vt 0.5390625 0.5
vt 0.5390625 0.4921875
vt 0.56503904 0.78046876
vt 0.56503904 0.78125
vt 0.56386721 0.78125
vt 0.56503904 0.78046876
vt 0.56386721 0.78125
vt 0.56386721 0.78046876
vt 0.56386721 0.7734375
vt 0.56503904 0.7734375
vt 0.56503904 0.78046876
vt 0.56386721 0.7734375
vt 0.56503904 0.78046876
vt 0.56386721 0.78046876
vt 0.5390625 0.484375
vt 0.5390625 0.4765625
vt 0.546875 0.4765625
vt 0.5390625 0.484375
vt 0.546875 0.4765625
vt 0.546875 0.484375
vt 0.56503904 0.796875
vt 0.56386721 0.796875
vt 0.56386721 0.78984374
vt 0.56503904 0.796875
vt 0.56386721 0.78984374
vt 0.56503904 0.78984374
vt 0.5546875 0.9609375
vt 0.5546875 0.96875
vt 0.546875 0.96875
vt 0.5546875 0.9609375
vt 0.546875 0.96875
vt 0.546875 0.9609375
vt 0.546875 0.9453125
vt 0.5546875 0.9453125
vt 0.5546875 0.953125
vt 0.546875 0.9453125
vt 0.5546875 0.953125
vt 0.546875 0.953125
vt 0.4453125 0.61406249
vt 0.4375 0.61406249
vt 0.4375 0.60624999
vt 0.4453125 0.61406249
vt 0.4375 0.60624999
vt 0.4453125 0.60624999
vt 0.1484375 0.453125
vt 0.140625 0.453125
vt 0.140625 0.4453125
vt 0.1484375 0.453125
vt 0.140625 0.4453125
vt 0.1484375 0.4453125
vt 0.0078125 0.44085312
vt 0.0078125 0.44326174000000007
vt 0 0.4453125
vt 0.0078125 0.44085312
vt 0 0.4453125
vt 0 0.43880235999999995
vt 0.15625 0.453125
vt 0.15625 0.4453125
vt 0.1640625 0.4453125
vt 0.15625 0.453125
vt 0.1640625 0.4453125
vt 0.1640625 0.453125
vt 0.39531249 0.66536486
vt 0.40039062 0.66536486
vt 0.40039062 0.671875
vt 0.39531249 0.66536486
vt 0.40039062 0.671875
vt 0.39531249 0.671875
vt 0.39023438 0.66536486
vt 0.39531249 0.66536486
vt 0.39531249 0.671875
vt 0.39023438 0.66536486
vt 0.39531249 0.671875
vt 0.39023438 0.671875
vt 0.28125 0.44367188
vt 0.28125 0.44041639999999993
vt 0.28515625 0.44041639999999993
vt 0.28125 0.44367188
vt 0.28515625 0.44041639999999993
vt 0.28515625 0.44367188
vt 0.2578125 0.546875
vt 0.2578125 0.5859375
vt 0.25 0.5859375
vt 0.2578125 0.546875
vt 0.25 0.5859375
vt 0.25 0.546875
vt 0.22812501 0.60611951
vt 0.22812501 0.6435414
vt 0.22031251 0.6435414
vt 0.22812501 0.60611951
vt 0.22031251 0.6435414
vt 0.22031251 0.60611951
vt 0.23671874 0.35611951
vt 0.23671874 0.39354139999999993
vt 0.23593751 0.39354139999999993
vt 0.23671874 0.35611951
vt 0.23593751 0.39354139999999993
vt 0.23593751 0.35611951
vt 0.08046875 0.35611951
vt 0.08046875 0.39354139999999993
vt 0.0796875 0.39354139999999993
vt 0.08046875 0.35611951
vt 0.0796875 0.39354139999999993
vt 0.0796875 0.35611951
vt 0.1 0.50455701
vt 0.1 0.5419789
vt 0.09921875 0.5419789
vt 0.1 0.50455701
vt 0.09921875 0.5419789
vt 0.09921875 0.50455701
vt 0.09921875 0.50455701
vt 0.09921875 0.5419789
vt 0.0953125 0.5419789
vt 0.09921875 0.50455701
vt 0.0953125 0.5419789
vt 0.0953125 0.50455701
vt 0.18242188 0.61393201
vt 0.18242188 0.6513539
vt 0.18164062 0.6513539
vt 0.18242188 0.61393201
vt 0.18164062 0.6513539
vt 0.18164062 0.61393201
vt 0.18164062 0.61393201
vt 0.18164062 0.6513539
vt 0.17382812 0.6513539
vt 0.18164062 0.61393201
vt 0.17382812 0.6513539
vt 0.17382812 0.61393201
vt 0.078125 0.6484375
vt 0.078125 0.546875
vt 0.0859375 0.546875
vt 0.078125 0.6484375
vt 0.0859375 0.546875
vt 0.0859375 0.6484375
vt 0.17382812 0.7578125
vt 0.17382812 0.65789062
vt 0.18164062 0.65789062
vt 0.17382812 0.7578125
vt 0.18164062 0.65789062
vt 0.18164062 0.7578125
vt 0.18164062 0.7578125
vt 0.18164062 0.65789062
vt 0.18242188 0.65789062
vt 0.18164062 0.7578125
vt 0.18242188 0.65789062
vt 0.18242188 0.7578125
vt 0.0953125 0.6484375
vt 0.0953125 0.54851562
vt 0.09921875 0.54851562
vt 0.0953125 0.6484375
vt 0.09921875 0.54851562
vt 0.09921875 0.6484375
vt 0.09921875 0.6484375
vt 0.09921875 0.54851562
vt 0.1 0.54851562
vt 0.09921875 0.6484375
vt 0.1 0.54851562
vt 0.1 0.6484375
vt 0.0796875 0.5
vt 0.0796875 0.40007812
vt 0.08046875 0.40007812
vt 0.0796875 0.5
vt 0.08046875 0.40007812
vt 0.08046875 0.5
vt 0.23593751 0.5
vt 0.23593751 0.40007812
vt 0.23671874 0.40007812
vt 0.23593751 0.5
vt 0.23671874 0.40007812
vt 0.23671874 0.5
vt 0.390625 0.453125
vt 0.390625 0.44658828000000006
vt 0.3984375 0.44660157
vt 0.390625 0.453125
vt 0.3984375 0.44660157
vt 0.3984375 0.45311170999999995
vt 0.1796875 0.4453125
vt 0.1796875 0.453125
vt 0.171875 0.453125
vt 0.1796875 0.4453125
vt 0.171875 0.453125
vt 0.171875 0.4453125
vt 0.57753909 0.90312499
vt 0.57480466 0.90312499
vt 0.57480466 0.90234375
vt 0.57753909 0.90312499
vt 0.57480466 0.90234375
vt 0.57753909 0.90234375
vt 0.1875 0.453125
vt 0.1875 0.4453125
vt 0.1953125 0.4453125
vt 0.1875 0.453125
vt 0.1953125 0.4453125
vt 0.1953125 0.453125
vt 0.57480466 0.99921876
vt 0.57753909 0.99921876
vt 0.57753909 1
vt 0.57480466 0.99921876
vt 0.57753909 1
vt 0.57480466 1
vt 0.17304687 0.65789062
vt 0.17304687 0.65625
vt 0.17382812 0.65625
vt 0.17304687 0.65789062
vt 0.17382812 0.65625
vt 0.17382812 0.65789062
vt 0.57089841 0.99921876
vt 0.57480466 0.99921876
vt 0.57480466 1
vt 0.57089841 0.99921876
vt 0.57480466 1
vt 0.57089841 1
vt 0.22890624 0.6484375
vt 0.22890624 0.65007812
vt 0.22812501 0.65007812
vt 0.22890624 0.6484375
vt 0.22812501 0.65007812
vt 0.22812501 0.6484375
vt 0.54843748 0.65625
vt 0.54843748 0.64973986
vt 0.54921877 0.64973986
vt 0.54843748 0.65625
vt 0.54921877 0.64973986
vt 0.54921877 0.65625
vt 0.17324218 0.42890626
vt 0.17441407 0.42890626
vt 0.17441407 0.4296875
vt 0.17324218 0.42890626
vt 0.17441407 0.4296875
vt 0.17324218 0.4296875
vt 0.5546875 0.8046875
vt 0.5546875 0.8125
vt 0.546875 0.8125
vt 0.5546875 0.8046875
vt 0.546875 0.8125
vt 0.546875 0.8046875
vt 0.19003907 0.43437499
vt 0.18886718 0.43437499
vt 0.18886718 0.43359375
vt 0.19003907 0.43437499
vt 0.18886718 0.43359375
vt 0.19003907 0.43359375
vt 0.22890624 0.64518201
vt 0.22890624 0.6484375
vt 0.22812501 0.6484375
vt 0.22890624 0.64518201
vt 0.22812501 0.6484375
vt 0.22812501 0.64518201
vt 0.17304687 0.65625
vt 0.17304687 0.65299451
vt 0.17382812 0.65299451
vt 0.17304687 0.65625
vt 0.17382812 0.65299451
vt 0.17382812 0.65625
vt 0.22890624 0.6435414
vt 0.22890624 0.64518201
vt 0.22812501 0.64518201
vt 0.22890624 0.6435414
vt 0.22812501 0.64518201
vt 0.22812501 0.6435414
vt 0.57480466 0.90312499
vt 0.57089841 0.90312499
vt 0.57089841 0.90234375
vt 0.57480466 0.90312499
vt 0.57089841 0.90234375
vt 0.57480466 0.90234375
vt 0.17304687 0.65299451
vt 0.17304687 0.6513539
vt 0.17382812 0.6513539
vt 0.17304687 0.65299451
vt 0.17382812 0.6513539
vt 0.17382812 0.65299451
vt 0.0703125 0.6484375
vt 0.0625 0.6484375
vt 0.0625 0.546875
vt 0.0703125 0.6484375
vt 0.0625 0.546875
vt 0.0703125 0.546875
vt 0.0078125 0.6875
vt 0 0.6875
vt 0 0.5859375
vt 0.0078125 0.6875
vt 0 0.5859375
vt 0.0078125 0.5859375
vt 0 1
vt 0 0.99348986
vt 0.00078125 0.99348986
vt 0 1
vt 0.00078125 0.99348986
vt 0.00078125 1
vt 0 1
vt 0 0.99348986
vt 0.00507812 0.99348986
vt 0 1
vt 0.00507812 0.99348986
vt 0.00507812 1
vt 0.00078125 0.99348986
vt 0.00078125 1
vt 0 1
vt 0.00078125 0.99348986
vt 0 1
vt 0 0.99348986
vt 0 1
vt 0 0.99348986
vt 0.00078125 0.99348986
vt 0 1
vt 0.00078125 0.99348986
vt 0.00078125 1
vt 0.36250001 0.9609375
vt 0.36757812 0.9609375
vt 0.36757812 0.96875
vt 0.36250001 0.9609375
vt 0.36757812 0.96875
vt 0.36250001 0.96875
vt 0.31562501 0.6484375
vt 0.32070312 0.6484375
vt 0.32070312 0.65625
vt 0.31562501 0.6484375
vt 0.32070312 0.65625
vt 0.31562501 0.65625
vt 0.42031249 0.59375
vt 0.41523439 0.59375
vt 0.41523439 0.58723986
vt 0.42031249 0.59375
vt 0.41523439 0.58723986
vt 0.42031249 0.58723986
vt 0.21171875 0.79036486
vt 0.21171875 0.796875
vt 0.2109375 0.796875
vt 0.21171875 0.79036486
vt 0.2109375 0.796875
vt 0.2109375 0.79036486
vt 0.2109375 0.796875
vt 0.2109375 0.79036486
vt 0.21171875 0.79036486
vt 0.2109375 0.796875
vt 0.21171875 0.79036486
vt 0.21171875 0.796875
vt 0.39804688 0.9609375
vt 0.40312499 0.9609375
vt 0.40312499 0.96875
vt 0.39804688 0.9609375
vt 0.40312499 0.96875
vt 0.39804688 0.96875
vt 0.35117188 0.6484375
vt 0.35624999 0.6484375
vt 0.35624999 0.65625
vt 0.35117188 0.6484375
vt 0.35624999 0.65625
vt 0.35117188 0.65625
vt 0.00507812 1
vt 0 1
vt 0 0.99348986
vt 0.00507812 1
vt 0 0.99348986
vt 0.00507812 0.99348986
vt 0.00425937 0.99348986
vt 0.00425937 1
vt 0 1
vt 0.00425937 0.99348986
vt 0 1
vt 0 0.99348986
vt 0.546875 0.44661485999999995
vt 0.546875 0.453125
vt 0.53984374 0.453125
vt 0.546875 0.44661485999999995
vt 0.53984374 0.453125
vt 0.53984374 0.44661485999999995
vt 0.22031251 0.75
vt 0.22031251 0.65007812
vt 0.22812501 0.65007812
vt 0.22031251 0.75
vt 0.22812501 0.65007812
vt 0.22812501 0.75
vt 0.5390625 0.46875
vt 0.5390625 0.4609375
vt 0.546875 0.4609375
vt 0.5390625 0.46875
vt 0.546875 0.4609375
vt 0.546875 0.46875
vt 0.00078125 1
vt 0 1
vt 0 0.99348986
vt 0.00078125 1
vt 0 0.99348986
vt 0.00078125 0.99348986
vt 0.0078125 0.9921875
vt 0.0078125 1
vt 0 1
vt 0.0078125 0.9921875
vt 0 1
vt 0 0.9921875
vt 0 1
vt 0 0.99348986
vt 0.00507812 0.99348986
vt 0 1
vt 0.00507812 0.99348986
vt 0.00507812 1
vt 0 0.5859375
vt 0 0.58268201
vt 0.0078125 0.58268201
vt 0 0.5859375
vt 0.0078125 0.58268201
vt 0.0078125 0.5859375
vt 0 0.99348986
vt 0.00078125 0.99348986
vt 0.00078125 1
vt 0 0.99348986
vt 0.00078125 1
vt 0 1
vt 0 0.99348986
vt 0.00048828 0.99348986
vt 0.00048828 1
vt 0 0.99348986
vt 0.00048828 1
vt 0 1
vt 0.00507812 0.99348986
vt 0.00507812 1
vt 0 1
vt 0.00507812 0.99348986
vt 0 1
vt 0 0.99348986
vt 0 1
vt 0 0.99348986
vt 0.00078125 0.99348986
vt 0 1
vt 0.00078125 0.99348986
vt 0.00078125 1
vt 0.00078125 0.99348986
vt 0.00078125 1
vt 0 1
vt 0.00078125 0.99348986
vt 0 1
vt 0 0.99348986
vt 0.1484375 0.890625
vt 0.1484375 0.88984376
vt 0.15351562 0.88984376
vt 0.1484375 0.890625
vt 0.15351562 0.88984376
vt 0.15351562 0.890625
vt 0.33906251 0.8046875
vt 0.34414062 0.8046875
vt 0.34414062 0.8125
vt 0.33906251 0.8046875
vt 0.34414062 0.8125
vt 0.33906251 0.8125
vt 0.29921874 0.78125
vt 0.30429688 0.78125
vt 0.30429688 0.7890625
vt 0.29921874 0.78125
vt 0.30429688 0.7890625
vt 0.29921874 0.7890625
vt 0.00507812 1
vt 0 1
vt 0 0.9921875
vt 0.00507812 1
vt 0 0.9921875
vt 0.00507812 0.9921875
vn -1 0 0
vn -1 0 0
vn 1 0 0
vn 1 0 0
vn 0 -0.573576482172321 0.8191520122045878
vn 0 -0.573576482172321 0.8191520122045878
vn -1 0 0
vn -1 0 0
vn -1 0 0
vn -1 0 0
vn -1 0 0
vn -1 0 0
vn -1 0 0
vn -1 0 0
vn -1 0 0
vn -1 0 0
vn 0 0.5735764563787883 -0.8191520302654155
vn 0 0.5735764563787883 -0.8191520302654155
vn 0 0.5735762729612179 -0.8191521586957571
vn 0 0.5735762729612179 -0.8191521586957571
vn 0 0.5735762729612149 -0.819152158695759
vn 0 0.5735762729612149 -0.819152158695759
vn 0 0.5735764563787882 -0.8191520302654155
vn 0 0.5735764563787882 -0.8191520302654155
vn 1 0 0
vn 1 0 0
vn 1 0 0
vn 1 0 0
vn 1 0 0
vn 1 0 0
vn 1 0 0
vn 1 0 0
vn 1 0 0
vn 1 0 0
vn 0 -0.5735764821723216 0.8191520122045873
vn 0 -0.5735764821723216 0.8191520122045873
vn 0 -0.5735764563787882 0.8191520302654155
vn 0 -0.5735764563787882 0.8191520302654155
vn 0 -0.5735765950192083 0.8191519331883256
vn 0 -0.5735765950192083 0.8191519331883256
vn 0 -0.5735762729612154 0.8191521586957589
vn 0 -0.5735762729612154 0.8191521586957589
vn 0 -0.5735764563787883 0.8191520302654155
vn 0 -0.5735764563787883 0.8191520302654155
vn -1 0 0
vn -1 0 0
vn 1 0 0
vn 1 0 0
vn 1 0 0
vn 1 0 0
vn 1 0 0
vn 1 0 0
vn 1 0 0
vn 1 0 0
vn 1 0 0
vn 1 0 0
vn 1 0 0
vn 1 0 0
vn -1 0 0
vn -1 0 0
vn -1 0 0
vn -1 0 0
vn -1 0 0
vn -1 0 0
vn -1 0 0
vn -1 0 0
vn -1 0 0
vn -1 0 0
vn 0 0.573576430585266 -0.8191520483262347
vn 0 0.573576430585266 -0.8191520483262347
vn -1 0 0
vn -1 0 0
vn -1 0 0
vn -1 0 0
vn 0 -0.5735763017513423 0.8191521385367025
vn 0 -0.5735763017513423 0.8191521385367025
vn 1 0 0
vn 1 0 0
vn 1 0 0
vn 1 0 0
vn 0 0.5735764305852656 -0.8191520483262347
vn 0 0.5735764305852656 -0.8191520483262347
vn 1 0 0
vn 1 0 0
vn 1 0 0
vn 1 0 0
vn 0 -0.5735764305852655 0.8191520483262349
vn 0 -0.5735764305852655 0.8191520483262349
vn -1 0 0
vn -1 0 0
vn -1 0 0
vn -1 0 0
vn 0 0.8191521273428509 0.5735763177378245
vn 0 0.8191521273428509 0.5735763177378245
vn 0 0.5735762729612154 -0.8191521586957589
vn 0 0.5735762729612154 -0.8191521586957589
vn 0 0.8191519125559557 0.5735766244852732
vn 0 0.8191519125559557 0.5735766244852732
vn 0 -0.5735765950192082 0.8191519331883257
vn 0 -0.5735765950192082 0.8191519331883257
vn 0 -0.8191519125559532 -0.5735766244852766
vn 0 -0.8191519125559532 -0.5735766244852766
vn 0 0.573576272961215 -0.819152158695759
vn 0 0.573576272961215 -0.819152158695759
vn 0 -0.8191521273428509 -0.5735763177378245
vn 0 -0.8191521273428509 -0.5735763177378245
vn 0 -0.5735764984687153 0.8191520007937282
vn 0 -0.5735764984687153 0.8191520007937282
vn -1 0 0
vn -1 0 0
vn 1 0 0
vn 1 0 0
vn 0 0.8191522347362917 0.5735761643640184
vn 0 0.8191522347362917 0.5735761643640184
vn -1 0 0
vn -1 0 0
vn 0 -0.8191522347362997 -0.573576164364007
vn 0 -0.8191522347362997 -0.573576164364007
vn 1 0 0
vn 1 0 0
vn -1 0 0
vn -1 0 0
vn 0 0.8191522347362912 0.5735761643640189
vn 0 0.8191522347362912 0.5735761643640189
vn 1 0 0
vn 1 0 0
vn -1 0 0
vn -1 0 0
vn 1 0 0
vn 1 0 0
vn 0 -0.8191522347363002 -0.5735761643640065
vn 0 -0.8191522347363002 -0.5735761643640065
vn 0 0.5735761904164717 -0.8191522164941797
vn 0 0.5735761904164717 -0.8191522164941797
vn 0 0.5735766401480283 -0.8191519015887709
vn 0 0.5735766401480283 -0.8191519015887709
vn 0 0.5735765098387273 -0.8191519928323585
vn 0 0.5735765098387273 -0.8191519928323585
vn 0 0.5735765719812946 -0.8191519493196529
vn 0 0.5735765719812946 -0.8191519493196529
vn 1 0 0
vn 1 0 0
vn 1 0 0
vn 1 0 0
vn 1 0 0
vn 1 0 0
vn 1 0 0
vn 1 0 0
vn 1 0 0
vn 1 0 0
vn 1 0 0
vn 1 0 0
vn 1 0 0
vn 1 0 0
vn 1 0 0
vn 1 0 0
vn 0 -0.5735761904164718 0.8191522164941797
vn 0 -0.5735761904164718 0.8191522164941797
vn 0 -0.5735765435866483 0.8191519692018043
vn 0 -0.5735765435866483 0.8191519692018043
vn 0 -0.5735766063988315 0.8191519252202243
vn 0 -0.5735766063988315 0.8191519252202243
vn 0 -0.5735762498974311 0.8191521748451872
vn 0 -0.5735762498974311 0.8191521748451872
vn 1 0 0
vn 1 0 0
vn 1 0 0
vn 1 0 0
vn 1 0 0
vn 1 0 0
vn 1 0 0
vn 1 0 0
vn 0 -0.5735761904164713 0.81915221649418
vn 0 -0.5735761904164713 0.81915221649418
vn 0 -0.5735763180536493 0.8191521271217083
vn 0 -0.5735763180536493 0.8191521271217083
vn 0 -0.5735768319287958 0.8191517673023273
vn 0 -0.5735768319287958 0.8191517673023273
vn 0 -0.5735760243719619 0.8191523327596979
vn 0 -0.5735760243719619 0.8191523327596979
vn -1 0 0
vn -1 0 0
vn -1 0 0
vn -1 0 0
vn -1 0 0
vn -1 0 0
vn -1 0 0
vn -1 0 0
vn -1 0 0
vn -1 0 0
vn -1 0 0
vn -1 0 0
vn -1 0 0
vn -1 0 0
vn -1 0 0
vn -1 0 0
vn -1 0 0
vn -1 0 0
vn -1 0 0
vn -1 0 0
vn -1 0 0
vn -1 0 0
vn -1 0 0
vn -1 0 0
vn -1 0 0
vn -1 0 0
vn -1 0 0
vn -1 0 0
vn -1 0 0
vn -1 0 0
vn -1 0 0
vn -1 0 0
vn 0 0.5735761904164717 -0.8191522164941798
vn 0 0.5735761904164717 -0.8191522164941798
vn 0 0.5735768656810301 -0.8191517436687331
vn 0 0.5735768656810301 -0.8191517436687331
vn 0 0.5735762843087654 -0.8191521507501218
vn 0 0.5735762843087654 -0.8191521507501218
vn 0 0.5735765719812972 -0.819151949319651
vn 0 0.5735765719812972 -0.819151949319651
vn 1 0 0
vn 1 0 0
vn 1 0 0
vn 1 0 0
vn 1 0 0
vn 1 0 0
vn 1 0 0
vn 1 0 0
vn 0 0.5735762869791028 -0.8191521488803322
vn 0 0.5735762869791028 -0.8191521488803322
vn 0 0.573576543586651 -0.8191519692018027
vn 0 0.573576543586651 -0.8191519692018027
vn 0 0.5735762843087654 -0.819152150750122
vn 0 0.5735762843087654 -0.819152150750122
vn 0 0.5735763464558256 -0.8191521072342954
vn 0 0.5735763464558256 -0.8191521072342954
vn 1 0 0
vn 1 0 0
vn 1 0 0
vn 1 0 0
vn 1 0 0
vn 1 0 0
vn 1 0 0
vn 1 0 0
vn 1 0 0
vn 1 0 0
vn 1 0 0
vn 1 0 0
vn 1 0 0
vn 1 0 0
vn 1 0 0
vn 1 0 0
vn 0 -0.5735762869791055 0.8191521488803305
vn 0 -0.5735762869791055 0.8191521488803305
vn 0 -0.5735765435866483 0.8191519692018043
vn 0 -0.5735765435866483 0.8191519692018043
vn 0 -0.5735762843087654 0.8191521507501218
vn 0 -0.5735762843087654 0.8191521507501218
vn 0 -0.5735765719812972 0.8191519493196511
vn 0 -0.5735765719812972 0.8191519493196511
vn 1 0 0
vn 1 0 0
vn 1 0 0
vn 1 0 0
vn 1 0 0
vn 1 0 0
vn 1 0 0
vn 1 0 0
vn 0 -0.5735765125143537 0.8191519909588644
vn 0 -0.5735765125143537 0.8191519909588644
vn 0 -0.5735763180536492 0.8191521271217084
vn 0 -0.5735763180536492 0.8191521271217084
vn 0 -0.5735765098387273 0.8191519928323585
vn 0 -0.5735765098387273 0.8191519928323585
vn 0 -0.5735763464558256 0.8191521072342954
vn 0 -0.5735763464558256 0.8191521072342954
vn -1 0 0
vn -1 0 0
vn -1 0 0
vn -1 0 0
vn -1 0 0
vn -1 0 0
vn -1 0 0
vn -1 0 0
vn -1 0 0
vn -1 0 0
vn -1 0 0
vn -1 0 0
vn -1 0 0
vn -1 0 0
vn -1 0 0
vn -1 0 0
vn -1 0 0
vn -1 0 0
vn -1 0 0
vn -1 0 0
vn -1 0 0
vn -1 0 0
vn -1 0 0
vn -1 0 0
vn -1 0 0
vn -1 0 0
vn -1 0 0
vn -1 0 0
vn -1 0 0
vn -1 0 0
vn -1 0 0
vn -1 0 0
vn 0 0.5735762869791055 -0.8191521488803304
vn 0 0.5735762869791055 -0.8191521488803304
vn 0 0.5735765435866482 -0.8191519692018044
vn 0 0.5735765435866482 -0.8191519692018044
vn 0 0.5735762843087654 -0.819152150750122
vn 0 0.5735762843087654 -0.819152150750122
vn 0 0.5735765719812974 -0.8191519493196506
vn 0 0.5735765719812974 -0.8191519493196506
vn 1 0 0
vn 1 0 0
vn 1 0 0
vn 1 0 0
vn 1 0 0
vn 1 0 0
vn 1 0 0
vn 1 0 0
vn -1 0 0
vn -1 0 0
vn 0 -0.8191522347362917 -0.5735761643640181
vn 0 -0.8191522347362917 -0.5735761643640181
vn 1 0 0
vn 1 0 0
vn 0 0.8191522347362916 0.5735761643640184
vn 0 0.8191522347362916 0.5735761643640184
vn 0 0.5735761904164716 -0.8191522164941799
vn 0 0.5735761904164716 -0.8191522164941799
vn 0 -0.8191521273428508 -0.5735763177378247
vn 0 -0.8191521273428508 -0.5735763177378247
vn 0 -0.5735761904164718 0.8191522164941798
vn 0 -0.5735761904164718 0.8191522164941798
vn 0 0.819152127342851 0.5735763177378246
vn 0 0.819152127342851 0.5735763177378246
vn 0 0.5735761904164718 -0.8191522164941798
vn 0 0.5735761904164718 -0.8191522164941798
vn 0 -0.8191519125559558 -0.5735766244852732
vn 0 -0.8191519125559558 -0.5735766244852732
vn 0 -0.5735761904164718 0.8191522164941798
vn 0 -0.5735761904164718 0.8191522164941798
vn 0 0.8191519125559558 0.5735766244852732
vn 0 0.8191519125559558 0.5735766244852732
vn 0 0.5735761904164717 -0.8191522164941797
vn 0 0.5735761904164717 -0.8191522164941797
vn 0 -0.8191522347362918 -0.5735761643640181
vn 0 -0.8191522347362918 -0.5735761643640181
vn 0 -0.5735761904164716 0.8191522164941799
vn 0 -0.5735761904164716 0.8191522164941799
vn 0 0.8191522347362918 0.5735761643640184
vn 0 0.8191522347362918 0.5735761643640184
vn 1 0 0
vn 1 0 0
vn 0 0.8191514829821526 0.5735772379794549
vn 0 0.8191514829821526 0.5735772379794549
vn -1 0 0
vn -1 0 0
vn 0 -0.8191522347362996 -0.573576164364007
vn 0 -0.8191522347362996 -0.573576164364007
vn 0 -0.5735762729612155 0.8191521586957587
vn 0 -0.5735762729612155 0.8191521586957587
vn 0 0.819152127342851 0.5735763177378246
vn 0 0.819152127342851 0.5735763177378246
vn 0 0.5735764984687154 -0.8191520007937281
vn 0 0.5735764984687154 -0.8191520007937281
vn 0 -0.8191519125559533 -0.5735766244852766
vn 0 -0.8191519125559533 -0.5735766244852766
vn 0 -0.5735762729612153 0.8191521586957587
vn 0 -0.5735762729612153 0.8191521586957587
vn 0 0.8191521273428508 0.5735763177378246
vn 0 0.8191521273428508 0.5735763177378246
vn 0 0.5735762729612155 -0.8191521586957587
vn 0 0.5735762729612155 -0.8191521586957587
vn 0 -0.819152127342851 -0.5735763177378246
vn 0 -0.819152127342851 -0.5735763177378246
vn 0 0.573576272961215 -0.8191521586957591
vn 0 0.573576272961215 -0.8191521586957591
vn 0 -0.8191522347362997 -0.573576164364007
vn 0 -0.8191522347362997 -0.573576164364007
vn 0 -0.5735764984687154 0.8191520007937281
vn 0 -0.5735764984687154 0.8191520007937281
vn 0 0.8191514829821526 0.573577237979455
vn 0 0.8191514829821526 0.573577237979455
vn 0 0.8191520092100577 0.5735764864489526
vn 0 0.8191520092100577 0.5735764864489526
vn 0 -0.8191520092100577 -0.5735764864489526
vn 0 -0.8191520092100577 -0.5735764864489526
vn 0 0.573576430585266 -0.8191520483262347
vn 0 0.573576430585266 -0.8191520483262347
vn 0 0.8191520092100577 0.5735764864489526
vn 0 0.8191520092100577 0.5735764864489526
vn 0 -0.573576430585266 0.8191520483262347
vn 0 -0.573576430585266 0.8191520483262347
vn 0 -0.8191520092100577 -0.5735764864489526
vn 0 -0.8191520092100577 -0.5735764864489526
vn 0 -0.8191520618484459 -0.5735764112735462
vn 0 -0.8191520618484459 -0.5735764112735462
vn 0 0.8191520092100577 0.5735764864489526
vn 0 0.8191520092100577 0.5735764864489526
vn 0 0.5735764305852666 -0.8191520483262341
vn 0 0.5735764305852666 -0.8191520483262341
vn 0 0.8191520092100577 0.5735764864489526
vn 0 0.8191520092100577 0.5735764864489526
vn 0 -0.5735763017513429 0.8191521385367023
vn 0 -0.5735763017513429 0.8191521385367023
vn 0 -0.8191520618484459 -0.5735764112735462
vn 0 -0.8191520618484459 -0.5735764112735462
vn 0 0.573576430585266 -0.8191520483262346
vn 0 0.573576430585266 -0.8191520483262346
vn 0 -0.8191520092100578 -0.5735764864489526
vn 0 -0.8191520092100578 -0.5735764864489526
vn 0 -0.573576430585266 0.8191520483262346
vn 0 -0.573576430585266 0.8191520483262346
vn 0 0.8191520092100578 0.5735764864489526
vn 0 0.8191520092100578 0.5735764864489526
vn 0 0.5735764305852666 -0.819152048326234
vn 0 0.5735764305852666 -0.819152048326234
vn 0 -0.8191520618484459 -0.5735764112735462
vn 0 -0.8191520618484459 -0.5735764112735462
vn 0 -0.5735763017513428 0.8191521385367022
vn 0 -0.5735763017513428 0.8191521385367022
vn 0 0.8191520092100578 0.5735764864489526
vn 0 0.8191520092100578 0.5735764864489526
vn 0 0.5735769161188826 -0.8191517083517268
vn 0 0.5735769161188826 -0.8191517083517268
vn -1 0 0
vn -1 0 0
vn 1 0 0
vn 1 0 0
vn 0 0.8191522347362963 0.5735761643640119
vn 0 0.8191522347362963 0.5735761643640119
vn 1 0 0
vn 1 0 0
vn 0 -0.8191522347362963 -0.5735761643640119
vn 0 -0.8191522347362963 -0.5735761643640119
vn -1 0 0
vn -1 0 0
vn 0 0.8191522347362963 0.5735761643640119
vn 0 0.8191522347362963 0.5735761643640119
vn 1 0 0
vn 1 0 0
vn 0 -0.8191522347362963 -0.5735761643640119
vn 0 -0.8191522347362963 -0.5735761643640119
vn -1 0 0
vn -1 0 0
vn 0 -0.8191522347363005 -0.5735761643640059
vn 0 -0.8191522347363005 -0.5735761643640059
vn 0 0.8191522347362921 0.5735761643640179
vn 0 0.8191522347362921 0.5735761643640179
vn 1 0 0
vn 1 0 0
vn 1 0 0
vn 1 0 0
vn -1 0 0
vn -1 0 0
vn 0 0.5735769161188826 -0.8191517083517268
vn 0 0.5735769161188826 -0.8191517083517268
vn 1 0 0
vn 1 0 0
vn 0 -0.5735769161188826 0.8191517083517268
vn 0 -0.5735769161188826 0.8191517083517268
vn -1 0 0
vn -1 0 0
vn 0 0.573576430585266 -0.8191520483262347
vn 0 0.573576430585266 -0.8191520483262347
vn 0 0.573576430585266 -0.8191520483262347
vn 0 0.573576430585266 -0.8191520483262347
vn 0 0.5735763533383545 -0.8191521024150982
vn 0 0.5735763533383545 -0.8191521024150982
vn 0 0.573576430585266 -0.8191520483262347
vn 0 0.573576430585266 -0.8191520483262347
vn 0 0.573576430585266 -0.8191520483262346
vn 0 0.573576430585266 -0.8191520483262346
vn 0 0.573576430585266 -0.8191520483262347
vn 0 0.573576430585266 -0.8191520483262347
vn 0 0.573576430585266 -0.8191520483262347
vn 0 0.573576430585266 -0.8191520483262347
vn 0 0.573576430585266 -0.8191520483262344
vn 0 0.573576430585266 -0.8191520483262344
vn 0 0.573576430585266 -0.8191520483262346
vn 0 0.573576430585266 -0.8191520483262346
vn 0 0.5735763964371308 -0.8191520722370147
vn 0 0.5735763964371308 -0.8191520722370147
vn 0 0.573576430585266 -0.8191520483262346
vn 0 0.573576430585266 -0.8191520483262346
vn 0 -0.8191520092100579 -0.5735764864489526
vn 0 -0.8191520092100579 -0.5735764864489526
vn 0 -0.8191520092100579 -0.5735764864489526
vn 0 -0.8191520092100579 -0.5735764864489526
vn 0 -0.8191520092100579 -0.5735764864489526
vn 0 -0.8191520092100579 -0.5735764864489526
vn 0 -0.8191520092100578 -0.5735764864489526
vn 0 -0.8191520092100578 -0.5735764864489526
vn 0 -0.8191520092100579 -0.5735764864489526
vn 0 -0.8191520092100579 -0.5735764864489526
vn 0 -0.8191520092100579 -0.5735764864489526
vn 0 -0.8191520092100579 -0.5735764864489526
vn 0 -0.8191520092100579 -0.5735764864489526
vn 0 -0.8191520092100579 -0.5735764864489526
vn 0 -0.8191520092100578 -0.5735764864489526
vn 0 -0.8191520092100578 -0.5735764864489526
vn 0 -0.8191520092100579 -0.5735764864489526
vn 0 -0.8191520092100579 -0.5735764864489526
vn 0 -0.8191520092100578 -0.5735764864489526
vn 0 -0.8191520092100578 -0.5735764864489526
vn 0 -0.573576430585266 0.8191520483262347
vn 0 -0.573576430585266 0.8191520483262347
vn 0 -0.573576430585266 0.8191520483262347
vn 0 -0.573576430585266 0.8191520483262347
vn 0 -0.573576430585266 0.8191520483262347
vn 0 -0.573576430585266 0.8191520483262347
vn 0 -0.573576430585266 0.8191520483262347
vn 0 -0.573576430585266 0.8191520483262347
vn 0 -0.573576430585266 0.8191520483262346
vn 0 -0.573576430585266 0.8191520483262346
vn 0 -0.573576430585266 0.8191520483262347
vn 0 -0.573576430585266 0.8191520483262347
vn 0 -0.573576430585266 0.8191520483262347
vn 0 -0.573576430585266 0.8191520483262347
vn 0 -0.573576430585266 0.8191520483262344
vn 0 -0.573576430585266 0.8191520483262344
vn 0 -0.573576430585266 0.8191520483262346
vn 0 -0.573576430585266 0.8191520483262346
vn 0 0.8191520092100579 0.5735764864489526
vn 0 0.8191520092100579 0.5735764864489526
vn 0 0.8191520092100579 0.5735764864489526
vn 0 0.8191520092100579 0.5735764864489526
vn 0 0.8191520092100578 0.5735764864489526
vn 0 0.8191520092100578 0.5735764864489526
vn 0 0.8191520092100579 0.5735764864489526
vn 0 0.8191520092100579 0.5735764864489526
vn 0 0.8191520092100579 0.5735764864489526
vn 0 0.8191520092100579 0.5735764864489526
vn 0 0.8191520092100579 0.5735764864489526
vn 0 0.8191520092100579 0.5735764864489526
vn 0 0.8191520092100578 0.5735764864489526
vn 0 0.8191520092100578 0.5735764864489526
vn 0 0.8191520092100579 0.5735764864489526
vn 0 0.8191520092100579 0.5735764864489526
vn 0 0.8191520092100578 0.5735764864489526
vn 0 0.8191520092100578 0.5735764864489526
vn 0 0.8191522347362963 0.5735761643640119
vn 0 0.8191522347362963 0.5735761643640119
vn 0 -0.8191522347362963 -0.5735761643640119
vn 0 -0.8191522347362963 -0.5735761643640119
vn -1 0 0
vn -1 0 0
vn 0 0.8191522347362962 0.5735761643640119
vn 0 0.8191522347362962 0.5735761643640119
vn 1 0 0
vn 1 0 0
vn 0 -0.8191522347362962 -0.5735761643640119
vn 0 -0.8191522347362962 -0.5735761643640119
vn 7.863382887807948e-8 0.5735763964371258 -0.8191520722370146
vn 5.487749067200066e-10 0.573576430585266 -0.8191520483262346
vn -1 0 0
vn -1 0 0
vn 0 0.8191520843854728 0.5735763790873325
vn 0 0.8191520843854728 0.5735763790873325
vn 1 0 0
vn 1 0 0
vn 0 -0.8191520843854712 -0.5735763790873347
vn 0 -0.8191520843854712 -0.5735763790873347
vn 0 0.5735764499415489 -0.8191520347728193
vn 0 0.5735764499415489 -0.8191520347728193
vn 1 0 0
vn 1 0 0
vn 0 -0.5735764284692265 0.8191520498079014
vn 0 -0.5735764284692265 0.8191520498079014
vn -1 0 0
vn -1 0 0
vn 0 0.573576430283716 -0.8191520485373823
vn 0 0.573576430283716 -0.8191520485373823
vn -1 0 0
vn -1 0 0
vn 0 -0.573576430283716 0.8191520485373823
vn 0 -0.573576430283716 0.8191520485373823
vn 1 0 0
vn 1 0 0
vn 0 0.5735764305852655 -0.8191520483262348
vn 0 0.5735764305852655 -0.8191520483262348
vn 0 -0.8191522347362962 -0.5735761643640119
vn 0 -0.8191522347362962 -0.5735761643640119
vn 0 0.8191522347362962 0.5735761643640119
vn 0 0.8191522347362962 0.5735761643640119
vn -1 0 0
vn -1 0 0
vn 0 0.8191520676798243 0.5735764029454739
vn 0 0.8191520676798243 0.5735764029454739
vn 1 0 0
vn 1 0 0
vn 0 -0.8191520676798242 -0.5735764029454741
vn 0 -0.8191520676798242 -0.5735764029454741
vn 0 0.5735764305852666 -0.8191520483262342
vn 0 0.5735764305852666 -0.8191520483262342
vn 0 0.5735764305852656 -0.8191520483262348
vn 0 0.5735764305852656 -0.8191520483262348
vn 0 0.5735764305852666 -0.8191520483262342
vn 0 0.5735764305852666 -0.8191520483262342
vn 0 0.5735764305852666 -0.819152048326234
vn 0 0.5735764305852666 -0.819152048326234
vn 0 0.5735764305852665 -0.8191520483262341
vn 0 0.5735764305852665 -0.8191520483262341
vn 0 0.5735764305852665 -0.8191520483262341
vn 0 0.5735764305852665 -0.8191520483262341
vn 0 0.5735764305852666 -0.8191520483262341
vn 0 0.5735764305852666 -0.8191520483262341
vn 0 0.5735764305852666 -0.819152048326234
vn 0 0.5735764305852666 -0.819152048326234
vn 0 0.5735764305852656 -0.8191520483262349
vn 0 0.5735764305852656 -0.8191520483262349
vn 0 -0.8191520618484458 -0.5735764112735461
vn 0 -0.8191520618484458 -0.5735764112735461
vn 0 -0.8191520618484458 -0.5735764112735461
vn 0 -0.8191520618484458 -0.5735764112735461
vn 0 -0.8191520618484458 -0.5735764112735461
vn 0 -0.8191520618484458 -0.5735764112735461
vn 0 -0.8191520618484459 -0.5735764112735462
vn 0 -0.8191520618484459 -0.5735764112735462
vn 0 -0.8191520618484459 -0.5735764112735462
vn 0 -0.8191520618484459 -0.5735764112735462
vn 0 -0.8191520618484459 -0.5735764112735462
vn 0 -0.8191520618484459 -0.5735764112735462
vn 0 -0.8191520618484458 -0.5735764112735462
vn 0 -0.8191520618484458 -0.5735764112735462
vn 0 -0.8191520618484459 -0.5735764112735462
vn 0 -0.8191520618484459 -0.5735764112735462
vn 0 -0.8191520618484459 -0.5735764112735462
vn 0 -0.8191520618484459 -0.5735764112735462
vn 0 -0.5735763017513429 0.8191521385367023
vn 0 -0.5735763017513429 0.8191521385367023
vn 0 -0.5735763017513429 0.8191521385367022
vn 0 -0.5735763017513429 0.8191521385367022
vn 0 -0.5735763017513428 0.8191521385367022
vn 0 -0.5735763017513428 0.8191521385367022
vn 0 -0.5735763017513429 0.8191521385367023
vn 0 -0.5735763017513429 0.8191521385367023
vn 0 -0.5735763017513428 0.8191521385367022
vn 0 -0.5735763017513428 0.8191521385367022
vn 0 -0.5735763017513429 0.8191521385367022
vn 0 -0.5735763017513429 0.8191521385367022
vn 0 -0.5735763017513429 0.8191521385367022
vn 0 -0.5735763017513429 0.8191521385367022
vn 0 -0.5735763017513429 0.8191521385367021
vn 0 -0.5735763017513429 0.8191521385367021
vn 0 -0.5735763017513428 0.8191521385367022
vn 0 -0.5735763017513428 0.8191521385367022
vn 0 -0.5735763017513428 0.8191521385367022
vn 0 -0.5735763017513428 0.8191521385367022
vn 0 -0.5735763017513428 0.8191521385367022
vn 0 -0.5735763017513428 0.8191521385367022
vn 0 0.8191520092100579 0.5735764864489526
vn 0 0.8191520092100579 0.5735764864489526
vn 0 0.8191520092100579 0.5735764864489526
vn 0 0.8191520092100579 0.5735764864489526
vn 0 0.8191520092100579 0.5735764864489526
vn 0 0.8191520092100579 0.5735764864489526
vn 0 0.8191520092100578 0.5735764864489526
vn 0 0.8191520092100578 0.5735764864489526
vn 0 0.8191520092100579 0.5735764864489526
vn 0 0.8191520092100579 0.5735764864489526
vn 0 0.8191520092100579 0.5735764864489526
vn 0 0.8191520092100579 0.5735764864489526
vn 0 0.8191520092100579 0.5735764864489526
vn 0 0.8191520092100579 0.5735764864489526
vn 0 0.8191520092100578 0.5735764864489526
vn 0 0.8191520092100578 0.5735764864489526
vn 0 0.8191520092100578 0.5735764864489526
vn 0 0.8191520092100578 0.5735764864489526
vn 0 0.8191522347362921 0.5735761643640179
vn 0 0.8191522347362921 0.5735761643640179
vn 1 0 0
vn 1 0 0
vn 0 -0.8191522347363004 -0.5735761643640059
vn 0 -0.8191522347363004 -0.5735761643640059
vn -1 0 0
vn -1 0 0
vn 0 0.5735764305852655 -0.8191520483262348
vn 0 0.5735764305852655 -0.8191520483262348
vn 0 -0.8191522347363004 -0.5735761643640059
vn 0 -0.8191522347363004 -0.5735761643640059
vn 0 -0.5735764305852666 0.819152048326234
vn 0 -0.5735764305852666 0.819152048326234
vn 0 0.819152234736292 0.5735761643640179
vn 0 0.819152234736292 0.5735761643640179
vn -1 0 0
vn -1 0 0
vn 0 0.8191520676798243 0.573576402945474
vn 0 0.8191520676798243 0.573576402945474
vn 1 0 0
vn 1 0 0
vn 0 -0.8191520676798243 -0.573576402945474
vn 0 -0.8191520676798243 -0.573576402945474
vn 0 0.8191514829821441 0.5735772379794669
vn 0 0.8191514829821441 0.5735772379794669
vn 1 0 0
vn 1 0 0
vn -1 0 0
vn -1 0 0
vn 1 0 0
vn 1 0 0
vn -1 0 0
vn -1 0 0
vn 0 -0.819152009366144 -0.5735764862260385
vn 0 -0.819152009366144 -0.5735764862260385
vn -1 0 0
vn -1 0 0
vn 1 0 0
vn 1 0 0
vn 0 0.5735764302837159 -0.8191520485373822
vn 0 0.5735764302837159 -0.8191520485373822
vn 0 0.8191514829821442 0.5735772379794669
vn 0 0.8191514829821442 0.5735772379794669
vn 0 -0.573576430283716 0.819152048537382
vn 0 -0.573576430283716 0.819152048537382
vn 0 0.5735763964371308 -0.8191520722370147
vn 0 0.5735763964371308 -0.8191520722370147
vn 0 -0.5735763964371308 0.8191520722370147
vn 0 -0.5735763964371308 0.8191520722370147
vn 0 0.5735764499415489 -0.8191520347728192
vn 0 0.5735764499415489 -0.8191520347728192
vn 0 -0.5735764284692264 0.8191520498079015
vn 0 -0.5735764284692264 0.8191520498079015
vn 0 -0.8191520093661441 -0.5735764862260385
vn 0 -0.8191520093661441 -0.5735764862260385
vn 0 0.5735763017513429 -0.8191521385367022
vn 0 0.5735763017513429 -0.8191521385367022
vn 0 0.5735764821723206 -0.8191520122045882
vn 0 0.5735764821723206 -0.8191520122045882
vn 0 0.5735764821723213 -0.8191520122045878
vn 0 0.5735764821723213 -0.8191520122045878
vn 0 0.573576430585266 -0.8191520483262347
vn 0 0.573576430585266 -0.8191520483262347
vn -1 0 0
vn -1 0 0
vn -1 0 0
vn -1 0 0
vn 0 0.8191520092100578 0.5735764864489524
vn 0 0.8191520092100578 0.5735764864489524
vn 1 0 0
vn 1 0 0
vn 0 -0.8191520843854717 -0.573576379087334
vn 0 -0.8191520843854717 -0.573576379087334
vn 0 0.5735764263086264 -0.8191520513207697
vn 0 0.5735764263086264 -0.8191520513207697
vn 1 0 0
vn 1 0 0
vn 0 -0.5735764263086263 0.8191520513207697
vn 0 -0.5735764263086263 0.8191520513207697
vn -1 0 0
vn -1 0 0
vn 0 0.5735764360664397 -0.8191520444882754
vn 0 0.5735764360664397 -0.8191520444882754
vn 1 0 0
vn 1 0 0
vn 0 0.5735764305852656 -0.8191520483262349
vn 0 0.5735764305852656 -0.8191520483262349
vn 0 0.8191522347362962 0.5735761643640119
vn 0 0.8191522347362962 0.5735761643640119
vn 0 -0.8191522347362962 -0.5735761643640119
vn 0 -0.8191522347362962 -0.5735761643640119
vn 0 -0.8191520676798242 -0.5735764029454741
vn 0 -0.8191520676798242 -0.5735764029454741
vn -1 0 0
vn -1 0 0
vn 0 0.8191520676798243 0.5735764029454739
vn 0 0.8191520676798243 0.5735764029454739
vn 0 0.8191522347362922 0.5735761643640179
vn 0 0.8191522347362922 0.5735761643640179
vn 0 -0.8191522347363004 -0.5735761643640059
vn 0 -0.8191522347363004 -0.5735761643640059
vn -1 0 0
vn -1 0 0
vn 0 0.5735764305852655 -0.8191520483262348
vn 0 0.5735764305852655 -0.8191520483262348
vn 0 0.8191522347362922 0.5735761643640179
vn 0 0.8191522347362922 0.5735761643640179
vn 0 -0.8191522347363003 -0.5735761643640059
vn 0 -0.8191522347363003 -0.5735761643640059
vn 0 -0.8191520676798243 -0.573576402945474
vn 0 -0.8191520676798243 -0.573576402945474
vn -1 0 0
vn -1 0 0
vn 0 0.8191520676798243 0.573576402945474
vn 0 0.8191520676798243 0.573576402945474
vn 0 0.8191527611188022 0.5735754126106198
vn 0 0.8191527611188022 0.5735754126106198
vn 1 0 0
vn 1 0 0
vn -1 0 0
vn -1 0 0
vn 1 0 0
vn 1 0 0
vn -1 0 0
vn -1 0 0
vn 0 -0.8191520093661441 -0.5735764862260385
vn 0 -0.8191520093661441 -0.5735764862260385
vn -1 0 0
vn -1 0 0
vn 1 0 0
vn 1 0 0
vn 0 0.5735764263086264 -0.8191520513207697
vn 0 0.5735764263086264 -0.8191520513207697
vn 0 -0.819152009366144 -0.5735764862260384
vn 0 -0.819152009366144 -0.5735764862260384
vn 0 -0.5735764263086264 0.8191520513207697
vn 0 -0.5735764263086264 0.8191520513207697
vn 0 0.5735764360664398 -0.8191520444882755
vn 0 0.5735764360664398 -0.8191520444882755
vn 0 -0.5735764302837159 0.8191520485373822
vn 0 -0.5735764302837159 0.8191520485373822
vn 0 0.8191527611188022 0.5735754126106197
vn 0 0.8191527611188022 0.5735754126106197
vn 0 0.5735763533383545 -0.8191521024150982
vn 0 0.5735763533383545 -0.8191521024150982
vn 0 -0.5735763533383554 0.8191521024150973
vn 0 -0.5735763533383554 0.8191521024150973
vn 0 0.5735763533383545 -0.8191521024150982
vn 0 0.5735763533383545 -0.8191521024150982
vn 0 0.573576430585266 -0.8191520483262347
vn 0 0.573576430585266 -0.8191520483262347
vn 0 0.573576430585266 -0.8191520483262347
vn 0 0.573576430585266 -0.8191520483262347
vn 0 0.8191520092100577 0.5735764864489526
vn 0 0.8191520092100577 0.5735764864489526
vn 0 0.8191520092100577 0.5735764864489526
vn 0 0.8191520092100577 0.5735764864489526
vn 0 0.8191520092100577 0.5735764864489526
vn 0 0.8191520092100577 0.5735764864489526
vn 0 -0.573576430585266 0.8191520483262344
vn 0 -0.573576430585266 0.8191520483262344
vn 0 -0.573576430585266 0.8191520483262347
vn 0 -0.573576430585266 0.8191520483262347
vn 0 -0.573576430585266 0.8191520483262347
vn 0 -0.573576430585266 0.8191520483262347
vn 0 -0.8191520092100577 -0.5735764864489526
vn 0 -0.8191520092100577 -0.5735764864489526
vn 0 -0.8191520092100577 -0.5735764864489526
vn 0 -0.8191520092100577 -0.5735764864489526
vn 0 -0.8191520092100577 -0.5735764864489526
vn 0 -0.8191520092100577 -0.5735764864489526
vn 0 -0.8191520843854717 -0.573576379087334
vn 0 -0.8191520843854717 -0.573576379087334
vn -1 0 0
vn -1 0 0
vn 0 0.8191520092100579 0.5735764864489524
vn 0 0.8191520092100579 0.5735764864489524
vn 1 0 0
vn 1 0 0
vn 0 -0.5735764199870016 0.819152055747219
vn 0 -0.5735764199870016 0.819152055747219
vn 1 0 0
vn 1 0 0
vn 1 0 0
vn 1 0 0
vn 0 -0.5735760620090106 0.8191523064059795
vn 0 -0.5735760620090106 0.8191523064059795
vn -1 0 0
vn -1 0 0
vn 1 0 0
vn 1 0 0
vn 0 -0.8191520093661441 -0.5735764862260385
vn 0 -0.8191520093661441 -0.5735764862260385
vn -1 0 0
vn -1 0 0
vn 1 0 0
vn 1 0 0
vn 0 0.8191527611188023 0.5735754126106198
vn 0 0.8191527611188023 0.5735754126106198
vn 1 0 0
vn 1 0 0
vn -1 0 0
vn -1 0 0
vn 0 0.5735764199870022 -0.8191520557472185
vn 0 0.5735764199870022 -0.8191520557472185
vn 0 -0.819152009366144 -0.5735764862260384
vn 0 -0.819152009366144 -0.5735764862260384
vn 0 -0.5735764199870002 0.8191520557472198
vn 0 -0.5735764199870002 0.8191520557472198
vn 0 0.5735763533383545 -0.8191521024150981
vn 0 0.5735763533383545 -0.8191521024150981
vn 0 -0.5735763533383554 0.8191521024150973
vn 0 -0.5735763533383554 0.8191521024150973
vn 0 0.5735769312324868 -0.8191516977690539
vn 0 0.5735769312324868 -0.8191516977690539
vn 0 -0.5735764199870002 0.8191520557472198
vn 0 -0.5735764199870002 0.8191520557472198
vn 0 0.8191527611188023 0.5735754126106198
vn 0 0.8191527611188023 0.5735754126106198
vn 0 -0.8191522347362962 -0.5735761643640119
vn 0 -0.8191522347362962 -0.5735761643640119
vn -1 0 0
vn -1 0 0
vn 0 0.8191522347362962 0.5735761643640119
vn 0 0.8191522347362962 0.5735761643640119
vn 1 0 0
vn 1 0 0
vn 0 0.5735764199870022 -0.8191520557472185
vn 0 0.5735764199870022 -0.8191520557472185
vn -1 0 0
vn -1 0 0
vn 0 0.5735764305852655 -0.8191520483262347
vn 0 0.5735764305852655 -0.8191520483262347
vn 0 0.8191522347362963 0.5735761643640119
vn 0 0.8191522347362963 0.5735761643640119
vn 0 -0.5735764305852663 0.8191520483262343
vn 0 -0.5735764305852663 0.8191520483262343
vn 0 -0.8191522347362963 -0.5735761643640119
vn 0 -0.8191522347362963 -0.5735761643640119
vn 1 0 0
vn 1 0 0
vn 0 -0.8191520676798243 -0.5735764029454741
vn 0 -0.8191520676798243 -0.5735764029454741
vn -1 0 0
vn -1 0 0
vn 0 0.8191520676798244 0.5735764029454739
vn 0 0.8191520676798244 0.5735764029454739
vn 0 0.5735764305852656 -0.8191520483262348
vn 0 0.5735764305852656 -0.8191520483262348
vn 0 0.5735764305852665 -0.8191520483262341
vn 0 0.5735764305852665 -0.8191520483262341
vn 0 0.8191520092100577 0.5735764864489526
vn 0 0.8191520092100577 0.5735764864489526
vn 0 0.8191520092100577 0.5735764864489526
vn 0 0.8191520092100577 0.5735764864489526
vn 0 -0.5735763017513429 0.8191521385367022
vn 0 -0.5735763017513429 0.8191521385367022
vn 0 -0.5735763017513429 0.8191521385367023
vn 0 -0.5735763017513429 0.8191521385367023
vn 0 -0.5735763017513428 0.8191521385367022
vn 0 -0.5735763017513428 0.8191521385367022
vn 0 -0.8191520618484459 -0.5735764112735462
vn 0 -0.8191520618484459 -0.5735764112735462
vn 0 -0.8191520618484459 -0.5735764112735462
vn 0 -0.8191520618484459 -0.5735764112735462
vn 0 -0.8191522347363003 -0.5735761643640059
vn 0 -0.8191522347363003 -0.5735761643640059
vn -1 0 0
vn -1 0 0
vn 0 0.8191522347362922 0.5735761643640179
vn 0 0.8191522347362922 0.5735761643640179
vn 1 0 0
vn 1 0 0
vn -1 0 0
vn -1 0 0
vn 0 0.5735769312324867 -0.8191516977690538
vn 0 0.5735769312324867 -0.8191516977690538
vn 0 0.5735764305852656 -0.8191520483262348
vn 0 0.5735764305852656 -0.8191520483262348
vn 0 0.8191522347362922 0.5735761643640179
vn 0 0.8191522347362922 0.5735761643640179
vn 0 -0.5735764305852666 0.8191520483262341
vn 0 -0.5735764305852666 0.8191520483262341
vn 0 -0.8191522347363004 -0.5735761643640059
vn 0 -0.8191522347363004 -0.5735761643640059
vn 0 -0.8191520676798243 -0.573576402945474
vn 0 -0.8191520676798243 -0.573576402945474
vn -1 0 0
vn -1 0 0
vn 0 0.8191520676798243 0.573576402945474
vn 0 0.8191520676798243 0.573576402945474
vn -1 0 0
vn -1 0 0
vn 0 0.573576520795745 -0.8191519851601706
vn 0 0.573576520795745 -0.8191519851601706
vn 0 -0.8191520618484458 -0.5735764112735462
vn 0 -0.8191520618484458 -0.5735764112735462
vn 0 0.573576430585266 -0.8191520483262344
vn 0 0.573576430585266 -0.8191520483262344
vn 1.0287017314364223e-7 0.5735763964371245 -0.8191520722370128
vn -1.2430340522112267e-7 0.5735764305852615 -0.8191520483262283
vn 0 -0.573576430585266 0.8191520483262347
vn 0 -0.573576430585266 0.8191520483262347
vn 0 -0.573576430585266 0.8191520483262346
vn 0 -0.573576430585266 0.8191520483262346
vn 0 -0.573576430585266 0.8191520483262347
vn 0 -0.573576430585266 0.8191520483262347
vn 0 -0.5735765337594174 0.8191519760829075
vn 0 -0.5735765337594174 0.8191519760829075
vn 0 -0.5735764265857748 0.8191520511267083
vn 0 -0.5735764265857748 0.8191520511267083
vn -1 0 0
vn -1 0 0
vn 0 -0.5735764265857749 0.8191520511267083
vn 0 -0.5735764265857749 0.8191520511267083
vn -1 0 0
vn -1 0 0
vn 0 0.5735764265857748 -0.8191520511267083
vn 0 0.5735764265857748 -0.8191520511267083
vn 0 0.5735764265857748 -0.8191520511267085
vn 0 0.5735764265857748 -0.8191520511267085
vn 1 0 0
vn 1 0 0
vn 1 0 0
vn 1 0 0
vn 0 -0.5735764363304492 0.8191520443034139
vn 0 -0.5735764363304492 0.8191520443034139
vn 1 0 0
vn 1 0 0
vn 1 0 0
vn 1 0 0
vn 0 0.5735764279362652 -0.8191520501810847
vn 0 0.5735764279362652 -0.8191520501810847
vn 0 0.5735764279362653 -0.8191520501810848
vn 0 0.5735764279362653 -0.8191520501810848
vn -1 0 0
vn -1 0 0
vn 0 -0.5735764304527784 0.8191520484190034
vn 0 -0.5735764304527784 0.8191520484190034
vn 6.363992182143017e-8 -0.5735763867954471 0.8191520789881913
vn -6.389445313996765e-8 -0.5735764305852652 0.8191520483262326
vn -1 0 0
vn -1 0 0
vn 0.004761342889547585 -0.8191421976893295 -0.573570736333875
vn 0.004761342889548315 -0.8191421976893282 -0.5735707363338772
vn 1 0 0
vn 1 0 0
vn 0.0047613428895483135 0.8191421976893295 0.573570736333875
vn 0.004761342889548322 0.8191421976893295 0.573570736333875
vn 1 0 0
vn 1 0 0
vn 0 0.8191514829821568 0.573577237979449
vn 0 0.8191514829821568 0.573577237979449
vn -1 0 0
vn -1 0 0
vn 1 0 0
vn 1 0 0
vn 0 0.8191514829821569 0.573577237979449
vn 0 0.8191514829821569 0.573577237979449
vn -1 0 0
vn -1 0 0
vn 0 -0.8191514829821552 -0.5735772379794511
vn 0 -0.8191514829821552 -0.5735772379794511
vn -1 0 0
vn -1 0 0
vn 1 0 0
vn 1 0 0
vn -1 0 0
vn -1 0 0
vn 0 -0.8191514829821568 -0.573577237979449
vn 0 -0.8191514829821568 -0.573577237979449
vn 1 0 0
vn 1 0 0
vn 0 -0.5735764360664396 0.8191520444882754
vn 0 -0.5735764360664396 0.8191520444882754
vn -1 0 0
vn -1 0 0
vn 1 0 0
vn 1 0 0
vn 0 0.5735765207957448 -0.8191519851601707
vn 0 0.5735765207957448 -0.8191519851601707
vn -1 0 0
vn -1 0 0
vn 1 0 0
vn 1 0 0
vn 0 0.8191520092100579 0.5735764864489526
vn 0 0.8191520092100579 0.5735764864489526
vn 0 -0.8191520618484458 -0.5735764112735461
vn 0 -0.8191520618484458 -0.5735764112735461
vn 0 0.5735765207957448 -0.8191519851601707
vn 0 0.5735765207957448 -0.8191519851601707
vn -1 0 0
vn -1 0 0
vn 1 0 0
vn 1 0 0
vn 0 0.8191520092100579 0.5735764864489526
vn 0 0.8191520092100579 0.5735764864489526
vn 0 -0.8191520618484458 -0.5735764112735461
vn 0 -0.8191520618484458 -0.5735764112735461
vn 0 0.5735764305852666 -0.819152048326234
vn 0 0.5735764305852666 -0.819152048326234
vn 0 0.5735764305852666 -0.819152048326234
vn 0 0.5735764305852666 -0.819152048326234
vn 1 0 0
vn 1 0 0
vn -1 0 0
vn -1 0 0
vn 1 0 0
vn 1 0 0
vn 1 0 0
vn 1 0 0
vn 0 0.8191520092100577 0.5735764864489526
vn 0 0.8191520092100577 0.5735764864489526
vn 0 0.5735764305852666 -0.8191520483262342
vn 0 0.5735764305852666 -0.8191520483262342
vn -1 0 0
vn -1 0 0
vn 1 0 0
vn 1 0 0
vn 0 -0.573576430585266 0.8191520483262347
vn 0 -0.573576430585266 0.8191520483262347
vn 0 0.5735764305852663 -0.8191520483262343
vn 0 0.5735764305852663 -0.8191520483262343
vn 1 0 0
vn 1 0 0
vn -1 0 0
vn -1 0 0
vn 0 0.8191514829821553 0.573577237979451
vn 0 0.8191514829821553 0.573577237979451
vn 0 0.8191520092100579 0.5735764864489526
vn 0 0.8191520092100579 0.5735764864489526
vn 0 -0.8191520092100579 -0.5735764864489526
vn 0 -0.8191520092100579 -0.5735764864489526
vn 0 0.8191520092100579 0.5735764864489526
vn 0 0.8191520092100579 0.5735764864489526
usemtl m_761276a1-4ce5-12c4-a3ce-5dee591014e7
f 2302/5335/1779 2303/5336/1779 2304/5337/1779
f 2302/5338/1780 2304/5339/1780 2305/5340/1780
f 2306/5341/1781 2307/5342/1781 2308/5343/1781
f 2306/5344/1782 2308/5345/1782 2309/5346/1782
f 2310/5347/1783 2311/5348/1783 2312/5349/1783
f 2310/5350/1784 2312/5351/1784 2313/5352/1784
f 2314/5353/1785 2315/5354/1785 2316/5355/1785
f 2314/5356/1786 2316/5357/1786 2317/5358/1786
f 2316/5359/1787 2318/5360/1787 2319/5361/1787
f 2316/5362/1788 2319/5363/1788 2317/5364/1788
f 2320/5365/1789 2321/5366/1789 2322/5367/1789
f 2320/5368/1790 2322/5369/1790 2323/5370/1790
f 2324/5371/1791 2325/5372/1791 2326/5373/1791
f 2324/5374/1792 2326/5375/1792 2327/5376/1792
f 2328/5377/1793 2305/5378/1793 2304/5379/1793
f 2328/5380/1794 2304/5381/1794 2329/5382/1794
f 2330/5383/1795 2331/5384/1795 2332/5385/1795
f 2330/5386/1796 2332/5387/1796 2333/5388/1796
f 2334/5389/1797 2335/5390/1797 2336/5391/1797
f 2334/5392/1798 2336/5393/1798 2337/5394/1798
f 2338/5395/1799 2339/5396/1799 2340/5397/1799
f 2338/5398/1800 2340/5399/1800 2341/5400/1800
f 2342/5401/1801 2343/5402/1801 2344/5403/1801
f 2342/5404/1802 2344/5405/1802 2345/5406/1802
f 2346/5407/1803 2347/5408/1803 2348/5409/1803
f 2346/5410/1804 2348/5411/1804 2349/5412/1804
f 2350/5413/1805 2349/5414/1805 2348/5415/1805
f 2350/5416/1806 2348/5417/1806 2351/5418/1806
f 2352/5419/1807 2353/5420/1807 2354/5421/1807
f 2352/5422/1808 2354/5423/1808 2355/5424/1808
f 2356/5425/1809 2357/5426/1809 2358/5427/1809
f 2356/5428/1810 2358/5429/1810 2359/5430/1810
f 2308/5431/1811 2360/5432/1811 2361/5433/1811
f 2308/5434/1812 2361/5435/1812 2309/5436/1812
f 2362/5437/1813 2363/5438/1813 2364/5439/1813
f 2362/5440/1814 2364/5441/1814 2365/5442/1814
f 2366/5443/1815 2367/5444/1815 2365/5445/1815
f 2366/5446/1816 2365/5447/1816 2364/5448/1816
f 2368/5449/1817 2369/5450/1817 2370/5451/1817
f 2368/5452/1818 2370/5453/1818 2371/5454/1818
f 2372/5455/1819 2373/5456/1819 2374/5457/1819
f 2372/5458/1820 2374/5459/1820 2375/5460/1820
f 2313/5461/1821 2312/5462/1821 2375/5463/1821
f 2313/5464/1822 2375/5465/1822 2374/5466/1822
f 2376/5467/1823 2302/5468/1823 2305/5469/1823
f 2376/5470/1824 2305/5471/1824 2377/5472/1824
f 2307/5473/1825 2378/5474/1825 2379/5475/1825
f 2307/5476/1826 2379/5477/1826 2308/5478/1826
f 2360/5479/1827 2308/5480/1827 2379/5481/1827
f 2360/5482/1828 2379/5483/1828 2380/5484/1828
f 2381/5485/1829 2382/5486/1829 2383/5487/1829
f 2381/5488/1830 2383/5489/1830 2384/5490/1830
f 2385/5491/1831 2352/5492/1831 2355/5493/1831
f 2385/5494/1832 2355/5495/1832 2386/5496/1832
f 2349/5497/1833 2350/5498/1833 2387/5499/1833
f 2349/5500/1834 2387/5501/1834 2388/5502/1834
f 2389/5503/1835 2346/5504/1835 2349/5505/1835
f 2389/5506/1836 2349/5507/1836 2388/5508/1836
f 2315/5509/1837 2390/5510/1837 2391/5511/1837
f 2315/5512/1838 2391/5513/1838 2316/5514/1838
f 2318/5515/1839 2316/5516/1839 2391/5517/1839
f 2318/5518/1840 2391/5519/1840 2392/5520/1840
f 2321/5521/1841 2393/5522/1841 2394/5523/1841
f 2321/5524/1842 2394/5525/1842 2322/5526/1842
f 2325/5527/1843 2395/5528/1843 2396/5529/1843
f 2325/5530/1844 2396/5531/1844 2326/5532/1844
f 2305/5533/1845 2328/5534/1845 2397/5535/1845
f 2305/5536/1846 2397/5537/1846 2377/5538/1846
f 2398/5539/1847 2399/5540/1847 2400/5541/1847
f 2398/5542/1848 2400/5543/1848 2401/5544/1848
f 2302/5545/1849 2376/5546/1849 2402/5547/1849
f 2302/5548/1850 2402/5549/1850 2403/5550/1850
f 2303/5551/1851 2302/5552/1851 2403/5553/1851
f 2303/5554/1852 2403/5555/1852 2404/5556/1852
f 2311/5557/1853 2310/5558/1853 2405/5559/1853
f 2311/5560/1854 2405/5561/1854 2406/5562/1854
f 2307/5563/1855 2306/5564/1855 2407/5565/1855
f 2307/5566/1856 2407/5567/1856 2408/5568/1856
f 2378/5569/1857 2307/5570/1857 2408/5571/1857
f 2378/5572/1858 2408/5573/1858 2409/5574/1858
f 2410/5575/1859 2411/5576/1859 2412/5577/1859
f 2410/5578/1860 2412/5579/1860 2413/5580/1860
f 2346/5581/1861 2389/5582/1861 2414/5583/1861
f 2346/5584/1862 2414/5585/1862 2415/5586/1862
f 2347/5587/1863 2346/5588/1863 2415/5589/1863
f 2347/5590/1864 2415/5591/1864 2416/5592/1864
f 2363/5593/1865 2362/5594/1865 2417/5595/1865
f 2363/5596/1866 2417/5597/1866 2418/5598/1866
f 2315/5599/1867 2314/5600/1867 2419/5601/1867
f 2315/5602/1868 2419/5603/1868 2420/5604/1868
f 2390/5605/1869 2315/5606/1869 2420/5607/1869
f 2390/5608/1870 2420/5609/1870 2421/5610/1870
f 2422/5611/1871 2423/5612/1871 2424/5613/1871
f 2422/5614/1872 2424/5615/1872 2425/5616/1872
f 2426/5617/1873 2427/5618/1873 2428/5619/1873
f 2426/5620/1874 2428/5621/1874 2429/5622/1874
f 2425/5623/1875 2424/5624/1875 2430/5625/1875
f 2425/5626/1876 2430/5627/1876 2431/5628/1876
f 2432/5629/1877 2433/5630/1877 2434/5631/1877
f 2432/5632/1878 2434/5633/1878 2435/5634/1878
f 2436/5635/1879 2437/5636/1879 2438/5637/1879
f 2436/5638/1880 2438/5639/1880 2439/5640/1880
f 2440/5641/1881 2441/5642/1881 2442/5643/1881
f 2440/5644/1882 2442/5645/1882 2443/5646/1882
f 2444/5647/1883 2445/5648/1883 2437/5649/1883
f 2444/5650/1884 2437/5651/1884 2436/5652/1884
f 2446/5653/1885 2447/5654/1885 2448/5655/1885
f 2446/5656/1886 2448/5657/1886 2449/5658/1886
f 2393/5659/1887 2450/5660/1887 2451/5661/1887
f 2393/5662/1888 2451/5663/1888 2394/5664/1888
f 2452/5665/1889 2453/5666/1889 2454/5667/1889
f 2452/5668/1890 2454/5669/1890 2455/5670/1890
f 2422/5671/1891 2456/5672/1891 2457/5673/1891
f 2422/5674/1892 2457/5675/1892 2423/5676/1892
f 2395/5677/1893 2458/5678/1893 2459/5679/1893
f 2395/5680/1894 2459/5681/1894 2396/5682/1894
f 2438/5683/1895 2460/5684/1895 2461/5685/1895
f 2438/5686/1896 2461/5687/1896 2439/5688/1896
f 2462/5689/1897 2463/5690/1897 2464/5691/1897
f 2462/5692/1898 2464/5693/1898 2465/5694/1898
f 2466/5695/1899 2320/5696/1899 2323/5697/1899
f 2466/5698/1900 2323/5699/1900 2467/5700/1900
f 2430/5701/1901 2468/5702/1901 2469/5703/1901
f 2430/5704/1902 2469/5705/1902 2431/5706/1902
f 2470/5707/1903 2471/5708/1903 2472/5709/1903
f 2470/5710/1904 2472/5711/1904 2473/5712/1904
f 2474/5713/1905 2324/5714/1905 2327/5715/1905
f 2474/5716/1906 2327/5717/1906 2475/5718/1906
f 2476/5719/1907 2477/5720/1907 2478/5721/1907
f 2476/5722/1908 2478/5723/1908 2479/5724/1908
f 2444/5725/1909 2480/5726/1909 2481/5727/1909
f 2444/5728/1910 2481/5729/1910 2445/5730/1910
f 2482/5731/1911 2483/5732/1911 2484/5733/1911
f 2482/5734/1912 2484/5735/1912 2485/5736/1912
f 2486/5737/1913 2487/5738/1913 2488/5739/1913
f 2486/5740/1914 2488/5741/1914 2489/5742/1914
f 2490/5743/1915 2491/5744/1915 2487/5745/1915
f 2490/5746/1916 2487/5747/1916 2486/5748/1916
f 2335/5749/1917 2334/5750/1917 2491/5751/1917
f 2335/5752/1918 2491/5753/1918 2490/5754/1918
f 2492/5755/1919 2493/5756/1919 2494/5757/1919
f 2492/5758/1920 2494/5759/1920 2495/5760/1920
f 2496/5761/1921 2497/5762/1921 2498/5763/1921
f 2496/5764/1922 2498/5765/1922 2499/5766/1922
f 2500/5767/1923 2501/5768/1923 2497/5769/1923
f 2500/5770/1924 2497/5771/1924 2496/5772/1924
f 2352/5773/1925 2385/5774/1925 2501/5775/1925
f 2352/5776/1926 2501/5777/1926 2500/5778/1926
f 2502/5779/1927 2503/5780/1927 2504/5781/1927
f 2502/5782/1928 2504/5783/1928 2505/5784/1928
f 2506/5785/1929 2496/5786/1929 2499/5787/1929
f 2506/5788/1930 2499/5789/1930 2507/5790/1930
f 2508/5791/1931 2500/5792/1931 2496/5793/1931
f 2508/5794/1932 2496/5795/1932 2506/5796/1932
f 2353/5797/1933 2352/5798/1933 2500/5799/1933
f 2353/5800/1934 2500/5801/1934 2508/5802/1934
f 2509/5803/1935 2510/5804/1935 2367/5805/1935
f 2509/5806/1936 2367/5807/1936 2366/5808/1936
f 2511/5809/1937 2512/5810/1937 2510/5811/1937
f 2511/5812/1938 2510/5813/1938 2509/5814/1938
f 2513/5815/1939 2514/5816/1939 2512/5817/1939
f 2513/5818/1940 2512/5819/1940 2511/5820/1940
f 2369/5821/1941 2368/5822/1941 2514/5823/1941
f 2369/5824/1942 2514/5825/1942 2513/5826/1942
f 2515/5827/1943 2516/5828/1943 2517/5829/1943
f 2515/5830/1944 2517/5831/1944 2518/5832/1944
f 2519/5833/1945 2520/5834/1945 2516/5835/1945
f 2519/5836/1946 2516/5837/1946 2515/5838/1946
f 2521/5839/1947 2522/5840/1947 2520/5841/1947
f 2521/5842/1948 2520/5843/1948 2519/5844/1948
f 2471/5845/1949 2470/5846/1949 2522/5847/1949
f 2471/5848/1950 2522/5849/1950 2521/5850/1950
f 2523/5851/1951 2524/5852/1951 2525/5853/1951
f 2523/5854/1952 2525/5855/1952 2526/5856/1952
f 2527/5857/1953 2528/5858/1953 2524/5859/1953
f 2527/5860/1954 2524/5861/1954 2523/5862/1954
f 2529/5863/1955 2530/5864/1955 2528/5865/1955
f 2529/5866/1956 2528/5867/1956 2527/5868/1956
f 2433/5869/1957 2432/5870/1957 2530/5871/1957
f 2433/5872/1958 2530/5873/1958 2529/5874/1958
f 2531/5875/1959 2532/5876/1959 2533/5877/1959
f 2531/5878/1960 2533/5879/1960 2534/5880/1960
f 2535/5881/1961 2536/5882/1961 2532/5883/1961
f 2535/5884/1962 2532/5885/1962 2531/5886/1962
f 2537/5887/1963 2538/5888/1963 2536/5889/1963
f 2537/5890/1964 2536/5891/1964 2535/5892/1964
f 2320/5893/1965 2466/5894/1965 2538/5895/1965
f 2320/5896/1966 2538/5897/1966 2537/5898/1966
f 2539/5899/1967 2531/5900/1967 2534/5901/1967
f 2539/5902/1968 2534/5903/1968 2540/5904/1968
f 2541/5905/1969 2535/5906/1969 2531/5907/1969
f 2541/5908/1970 2531/5909/1970 2539/5910/1970
f 2542/5911/1971 2537/5912/1971 2535/5913/1971
f 2542/5914/1972 2535/5915/1972 2541/5916/1972
f 2321/5917/1973 2320/5918/1973 2537/5919/1973
f 2321/5920/1974 2537/5921/1974 2542/5922/1974
f 2543/5923/1975 2539/5924/1975 2540/5925/1975
f 2543/5926/1976 2540/5927/1976 2544/5928/1976
f 2545/5929/1977 2541/5930/1977 2539/5931/1977
f 2545/5932/1978 2539/5933/1978 2543/5934/1978
f 2546/5935/1979 2542/5936/1979 2541/5937/1979
f 2546/5938/1980 2541/5939/1980 2545/5940/1980
f 2393/5941/1981 2321/5942/1981 2542/5943/1981
f 2393/5944/1982 2542/5945/1982 2546/5946/1982
f 2547/5947/1983 2543/5948/1983 2544/5949/1983
f 2547/5950/1984 2544/5951/1984 2548/5952/1984
f 2549/5953/1985 2545/5954/1985 2543/5955/1985
f 2549/5956/1986 2543/5957/1986 2547/5958/1986
f 2550/5959/1987 2546/5960/1987 2545/5961/1987
f 2550/5962/1988 2545/5963/1988 2549/5964/1988
f 2450/5965/1989 2393/5966/1989 2546/5967/1989
f 2450/5968/1990 2546/5969/1990 2550/5970/1990
f 2551/5971/1991 2552/5972/1991 2553/5973/1991
f 2551/5974/1992 2553/5975/1992 2554/5976/1992
f 2555/5977/1993 2556/5978/1993 2552/5979/1993
f 2555/5980/1994 2552/5981/1994 2551/5982/1994
f 2557/5983/1995 2558/5984/1995 2556/5985/1995
f 2557/5986/1996 2556/5987/1996 2555/5988/1996
f 2427/5989/1997 2426/5990/1997 2558/5991/1997
f 2427/5992/1998 2558/5993/1998 2557/5994/1998
f 2559/5995/1999 2560/5996/1999 2561/5997/1999
f 2559/5998/2000 2561/5999/2000 2562/6000/2000
f 2563/6001/2001 2564/6002/2001 2560/6003/2001
f 2563/6004/2002 2560/6005/2002 2559/6006/2002
f 2565/6007/2003 2566/6008/2003 2564/6009/2003
f 2565/6010/2004 2564/6011/2004 2563/6012/2004
f 2453/6013/2005 2452/6014/2005 2566/6015/2005
f 2453/6016/2006 2566/6017/2006 2565/6018/2006
f 2567/6019/2007 2568/6020/2007 2337/6021/2007
f 2567/6022/2008 2337/6023/2008 2336/6024/2008
f 2569/6025/2009 2570/6026/2009 2568/6027/2009
f 2569/6028/2010 2568/6029/2010 2567/6030/2010
f 2571/6031/2011 2572/6032/2011 2570/6033/2011
f 2571/6034/2012 2570/6035/2012 2569/6036/2012
f 2573/6037/2013 2574/6038/2013 2572/6039/2013
f 2573/6040/2014 2572/6041/2014 2571/6042/2014
f 2575/6043/2015 2576/6044/2015 2386/6045/2015
f 2575/6046/2016 2386/6047/2016 2355/6048/2016
f 2577/6049/2017 2578/6050/2017 2576/6051/2017
f 2577/6052/2018 2576/6053/2018 2575/6054/2018
f 2579/6055/2019 2580/6056/2019 2578/6057/2019
f 2579/6058/2020 2578/6059/2020 2577/6060/2020
f 2581/6061/2021 2582/6062/2021 2580/6063/2021
f 2581/6064/2022 2580/6065/2022 2579/6066/2022
f 2583/6067/2023 2575/6068/2023 2355/6069/2023
f 2583/6070/2024 2355/6071/2024 2354/6072/2024
f 2584/6073/2025 2577/6074/2025 2575/6075/2025
f 2584/6076/2026 2575/6077/2026 2583/6078/2026
f 2585/6079/2027 2579/6080/2027 2577/6081/2027
f 2585/6082/2028 2577/6083/2028 2584/6084/2028
f 2586/6085/2029 2581/6086/2029 2579/6087/2029
f 2586/6088/2030 2579/6089/2030 2585/6090/2030
f 2587/6091/2031 2588/6092/2031 2371/6093/2031
f 2587/6094/2032 2371/6095/2032 2370/6096/2032
f 2589/6097/2033 2590/6098/2033 2588/6099/2033
f 2589/6100/2034 2588/6101/2034 2587/6102/2034
f 2591/6103/2035 2592/6104/2035 2590/6105/2035
f 2591/6106/2036 2590/6107/2036 2589/6108/2036
f 2373/6109/2037 2372/6110/2037 2592/6111/2037
f 2373/6112/2038 2592/6113/2038 2591/6114/2038
f 2593/6115/2039 2594/6116/2039 2473/6117/2039
f 2593/6118/2040 2473/6119/2040 2472/6120/2040
f 2595/6121/2041 2596/6122/2041 2594/6123/2041
f 2595/6124/2042 2594/6125/2042 2593/6126/2042
f 2597/6127/2043 2598/6128/2043 2596/6129/2043
f 2597/6130/2044 2596/6131/2044 2595/6132/2044
f 2477/6133/2045 2476/6134/2045 2598/6135/2045
f 2477/6136/2046 2598/6137/2046 2597/6138/2046
f 2599/6139/2047 2600/6140/2047 2435/6141/2047
f 2599/6142/2048 2435/6143/2048 2434/6144/2048
f 2601/6145/2049 2602/6146/2049 2600/6147/2049
f 2601/6148/2050 2600/6149/2050 2599/6150/2050
f 2603/6151/2051 2604/6152/2051 2602/6153/2051
f 2603/6154/2052 2602/6155/2052 2601/6156/2052
f 2447/6157/2053 2446/6158/2053 2604/6159/2053
f 2447/6160/2054 2604/6161/2054 2603/6162/2054
f 2605/6163/2055 2606/6164/2055 2467/6165/2055
f 2605/6166/2056 2467/6167/2056 2323/6168/2056
f 2607/6169/2057 2608/6170/2057 2606/6171/2057
f 2607/6172/2058 2606/6173/2058 2605/6174/2058
f 2609/6175/2059 2610/6176/2059 2608/6177/2059
f 2609/6178/2060 2608/6179/2060 2607/6180/2060
f 2324/6181/2061 2474/6182/2061 2610/6183/2061
f 2324/6184/2062 2610/6185/2062 2609/6186/2062
f 2611/6187/2063 2605/6188/2063 2323/6189/2063
f 2611/6190/2064 2323/6191/2064 2322/6192/2064
f 2612/6193/2065 2607/6194/2065 2605/6195/2065
f 2612/6196/2066 2605/6197/2066 2611/6198/2066
f 2613/6199/2067 2609/6200/2067 2607/6201/2067
f 2613/6202/2068 2607/6203/2068 2612/6204/2068
f 2325/6205/2069 2324/6206/2069 2609/6207/2069
f 2325/6208/2070 2609/6209/2070 2613/6210/2070
f 2614/6211/2071 2611/6212/2071 2322/6213/2071
f 2614/6214/2072 2322/6215/2072 2394/6216/2072
f 2615/6217/2073 2612/6218/2073 2611/6219/2073
f 2615/6220/2074 2611/6221/2074 2614/6222/2074
f 2616/6223/2075 2613/6224/2075 2612/6225/2075
f 2616/6226/2076 2612/6227/2076 2615/6228/2076
f 2395/6229/2077 2325/6230/2077 2613/6231/2077
f 2395/6232/2078 2613/6233/2078 2616/6234/2078
f 2617/6235/2079 2614/6236/2079 2394/6237/2079
f 2617/6238/2080 2394/6239/2080 2451/6240/2080
f 2618/6241/2081 2615/6242/2081 2614/6243/2081
f 2618/6244/2082 2614/6245/2082 2617/6246/2082
f 2619/6247/2083 2616/6248/2083 2615/6249/2083
f 2619/6250/2084 2615/6251/2084 2618/6252/2084
f 2458/6253/2085 2395/6254/2085 2616/6255/2085
f 2458/6256/2086 2616/6257/2086 2619/6258/2086
f 2620/6259/2087 2621/6260/2087 2429/6261/2087
f 2620/6262/2088 2429/6263/2088 2428/6264/2088
f 2622/6265/2089 2623/6266/2089 2621/6267/2089
f 2622/6268/2090 2621/6269/2090 2620/6270/2090
f 2624/6271/2091 2625/6272/2091 2623/6273/2091
f 2624/6274/2092 2623/6275/2092 2622/6276/2092
f 2441/6277/2093 2440/6278/2093 2625/6279/2093
f 2441/6280/2094 2625/6281/2094 2624/6282/2094
f 2626/6283/2095 2627/6284/2095 2455/6285/2095
f 2626/6286/2096 2455/6287/2096 2454/6288/2096
f 2628/6289/2097 2629/6290/2097 2627/6291/2097
f 2628/6292/2098 2627/6293/2098 2626/6294/2098
f 2630/6295/2099 2631/6296/2099 2629/6297/2099
f 2630/6298/2100 2629/6299/2100 2628/6300/2100
f 2463/6301/2101 2462/6302/2101 2631/6303/2101
f 2463/6304/2102 2631/6305/2102 2630/6306/2102
f 2632/6307/2103 2633/6308/2103 2634/6309/2103
f 2632/6310/2104 2634/6311/2104 2635/6312/2104
f 2636/6313/2105 2637/6314/2105 2638/6315/2105
f 2636/6316/2106 2638/6317/2106 2639/6318/2106
f 2640/6319/2107 2641/6320/2107 2642/6321/2107
f 2640/6322/2108 2642/6323/2108 2643/6324/2108
f 2644/6325/2109 2645/6326/2109 2646/6327/2109
f 2644/6328/2110 2646/6329/2110 2647/6330/2110
f 2648/6331/2111 2649/6332/2111 2650/6333/2111
f 2648/6334/2112 2650/6335/2112 2651/6336/2112
f 2652/6337/2113 2653/6338/2113 2654/6339/2113
f 2652/6340/2114 2654/6341/2114 2655/6342/2114
f 2656/6343/2115 2657/6344/2115 2658/6345/2115
f 2656/6346/2116 2658/6347/2116 2659/6348/2116
f 2660/6349/2117 2661/6350/2117 2662/6351/2117
f 2660/6352/2118 2662/6353/2118 2663/6354/2118
f 2664/6355/2119 2665/6356/2119 2666/6357/2119
f 2664/6358/2120 2666/6359/2120 2667/6360/2120
f 2668/6361/2121 2669/6362/2121 2670/6363/2121
f 2668/6364/2122 2670/6365/2122 2671/6366/2122
f 2510/6367/2123 2672/6368/2123 2673/6369/2123
f 2510/6370/2124 2673/6371/2124 2367/6372/2124
f 2674/6373/2125 2675/6374/2125 2676/6375/2125
f 2674/6376/2126 2676/6377/2126 2677/6378/2126
f 2485/6379/2127 2678/6380/2127 2679/6381/2127
f 2485/6382/2128 2679/6383/2128 2482/6384/2128
f 2638/6385/2129 2680/6386/2129 2681/6387/2129
f 2638/6388/2130 2681/6389/2130 2639/6390/2130
f 2682/6391/2131 2683/6392/2131 2684/6393/2131
f 2682/6394/2132 2684/6395/2132 2685/6396/2132
f 2644/6397/2133 2686/6398/2133 2687/6399/2133
f 2644/6400/2134 2687/6401/2134 2645/6402/2134
f 2688/6403/2135 2689/6404/2135 2690/6405/2135
f 2688/6406/2136 2690/6407/2136 2691/6408/2136
f 2692/6409/2137 2693/6410/2137 2694/6411/2137
f 2692/6412/2138 2694/6413/2138 2695/6414/2138
f 2696/6415/2139 2697/6416/2139 2698/6417/2139
f 2696/6418/2140 2698/6419/2140 2699/6420/2140
f 2700/6421/2141 2701/6422/2141 2702/6423/2141
f 2700/6424/2142 2702/6425/2142 2703/6426/2142
f 2704/6427/2143 2705/6428/2143 2706/6429/2143
f 2704/6430/2144 2706/6431/2144 2707/6432/2144
f 2708/6433/2145 2709/6434/2145 2710/6435/2145
f 2708/6436/2146 2710/6437/2146 2711/6438/2146
f 2712/6439/2147 2713/6440/2147 2714/6441/2147
f 2712/6442/2148 2714/6443/2148 2715/6444/2148
f 2716/6445/2149 2717/6446/2149 2718/6447/2149
f 2716/6448/2150 2718/6449/2150 2719/6450/2150
f 2375/6451/2151 2720/6452/2151 2721/6453/2151
f 2375/6454/2152 2721/6455/2152 2372/6456/2152
f 2722/6457/2153 2723/6458/2153 2724/6459/2153
f 2722/6460/2154 2724/6461/2154 2725/6462/2154
f 2726/6463/2155 2727/6464/2155 2728/6465/2155
f 2726/6466/2156 2728/6467/2156 2729/6468/2156
f 2730/6469/2157 2731/6470/2157 2732/6471/2157
f 2730/6472/2158 2732/6473/2158 2733/6474/2158
f 2339/6475/2159 2734/6476/2159 2735/6477/2159
f 2339/6478/2160 2735/6479/2160 2340/6480/2160
f 2702/6481/2161 2736/6482/2161 2737/6483/2161
f 2702/6484/2162 2737/6485/2162 2703/6486/2162
f 2738/6487/2163 2739/6488/2163 2740/6489/2163
f 2738/6490/2164 2740/6491/2164 2741/6492/2164
f 2692/6493/2165 2742/6494/2165 2743/6495/2165
f 2692/6496/2166 2743/6497/2166 2693/6498/2166
f 2744/6499/2167 2745/6500/2167 2746/6501/2167
f 2744/6502/2168 2746/6503/2168 2747/6504/2168
f 2748/6505/2169 2749/6506/2169 2750/6507/2169
f 2748/6508/2170 2750/6509/2170 2751/6510/2170
f 2752/6511/2171 2753/6512/2171 2754/6513/2171
f 2752/6514/2172 2754/6515/2172 2755/6516/2172
f 2756/6517/2173 2757/6518/2173 2758/6519/2173
f 2756/6520/2174 2758/6521/2174 2759/6522/2174
f 2760/6523/2175 2761/6524/2175 2762/6525/2175
f 2760/6526/2176 2762/6527/2176 2763/6528/2176
f 2764/6529/2177 2765/6530/2177 2766/6531/2177
f 2764/6532/2178 2766/6533/2178 2767/6534/2178
f 2301/6535/2179 2768/6536/2179 2769/6537/2179
f 2301/6538/2180 2769/6539/2180 2770/6540/2180
f 2771/6541/2181 2772/6542/2181 2773/6543/2181
f 2771/6544/2182 2773/6545/2182 2774/6546/2182
f 2775/6547/2183 2776/6548/2183 2777/6549/2183
f 2775/6550/2184 2777/6551/2184 2778/6552/2184
f 2774/6553/2185 2779/6554/2185 2780/6555/2185
f 2774/6556/2186 2780/6557/2186 2771/6558/2186
f 2781/6559/2187 2782/6560/2187 2783/6561/2187
f 2781/6562/2188 2783/6563/2188 2784/6564/2188
f 2785/6565/2189 2786/6566/2189 2787/6567/2189
f 2785/6568/2190 2787/6569/2190 2788/6570/2190
f 2789/6571/2191 2790/6572/2191 2791/6573/2191
f 2789/6574/2192 2791/6575/2192 2792/6576/2192
f 2751/6577/2193 2793/6578/2193 2794/6579/2193
f 2751/6580/2194 2794/6581/2194 2748/6582/2194
f 2795/6583/2195 2796/6584/2195 2797/6585/2195
f 2795/6586/2196 2797/6587/2196 2798/6588/2196
f 2799/6589/2197 2800/6590/2197 2801/6591/2197
f 2799/6592/2198 2801/6593/2198 2802/6594/2198
f 2803/6595/2199 2804/6596/2199 2805/6597/2199
f 2803/6598/2200 2805/6599/2200 2806/6600/2200
f 2807/6601/2201 2808/6602/2201 2809/6603/2201
f 2807/6604/2202 2809/6605/2202 2810/6606/2202
f 2811/6607/2203 2812/6608/2203 2813/6609/2203
f 2811/6610/2204 2813/6611/2204 2814/6612/2204
f 2815/6613/2205 2816/6614/2205 2817/6615/2205
f 2815/6616/2206 2817/6617/2206 2818/6618/2206
f 2819/6619/2207 2820/6620/2207 2821/6621/2207
f 2819/6622/2208 2821/6623/2208 2822/6624/2208
f 2823/6625/2209 2824/6626/2209 2825/6627/2209
f 2823/6628/2210 2825/6629/2210 2826/6630/2210
f 2827/6631/2211 2828/6632/2211 2829/6633/2211
f 2827/6634/2212 2829/6635/2212 2830/6636/2212
f 2831/6637/2213 2832/6638/2213 2833/6639/2213
f 2831/6640/2214 2833/6641/2214 2834/6642/2214
f 2835/6643/2215 2836/6644/2215 2837/6645/2215
f 2835/6646/2216 2837/6647/2216 2838/6648/2216
f 2839/6649/2217 2840/6650/2217 2749/6651/2217
f 2839/6652/2218 2749/6653/2218 2748/6654/2218
f 2841/6655/2219 2842/6656/2219 2843/6657/2219
f 2841/6658/2220 2843/6659/2220 2844/6660/2220
f 2845/6661/2221 2846/6662/2221 2745/6663/2221
f 2845/6664/2222 2745/6665/2222 2744/6666/2222
f 2847/6667/2223 2848/6668/2223 2827/6669/2223
f 2847/6670/2224 2827/6671/2224 2830/6672/2224
f 2849/6673/2225 2850/6674/2225 2851/6675/2225
f 2849/6676/2226 2851/6677/2226 2852/6678/2226
f 2853/6679/2227 2854/6680/2227 2825/6681/2227
f 2853/6682/2228 2825/6683/2228 2824/6684/2228
f 2855/6685/2229 2856/6686/2229 2857/6687/2229
f 2855/6688/2230 2857/6689/2230 2858/6690/2230
f 2859/6691/2231 2860/6692/2231 2772/6693/2231
f 2859/6694/2232 2772/6695/2232 2771/6696/2232
f 2861/6697/2233 2862/6698/2233 2863/6699/2233
f 2861/6700/2234 2863/6701/2234 2864/6702/2234
f 2865/6703/2235 2866/6704/2235 2867/6705/2235
f 2865/6706/2236 2867/6707/2236 2868/6708/2236
f 2869/6709/2237 2870/6710/2237 2871/6711/2237
f 2869/6712/2238 2871/6713/2238 2872/6714/2238
f 2873/6715/2239 2874/6716/2239 2411/6717/2239
f 2873/6718/2240 2411/6719/2240 2410/6720/2240
f 2875/6721/2241 2876/6722/2241 2861/6723/2241
f 2875/6724/2242 2861/6725/2242 2864/6726/2242
f 2877/6727/2243 2878/6728/2243 2879/6729/2243
f 2877/6730/2244 2879/6731/2244 2880/6732/2244
f 2881/6733/2245 2882/6734/2245 2883/6735/2245
f 2881/6736/2246 2883/6737/2246 2884/6738/2246
f 2885/6739/2247 2886/6740/2247 2887/6741/2247
f 2885/6742/2248 2887/6743/2248 2888/6744/2248
f 2889/6745/2249 2890/6746/2249 2891/6747/2249
f 2889/6748/2250 2891/6749/2250 2892/6750/2250
f 2893/6751/2251 2894/6752/2251 2895/6753/2251
f 2893/6754/2252 2895/6755/2252 2896/6756/2252
f 2897/6757/2253 2898/6758/2253 2899/6759/2253
f 2897/6760/2254 2899/6761/2254 2900/6762/2254
f 2898/6763/2255 2901/6764/2255 2902/6765/2255
f 2898/6766/2256 2902/6767/2256 2899/6768/2256
f 2901/6769/2257 2903/6770/2257 2904/6771/2257
f 2901/6772/2258 2904/6773/2258 2902/6774/2258
f 2903/6775/2259 2905/6776/2259 2906/6777/2259
f 2903/6778/2260 2906/6779/2260 2904/6780/2260
f 2905/6781/2261 2907/6782/2261 2908/6783/2261
f 2905/6784/2262 2908/6785/2262 2906/6786/2262
f 2907/6787/2263 2909/6788/2263 2910/6789/2263
f 2907/6790/2264 2910/6791/2264 2908/6792/2264
f 2911/6793/2265 2912/6794/2265 2913/6795/2265
f 2911/6796/2266 2913/6797/2266 2914/6798/2266
f 2915/6799/2267 2916/6800/2267 2917/6801/2267
f 2915/6802/2268 2917/6803/2268 2918/6804/2268
f 2919/6805/2269 2920/6806/2269 2921/6807/2269
f 2919/6808/2270 2921/6809/2270 2922/6810/2270
f 2920/6811/2271 2923/6812/2271 2924/6813/2271
f 2920/6814/2272 2924/6815/2272 2921/6816/2272
f 2925/6817/2273 2926/6818/2273 2927/6819/2273
f 2925/6820/2274 2927/6821/2274 2928/6822/2274
f 2926/6823/2275 2929/6824/2275 2930/6825/2275
f 2926/6826/2276 2930/6827/2276 2927/6828/2276
f 2929/6829/2277 2931/6830/2277 2932/6831/2277
f 2929/6832/2278 2932/6833/2278 2930/6834/2278
f 2931/6835/2279 2933/6836/2279 2934/6837/2279
f 2931/6838/2280 2934/6839/2280 2932/6840/2280
f 2933/6841/2281 2935/6842/2281 2936/6843/2281
f 2933/6844/2282 2936/6845/2282 2934/6846/2282
f 2935/6847/2283 2937/6848/2283 2938/6849/2283
f 2935/6850/2284 2938/6851/2284 2936/6852/2284
f 2937/6853/2285 2939/6854/2285 2940/6855/2285
f 2937/6856/2286 2940/6857/2286 2938/6858/2286
f 2939/6859/2287 2794/6860/2287 2793/6861/2287
f 2939/6862/2288 2793/6863/2288 2940/6864/2288
f 2941/6865/2289 2942/6866/2289 2943/6867/2289
f 2941/6868/2290 2943/6869/2290 2944/6870/2290
f 2942/6871/2291 2945/6872/2291 2946/6873/2291
f 2942/6874/2292 2946/6875/2292 2943/6876/2292
f 2945/6877/2293 2947/6878/2293 2948/6879/2293
f 2945/6880/2294 2948/6881/2294 2946/6882/2294
f 2947/6883/2295 2949/6884/2295 2950/6885/2295
f 2947/6886/2296 2950/6887/2296 2948/6888/2296
f 2949/6889/2297 2951/6890/2297 2952/6891/2297
f 2949/6892/2298 2952/6893/2298 2950/6894/2298
f 2951/6895/2299 2953/6896/2299 2954/6897/2299
f 2951/6898/2300 2954/6899/2300 2952/6900/2300
f 2953/6901/2301 2955/6902/2301 2956/6903/2301
f 2953/6904/2302 2956/6905/2302 2954/6906/2302
f 2955/6907/2303 2957/6908/2303 2958/6909/2303
f 2955/6910/2304 2958/6911/2304 2956/6912/2304
f 2957/6913/2305 2959/6914/2305 2960/6915/2305
f 2957/6916/2306 2960/6917/2306 2958/6918/2306
f 2961/6919/2307 2962/6920/2307 2963/6921/2307
f 2961/6922/2308 2963/6923/2308 2964/6924/2308
f 2965/6925/2309 2966/6926/2309 2967/6927/2309
f 2965/6928/2310 2967/6929/2310 2968/6930/2310
f 2966/6931/2311 2969/6932/2311 2970/6933/2311
f 2966/6934/2312 2970/6935/2312 2967/6936/2312
f 2969/6937/2313 2971/6938/2313 2972/6939/2313
f 2969/6940/2314 2972/6941/2314 2970/6942/2314
f 2971/6943/2315 2973/6944/2315 2974/6945/2315
f 2971/6946/2316 2974/6947/2316 2972/6948/2316
f 2973/6949/2317 2975/6950/2317 2976/6951/2317
f 2973/6952/2318 2976/6953/2318 2974/6954/2318
f 2975/6955/2319 2977/6956/2319 2978/6957/2319
f 2975/6958/2320 2978/6959/2320 2976/6960/2320
f 2977/6961/2321 2979/6962/2321 2980/6963/2321
f 2977/6964/2322 2980/6965/2322 2978/6966/2322
f 2979/6967/2323 2801/6968/2323 2800/6969/2323
f 2979/6970/2324 2800/6971/2324 2980/6972/2324
f 2981/6973/2325 2982/6974/2325 2963/6975/2325
f 2981/6976/2326 2963/6977/2326 2983/6978/2326
f 2984/6979/2327 2985/6980/2327 2923/6981/2327
f 2984/6982/2328 2923/6983/2328 2920/6984/2328
f 2986/6985/2329 2987/6986/2329 2988/6987/2329
f 2986/6988/2330 2988/6989/2330 2989/6990/2330
f 2990/6991/2331 2991/6992/2331 2980/6993/2331
f 2990/6994/2332 2980/6995/2332 2800/6996/2332
f 2992/6997/2333 2993/6998/2333 2994/6999/2333
f 2992/7000/2334 2994/7001/2334 2995/7002/2334
f 2996/7003/2335 2997/7004/2335 2794/7005/2335
f 2996/7006/2336 2794/7007/2336 2939/7008/2336
f 2998/7009/2337 2999/7010/2337 2910/7011/2337
f 2998/7012/2338 2910/7013/2338 2909/7014/2338
f 3000/7015/2339 3001/7016/2339 3002/7017/2339
f 3000/7018/2340 3002/7019/2340 3003/7020/2340
f 3004/7021/2341 3005/7022/2341 3006/7023/2341
f 3004/7024/2342 3006/7025/2342 3007/7026/2342
f 3008/7027/2343 3009/7028/2343 3010/7029/2343
f 3008/7030/2344 3010/7031/2344 3011/7032/2344
f 3012/7033/2345 3013/7034/2345 3014/7035/2345
f 3012/7036/2346 3014/7037/2346 3015/7038/2346
f 3016/7039/2347 3017/7040/2347 2914/7041/2347
f 3016/7042/2348 2914/7043/2348 2913/7044/2348
f 3018/7045/2349 3019/7046/2349 3008/7047/2349
f 3018/7048/2350 3008/7049/2350 3011/7050/2350
f 3020/7051/2351 3021/7052/2351 3022/7053/2351
f 3020/7054/2352 3022/7055/2352 3023/7056/2352
f 3024/7057/2353 3025/7058/2353 3026/7059/2353
f 3024/7060/2354 3026/7061/2354 3027/7062/2354
f 3028/7063/2355 3029/7064/2355 2912/7065/2355
f 3028/7066/2356 2912/7067/2356 2911/7068/2356
f 3030/7069/2357 3031/7070/2357 3032/7071/2357
f 3030/7072/2358 3032/7073/2358 3033/7074/2358
f 3034/7075/2359 3035/7076/2359 3036/7077/2359
f 3034/7078/2360 3036/7079/2360 3037/7080/2360
f 3038/7081/2361 3039/7082/2361 3010/7083/2361
f 3038/7084/2362 3010/7085/2362 3009/7086/2362
f 3040/7087/2363 3041/7088/2363 3042/7089/2363
f 3040/7090/2364 3042/7091/2364 3043/7092/2364
f 3044/7093/2365 3045/7094/2365 3046/7095/2365
f 3044/7096/2366 3046/7097/2366 3047/7098/2366
f 3048/7099/2367 3049/7100/2367 3050/7101/2367
f 3048/7102/2368 3050/7103/2368 3051/7104/2368
f 3052/7105/2369 3053/7106/2369 3054/7107/2369
f 3052/7108/2370 3054/7109/2370 3055/7110/2370
f 3056/7111/2371 3057/7112/2371 3058/7113/2371
f 3056/7114/2372 3058/7115/2372 3059/7116/2372
f 3060/7117/2373 3061/7118/2373 3062/7119/2373
f 3060/7120/2374 3062/7121/2374 3063/7122/2374
f 3064/7123/2375 3065/7124/2375 3066/7125/2375
f 3064/7126/2376 3066/7127/2376 3067/7128/2376
f 3068/7129/2377 3069/7130/2377 3070/7131/2377
f 3068/7132/2378 3070/7133/2378 3071/7134/2378
f 3072/7135/2379 3073/7136/2379 3074/7137/2379
f 3072/7138/2380 3074/7139/2380 3075/7140/2380
f 3076/7141/2381 3077/7142/2381 3078/7143/2381
f 3076/7144/2382 3078/7145/2382 3079/7146/2382
f 3077/7147/2383 3080/7148/2383 3081/7149/2383
f 3077/7150/2384 3081/7151/2384 3078/7152/2384
f 3080/7153/2385 3082/7154/2385 3083/7155/2385
f 3080/7156/2386 3083/7157/2386 3081/7158/2386
f 3082/7159/2387 3084/7160/2387 3085/7161/2387
f 3082/7162/2388 3085/7163/2388 3083/7164/2388
f 3084/7165/2389 3086/7166/2389 3087/7167/2389
f 3084/7168/2390 3087/7169/2390 3085/7170/2390
f 3086/7171/2391 3088/7172/2391 3089/7173/2391
f 3086/7174/2392 3089/7175/2392 3087/7176/2392
f 3090/7177/2393 3091/7178/2393 3092/7179/2393
f 3090/7180/2394 3092/7181/2394 3093/7182/2394
f 3094/7183/2395 3095/7184/2395 3096/7185/2395
f 3094/7186/2396 3096/7187/2396 3097/7188/2396
f 3095/7189/2397 3098/7190/2397 3099/7191/2397
f 3095/7192/2398 3099/7193/2398 3096/7194/2398
f 3100/7195/2399 3101/7196/2399 3102/7197/2399
f 3100/7198/2400 3102/7199/2400 3103/7200/2400
f 3101/7201/2401 3104/7202/2401 3105/7203/2401
f 3101/7204/2402 3105/7205/2402 3102/7206/2402
f 3104/7207/2403 3106/7208/2403 3107/7209/2403
f 3104/7210/2404 3107/7211/2404 3105/7212/2404
f 3106/7213/2405 3108/7214/2405 3109/7215/2405
f 3106/7216/2406 3109/7217/2406 3107/7218/2406
f 3108/7219/2407 3110/7220/2407 3111/7221/2407
f 3108/7222/2408 3111/7223/2408 3109/7224/2408
f 3110/7225/2409 3112/7226/2409 3113/7227/2409
f 3110/7228/2410 3113/7229/2410 3111/7230/2410
f 3114/7231/2411 2809/7232/2411 2808/7233/2411
f 3114/7234/2412 2808/7235/2412 3115/7236/2412
f 3116/7237/2413 3117/7238/2413 3118/7239/2413
f 3116/7240/2414 3118/7241/2414 3119/7242/2414
f 3117/7243/2415 3120/7244/2415 3121/7245/2415
f 3117/7246/2416 3121/7247/2416 3118/7248/2416
f 3120/7249/2417 3122/7250/2417 3123/7251/2417
f 3120/7252/2418 3123/7253/2418 3121/7254/2418
f 3122/7255/2419 3124/7256/2419 3125/7257/2419
f 3122/7258/2420 3125/7259/2420 3123/7260/2420
f 3124/7261/2421 3126/7262/2421 3127/7263/2421
f 3124/7264/2422 3127/7265/2422 3125/7266/2422
f 3126/7267/2423 3128/7268/2423 3129/7269/2423
f 3126/7270/2424 3129/7271/2424 3127/7272/2424
f 3128/7273/2425 3130/7274/2425 3131/7275/2425
f 3128/7276/2426 3131/7277/2426 3129/7278/2426
f 3130/7279/2427 3132/7280/2427 3133/7281/2427
f 3130/7282/2428 3133/7283/2428 3131/7284/2428
f 3132/7285/2429 3134/7286/2429 3135/7287/2429
f 3132/7288/2430 3135/7289/2430 3133/7290/2430
f 3134/7291/2431 3136/7292/2431 3137/7293/2431
f 3134/7294/2432 3137/7295/2432 3135/7296/2432
f 3136/7297/2433 2813/7298/2433 2812/7299/2433
f 3136/7300/2434 2812/7301/2434 3137/7302/2434
f 3138/7303/2435 3139/7304/2435 3140/7305/2435
f 3138/7306/2436 3140/7307/2436 3141/7308/2436
f 3139/7309/2437 3142/7310/2437 3143/7311/2437
f 3139/7312/2438 3143/7313/2438 3140/7314/2438
f 3144/7315/2439 3145/7316/2439 3146/7317/2439
f 3144/7318/2440 3146/7319/2440 3147/7320/2440
f 3145/7321/2441 3148/7322/2441 3149/7323/2441
f 3145/7324/2442 3149/7325/2442 3146/7326/2442
f 3148/7327/2443 3150/7328/2443 3151/7329/2443
f 3148/7330/2444 3151/7331/2444 3149/7332/2444
f 3150/7333/2445 3152/7334/2445 3153/7335/2445
f 3150/7336/2446 3153/7337/2446 3151/7338/2446
f 3152/7339/2447 3154/7340/2447 3155/7341/2447
f 3152/7342/2448 3155/7343/2448 3153/7344/2448
f 3154/7345/2449 3156/7346/2449 3157/7347/2449
f 3154/7348/2450 3157/7349/2450 3155/7350/2450
f 3158/7351/2451 2817/7352/2451 2816/7353/2451
f 3158/7354/2452 2816/7355/2452 3159/7356/2452
f 3160/7357/2453 3161/7358/2453 3159/7359/2453
f 3160/7360/2454 3159/7361/2454 2816/7362/2454
f 3162/7363/2455 3163/7364/2455 3164/7365/2455
f 3162/7366/2456 3164/7367/2456 3165/7368/2456
f 3166/7369/2457 3167/7370/2457 2809/7371/2457
f 3166/7372/2458 2809/7373/2458 3114/7374/2458
f 3168/7375/2459 3169/7376/2459 3170/7377/2459
f 3168/7378/2460 3170/7379/2460 3171/7380/2460
f 3172/7381/2461 3173/7382/2461 3174/7383/2461
f 3172/7384/2462 3174/7385/2462 3175/7386/2462
f 3176/7387/2463 3177/7388/2463 3178/7389/2463
f 3176/7390/2464 3178/7391/2464 3179/7392/2464
f 3180/7393/2465 3181/7394/2465 3182/7395/2465
f 3180/7396/2466 3182/7397/2466 3183/7398/2466
f 3184/7399/2467 3185/7400/2467 3186/7401/2467
f 3184/7402/2468 3186/7403/2468 3187/7404/2468
f 3188/7405/2469 3189/7406/2469 3169/7407/2469
f 3188/7408/2470 3169/7409/2470 3168/7410/2470
f 3190/7411/2471 3191/7412/2471 3184/7413/2471
f 3190/7414/2472 3184/7415/2472 3187/7416/2472
f 3192/7417/2473 3193/7418/2473 3194/7419/2473
f 3192/7420/2474 3194/7421/2474 3195/7422/2474
f 3196/7423/2475 3197/7424/2475 3178/7425/2475
f 3196/7426/2476 3178/7427/2476 3177/7428/2476
f 3198/7429/2477 3199/7430/2477 3005/7431/2477
f 3198/7432/2478 3005/7433/2478 3004/7434/2478
f 3200/7435/2479 3201/7436/2479 3202/7437/2479
f 3200/7438/2480 3202/7439/2480 3203/7440/2480
f 3204/7441/2481 3205/7442/2481 3032/7443/2481
f 3204/7444/2482 3032/7445/2482 3031/7446/2482
f 3206/7447/2483 3200/7448/2483 3203/7449/2483
f 3206/7450/2484 3203/7451/2484 3207/7452/2484
f 3205/7453/2485 3208/7454/2485 3027/7455/2485
f 3205/7456/2486 3027/7457/2486 3032/7458/2486
f 3209/7459/2487 3210/7460/2487 3013/7461/2487
f 3209/7462/2488 3013/7463/2488 3012/7464/2488
f 3208/7465/2489 3211/7466/2489 3024/7467/2489
f 3208/7468/2490 3024/7469/2490 3027/7470/2490
f 3212/7471/2491 3206/7472/2491 3207/7473/2491
f 3212/7474/2492 3207/7475/2492 3213/7476/2492
f 3214/7477/2493 3215/7478/2493 2912/7479/2493
f 3214/7480/2494 2912/7481/2494 3029/7482/2494
f 3216/7483/2495 3217/7484/2495 3198/7485/2495
f 3216/7486/2496 3198/7487/2496 3004/7488/2496
f 3218/7489/2497 3219/7490/2497 3220/7491/2497
f 3218/7492/2498 3220/7493/2498 3221/7494/2498
f 3215/7495/2499 3222/7496/2499 2913/7497/2499
f 3215/7498/2500 2913/7499/2500 2912/7500/2500
f 3223/7501/2501 3218/7502/2501 3221/7503/2501
f 3223/7504/2502 3221/7505/2502 3224/7506/2502
f 3222/7507/2503 3225/7508/2503 3016/7509/2503
f 3222/7510/2504 3016/7511/2504 2913/7512/2504
f 3226/7513/2505 3223/7514/2505 3224/7515/2505
f 3226/7516/2506 3224/7517/2506 3227/7518/2506
f 3228/7519/2507 3229/7520/2507 3013/7521/2507
f 3228/7522/2508 3013/7523/2508 3210/7524/2508
f 3230/7525/2509 3231/7526/2509 3232/7527/2509
f 3230/7528/2510 3232/7529/2510 3233/7530/2510
f 3231/7531/2511 3230/7532/2511 2333/7533/2511
f 3231/7534/2512 2333/7535/2512 2332/7536/2512
f 3234/7537/2513 3235/7538/2513 2343/7539/2513
f 3234/7540/2514 2343/7541/2514 2342/7542/2514
f 3235/7543/2515 3234/7544/2515 3236/7545/2515
f 3235/7546/2516 3236/7547/2516 3237/7548/2516
f 3238/7549/2517 2884/7550/2517 2883/7551/2517
f 3238/7552/2518 2883/7553/2518 3239/7554/2518
f 3032/7555/2519 3027/7556/2519 3026/7557/2519
f 3032/7558/2520 3026/7559/2520 3033/7560/2520
f 3240/7561/2521 3241/7562/2521 3242/7563/2521
f 3240/7564/2522 3242/7565/2522 3243/7566/2522
f 3244/7567/2523 3245/7568/2523 3246/7569/2523
f 3244/7570/2524 3246/7571/2524 3247/7572/2524
f 3248/7573/2525 3249/7574/2525 3250/7575/2525
f 3248/7576/2526 3250/7577/2526 3251/7578/2526
f 3252/7579/2527 3253/7580/2527 2896/7581/2527
f 3252/7582/2528 2896/7583/2528 2895/7584/2528
f 3254/7585/2529 3255/7586/2529 3244/7587/2529
f 3254/7588/2530 3244/7589/2530 3247/7590/2530
f 3256/7591/2531 3257/7592/2531 3258/7593/2531
f 3256/7594/2532 3258/7595/2532 3259/7596/2532
f 3260/7597/2533 3261/7598/2533 3262/7599/2533
f 3260/7600/2534 3262/7601/2534 3263/7602/2534
f 3264/7603/2535 3265/7604/2535 2894/7605/2535
f 3264/7606/2536 2894/7607/2536 2893/7608/2536
f 3266/7609/2537 3267/7610/2537 3246/7611/2537
f 3266/7612/2538 3246/7613/2538 3245/7614/2538
f 3268/7615/2539 3269/7616/2539 3270/7617/2539
f 3268/7618/2540 3270/7619/2540 3271/7620/2540
f 3272/7621/2541 3273/7622/2541 2981/7623/2541
f 3272/7624/2542 2981/7625/2542 2983/7626/2542
f 3274/7627/2543 3275/7628/2543 2923/7629/2543
f 3274/7630/2544 2923/7631/2544 2985/7632/2544
f 3276/7633/2545 3277/7634/2545 3274/7635/2545
f 3276/7636/2546 3274/7637/2546 2985/7638/2546
f 3278/7639/2547 3279/7640/2547 3280/7641/2547
f 3278/7642/2548 3280/7643/2548 3281/7644/2548
f 3282/7645/2549 3283/7646/2549 2981/7647/2549
f 3282/7648/2550 2981/7649/2550 3273/7650/2550
f 3284/7651/2551 3285/7652/2551 3140/7653/2551
f 3284/7654/2552 3140/7655/2552 3143/7656/2552
f 3286/7657/2553 3287/7658/2553 3098/7659/2553
f 3286/7660/2554 3098/7661/2554 3095/7662/2554
f 3288/7663/2555 3289/7664/2555 3290/7665/2555
f 3288/7666/2556 3290/7667/2556 3291/7668/2556
f 3292/7669/2557 3293/7670/2557 3294/7671/2557
f 3292/7672/2558 3294/7673/2558 3295/7674/2558
f 3296/7675/2559 3297/7676/2559 3284/7677/2559
f 3296/7678/2560 3284/7679/2560 3143/7680/2560
f 3298/7681/2561 3299/7682/2561 3098/7683/2561
f 3298/7684/2562 3098/7685/2562 3287/7686/2562
f 3300/7687/2563 3301/7688/2563 3298/7689/2563
f 3300/7690/2564 3298/7691/2564 3287/7692/2564
f 3302/7693/2565 3303/7694/2565 3304/7695/2565
f 3302/7696/2566 3304/7697/2566 3305/7698/2566
f 3306/7699/2567 3307/7700/2567 3284/7701/2567
f 3306/7702/2568 3284/7703/2568 3297/7704/2568
f 3308/7705/2569 3309/7706/2569 3241/7707/2569
f 3308/7708/2570 3241/7709/2570 3240/7710/2570
f 3310/7711/2571 3311/7712/2571 3266/7713/2571
f 3310/7714/2572 3266/7715/2572 3245/7716/2572
f 3312/7717/2573 3313/7718/2573 3314/7719/2573
f 3312/7720/2574 3314/7721/2574 3315/7722/2574
f 3316/7723/2575 3310/7724/2575 3245/7725/2575
f 3316/7726/2576 3245/7727/2576 3244/7728/2576
f 3313/7729/2577 3317/7730/2577 3318/7731/2577
f 3313/7732/2578 3318/7733/2578 3314/7734/2578
f 3319/7735/2579 3320/7736/2579 3249/7737/2579
f 3319/7738/2580 3249/7739/2580 3248/7740/2580
f 3317/7741/2581 3321/7742/2581 3322/7743/2581
f 3317/7744/2582 3322/7745/2582 3318/7746/2582
f 3323/7747/2583 3316/7748/2583 3244/7749/2583
f 3323/7750/2584 3244/7751/2584 3255/7752/2584
f 3324/7753/2585 3325/7754/2585 2896/7755/2585
f 3324/7756/2586 2896/7757/2586 3253/7758/2586
f 3326/7759/2587 3327/7760/2587 3319/7761/2587
f 3326/7762/2588 3319/7763/2588 3248/7764/2588
f 3328/7765/2589 3329/7766/2589 3330/7767/2589
f 3328/7768/2590 3330/7769/2590 3331/7770/2590
f 3332/7771/2591 3333/7772/2591 3264/7773/2591
f 3332/7774/2592 3264/7775/2592 2893/7776/2592
f 3334/7777/2593 3335/7778/2593 3336/7779/2593
f 3334/7780/2594 3336/7781/2594 3337/7782/2594
f 3338/7783/2595 3339/7784/2595 3241/7785/2595
f 3338/7786/2596 3241/7787/2596 3309/7788/2596
f 3325/7789/2597 3332/7790/2597 2893/7791/2597
f 3325/7792/2598 2893/7793/2598 2896/7794/2598
f 3335/7795/2599 3328/7796/2599 3331/7797/2599
f 3335/7798/2600 3331/7799/2600 3336/7800/2600
f 3340/7801/2601 3341/7802/2601 3342/7803/2601
f 3340/7804/2602 3342/7805/2602 3343/7806/2602
f 3344/7807/2603 3345/7808/2603 3346/7809/2603
f 3344/7810/2604 3346/7811/2604 3347/7812/2604
f 3348/7813/2605 2754/7814/2605 2753/7815/2605
f 3348/7816/2606 2753/7817/2606 3349/7818/2606
f 3350/7819/2607 3351/7820/2607 3352/7821/2607
f 3350/7822/2608 3352/7823/2608 3353/7824/2608
f 3351/7825/2609 3354/7826/2609 3355/7827/2609
f 3351/7828/2610 3355/7829/2610 3352/7830/2610
f 3354/7831/2611 2758/7832/2611 2757/7833/2611
f 3354/7834/2612 2757/7835/2612 3355/7836/2612
f 3356/7837/2613 3357/7838/2613 3358/7839/2613
f 3356/7840/2614 3358/7841/2614 3359/7842/2614
f 3357/7843/2615 3360/7844/2615 3361/7845/2615
f 3357/7846/2616 3361/7847/2616 3358/7848/2616
f 3360/7849/2617 2762/7850/2617 2761/7851/2617
f 3360/7852/2618 2761/7853/2618 3361/7854/2618
f 3362/7855/2619 3363/7856/2619 3364/7857/2619
f 3362/7858/2620 3364/7859/2620 3365/7860/2620
f 3363/7861/2621 3366/7862/2621 3367/7863/2621
f 3363/7864/2622 3367/7865/2622 3364/7866/2622
f 3366/7867/2623 2766/7868/2623 2765/7869/2623
f 3366/7870/2624 2765/7871/2624 3367/7872/2624
f 3368/7873/2625 3369/7874/2625 3370/7875/2625
f 3368/7876/2626 3370/7877/2626 3371/7878/2626
f 3372/7879/2627 3373/7880/2627 3374/7881/2627
f 3372/7882/2628 3374/7883/2628 3375/7884/2628
f 3376/7885/2629 3377/7886/2629 3378/7887/2629
f 3376/7888/2630 3378/7889/2630 3379/7890/2630
f 3380/7891/2631 3381/7892/2631 3382/7893/2631
f 3380/7894/2632 3382/7895/2632 3383/7896/2632
f 3384/7897/2633 3385/7898/2633 3386/7899/2633
f 3384/7900/2634 3386/7901/2634 3387/7902/2634
f 3381/7903/2635 3388/7904/2635 3389/7905/2635
f 3381/7906/2636 3389/7907/2636 3382/7908/2636
f 3383/7909/2637 3390/7910/2637 3391/7911/2637
f 3383/7912/2638 3391/7913/2638 3380/7914/2638
f 3392/7915/2639 3393/7916/2639 3394/7917/2639
f 3392/7918/2640 3394/7919/2640 3395/7920/2640
f 3396/7921/2641 3397/7922/2641 3398/7923/2641
f 3396/7924/2642 3398/7925/2642 3399/7926/2642
f 3400/7927/2643 3401/7928/2643 3381/7929/2643
f 3400/7930/2644 3381/7931/2644 3380/7932/2644
f 3402/7933/2645 3403/7934/2645 3369/7935/2645
f 3402/7936/2646 3369/7937/2646 3368/7938/2646
f 3397/7939/2647 3404/7940/2647 3405/7941/2647
f 3397/7942/2648 3405/7943/2648 3398/7944/2648
f 3380/7945/2649 3391/7946/2649 3406/7947/2649
f 3380/7948/2650 3406/7949/2650 3400/7950/2650
f 3407/7951/2651 3408/7952/2651 3377/7953/2651
f 3407/7954/2652 3377/7955/2652 3376/7956/2652
f 3401/7957/2653 3409/7958/2653 3388/7959/2653
f 3401/7960/2654 3388/7961/2654 3381/7962/2654
f 3399/7963/2655 3410/7964/2655 3411/7965/2655
f 3399/7966/2656 3411/7967/2656 3396/7968/2656
f 3341/7969/2657 3412/7970/2657 3413/7971/2657
f 3341/7972/2658 3413/7973/2658 3414/7974/2658
f 3415/7975/2659 3416/7976/2659 3402/7977/2659
f 3415/7978/2660 3402/7979/2660 3368/7980/2660
f 3417/7981/2661 3418/7982/2661 3419/7983/2661
f 3417/7984/2662 3419/7985/2662 3420/7986/2662
f 3414/7987/2663 3421/7988/2663 3342/7989/2663
f 3414/7990/2664 3342/7991/2664 3341/7992/2664
f 3422/7993/2665 3417/7994/2665 3420/7995/2665
f 3422/7996/2666 3420/7997/2666 3423/7998/2666
f 3421/7999/2667 3424/8000/2667 3425/8001/2667
f 3421/8002/2668 3425/8003/2668 3342/8004/2668
f 3423/8005/2669 3426/8006/2669 3427/8007/2669
f 3423/8008/2670 3427/8009/2670 3422/8010/2670
f 3428/8011/2671 3429/8012/2671 3377/8013/2671
f 3428/8014/2672 3377/8015/2672 3408/8016/2672
f 3430/8017/2673 3431/8018/2673 3364/8019/2673
f 3430/8020/2674 3364/8021/2674 3367/8022/2674
f 3432/8023/2675 3433/8024/2675 3434/8025/2675
f 3432/8026/2676 3434/8027/2676 3435/8028/2676
f 3436/8029/2677 3437/8030/2677 3354/8031/2677
f 3436/8032/2678 3354/8033/2678 3351/8034/2678
f 3438/8035/2679 3439/8036/2679 3440/8037/2679
f 3438/8038/2680 3440/8039/2680 3441/8040/2680
f 3340/8041/2681 3442/8042/2681 3412/8043/2681
f 3340/8044/2682 3412/8045/2682 3341/8046/2682
f 3373/8047/2683 3443/8048/2683 3444/8049/2683
f 3373/8050/2684 3444/8051/2684 3374/8052/2684
f 3445/8053/2685 3446/8054/2685 3447/8055/2685
f 3445/8056/2686 3447/8057/2686 3448/8058/2686
f 3449/8059/2687 3450/8060/2687 3451/8061/2687
f 3449/8062/2688 3451/8063/2688 3452/8064/2688
f 3453/8065/2689 3454/8066/2689 3455/8067/2689
f 3453/8068/2690 3455/8069/2690 3456/8070/2690
f 3457/8071/2691 3458/8072/2691 3459/8073/2691
f 3457/8074/2692 3459/8075/2692 3460/8076/2692
f 3461/8077/2693 3462/8078/2693 3439/8079/2693
f 3461/8080/2694 3439/8081/2694 3438/8082/2694
f 3463/8083/2695 3464/8084/2695 3457/8085/2695
f 3463/8086/2696 3457/8087/2696 3460/8088/2696
f 3465/8089/2697 3466/8090/2697 3467/8091/2697
f 3465/8092/2698 3467/8093/2698 3468/8094/2698
f 3469/8095/2699 3470/8096/2699 3451/8097/2699
f 3469/8098/2700 3451/8099/2700 3450/8100/2700
f 3471/8101/2701 3472/8102/2701 3473/8103/2701
f 3471/8104/2702 3473/8105/2702 3474/8106/2702
f 3475/8107/2703 2777/8108/2703 2776/8109/2703
f 3475/8110/2704 2776/8111/2704 3476/8112/2704
f 3477/8113/2705 3478/8114/2705 3479/8115/2705
f 3477/8116/2706 3479/8117/2706 3480/8118/2706
f 3481/8119/2707 2780/8120/2707 2779/8121/2707
f 3481/8122/2708 2779/8123/2708 3482/8124/2708
f 3483/8125/2709 3484/8126/2709 3485/8127/2709
f 3483/8128/2710 3485/8129/2710 3486/8130/2710
f 3484/8131/2711 3487/8132/2711 3488/8133/2711
f 3484/8134/2712 3488/8135/2712 3485/8136/2712
f 3487/8137/2713 2783/8138/2713 2782/8139/2713
f 3487/8140/2714 2782/8141/2714 3488/8142/2714
f 3489/8143/2715 3490/8144/2715 3491/8145/2715
f 3489/8146/2716 3491/8147/2716 3492/8148/2716
f 3490/8149/2717 2787/8150/2717 2786/8151/2717
f 3490/8152/2718 2786/8153/2718 3491/8154/2718
f 3493/8155/2719 3494/8156/2719 3492/8157/2719
f 3493/8158/2720 3492/8159/2720 3491/8160/2720
f 3495/8161/2721 3496/8162/2721 3497/8163/2721
f 3495/8164/2722 3497/8165/2722 3498/8166/2722
f 3499/8167/2723 3500/8168/2723 3481/8169/2723
f 3499/8170/2724 3481/8171/2724 3478/8172/2724
f 3501/8173/2725 3502/8174/2725 3503/8175/2725
f 3501/8176/2726 3503/8177/2726 3504/8178/2726
f 3375/8179/2727 3505/8180/2727 3506/8181/2727
f 3375/8182/2728 3506/8183/2728 3372/8184/2728
f 3342/8185/2729 3425/8186/2729 3507/8187/2729
f 3342/8188/2730 3507/8189/2730 3343/8190/2730
f 3508/8191/2731 3509/8192/2731 3510/8193/2731
f 3508/8194/2732 3510/8195/2732 3511/8196/2732
f 3512/8197/2733 3513/8198/2733 3514/8199/2733
f 3512/8200/2734 3514/8201/2734 3515/8202/2734
f 3516/8203/2735 3517/8204/2735 3518/8205/2735
f 3516/8206/2736 3518/8207/2736 3519/8208/2736
f 3520/8209/2737 3521/8210/2737 3522/8211/2737
f 3520/8212/2738 3522/8213/2738 3523/8214/2738
f 3524/8215/2739 3525/8216/2739 3520/8217/2739
f 3524/8218/2740 3520/8219/2740 3523/8220/2740
f 3526/8221/2741 3527/8222/2741 3528/8223/2741
f 3526/8224/2742 3528/8225/2742 3529/8226/2742
f 3530/8227/2743 3531/8228/2743 3514/8229/2743
f 3530/8230/2744 3514/8231/2744 3513/8232/2744
f 3532/8233/2745 3533/8234/2745 3534/8235/2745
f 3532/8236/2746 3534/8237/2746 3535/8238/2746
f 3536/8239/2747 3537/8240/2747 3538/8241/2747
f 3536/8242/2748 3538/8243/2748 3539/8244/2748
f 3540/8245/2749 3489/8246/2749 3492/8247/2749
f 3540/8248/2750 3492/8249/2750 3541/8250/2750
f 3542/8251/2751 3543/8252/2751 3544/8253/2751
f 3542/8254/2752 3544/8255/2752 3545/8256/2752
f 3546/8257/2753 3547/8258/2753 3548/8259/2753
f 3546/8260/2754 3548/8261/2754 3549/8262/2754
f 3550/8263/2755 3551/8264/2755 3552/8265/2755
f 3550/8266/2756 3552/8267/2756 3553/8268/2756
f 3554/8269/2757 2797/8270/2757 2796/8271/2757
f 3554/8272/2758 2796/8273/2758 3555/8274/2758
f 2959/8275/2759 3554/8276/2759 3555/8277/2759
f 2959/8278/2760 3555/8279/2760 2960/8280/2760
f 3387/8281/2761 3392/8282/2761 3395/8283/2761
f 3387/8284/2762 3395/8285/2762 3384/8286/2762
f 3556/8287/2763 3557/8288/2763 3558/8289/2763
f 3556/8290/2764 3558/8291/2764 3559/8292/2764
f 3560/8293/2765 3444/8294/2765 3443/8295/2765
f 3560/8296/2766 3443/8297/2766 3561/8298/2766
f 3562/8299/2767 3419/8300/2767 3418/8301/2767
f 3562/8302/2768 3418/8303/2768 3563/8304/2768
f 3564/8305/2769 3405/8306/2769 3404/8307/2769
f 3564/8308/2770 3404/8309/2770 3565/8310/2770
f 3566/8311/2771 3413/8312/2771 3412/8313/2771
f 3566/8314/2772 3412/8315/2772 3567/8316/2772
f 3567/8317/2773 3412/8318/2773 3442/8319/2773
f 3567/8320/2774 3442/8321/2774 3568/8322/2774
f 3569/8323/2775 3406/8324/2775 3391/8325/2775
f 3569/8326/2776 3391/8327/2776 3570/8328/2776
f 3570/8329/2777 3391/8330/2777 3390/8331/2777
f 3570/8332/2778 3390/8333/2778 3571/8334/2778
f 3572/8335/2779 3573/8336/2779 3574/8337/2779
f 3572/8338/2780 3574/8339/2780 3575/8340/2780
f 3576/8341/2781 3389/8342/2781 3388/8343/2781
f 3576/8344/2782 3388/8345/2782 3577/8346/2782
f 3577/8347/2783 3388/8348/2783 3409/8349/2783
f 3577/8350/2784 3409/8351/2784 3578/8352/2784
f 3579/8353/2785 3507/8354/2785 3425/8355/2785
f 3579/8356/2786 3425/8357/2786 3580/8358/2786
f 3580/8359/2787 3425/8360/2787 3424/8361/2787
f 3580/8362/2788 3424/8363/2788 3581/8364/2788
f 3582/8365/2789 3411/8366/2789 3410/8367/2789
f 3582/8368/2790 3410/8369/2790 3583/8370/2790
f 3584/8371/2791 3427/8372/2791 3426/8373/2791
f 3584/8374/2792 3426/8375/2792 3585/8376/2792
f 3586/8377/2793 3587/8378/2793 3588/8379/2793
f 3586/8380/2794 3588/8381/2794 3589/8382/2794
f 3590/8383/2795 3591/8384/2795 3592/8385/2795
f 3590/8386/2796 3592/8387/2796 3593/8388/2796
f 3594/8389/2797 3595/8390/2797 3596/8391/2797
f 3594/8392/2798 3596/8393/2798 3597/8394/2798
f 3598/8395/2799 3599/8396/2799 3600/8397/2799
f 3598/8398/2800 3600/8399/2800 3601/8400/2800
f 3602/8401/2801 3603/8402/2801 3604/8403/2801
f 3602/8404/2802 3604/8405/2802 3605/8406/2802
f 3606/8407/2803 3607/8408/2803 3382/8409/2803
f 3606/8410/2804 3382/8411/2804 3389/8412/2804
f 3608/8413/2805 3609/8414/2805 3610/8415/2805
f 3608/8416/2806 3610/8417/2806 3611/8418/2806
f 3612/8419/2807 3613/8420/2807 3505/8421/2807
f 3612/8422/2808 3505/8423/2808 3375/8424/2808
f 3614/8425/2809 3615/8426/2809 3441/8427/2809
f 3614/8428/2810 3441/8429/2810 3440/8430/2810
f 3616/8431/2811 3617/8432/2811 3449/8433/2811
f 3616/8434/2812 3449/8435/2812 3452/8436/2812
f 3618/8437/2813 3619/8438/2813 3620/8439/2813
f 3618/8440/2814 3620/8441/2814 3621/8442/2814
f 3622/8443/2815 3623/8444/2815 3459/8445/2815
f 3622/8446/2816 3459/8447/2816 3458/8448/2816
f 3624/8449/2817 3612/8450/2817 3375/8451/2817
f 3624/8452/2818 3375/8453/2818 3374/8454/2818
f 3607/8455/2819 3625/8456/2819 3383/8457/2819
f 3607/8458/2820 3383/8459/2820 3382/8460/2820
f 3626/8461/2821 3624/8462/2821 3374/8463/2821
f 3626/8464/2822 3374/8465/2822 3444/8466/2822
f 3627/8467/2823 3628/8468/2823 3629/8469/2823
f 3627/8470/2824 3629/8471/2824 3630/8472/2824
f 3625/8473/2825 3631/8474/2825 3390/8475/2825
f 3625/8476/2826 3390/8477/2826 3383/8478/2826
f 3632/8479/2827 3633/8480/2827 3634/8481/2827
f 3632/8482/2828 3634/8483/2828 3635/8484/2828
f 3636/8485/2829 3637/8486/2829 3638/8487/2829
f 3636/8488/2830 3638/8489/2830 3639/8490/2830
f 3640/8491/2831 3641/8492/2831 3642/8493/2831
f 3640/8494/2832 3642/8495/2832 3643/8496/2832
f 3644/8497/2833 3645/8498/2833 3646/8499/2833
f 3644/8500/2834 3646/8501/2834 3647/8502/2834
f 3648/8503/2835 3649/8504/2835 3650/8505/2835
f 3648/8506/2836 3650/8507/2836 3651/8508/2836
f 3652/8509/2837 3653/8510/2837 3654/8511/2837
f 3652/8512/2838 3654/8513/2838 3655/8514/2838
f 3142/8515/2839 3144/8516/2839 3147/8517/2839
f 3142/8518/2840 3147/8519/2840 3143/8520/2840
f 3098/8521/2841 3100/8522/2841 3103/8523/2841
f 3098/8524/2842 3103/8525/2842 3099/8526/2842
f 3656/8527/2843 3657/8528/2843 3658/8529/2843
f 3656/8530/2844 3658/8531/2844 3659/8532/2844
f 3660/8533/2845 3661/8534/2845 3662/8535/2845
f 3660/8536/2846 3662/8537/2846 3663/8538/2846
f 3664/8539/2847 3665/8540/2847 3666/8541/2847
f 3664/8542/2848 3666/8543/2848 3667/8544/2848
f 3156/8545/2849 3158/8546/2849 3159/8547/2849
f 3156/8548/2850 3159/8549/2850 3157/8550/2850
f 3112/8551/2851 3114/8552/2851 3115/8553/2851
f 3112/8554/2852 3115/8555/2852 3113/8556/2852
f 3668/8557/2853 3669/8558/2853 3670/8559/2853
f 3668/8560/2854 3670/8561/2854 3671/8562/2854
f 3672/8563/2855 3673/8564/2855 3674/8565/2855
f 3672/8566/2856 3674/8567/2856 3675/8568/2856
f 3676/8569/2857 3677/8570/2857 3502/8571/2857
f 3676/8572/2858 3502/8573/2858 3501/8574/2858
f 3678/8575/2859 3506/8576/2859 3505/8577/2859
f 3678/8578/2860 3505/8579/2860 3679/8580/2860
f 3680/8581/2861 3681/8582/2861 3682/8583/2861
f 3680/8584/2862 3682/8585/2862 3683/8586/2862
f 3684/8587/2863 3685/8588/2863 3686/8589/2863
f 3684/8590/2864 3686/8591/2864 3687/8592/2864
f 3688/8593/2865 3689/8594/2865 3690/8595/2865
f 3688/8596/2866 3690/8597/2866 3691/8598/2866
f 3692/8599/2867 3693/8600/2867 3694/8601/2867
f 3692/8602/2868 3694/8603/2868 3695/8604/2868
f 3638/8605/2869 3263/8606/2869 3262/8607/2869
f 3638/8608/2870 3262/8609/2870 3639/8610/2870
f 3696/8611/2871 3697/8612/2871 3698/8613/2871
f 3696/8614/2872 3698/8615/2872 3699/8616/2872
f 3700/8617/2873 3701/8618/2873 3702/8619/2873
f 3700/8620/2874 3702/8621/2874 3703/8622/2874
f 3704/8623/2875 3705/8624/2875 3706/8625/2875
f 3704/8626/2876 3706/8627/2876 3707/8628/2876
f 3708/8629/2877 3709/8630/2877 3710/8631/2877
f 3708/8632/2878 3710/8633/2878 3711/8634/2878
f 3712/8635/2879 3713/8636/2879 3714/8637/2879
f 3712/8638/2880 3714/8639/2880 3715/8640/2880
f 3716/8641/2881 3717/8642/2881 3718/8643/2881
f 3716/8644/2882 3718/8645/2882 3719/8646/2882
f 3720/8647/2883 2965/8648/2883 2968/8649/2883
f 3720/8650/2884 2968/8651/2884 2983/8652/2884
f 2923/8653/2885 2925/8654/2885 2928/8655/2885
f 2923/8656/2886 2928/8657/2886 2924/8658/2886
f 3721/8659/2887 3722/8660/2887 3723/8661/2887
f 3721/8662/2888 3723/8663/2888 3724/8664/2888


# DomeSurvival V3 recessed industrial bottom FE connector
o DomeSurvival_SolarConnector_Mount
v 0.310000 -0.010000 0.690000
v 0.690000 -0.010000 0.690000
v 0.690000 0.038000 0.690000
v 0.310000 0.038000 0.690000
vt 0.000000 0.000000
vt 1.000000 0.000000
vt 1.000000 1.000000
vt 0.000000 1.000000
vn 0.000000 0.000000 1.000000
usemtl connector_mount
f 3725/8665/2889 3726/8666/2889 3727/8667/2889 3728/8668/2889
v 0.690000 -0.010000 0.310000
v 0.310000 -0.010000 0.310000
v 0.310000 0.038000 0.310000
v 0.690000 0.038000 0.310000
vt 0.000000 0.000000
vt 1.000000 0.000000
vt 1.000000 1.000000
vt 0.000000 1.000000
vn 0.000000 0.000000 -1.000000
usemtl connector_mount
f 3729/8669/2890 3730/8670/2890 3731/8671/2890 3732/8672/2890
v 0.690000 -0.010000 0.690000
v 0.690000 -0.010000 0.310000
v 0.690000 0.038000 0.310000
v 0.690000 0.038000 0.690000
vt 0.000000 0.000000
vt 1.000000 0.000000
vt 1.000000 1.000000
vt 0.000000 1.000000
vn 1.000000 0.000000 0.000000
usemtl connector_mount
f 3733/8673/2891 3734/8674/2891 3735/8675/2891 3736/8676/2891
v 0.310000 -0.010000 0.310000
v 0.310000 -0.010000 0.690000
v 0.310000 0.038000 0.690000
v 0.310000 0.038000 0.310000
vt 0.000000 0.000000
vt 1.000000 0.000000
vt 1.000000 1.000000
vt 0.000000 1.000000
vn -1.000000 0.000000 0.000000
usemtl connector_mount
f 3737/8677/2892 3738/8678/2892 3739/8679/2892 3740/8680/2892
v 0.310000 0.038000 0.690000
v 0.690000 0.038000 0.690000
v 0.690000 0.038000 0.310000
v 0.310000 0.038000 0.310000
vt 0.000000 0.000000
vt 1.000000 0.000000
vt 1.000000 1.000000
vt 0.000000 1.000000
vn 0.000000 1.000000 0.000000
usemtl connector_mount
f 3741/8681/2893 3742/8682/2893 3743/8683/2893 3744/8684/2893
v 0.310000 -0.010000 0.310000
v 0.690000 -0.010000 0.310000
v 0.690000 -0.010000 0.690000
v 0.310000 -0.010000 0.690000
vt 0.000000 0.000000
vt 1.000000 0.000000
vt 1.000000 1.000000
vt 0.000000 1.000000
vn 0.000000 -1.000000 0.000000
usemtl connector_mount
f 3745/8685/2894 3746/8686/2894 3747/8687/2894 3748/8688/2894
o DomeSurvival_SolarConnector_Collar
v 0.360000 -0.030000 0.640000
v 0.640000 -0.030000 0.640000
v 0.640000 -0.010000 0.640000
v 0.360000 -0.010000 0.640000
vt 0.000000 0.000000
vt 1.000000 0.000000
vt 1.000000 1.000000
vt 0.000000 1.000000
vn 0.000000 0.000000 1.000000
usemtl connector_body
f 3749/8689/2895 3750/8690/2895 3751/8691/2895 3752/8692/2895
v 0.640000 -0.030000 0.360000
v 0.360000 -0.030000 0.360000
v 0.360000 -0.010000 0.360000
v 0.640000 -0.010000 0.360000
vt 0.000000 0.000000
vt 1.000000 0.000000
vt 1.000000 1.000000
vt 0.000000 1.000000
vn 0.000000 0.000000 -1.000000
usemtl connector_body
f 3753/8693/2896 3754/8694/2896 3755/8695/2896 3756/8696/2896
v 0.640000 -0.030000 0.640000
v 0.640000 -0.030000 0.360000
v 0.640000 -0.010000 0.360000
v 0.640000 -0.010000 0.640000
vt 0.000000 0.000000
vt 1.000000 0.000000
vt 1.000000 1.000000
vt 0.000000 1.000000
vn 1.000000 0.000000 0.000000
usemtl connector_body
f 3757/8697/2897 3758/8698/2897 3759/8699/2897 3760/8700/2897
v 0.360000 -0.030000 0.360000
v 0.360000 -0.030000 0.640000
v 0.360000 -0.010000 0.640000
v 0.360000 -0.010000 0.360000
vt 0.000000 0.000000
vt 1.000000 0.000000
vt 1.000000 1.000000
vt 0.000000 1.000000
vn -1.000000 0.000000 0.000000
usemtl connector_body
f 3761/8701/2898 3762/8702/2898 3763/8703/2898 3764/8704/2898
v 0.360000 -0.010000 0.640000
v 0.640000 -0.010000 0.640000
v 0.640000 -0.010000 0.360000
v 0.360000 -0.010000 0.360000
vt 0.000000 0.000000
vt 1.000000 0.000000
vt 1.000000 1.000000
vt 0.000000 1.000000
vn 0.000000 1.000000 0.000000
usemtl connector_body
f 3765/8705/2899 3766/8706/2899 3767/8707/2899 3768/8708/2899
v 0.360000 -0.030000 0.360000
v 0.640000 -0.030000 0.360000
v 0.640000 -0.030000 0.640000
v 0.360000 -0.030000 0.640000
vt 0.000000 0.000000
vt 1.000000 0.000000
vt 1.000000 1.000000
vt 0.000000 1.000000
vn 0.000000 -1.000000 0.000000
usemtl connector_body
f 3769/8709/2900 3770/8710/2900 3771/8711/2900 3772/8712/2900
o DomeSurvival_SolarConnector_Contact
v 0.430000 -0.055000 0.570000
v 0.570000 -0.055000 0.570000
v 0.570000 -0.030000 0.570000
v 0.430000 -0.030000 0.570000
vt 0.000000 0.000000
vt 1.000000 0.000000
vt 1.000000 1.000000
vt 0.000000 1.000000
vn 0.000000 0.000000 1.000000
usemtl connector_contact
f 3773/8713/2901 3774/8714/2901 3775/8715/2901 3776/8716/2901
v 0.570000 -0.055000 0.430000
v 0.430000 -0.055000 0.430000
v 0.430000 -0.030000 0.430000
v 0.570000 -0.030000 0.430000
vt 0.000000 0.000000
vt 1.000000 0.000000
vt 1.000000 1.000000
vt 0.000000 1.000000
vn 0.000000 0.000000 -1.000000
usemtl connector_contact
f 3777/8717/2902 3778/8718/2902 3779/8719/2902 3780/8720/2902
v 0.570000 -0.055000 0.570000
v 0.570000 -0.055000 0.430000
v 0.570000 -0.030000 0.430000
v 0.570000 -0.030000 0.570000
vt 0.000000 0.000000
vt 1.000000 0.000000
vt 1.000000 1.000000
vt 0.000000 1.000000
vn 1.000000 0.000000 0.000000
usemtl connector_contact
f 3781/8721/2903 3782/8722/2903 3783/8723/2903 3784/8724/2903
v 0.430000 -0.055000 0.430000
v 0.430000 -0.055000 0.570000
v 0.430000 -0.030000 0.570000
v 0.430000 -0.030000 0.430000
vt 0.000000 0.000000
vt 1.000000 0.000000
vt 1.000000 1.000000
vt 0.000000 1.000000
vn -1.000000 0.000000 0.000000
usemtl connector_contact
f 3785/8725/2904 3786/8726/2904 3787/8727/2904 3788/8728/2904
v 0.430000 -0.030000 0.570000
v 0.570000 -0.030000 0.570000
v 0.570000 -0.030000 0.430000
v 0.430000 -0.030000 0.430000
vt 0.000000 0.000000
vt 1.000000 0.000000
vt 1.000000 1.000000
vt 0.000000 1.000000
vn 0.000000 1.000000 0.000000
usemtl connector_contact
f 3789/8729/2905 3790/8730/2905 3791/8731/2905 3792/8732/2905
v 0.430000 -0.055000 0.430000
v 0.570000 -0.055000 0.430000
v 0.570000 -0.055000 0.570000
v 0.430000 -0.055000 0.570000
vt 0.000000 0.000000
vt 1.000000 0.000000
vt 1.000000 1.000000
vt 0.000000 1.000000
vn 0.000000 -1.000000 0.000000
usemtl connector_contact
f 3793/8733/2906 3794/8734/2906 3795/8735/2906 3796/8736/2906
